ticker,name,market,first_date,last_date,last_year
000685,LS네트웍스우,KOSPI,2014-01-02,2014-07-01,2014
001300,제일모직,KOSPI,2014-01-02,2014-07-01,2014
002365,SH에너지화학우,KOSPI,2014-01-02,2014-07-01,2014
002530,벽산건설,KOSPI,2014-01-02,2014-04-01,2014
002535,벽산건설우,KOSPI,2014-01-02,2014-04-01,2014
002797,아모레G2우B,KOSPI,2014-01-02,2014-07-01,2014
003417,쌍용양회2우B,KOSPI,2014-01-02,2014-01-02,2014
00341A,쌍용양회4우B,KOSPI,2014-01-02,2014-01-02,2014
00341D,쌍용양회5우B,KOSPI,2014-01-02,2014-01-02,2014
003965,사조대림우,KOSPI,2014-01-02,2014-07-01,2014
004790,렉스엘이앤지,KOSDAQ,2014-01-02,2014-03-03,2014
004965,한신공영우,KOSPI,2014-01-02,2014-07-01,2014
005560,JS전선,KOSPI,2014-01-02,2014-04-01,2014
005900,동양건설,KOSPI,2014-01-02,2014-04-01,2014
006375,대구백화우,KOSPI,2014-01-02,2014-07-01,2014
007195,한솔아트원제지우,KOSPI,2014-01-02,2014-07-01,2014
008720,삼양엔텍,KOSPI,2014-01-02,2014-07-01,2014
008975,동양철관우,KOSPI,2014-01-02,2014-07-01,2014
010460,화인자산관리,KOSPI,2014-01-02,2014-04-01,2014
010670,나노트로닉스,KOSDAQ,2014-01-02,2014-04-01,2014
012650,쌍용건설,KOSDAQ,2014-01-02,2014-04-01,2014
012805,대창우,KOSPI,2014-01-02,2014-01-02,2014
013005,세우글로벌우,KOSPI,2014-01-02,2014-07-01,2014
013340,AJS,KOSDAQ,2014-01-02,2014-07-01,2014
028305,에이치엘비우,KOSDAQ,2014-01-02,2014-01-02,2014
036210,태산엘시디,KOSDAQ,2014-01-02,2014-04-01,2014
041060,아라온테크,KOSDAQ,2014-01-02,2014-05-02,2014
046400,디브이에스,KOSDAQ,2014-01-02,2014-07-01,2014
053000,우리금융,KOSPI,2014-01-02,2014-07-01,2014
053320,테라리소스,KOSDAQ,2014-01-02,2014-02-03,2014
056340,CU전자,KOSDAQ,2014-01-02,2014-05-02,2014
067250,STX조선해양,KOSPI,2014-01-02,2014-04-01,2014
070480,에버테크노,KOSDAQ,2014-01-02,2014-07-01,2014
074000,엠텍비젼,KOSDAQ,2014-01-02,2014-03-03,2014
080180,아시아1호,KOSPI,2014-01-02,2014-07-01,2014
080960,동북아3호,KOSPI,2014-01-02,2014-02-03,2014
080970,동북아4호,KOSPI,2014-01-02,2014-02-03,2014
080980,동북아5호,KOSPI,2014-01-02,2014-04-01,2014
081190,아시아2호,KOSPI,2014-01-02,2014-07-01,2014
081200,아시아3호,KOSPI,2014-01-02,2014-07-01,2014
081220,세미텍,KOSDAQ,2014-01-02,2014-02-03,2014
082930,실리콘화일,KOSDAQ,2014-01-02,2014-05-02,2014
101990,파브코,KOSPI,2014-01-02,2014-05-02,2014
110310,모린스,KOSDAQ,2014-01-02,2014-04-01,2014
110500,유니드코리아,KOSDAQ,2014-01-02,2014-07-01,2014
119250,에프지엔개발리츠,KOSPI,2014-01-02,2014-07-01,2014
000360,삼환기업,KOSPI,2014-01-02,2015-04-01,2015
000365,삼환기업우,KOSPI,2014-01-02,2015-04-01,2015
000420,로케트전기,KOSPI,2014-01-02,2015-02-02,2015
000425,로케트전우,KOSPI,2014-01-02,2015-02-02,2015
000687,LS네트웍스전환상환2우B,KOSPI,2014-01-02,2015-11-02,2015
000800,경남기업,KOSPI,2014-01-02,2015-04-01,2015
000830,삼성물산,KOSPI,2014-01-02,2015-09-01,2015
000835,삼성물산우,KOSPI,2014-01-02,2015-09-01,2015
000895,보해양조우,KOSPI,2014-01-02,2015-07-01,2015
000997,동부하이텍2우B,KOSPI,2014-01-02,2015-07-01,2015
003457,현대증권2우B,KOSPI,2014-01-02,2015-01-02,2015
003600,SK,KOSPI,2014-01-02,2015-08-03,2015
003605,SK우,KOSPI,2014-01-02,2015-08-03,2015
003640,유니온스틸,KOSPI,2014-01-02,2015-01-02,2015
004320,울트라건설,KOSDAQ,2014-01-02,2015-04-01,2015
004325,울트라건설우,KOSDAQ,2014-01-02,2015-04-01,2015
004367,세방2우B,KOSPI,2014-01-02,2015-04-01,2015
008705,아남전자우,KOSPI,2014-01-02,2015-07-01,2015
010520,현대하이스코,KOSPI,2014-01-02,2015-07-01,2015
012335,현대모비스우,KOSPI,2014-01-02,2015-01-02,2015
013450,동성하이켐,KOSDAQ,2014-01-02,2015-07-01,2015
014350,신일건업,KOSPI,2014-01-02,2015-04-01,2015
016420,NH농협증권,KOSPI,2014-01-02,2015-01-02,2015
032420,터보테크,KOSDAQ,2014-01-02,2015-01-02,2015
033630,SK브로드밴드,KOSDAQ,2014-01-02,2015-06-01,2015
039530,씨앤케이인터,KOSDAQ,2014-01-02,2015-05-04,2015
039850,태창파로스,KOSDAQ,2014-01-02,2015-05-04,2015
040670,와이즈파워,KOSDAQ,2014-01-02,2015-07-01,2015
053330,영진코퍼레이션,KOSDAQ,2014-01-02,2015-04-01,2015
053595,한국테크놀로지우,KOSDAQ,2014-01-02,2015-07-01,2015
053740,국제엘렉트릭,KOSDAQ,2014-01-02,2015-02-02,2015
053870,GT&T,KOSDAQ,2014-01-02,2015-10-01,2015
065180,해피드림,KOSDAQ,2014-01-02,2015-04-01,2015
066350,티에스엠텍,KOSDAQ,2014-01-02,2015-05-04,2015
068060,KCW,KOSDAQ,2014-01-02,2015-09-01,2015
071930,에이스하이텍,KOSDAQ,2014-01-02,2015-07-01,2015
074130,디아이디,KOSDAQ,2014-01-02,2015-07-01,2015
081210,아시아4호,KOSPI,2014-01-02,2015-01-02,2015
081930,아시아8호,KOSPI,2014-01-02,2015-02-02,2015
081940,아시아9호,KOSPI,2014-01-02,2015-01-02,2015
082240,아시아5호,KOSPI,2014-01-02,2015-03-02,2015
082250,아시아6호,KOSPI,2014-01-02,2015-03-02,2015
082260,아시아7호,KOSPI,2014-01-02,2015-03-02,2015
090120,잘만테크,KOSDAQ,2014-01-02,2015-05-04,2015
090540,코크렙8호,KOSPI,2014-01-02,2015-01-02,2015
091690,디지텍시스템,KOSDAQ,2014-01-02,2015-01-02,2015
121550,코크렙15호,KOSPI,2014-01-02,2015-10-01,2015
138440,이코리아리츠,KOSPI,2014-01-02,2015-09-01,2015
149130,케이비부국위탁리츠,KOSPI,2014-01-02,2015-02-02,2015
192520,경남은행,KOSPI,2014-06-02,2015-06-01,2015
950010,평산차업 KDR,KOSPI,2014-01-02,2015-11-02,2015
950100,SBI모기지,KOSPI,2014-01-02,2015-01-02,2015
003450,현대증권,KOSPI,2014-01-02,2016-10-04,2016
003940,삼양제넥스,KOSPI,2014-01-02,2016-01-04,2016
003945,삼양제넥우,KOSPI,2014-01-02,2016-01-04,2016
008020,경남에너지,KOSPI,2014-01-02,2016-05-02,2016
008900,티이씨앤코,KOSPI,2014-01-02,2016-05-02,2016
011720,현대페인트,KOSPI,2014-01-02,2016-11-01,2016
019300,태림페이퍼,KOSPI,2014-01-02,2016-08-01,2016
025270,부산방직,KOSDAQ,2014-01-02,2016-08-01,2016
025850,한화화인케미칼,KOSPI,2014-01-02,2016-03-02,2016
037340,씨엘인터내셔널,KOSDAQ,2014-01-02,2016-09-01,2016
051310,포스코플랜텍,KOSPI,2014-01-02,2016-04-01,2016
053810,아이팩토리,KOSDAQ,2014-01-02,2016-09-01,2016
065270,플렉스컴,KOSDAQ,2014-01-02,2016-04-01,2016
074150,엠제이비,KOSDAQ,2014-01-02,2016-09-01,2016
078780,아이디에스,KOSDAQ,2014-01-02,2016-04-01,2016
082390,피엘에이,KOSDAQ,2014-01-02,2016-07-01,2016
086200,제이앤유글로벌,KOSDAQ,2014-01-02,2016-05-02,2016
092630,바다로3호,KOSPI,2014-01-02,2016-06-01,2016
104110,신성이엔지,KOSPI,2014-01-02,2016-12-01,2016
104120,신성에프에이,KOSPI,2014-01-02,2016-12-01,2016
111610,승화프리텍,KOSDAQ,2014-01-02,2016-01-04,2016
158380,삼목강업,KOSDAQ,2014-01-02,2016-04-01,2016
000327,노루홀딩스2우B,KOSPI,2014-01-02,2017-09-01,2017
001689,대상3우B,KOSPI,2014-01-02,2017-04-03,2017
002550,KB손해보험,KOSPI,2014-01-02,2017-07-03,2017
003419,쌍용양회3우B,KOSPI,2014-01-02,2017-05-02,2017
004740,보루네오,KOSPI,2014-01-02,2017-07-03,2017
005255,녹십자홀딩스1우,KOSPI,2014-01-02,2017-08-01,2017
005620,대성합동지주,KOSPI,2014-01-02,2017-08-01,2017
007190,한솔아트원제지,KOSPI,2014-01-02,2017-03-02,2017
007197,한솔아트원제지2우B,KOSPI,2014-01-02,2017-03-02,2017
021960,KB캐피탈,KOSPI,2014-01-02,2017-07-03,2017
023430,아이이,KOSDAQ,2014-01-02,2017-12-01,2017
036500,에스에스컴텍,KOSDAQ,2014-01-02,2017-05-02,2017
037620,미래에셋증권,KOSPI,2014-01-02,2017-01-02,2017
052270,우전,KOSDAQ,2014-01-02,2017-04-03,2017
058370,비엔씨컴퍼니,KOSDAQ,2014-01-02,2017-05-02,2017
060910,프리젠,KOSDAQ,2014-01-02,2017-02-01,2017
061460,한진피앤씨,KOSDAQ,2014-01-02,2017-09-01,2017
066270,SK컴즈,KOSDAQ,2014-01-02,2017-02-01,2017
068150,케이엔씨글로벌,KOSDAQ,2014-01-02,2017-03-02,2017
068870,LG생명과학,KOSPI,2014-01-02,2017-01-02,2017
068875,LG생명과학우,KOSPI,2014-01-02,2017-01-02,2017
083350,동북아10호,KOSPI,2014-01-02,2017-06-01,2017
083360,동북아11호,KOSPI,2014-01-02,2017-06-01,2017
083390,동북아14호,KOSPI,2014-01-02,2017-06-01,2017
083570,아시아10호,KOSPI,2014-01-02,2017-06-01,2017
083580,아시아11호,KOSPI,2014-01-02,2017-06-01,2017
083590,아시아12호,KOSPI,2014-01-02,2017-06-01,2017
083600,아시아13호,KOSPI,2014-01-02,2017-06-01,2017
083610,아시아14호,KOSPI,2014-01-02,2017-06-01,2017
083620,아시아15호,KOSPI,2014-01-02,2017-07-03,2017
086830,신양오라컴,KOSDAQ,2014-01-02,2017-05-02,2017
090970,코리아01호,KOSPI,2014-01-02,2017-04-03,2017
090980,코리아02호,KOSPI,2014-01-02,2017-04-03,2017
090990,코리아03호,KOSPI,2014-01-02,2017-04-03,2017
091000,코리아04호,KOSPI,2014-01-02,2017-04-03,2017
095300,엔에스브이,KOSDAQ,2014-01-02,2017-09-01,2017
110570,넥솔론,KOSPI,2014-01-02,2017-04-03,2017
117930,한진해운,KOSPI,2014-01-02,2017-03-02,2017
139200,하이골드2호,KOSPI,2014-01-02,2017-01-02,2017
204440,대우스팩2호,KOSDAQ,2015-01-02,2017-05-02,2017
204650,케이티비스팩1호,KOSDAQ,2015-01-02,2017-07-03,2017
204760,현대에이블스팩1호,KOSDAQ,2015-01-02,2017-06-01,2017
206660,골든브릿지제2호스팩,KOSDAQ,2015-03-02,2017-10-10,2017
207720,엔에이치SL스팩,KOSDAQ,2015-01-02,2017-10-10,2017
207930,SK1호스팩,KOSDAQ,2015-04-01,2017-11-01,2017
208870,하나머스트3호스팩,KOSDAQ,2015-01-02,2017-07-03,2017
215580,대우스팩3호,KOSDAQ,2015-06-01,2017-12-01,2017
900050,중국원양자원,KOSPI,2014-01-02,2017-09-01,2017
900130,웨이포트,KOSDAQ,2014-01-02,2017-07-03,2017
002000,한국유리,KOSPI,2014-01-02,2018-12-03,2018
002005,한국유리우,KOSPI,2014-01-02,2018-12-03,2018
004130,대덕GDS,KOSPI,2014-01-02,2018-12-03,2018
004135,대덕GDS우,KOSPI,2014-01-02,2018-12-03,2018
005980,성지건설,KOSPI,2014-01-02,2018-10-01,2018
008000,도레이케미칼,KOSPI,2014-01-02,2018-03-02,2018
013367,일성건설2우B,KOSPI,2014-01-02,2018-05-02,2018
016170,카카오M,KOSDAQ,2014-01-02,2018-09-03,2018
024660,하림홀딩스,KOSDAQ,2014-01-02,2018-07-02,2018
026260,위너지스,KOSDAQ,2014-01-02,2018-10-01,2018
032040,C&S자산관리,KOSDAQ,2014-01-02,2018-10-01,2018
039790,위노바,KOSDAQ,2014-01-02,2018-03-02,2018
043580,에임하이,KOSDAQ,2014-01-02,2018-08-01,2018
047440,레이젠,KOSDAQ,2014-01-02,2018-10-01,2018
051170,썬코어,KOSDAQ,2014-01-02,2018-03-02,2018
052290,트레이스,KOSDAQ,2014-01-02,2018-10-01,2018
081970,넥스지,KOSDAQ,2014-01-02,2018-10-01,2018
087220,스틸플라워,KOSDAQ,2014-01-02,2018-05-02,2018
090730,SIMPAC Metal,KOSDAQ,2014-01-02,2018-07-02,2018
099660,신텍,KOSDAQ,2014-01-02,2018-07-02,2018
099830,씨그널엔터테인먼트그룹,KOSDAQ,2014-01-02,2018-05-02,2018
130960,CJ E&M,KOSDAQ,2014-01-02,2018-07-02,2018
155960,지디,KOSDAQ,2014-01-02,2018-10-01,2018
192530,광주은행,KOSPI,2014-06-02,2018-10-01,2018
194610,우성아이비,KOSDAQ,2014-07-01,2018-10-01,2018
215750,미래에셋제3호스팩,KOSDAQ,2015-06-01,2018-01-02,2018
217810,엔에이치스팩7호,KOSDAQ,2015-07-01,2018-01-02,2018
218710,키움스팩3호,KOSDAQ,2015-08-03,2018-02-01,2018
219580,골든브릿지제3호스팩,KOSDAQ,2015-07-01,2018-02-01,2018
219860,한화에이스스팩2호,KOSDAQ,2015-08-03,2018-02-01,2018
219960,유안타제2호스팩,KOSDAQ,2015-08-03,2018-02-01,2018
221200,유진스팩3호,KOSDAQ,2015-10-01,2018-04-02,2018
221950,케이비드림3호스팩,KOSDAQ,2015-09-01,2018-03-02,2018
222390,케이비제8호스팩,KOSDAQ,2015-09-01,2018-03-02,2018
223040,교보5호스팩,KOSDAQ,2015-09-01,2018-03-02,2018
225440,이베스트스팩3호,KOSDAQ,2015-11-02,2018-05-02,2018
226850,키움스팩4호,KOSDAQ,2015-11-02,2018-06-01,2018
230490,동부제4호스팩,KOSDAQ,2016-01-04,2018-07-02,2018
232270,케이비제9호스팩,KOSDAQ,2016-03-02,2018-10-01,2018
235010,하이에이아이1호스팩,KOSDAQ,2016-04-01,2018-10-01,2018
900090,차이나하오란,KOSDAQ,2014-01-02,2018-12-03,2018
900180,완리,KOSDAQ,2014-01-02,2018-05-02,2018
000030,우리은행,KOSPI,2015-01-02,2019-02-01,2019
002250,알보젠코리아,KOSPI,2014-01-02,2019-05-02,2019
004987,성신양회2우B,KOSPI,2014-01-02,2019-05-02,2019
004989,성신양회3우B,KOSPI,2014-01-02,2019-05-02,2019
017680,데코앤이,KOSDAQ,2014-01-02,2019-11-01,2019
026180,현대정보기술,KOSDAQ,2014-01-02,2019-07-01,2019
035480,제이테크놀로지,KOSDAQ,2014-01-02,2019-12-02,2019
065160,에프티이앤이,KOSDAQ,2014-01-02,2019-05-02,2019
079660,사조해표,KOSPI,2014-01-02,2019-06-03,2019
123100,원익테라세미콘,KOSDAQ,2014-01-02,2019-02-01,2019
140890,트러스제7호,KOSPI,2014-01-02,2019-05-02,2019
225650,쿠첸,KOSDAQ,2015-10-01,2019-09-02,2019
232330,SK3호스팩,KOSDAQ,2016-12-01,2019-08-01,2019
240540,한국4호스팩,KOSDAQ,2016-07-01,2019-01-02,2019
257730,신한제3호스팩,KOSDAQ,2017-03-02,2019-09-02,2019
262830,대신밸런스제4호스팩,KOSDAQ,2017-04-03,2019-10-01,2019
264290,한화에이스스팩3호,KOSDAQ,2017-05-02,2019-12-02,2019
001799,대한제당3우B,KOSPI,2014-01-02,2020-04-01,2020
002300,한국제지,KOSPI,2014-01-02,2020-07-01,2020
003415,쌍용양회우,KOSPI,2014-01-02,2020-12-01,2020
004200,고려개발,KOSPI,2014-01-02,2020-07-01,2020
005450,신한,KOSPI,2014-01-02,2020-06-01,2020
011160,두산건설,KOSPI,2014-01-02,2020-03-02,2020
027390,한화갤러리아타임월드,KOSPI,2014-01-02,2020-04-01,2020
030270,에스마크,KOSDAQ,2014-01-02,2020-05-04,2020
054340,피앤텔,KOSDAQ,2014-01-02,2020-05-04,2020
057500,SKC 솔믹스,KOSDAQ,2014-01-02,2020-12-01,2020
065940,바이오빌,KOSDAQ,2014-01-02,2020-07-01,2020
077280,한컴지엠디,KOSDAQ,2014-01-02,2020-01-02,2020
079440,오렌지라이프,KOSPI,2017-06-01,2020-02-03,2020
083370,동북아12호,KOSPI,2014-01-02,2020-06-01,2020
083380,동북아13호,KOSPI,2014-01-02,2020-04-01,2020
094190,이엘케이,KOSDAQ,2014-01-02,2020-05-04,2020
099340,하나니켈1호,KOSPI,2014-01-02,2020-06-01,2020
099350,하나니켈2호,KOSPI,2014-01-02,2020-06-01,2020
103130,웅진에너지,KOSPI,2014-01-02,2020-05-04,2020
108790,인터파크,KOSDAQ,2014-03-03,2020-07-01,2020
112240,에스에프씨,KOSDAQ,2014-01-02,2020-06-01,2020
122800,썬텍,KOSDAQ,2014-01-02,2020-02-03,2020
123260,파인넥스,KOSDAQ,2014-01-02,2020-04-01,2020
134780,화진,KOSDAQ,2014-01-02,2020-07-01,2020
149940,모다,KOSDAQ,2014-01-02,2020-07-01,2020
152330,코리아오토글라스,KOSPI,2016-01-04,2020-12-01,2020
159650,하이골드8호,KOSPI,2014-01-02,2020-04-01,2020
194510,파티게임즈,KOSDAQ,2015-01-02,2020-09-01,2020
197210,리드,KOSDAQ,2015-12-01,2020-05-04,2020
204990,코썬바이오,KOSDAQ,2017-01-02,2020-08-03,2020
265480,미래에셋대우스팩1호,KOSDAQ,2017-06-01,2020-01-02,2020
265920,한화수성스팩,KOSDAQ,2017-07-03,2020-01-02,2020
271740,한국제5호스팩,KOSDAQ,2017-08-01,2020-03-02,2020
276920,IBKS제7호스팩,KOSDAQ,2017-12-01,2020-06-01,2020
277480,신한제4호스팩,KOSDAQ,2017-11-01,2020-08-03,2020
279410,한화에이스스팩4호,KOSDAQ,2017-12-01,2020-07-01,2020
281410,한국제6호스팩,KOSDAQ,2018-01-02,2020-07-01,2020
900040,차이나그레이트,KOSDAQ,2014-01-02,2020-05-04,2020
005190,동성화학,KOSPI,2014-01-02,2021-04-01,2021
008800,행남사,KOSDAQ,2014-01-02,2021-06-01,2021
023890,한국아트라스비엑스,KOSDAQ,2014-01-02,2021-04-01,2021
028040,미래SCI,KOSDAQ,2014-01-02,2021-04-01,2021
028150,GS홈쇼핑,KOSDAQ,2014-01-02,2021-07-01,2021
031390,녹십자셀,KOSDAQ,2014-01-02,2021-11-01,2021
033110,코너스톤네트웍스,KOSDAQ,2014-01-02,2021-10-01,2021
033430,디에스티,KOSDAQ,2014-01-02,2021-09-01,2021
033600,럭슬,KOSDAQ,2014-01-02,2021-08-02,2021
033660,우리금융캐피탈,KOSPI,2014-01-02,2021-08-02,2021
036260,이매진아시아,KOSDAQ,2014-01-02,2021-02-01,2021
036490,SK머티리얼즈,KOSDAQ,2014-01-02,2021-12-01,2021
038160,팍스넷,KOSDAQ,2016-08-01,2021-08-02,2021
039230,에이아이비트,KOSDAQ,2014-01-02,2021-10-01,2021
043290,케이맥,KOSDAQ,2014-01-02,2021-07-01,2021
045890,GV,KOSDAQ,2014-01-02,2021-12-01,2021
065620,제낙스,KOSDAQ,2014-01-02,2021-08-02,2021
073070,에이팸,KOSDAQ,2014-01-02,2021-06-01,2021
080440,에스제이케이,KOSDAQ,2014-01-02,2021-09-01,2021
086250,이노와이즈,KOSDAQ,2014-01-02,2021-08-02,2021
087730,이엠네트웍스,KOSDAQ,2014-01-02,2021-10-01,2021
102210,에이치디,KOSDAQ,2014-01-02,2021-04-01,2021
111820,지유온,KOSDAQ,2014-01-02,2021-09-01,2021
141070,맥스로텍,KOSDAQ,2014-01-02,2021-09-01,2021
144620,코오롱머티리얼,KOSPI,2014-01-02,2021-11-01,2021
172580,하이골드12호,KOSPI,2014-01-02,2021-12-01,2021
195440,퓨전,KOSDAQ,2017-01-02,2021-06-01,2021
213090,미래테크놀로지,KOSDAQ,2015-12-01,2021-10-01,2021
226350,아이엠텍,KOSDAQ,2016-03-02,2021-06-01,2021
291210,한국제7호스팩,KOSDAQ,2018-06-01,2021-01-04,2021
307070,SK4호스팩,KOSDAQ,2019-01-02,2021-07-01,2021
307160,하나머스트제6호스팩,KOSDAQ,2018-12-03,2021-07-01,2021
310840,엔에이치스팩13호,KOSDAQ,2019-01-02,2021-09-01,2021
311270,키움제5호스팩,KOSDAQ,2019-01-02,2021-07-01,2021
313750,유안타제4호스팩,KOSDAQ,2019-04-01,2021-12-01,2021
317030,케이비17호스팩,KOSDAQ,2019-04-01,2021-11-01,2021
317320,한화에스비아이스팩,KOSDAQ,2019-06-03,2021-12-01,2021
900080,에스앤씨엔진그룹,KOSDAQ,2014-01-02,2021-06-01,2021
001529,동양3우B,KOSPI,2014-01-02,2022-07-01,2022
002270,롯데푸드,KOSPI,2014-01-02,2022-07-01,2022
007630,폴루스바이오팜,KOSPI,2014-01-02,2022-02-03,2022
009275,신원우,KOSPI,2014-01-02,2022-07-01,2022
015350,부산가스,KOSPI,2014-01-02,2022-01-03,2022
016385,KG스틸우,KOSPI,2014-01-02,2022-07-01,2022
039670,스포츠서울,KOSDAQ,2014-01-02,2022-04-01,2022
041140,넥슨지티,KOSDAQ,2014-01-02,2022-04-01,2022
046110,한일네트웍스,KOSDAQ,2014-01-02,2022-10-04,2022
050320,에스에이치엔엘,KOSDAQ,2014-01-02,2022-05-02,2022
052190,세영디앤씨,KOSDAQ,2014-01-02,2022-05-02,2022
053110,소리바다,KOSDAQ,2014-01-02,2022-09-01,2022
053660,현진소재,KOSDAQ,2014-01-02,2022-04-01,2022
060300,레드로버,KOSDAQ,2014-01-02,2022-11-01,2022
066110,한프,KOSDAQ,2014-01-02,2022-04-01,2022
090740,연이비앤티,KOSDAQ,2014-01-02,2022-10-04,2022
101060,SBS미디어홀딩스,KOSPI,2014-01-02,2022-01-03,2022
114570,지스마트글로벌,KOSDAQ,2014-01-02,2022-02-03,2022
126870,뉴로스,KOSDAQ,2014-01-02,2022-10-04,2022
127160,매직마이크로,KOSDAQ,2015-12-01,2022-09-01,2022
131390,원익피앤이,KOSDAQ,2014-01-02,2022-11-01,2022
138250,엔에스쇼핑,KOSPI,2015-04-01,2022-03-02,2022
153360,하이골드3호,KOSPI,2014-01-02,2022-04-01,2022
158310,참존글로벌,KOSDAQ,2014-01-02,2022-11-01,2022
176440,에이치엔티,KOSDAQ,2016-12-01,2022-06-02,2022
182690,테라셈,KOSDAQ,2015-01-02,2022-10-04,2022
217600,켐온,KOSDAQ,2015-07-01,2022-12-01,2022
220630,맘스터치,KOSDAQ,2015-09-01,2022-05-02,2022
221610,자안바이오,KOSDAQ,2016-02-01,2022-01-03,2022
225330,씨엠에스에듀,KOSDAQ,2016-05-02,2022-03-02,2022
290510,코리아센터,KOSDAQ,2019-12-02,2022-12-01,2022
323210,이베스트이안스팩1호,KOSDAQ,2020-10-05,2022-02-03,2022
323940,케이비제18호스팩,KOSDAQ,2019-07-01,2022-02-03,2022
329560,상상인이안제2호스팩,KOSDAQ,2019-09-02,2022-04-01,2022
330990,케이비제19호스팩,KOSDAQ,2019-10-01,2022-05-02,2022
332710,하나금융14호스팩,KOSDAQ,2019-11-01,2022-09-01,2022
337450,SK5호스팩,KOSDAQ,2020-01-02,2022-10-04,2022
340120,하이제5호스팩,KOSDAQ,2020-10-05,2022-07-01,2022
340350,SK6호스팩,KOSDAQ,2020-04-01,2022-10-04,2022
341160,하나금융15호스팩,KOSDAQ,2020-10-05,2022-12-01,2022
342550,케이비제20호스팩,KOSDAQ,2020-10-05,2022-12-01,2022
347140,케이프이에스제4호,KOSDAQ,2020-04-01,2022-10-04,2022
349720,이베스트스팩5호,KOSDAQ,2020-06-01,2022-12-01,2022
367460,유안타제7호스팩,KOSDAQ,2021-01-04,2022-12-01,2022
950180,SNK,KOSDAQ,2019-06-03,2022-05-02,2022
000060,메리츠화재,KOSPI,2014-01-02,2023-02-01,2023
000547,흥국화재2우B,KOSPI,2014-01-02,2023-07-03,2023
000995,DB하이텍1우,KOSPI,2014-01-02,2023-07-03,2023
001745,SK네트웍스우,KOSPI,2014-01-02,2023-07-03,2023
004565,현대비앤지스틸우,KOSPI,2014-01-02,2023-07-03,2023
008560,메리츠증권,KOSPI,2014-01-02,2023-04-03,2023
010050,우리종금,KOSPI,2014-01-02,2023-08-01,2023
010145,삼성중공우,KOSPI,2014-01-02,2023-07-03,2023
015540,에코바이브,KOSPI,2014-01-02,2023-11-01,2023
046140,SBS콘텐츠허브,KOSDAQ,2014-01-02,2023-12-01,2023
048260,오스템임플란트,KOSDAQ,2014-01-02,2023-08-01,2023
050540,엠피씨플러스,KOSDAQ,2014-01-02,2023-05-02,2023
056000,코원플레이,KOSDAQ,2014-01-02,2023-03-02,2023
058420,제이웨이,KOSDAQ,2014-01-02,2023-04-03,2023
064510,유네코,KOSDAQ,2018-04-02,2023-01-02,2023
069110,코스온,KOSDAQ,2014-01-02,2023-10-04,2023
078650,지나인제약,KOSDAQ,2014-01-02,2023-07-03,2023
085370,루트로닉,KOSDAQ,2014-01-02,2023-10-04,2023
08537M,루트로닉3우C,KOSDAQ,2017-01-02,2023-10-04,2023
096300,베트남개발1,KOSPI,2014-01-02,2023-02-01,2023
096640,멜파스,KOSDAQ,2014-01-02,2023-07-03,2023
138690,엘아이에스,KOSDAQ,2014-01-02,2023-12-01,2023
155900,바다로19호,KOSPI,2014-01-02,2023-11-01,2023
298870,우리벤처파트너스,KOSDAQ,2022-01-03,2023-08-01,2023
343510,하나금융16호스팩,KOSDAQ,2020-08-03,2023-02-01,2023
344050,신영스팩6호,KOSDAQ,2020-03-02,2023-02-01,2023
351340,IBKS제13호스팩,KOSDAQ,2020-08-03,2023-02-01,2023
353060,에이치엠씨제5호스팩,KOSDAQ,2021-01-04,2023-09-01,2023
353070,에이치엠씨제4호스팩,KOSDAQ,2020-08-03,2023-03-02,2023
353490,미래에셋대우스팩 5호,KOSDAQ,2020-09-01,2023-05-02,2023
366330,신한제7호스팩,KOSDAQ,2021-03-02,2023-09-01,2023
367340,DB금융스팩8호,KOSDAQ,2021-01-04,2023-07-03,2023
367360,DB금융스팩9호,KOSDAQ,2021-04-01,2023-11-01,2023
367480,유안타제8호스팩,KOSDAQ,2021-05-03,2023-09-01,2023
373340,유진스팩6호,KOSDAQ,2021-05-03,2023-12-01,2023
377630,삼성스팩4호,KOSDAQ,2021-06-01,2023-12-01,2023
380440,엔에이치스팩19호,KOSPI,2021-06-01,2023-12-01,2023
387310,대신밸런스제10호스팩,KOSDAQ,2021-10-01,2023-03-02,2023
388220,하나금융19호스팩,KOSDAQ,2021-11-01,2023-05-02,2023
396770,엔에이치스팩22호,KOSDAQ,2022-01-03,2023-04-03,2023
397500,대신밸런스제11호스팩,KOSDAQ,2022-01-03,2023-03-02,2023
400560,하나금융20호스팩,KOSDAQ,2022-01-03,2023-09-01,2023
405350,IBKS제17호스팩,KOSDAQ,2022-03-02,2023-11-01,2023
409570,한국제10호스팩,KOSDAQ,2022-03-02,2023-08-01,2023
426670,대신밸런스제12호스팩,KOSDAQ,2022-08-01,2023-04-03,2023
440200,케이비제23호스팩,KOSDAQ,2022-12-01,2023-11-01,2023
450410,엔에이치스팩28호,KOSDAQ,2023-04-03,2023-12-01,2023
001725,신영증권우,KOSPI,2014-01-02,2024-04-01,2024
001880,DL건설,KOSPI,2014-01-02,2024-02-01,2024
003410,쌍용C&E,KOSPI,2014-01-02,2024-07-01,2024
006580,대양제지,KOSDAQ,2014-01-02,2024-06-03,2024
030790,비케이탑스,KOSPI,2014-01-02,2024-05-02,2024
053590,한국테크놀로지,KOSDAQ,2014-01-02,2024-10-02,2024
058220,아리온,KOSDAQ,2014-01-02,2024-05-02,2024
058530,파나케이아,KOSDAQ,2014-01-02,2024-06-03,2024
062860,티엘아이,KOSDAQ,2014-01-02,2024-11-01,2024
065560,녹원씨엔아이,KOSDAQ,2014-01-02,2024-07-01,2024
068400,SK렌터카,KOSPI,2014-01-02,2024-01-02,2024
080000,에스엔유,KOSDAQ,2014-01-02,2024-12-02,2024
089530,에이티세미콘,KOSDAQ,2014-01-02,2024-09-02,2024
091990,셀트리온헬스케어,KOSDAQ,2017-08-01,2024-01-02,2024
114120,크루셜텍,KOSDAQ,2014-01-02,2024-02-01,2024
115390,락앤락,KOSPI,2014-01-02,2024-12-02,2024
115960,연우,KOSDAQ,2015-11-02,2024-03-04,2024
119860,커넥트웨이브,KOSDAQ,2014-01-02,2024-09-02,2024
136510,스마트솔루션즈,KOSDAQ,2014-01-02,2024-07-01,2024
138580,비즈니스온,KOSDAQ,2017-12-01,2024-11-01,2024
141020,디에스앤엘,KOSDAQ,2014-01-02,2024-01-02,2024
148140,비디아이,KOSDAQ,2017-12-01,2024-06-03,2024
161570,THE MIDONG,KOSDAQ,2014-01-02,2024-06-03,2024
164060,이루다,KOSDAQ,2020-09-01,2024-10-02,2024
181340,이즈미디어,KOSDAQ,2017-08-01,2024-07-01,2024
214310,에스엘에너지,KOSDAQ,2015-07-01,2024-12-02,2024
263540,어스앤에어로스페이스,KOSDAQ,2017-10-10,2024-11-01,2024
282690,동아타이어,KOSPI,2017-12-01,2024-10-02,2024
287410,제이시스메디칼,KOSDAQ,2018-06-01,2024-11-01,2024
372290,하나머스트7호스팩,KOSDAQ,2021-04-01,2024-02-01,2024
377400,하이제6호스팩,KOSDAQ,2021-06-01,2024-01-02,2024
380320,삼성머스트스팩5호,KOSDAQ,2021-07-01,2024-01-02,2024
386580,한화플러스제2호스팩,KOSDAQ,2021-09-01,2024-06-03,2024
388800,유진스팩7호,KOSDAQ,2021-10-01,2024-07-01,2024
391060,엔에이치스팩20호,KOSDAQ,2021-11-01,2024-05-02,2024
393360,신한제8호스팩,KOSDAQ,2021-10-01,2024-04-01,2024
397880,교보11호스팩,KOSDAQ,2022-01-03,2024-03-04,2024
400840,하이제7호스팩,KOSDAQ,2022-01-03,2024-07-01,2024
404950,DB금융스팩10호,KOSDAQ,2022-02-03,2024-01-02,2024
405640,신한제9호스팩,KOSDAQ,2022-05-02,2024-06-03,2024
406760,하나금융21호스팩,KOSDAQ,2022-03-02,2024-12-02,2024
415580,상상인제3호스팩,KOSDAQ,2022-05-02,2024-12-02,2024
418170,하나금융22호스팩,KOSDAQ,2022-06-02,2024-12-02,2024
419270,신영스팩7호,KOSDAQ,2022-05-02,2024-04-01,2024
421800,교보12호스팩,KOSDAQ,2022-07-01,2024-11-01,2024
426550,IBKS제19호스팩,KOSDAQ,2022-09-01,2024-02-01,2024
427950,하나금융23호스팩,KOSDAQ,2022-10-04,2024-01-02,2024
430230,하나금융24호스팩,KOSDAQ,2022-10-04,2024-09-02,2024
430460,한화플러스제3호스팩,KOSDAQ,2022-10-04,2024-12-02,2024
436530,케이비제22호스팩,KOSDAQ,2022-10-04,2024-05-02,2024
436610,한국제11호스팩,KOSDAQ,2022-11-01,2024-09-02,2024
438220,대신밸런스제13호스팩,KOSDAQ,2022-12-01,2024-11-01,2024
000075,삼양홀딩스우,KOSPI,2014-01-02,2025-08-01,2025
000885,한화우,KOSPI,2014-01-02,2025-07-01,2025
005390,신성통상,KOSPI,2014-01-02,2025-09-01,2025
006390,한일현대시멘트,KOSPI,2014-01-02,2025-11-03,2025
010420,한솔PNS,KOSPI,2014-01-02,2025-09-01,2025
010620,HD현대미포,KOSPI,2014-01-02,2025-12-01,2025
012600,청호ICT,KOSPI,2014-01-02,2025-05-02,2025
014200,광림,KOSDAQ,2014-01-02,2025-11-03,2025
019590,에스유앤피,KOSDAQ,2014-01-02,2025-09-01,2025
023460,CNH,KOSDAQ,2014-01-02,2025-07-01,2025
024810,이화전기,KOSDAQ,2014-01-02,2025-09-01,2025
029960,코엔텍,KOSDAQ,2014-01-02,2025-06-02,2025
034300,신세계건설,KOSPI,2014-01-02,2025-02-03,2025
038340,MIT,KOSDAQ,2014-01-02,2025-03-04,2025
044060,조광ILI,KOSDAQ,2014-01-02,2025-08-01,2025
049770,동원F&B,KOSPI,2014-01-02,2025-07-01,2025
054630,에이디칩스,KOSDAQ,2014-01-02,2025-12-01,2025
071460,위니아,KOSDAQ,2016-08-01,2025-06-02,2025
072520,제넨바이오,KOSDAQ,2014-01-02,2025-06-02,2025
078940,퀀타피아,KOSDAQ,2014-01-02,2025-02-03,2025
091090,세원이앤씨,KOSPI,2014-01-02,2025-10-01,2025
093230,이아이디,KOSPI,2014-01-02,2025-09-01,2025
096040,이트론,KOSDAQ,2014-01-02,2025-09-01,2025
102280,쌍방울,KOSPI,2014-01-02,2025-11-03,2025
151910,퓨처코어,KOSDAQ,2014-01-02,2025-11-03,2025
160600,이큐셀,KOSDAQ,2015-07-01,2025-02-03,2025
168490,한국패러랠,KOSPI,2014-01-02,2025-03-04,2025
214870,한울BnC,KOSDAQ,2015-11-02,2025-03-04,2025
226440,한송네오텍,KOSDAQ,2015-11-02,2025-06-02,2025
268600,셀리버리,KOSDAQ,2018-12-03,2025-03-04,2025
290380,대유,KOSDAQ,2018-09-03,2025-08-01,2025
299910,애닉,KOSDAQ,2018-12-03,2025-02-03,2025
323230,엠에프엠코리아,KOSDAQ,2019-07-01,2025-06-02,2025
335890,비올,KOSDAQ,2020-01-02,2025-12-01,2025
376190,LB루셈,KOSDAQ,2021-07-01,2025-02-03,2025
412930,미래에셋비전스팩1호,KOSDAQ,2022-05-02,2025-01-02,2025
413600,키움제6호스팩,KOSDAQ,2022-05-02,2025-02-03,2025
418210,신한제10호스팩,KOSDAQ,2022-08-01,2025-04-01,2025
422040,엔에이치스팩23호,KOSDAQ,2022-07-01,2025-02-03,2025
424140,케이비제21호스팩,KOSDAQ,2022-07-01,2025-02-03,2025
425290,삼성스팩6호,KOSDAQ,2022-07-01,2025-02-03,2025
430220,신영스팩8호,KOSDAQ,2022-09-01,2025-08-01,2025
430700,유안타제9호스팩,KOSDAQ,2022-09-01,2025-03-04,2025
433530,키움제7호스팩,KOSDAQ,2022-10-04,2025-03-04,2025
435380,유안타제10호스팩,KOSDAQ,2022-11-01,2025-05-02,2025
435620,하나금융25호스팩,KOSDAQ,2022-11-01,2025-05-02,2025
435870,에스케이증권제8호스팩,KOSDAQ,2022-11-01,2025-05-02,2025
437780,엔에이치스팩24호,KOSDAQ,2022-11-01,2025-05-02,2025
438580,엔에이치스팩25호,KOSDAQ,2022-12-01,2025-06-02,2025
439250,삼성스팩7호,KOSDAQ,2022-11-01,2025-05-02,2025
439410,엔에이치스팩26호,KOSDAQ,2022-12-01,2025-07-01,2025
439730,IBKS제20호스팩,KOSDAQ,2022-11-01,2025-05-02,2025
440790,교보13호스팩,KOSDAQ,2022-12-01,2025-07-01,2025
440820,엔에이치스팩27호,KOSDAQ,2023-01-02,2025-07-01,2025
442130,유진스팩9호,KOSDAQ,2022-12-01,2025-07-01,2025
442310,대신밸런스제14호스팩,KOSDAQ,2023-01-02,2025-07-01,2025
442770,IBKS제21호스팩,KOSDAQ,2023-01-02,2025-11-03,2025
442900,미래에셋드림스팩1호,KOSDAQ,2023-04-03,2025-10-01,2025
445360,비엔케이제1호스팩,KOSDAQ,2023-01-02,2025-07-01,2025
445970,신영스팩9호,KOSDAQ,2023-01-02,2025-07-01,2025
446190,미래에셋비전스팩2호,KOSDAQ,2023-03-02,2025-09-01,2025
446750,하나26호스팩,KOSDAQ,2023-04-03,2025-10-01,2025
448370,하나27호스팩,KOSDAQ,2023-05-02,2025-11-03,2025
448740,삼성스팩8호,KOSDAQ,2023-03-02,2025-10-01,2025
448760,IBKS제22호스팩,KOSDAQ,2023-05-02,2025-12-01,2025
449020,유안타제13호스팩,KOSDAQ,2023-03-02,2025-10-01,2025
454750,하나28호스팩,KOSDAQ,2023-09-01,2025-10-01,2025
456440,DB금융스팩11호,KOSDAQ,2023-08-01,2025-05-02,2025
457390,대신밸런스제15호스팩,KOSDAQ,2023-09-01,2025-05-02,2025
458320,KB제26호스팩,KOSDAQ,2023-09-01,2025-03-04,2025
468510,삼성스팩9호,KOSDAQ,2024-01-02,2025-06-02,2025
476470,KB제28호스팩,KOSDAQ,2024-06-03,2025-07-01,2025
477530,한국제14호스팩,KOSDAQ,2024-07-01,2025-04-01,2025
900280,골든센츄리,KOSDAQ,2016-11-01,2025-01-02,2025
950110,SBI핀테크솔루션즈,KOSDAQ,2014-01-02,2025-07-01,2025
000020,동화약품,KOSPI,2014-01-02,2026-09-01,2026
000040,KR모터스,KOSPI,2014-01-02,2026-09-01,2026
000050,경방,KOSPI,2014-01-02,2026-09-01,2026
000070,삼양홀딩스,KOSPI,2014-01-02,2026-09-01,2026
000080,하이트진로,KOSPI,2014-01-02,2026-09-01,2026
000087,하이트진로2우B,KOSPI,2014-01-02,2026-09-01,2026
000105,유한양행우,KOSPI,2014-01-02,2026-09-01,2026
000140,하이트진로홀딩스,KOSPI,2014-01-02,2026-09-01,2026
000145,하이트진로홀딩스우,KOSPI,2014-01-02,2026-09-01,2026
000155,두산우,KOSPI,2014-01-02,2026-09-01,2026
000157,두산2우B,KOSPI,2014-01-02,2026-09-01,2026
000180,성창기업지주,KOSPI,2014-01-02,2026-09-01,2026
0001A0,덕양에너젠,KOSDAQ,2026-02-02,2026-09-01,2026
000215,DL우,KOSPI,2014-01-02,2026-09-01,2026
000220,유유제약,KOSPI,2014-01-02,2026-09-01,2026
000225,유유제약1우,KOSPI,2014-01-02,2026-09-01,2026
000227,유유제약2우B,KOSPI,2014-01-02,2026-09-01,2026
000230,일동홀딩스,KOSPI,2014-01-02,2026-09-01,2026
000300,DH오토넥스,KOSPI,2014-01-02,2026-09-01,2026
000320,노루홀딩스,KOSPI,2014-01-02,2026-09-01,2026
000325,노루홀딩스우,KOSPI,2014-01-02,2026-09-01,2026
000390,SP삼화,KOSPI,2014-01-02,2026-09-01,2026
000400,롯데손해보험,KOSPI,2014-01-02,2026-09-01,2026
000430,대원강업,KOSPI,2014-01-02,2026-09-01,2026
000440,중앙에너비스,KOSDAQ,2014-01-02,2026-09-01,2026
000480,CR홀딩스,KOSPI,2014-01-02,2026-09-01,2026
000490,대동,KOSPI,2014-01-02,2026-09-01,2026
0004V0,엔비알모션,KOSDAQ,2026-02-02,2026-09-01,2026
0004Y0,디비금융제14호스팩,KOSDAQ,2025-08-01,2026-09-01,2026
000500,가온전선,KOSPI,2014-01-02,2026-09-01,2026
000520,삼일제약,KOSPI,2014-01-02,2026-09-01,2026
000540,흥국화재,KOSPI,2014-01-02,2026-09-01,2026
000545,흥국화재우,KOSPI,2014-01-02,2026-09-01,2026
000590,CS홀딩스,KOSPI,2014-01-02,2026-09-01,2026
000640,동아쏘시오홀딩스,KOSPI,2014-01-02,2026-09-01,2026
000650,천일고속,KOSPI,2014-01-02,2026-09-01,2026
000670,영풍,KOSPI,2014-01-02,2026-09-01,2026
000680,LS네트웍스,KOSPI,2014-01-02,2026-09-01,2026
000700,유수홀딩스,KOSPI,2014-01-02,2026-09-01,2026
000725,현대건설우,KOSPI,2014-01-02,2026-09-01,2026
000760,이화산업,KOSPI,2014-01-02,2026-09-01,2026
0007C0,아크릴,KOSDAQ,2026-01-02,2026-09-01,2026
0007J0,인벤테라,KOSDAQ,2026-05-04,2026-09-01,2026
000815,삼성화재우,KOSPI,2014-01-02,2026-09-01,2026
000850,화천기공,KOSPI,2014-01-02,2026-09-01,2026
000860,강남제비스코,KOSPI,2014-01-02,2026-09-01,2026
00088K,한화3우B,KOSPI,2016-11-01,2026-09-01,2026
000890,보해양조,KOSPI,2014-01-02,2026-09-01,2026
0008Z0,에스엔시스,KOSDAQ,2025-09-01,2026-09-01,2026
000910,유니온,KOSPI,2014-01-02,2026-09-01,2026
000950,전방,KOSPI,2014-01-02,2026-09-01,2026
000970,한국주철관,KOSPI,2014-01-02,2026-09-01,2026
0009K0,에임드바이오,KOSDAQ,2026-01-02,2026-09-01,2026
001000,신라섬유,KOSDAQ,2014-01-02,2026-09-01,2026
001020,페이퍼코리아,KOSPI,2014-01-02,2026-09-01,2026
001045,CJ우,KOSPI,2014-01-02,2026-09-01,2026
00104K,CJ4우(전환),KOSPI,2019-09-02,2026-09-01,2026
001060,JW중외제약,KOSPI,2014-01-02,2026-09-01,2026
001065,JW중외제약우,KOSPI,2014-01-02,2026-09-01,2026
001067,JW중외제약2우B,KOSPI,2014-01-02,2026-09-01,2026
001070,대한방직,KOSPI,2014-01-02,2026-09-01,2026
001080,만호제강,KOSPI,2014-01-02,2026-09-01,2026
0010F0,보원케미칼,KOSDAQ,2026-05-04,2026-09-01,2026
0010V0,제이피아이헬스케어,KOSDAQ,2025-09-01,2026-09-01,2026
001130,대한제분,KOSPI,2014-01-02,2026-09-01,2026
001140,국보,KOSPI,2014-01-02,2026-01-02,2026
0011A0,액스비스,KOSDAQ,2026-04-01,2026-09-01,2026
0011T0,채비,KOSDAQ,2026-05-04,2026-09-01,2026
001210,금호전기,KOSPI,2014-01-02,2026-09-01,2026
001230,동국홀딩스,KOSPI,2014-01-02,2026-09-01,2026
001260,남광토건,KOSPI,2014-01-02,2026-09-01,2026
001270,부국증권,KOSPI,2014-01-02,2026-09-01,2026
001275,부국증권우,KOSPI,2014-01-02,2026-09-01,2026
001290,상상인증권,KOSPI,2014-01-02,2026-09-01,2026
001340,PKC,KOSPI,2014-01-02,2026-09-01,2026
001360,삼성제약,KOSPI,2014-01-02,2026-09-01,2026
001380,SG글로벌,KOSPI,2014-01-02,2026-09-01,2026
001390,KG케미칼,KOSPI,2014-01-02,2026-09-01,2026
0013V0,삼진식품,KOSDAQ,2026-01-02,2026-09-01,2026
001420,태원물산,KOSPI,2014-01-02,2026-09-01,2026
001460,BYC,KOSPI,2014-01-02,2026-09-01,2026
001465,BYC우,KOSPI,2014-01-02,2026-09-01,2026
001470,삼부토건,KOSPI,2014-01-02,2026-09-01,2026
001500,현대차증권,KOSPI,2014-01-02,2026-09-01,2026
001510,SK증권,KOSPI,2014-01-02,2026-09-01,2026
001515,SK증권우,KOSPI,2014-01-02,2026-09-01,2026
001520,동양,KOSPI,2014-01-02,2026-09-01,2026
001525,동양우,KOSPI,2014-01-02,2026-09-01,2026
001527,동양2우B,KOSPI,2014-01-02,2026-09-01,2026
001530,DI동일,KOSPI,2014-01-02,2026-09-01,2026
001540,안국약품,KOSDAQ,2014-01-02,2026-09-01,2026
001550,조비,KOSPI,2014-01-02,2026-09-01,2026
001560,제일연마,KOSPI,2014-01-02,2026-09-01,2026
001570,금양,KOSPI,2014-01-02,2026-09-01,2026
0015G0,그린광학,KOSDAQ,2025-12-01,2026-09-01,2026
0015N0,아로마티카,KOSDAQ,2025-12-01,2026-09-01,2026
0015S0,페스카로,KOSDAQ,2026-01-02,2026-09-01,2026
001620,케이비아이동국실업,KOSPI,2014-01-02,2026-09-01,2026
001630,종근당홀딩스,KOSPI,2014-01-02,2026-09-01,2026
001680,대상,KOSPI,2014-01-02,2026-09-01,2026
001685,대상우,KOSPI,2014-01-02,2026-09-01,2026
001750,한양증권,KOSPI,2014-01-02,2026-09-01,2026
001755,한양증권우,KOSPI,2014-01-02,2026-09-01,2026
001770,SHD,KOSPI,2014-01-02,2026-09-01,2026
001780,알루코,KOSPI,2014-01-02,2026-09-01,2026
001790,대한제당,KOSPI,2014-01-02,2026-09-01,2026
001795,대한제당우,KOSPI,2014-01-02,2026-09-01,2026
0017J0,세미티에스,KOSDAQ,2026-07-01,2026-09-01,2026
001810,무림SP,KOSDAQ,2014-01-02,2026-09-01,2026
001840,이화공영,KOSDAQ,2014-01-02,2026-09-01,2026
001940,KISCO홀딩스,KOSPI,2014-01-02,2026-09-01,2026
002025,코오롱우,KOSPI,2014-01-02,2026-09-01,2026
002030,아세아,KOSPI,2014-01-02,2026-09-01,2026
002070,비비안,KOSPI,2014-01-02,2026-09-01,2026
002100,경농,KOSPI,2014-01-02,2026-09-01,2026
002140,고려산업,KOSPI,2014-01-02,2026-09-01,2026
002150,도화엔지니어링,KOSPI,2014-01-02,2026-09-01,2026
002170,SYTS,KOSPI,2014-01-02,2026-09-01,2026
002200,한국수출포장,KOSPI,2014-01-02,2026-09-01,2026
002210,동성제약,KOSPI,2014-01-02,2026-09-01,2026
002220,한일철강,KOSPI,2014-01-02,2026-09-01,2026
002230,피에스텍,KOSDAQ,2014-01-02,2026-09-01,2026
002240,고려제강,KOSPI,2014-01-02,2026-09-01,2026
002290,삼일기업공사,KOSDAQ,2014-01-02,2026-09-01,2026
002310,아세아제지,KOSPI,2014-01-02,2026-09-01,2026
002320,한진,KOSPI,2014-01-02,2026-09-01,2026
002350,넥센타이어,KOSPI,2014-01-02,2026-09-01,2026
002355,넥센타이어1우B,KOSPI,2014-01-02,2026-09-01,2026
002360,SH에너지화학,KOSPI,2014-01-02,2026-09-01,2026
002390,한독,KOSPI,2014-01-02,2026-09-01,2026
002410,범양건영,KOSPI,2014-01-02,2026-09-01,2026
002420,우양피앤엘,KOSPI,2014-01-02,2026-09-01,2026
002450,삼익악기,KOSPI,2014-01-02,2026-09-01,2026
002460,HS화성,KOSPI,2014-01-02,2026-09-01,2026
002600,조흥,KOSPI,2014-01-02,2026-09-01,2026
002620,제일파마홀딩스,KOSPI,2014-01-02,2026-09-01,2026
002630,오리엔트바이오,KOSPI,2014-01-02,2026-09-01,2026
002680,한탑,KOSDAQ,2014-01-02,2026-09-01,2026
002690,동일제강,KOSPI,2015-10-01,2026-09-01,2026
002700,신일전자,KOSPI,2014-01-02,2026-09-01,2026
002710,TCC스틸,KOSPI,2014-01-02,2026-09-01,2026
002720,국제약품,KOSPI,2014-01-02,2026-09-01,2026
002760,보락,KOSPI,2014-01-02,2026-09-01,2026
002780,진흥기업,KOSPI,2014-01-02,2026-09-01,2026
002785,진흥기업우B,KOSPI,2014-01-02,2026-09-01,2026
002787,진흥기업2우B,KOSPI,2014-01-02,2026-09-01,2026
002795,아모레퍼시픽홀딩스우,KOSPI,2014-01-02,2026-09-01,2026
00279K,아모레퍼시픽홀딩스3우C,KOSPI,2020-01-02,2026-09-01,2026
002800,신신제약,KOSDAQ,2017-03-02,2026-09-01,2026
002810,삼영무역,KOSPI,2014-01-02,2026-09-01,2026
002820,SUN&L,KOSPI,2014-01-02,2026-09-01,2026
002840,미원상사,KOSPI,2014-01-02,2026-09-01,2026
002870,신풍,KOSPI,2014-01-02,2026-09-01,2026
002880,디와이에이,KOSPI,2014-01-02,2026-09-01,2026
002900,TYM,KOSPI,2014-01-02,2026-09-01,2026
002920,유성기업,KOSPI,2014-01-02,2026-09-01,2026
002960,한국쉘석유,KOSPI,2014-01-02,2026-09-01,2026
002990,금호건설,KOSPI,2014-01-02,2026-09-01,2026
002995,금호건설우,KOSPI,2014-01-02,2026-09-01,2026
003000,부광약품,KOSPI,2014-01-02,2026-09-01,2026
003010,혜인,KOSPI,2014-01-02,2026-09-01,2026
003060,에이프로젠바이오로직스,KOSPI,2014-01-02,2026-09-01,2026
003070,코오롱글로벌,KOSPI,2014-01-02,2026-09-01,2026
003075,코오롱글로벌우,KOSPI,2014-01-02,2026-09-01,2026
003080,SB성보,KOSPI,2014-01-02,2026-09-01,2026
003090,대웅,KOSPI,2014-01-02,2026-09-01,2026
0030R0,대신밸류리츠,KOSPI,2025-08-01,2026-09-01,2026
003100,선광,KOSDAQ,2014-01-02,2026-09-01,2026
003120,일성아이에스,KOSPI,2014-01-02,2026-09-01,2026
003200,일신방직,KOSPI,2014-01-02,2026-09-01,2026
003240,태광산업,KOSPI,2014-01-02,2026-09-01,2026
003280,흥아해운,KOSPI,2014-01-02,2026-09-01,2026
003300,한일홀딩스,KOSPI,2014-01-02,2026-09-01,2026
003310,대주산업,KOSDAQ,2014-01-02,2026-09-01,2026
003350,한국화장품제조,KOSPI,2014-01-02,2026-09-01,2026
003460,유화증권,KOSPI,2014-01-02,2026-09-01,2026
003465,유화증권우,KOSPI,2014-01-02,2026-09-01,2026
003475,유안타증권우,KOSPI,2014-01-02,2026-09-01,2026
003480,한진중공업홀딩스,KOSPI,2014-01-02,2026-09-01,2026
003495,대한항공우,KOSPI,2014-01-02,2026-09-01,2026
003520,영진약품,KOSPI,2014-01-02,2026-09-01,2026
003535,한화투자증권우,KOSPI,2014-01-02,2026-09-01,2026
003545,대신증권우,KOSPI,2014-01-02,2026-09-01,2026
003547,대신증권2우B,KOSPI,2014-01-02,2026-09-01,2026
003555,LG우,KOSPI,2014-01-02,2026-09-01,2026
003560,IHQ,KOSPI,2014-01-02,2026-01-02,2026
003580,HLB글로벌,KOSPI,2014-01-02,2026-09-01,2026
003610,방림,KOSPI,2014-01-02,2026-09-01,2026
003620,KG모빌리티,KOSPI,2014-01-02,2026-09-01,2026
003650,미창석유,KOSPI,2014-01-02,2026-09-01,2026
003680,한성기업,KOSPI,2014-01-02,2026-09-01,2026
003780,진양산업,KOSPI,2014-01-02,2026-09-01,2026
0037T0,KB제32호스팩,KOSDAQ,2025-08-01,2026-09-01,2026
003800,에이스침대,KOSDAQ,2014-01-02,2026-09-01,2026
003830,대한화섬,KOSPI,2014-01-02,2026-09-01,2026
003850,보령,KOSPI,2014-01-02,2026-09-01,2026
003920,남양유업,KOSPI,2014-01-02,2026-09-01,2026
003925,남양유업우,KOSPI,2014-01-02,2026-09-01,2026
003960,사조대림,KOSPI,2014-01-02,2026-09-01,2026
0039P0,매드업,KOSDAQ,2026-07-01,2026-09-01,2026
004060,SG세계물산,KOSPI,2014-01-02,2026-09-01,2026
004080,신흥,KOSPI,2014-01-02,2026-09-01,2026
004090,한국석유,KOSPI,2014-01-02,2026-09-01,2026
004100,태양금속,KOSPI,2014-01-02,2026-09-01,2026
004105,태양금속우,KOSPI,2014-01-02,2026-09-01,2026
004140,동방,KOSPI,2014-01-02,2026-09-01,2026
004150,한솔홀딩스,KOSPI,2014-01-02,2026-09-01,2026
0041B0,교보18호스팩,KOSDAQ,2025-09-01,2026-09-01,2026
0041J0,엘에스스팩1호,KOSDAQ,2025-08-01,2026-09-01,2026
0041L0,하나35호스팩,KOSDAQ,2025-09-01,2026-09-01,2026
004250,NPC,KOSPI,2014-01-02,2026-09-01,2026
004255,NPC우,KOSPI,2014-01-02,2026-09-01,2026
004270,남성,KOSPI,2014-01-02,2026-09-01,2026
004310,현대약품,KOSPI,2014-01-02,2026-09-01,2026
004360,세방,KOSPI,2014-01-02,2026-09-01,2026
004365,세방우,KOSPI,2014-01-02,2026-09-01,2026
004380,삼익THK,KOSPI,2014-01-02,2026-09-01,2026
004410,서울식품,KOSPI,2014-01-02,2026-09-01,2026
004415,서울식품우,KOSPI,2014-01-02,2026-09-01,2026
004430,송원산업,KOSPI,2014-01-02,2026-09-01,2026
004440,삼일씨엔에스,KOSPI,2016-04-01,2026-09-01,2026
004450,삼화왕관,KOSPI,2014-01-02,2026-09-01,2026
0044K0,삼성스팩10호,KOSDAQ,2025-09-01,2026-09-01,2026
004540,깨끗한나라,KOSPI,2014-01-02,2026-09-01,2026
004545,깨끗한나라우,KOSPI,2014-01-02,2026-09-01,2026
004560,현대비앤지스틸,KOSPI,2014-01-02,2026-09-01,2026
004590,한국가구,KOSDAQ,2014-01-02,2026-09-01,2026
004650,창해에탄올,KOSDAQ,2015-01-02,2026-09-01,2026
004690,삼천리,KOSPI,2014-01-02,2026-09-01,2026
004700,조광피혁,KOSPI,2014-01-02,2026-09-01,2026
004710,한솔테크닉스,KOSPI,2014-01-02,2026-09-01,2026
004720,팜젠사이언스,KOSPI,2014-01-02,2026-09-01,2026
004770,써니전자,KOSPI,2014-01-02,2026-09-01,2026
004780,대륙제관,KOSDAQ,2014-01-02,2026-09-01,2026
004830,덕성,KOSPI,2014-01-02,2026-09-01,2026
004835,덕성우,KOSPI,2014-01-02,2026-09-01,2026
004840,DRB동일,KOSPI,2014-01-02,2026-09-01,2026
004870,티웨이홀딩스,KOSPI,2014-01-02,2026-09-01,2026
004890,동일산업,KOSPI,2014-01-02,2026-09-01,2026
004910,조광페인트,KOSPI,2014-01-02,2026-09-01,2026
004920,씨아이테크,KOSPI,2014-01-02,2026-09-01,2026
004960,한신공영,KOSPI,2014-01-02,2026-09-01,2026
004970,신라교역,KOSPI,2014-01-02,2026-09-01,2026
004980,성신양회,KOSPI,2014-01-02,2026-09-01,2026
004985,성신양회우,KOSPI,2014-01-02,2026-09-01,2026
00499K,롯데지주우,KOSPI,2017-11-01,2026-09-01,2026
005010,휴스틸,KOSPI,2014-01-02,2026-09-01,2026
005030,부산주공,KOSPI,2014-01-02,2026-09-01,2026
005090,SGC에너지,KOSPI,2014-01-02,2026-09-01,2026
005110,한창,KOSPI,2014-01-02,2026-09-01,2026
005160,동국산업,KOSDAQ,2014-01-02,2026-09-01,2026
005180,빙그레,KOSPI,2014-01-02,2026-09-01,2026
005257,녹십자홀딩스2우,KOSPI,2014-01-02,2026-09-01,2026
005305,롯데칠성우,KOSPI,2014-01-02,2026-09-01,2026
005320,온타이드,KOSPI,2014-01-02,2026-09-01,2026
005360,모나미,KOSPI,2014-01-02,2026-09-01,2026
005385,현대차우,KOSPI,2014-01-02,2026-09-01,2026
005387,현대차2우B,KOSPI,2014-01-02,2026-09-01,2026
005389,현대차3우B,KOSPI,2014-01-02,2026-09-01,2026
005420,코스모화학,KOSPI,2014-01-02,2026-09-01,2026
005430,한국공항,KOSPI,2014-01-02,2026-09-01,2026
005440,현대지에프홀딩스,KOSPI,2014-01-02,2026-09-01,2026
0054V0,엔에이치스팩32호,KOSDAQ,2026-01-02,2026-09-01,2026
005500,삼진제약,KOSPI,2014-01-02,2026-09-01,2026
005610,삼립,KOSPI,2014-01-02,2026-09-01,2026
005670,푸드웰,KOSDAQ,2014-01-02,2026-09-01,2026
005680,삼영전자,KOSPI,2014-01-02,2026-09-01,2026
005710,대원산업,KOSDAQ,2014-01-02,2026-09-01,2026
005720,넥센,KOSPI,2014-01-02,2026-09-01,2026
005725,넥센우,KOSPI,2014-01-02,2026-09-01,2026
005740,크라운해태홀딩스,KOSPI,2014-01-02,2026-09-01,2026
005745,크라운해태홀딩스우,KOSPI,2014-01-02,2026-09-01,2026
005750,대림바스,KOSPI,2014-01-02,2026-09-01,2026
005800,신영와코루,KOSPI,2014-01-02,2026-09-01,2026
005810,풍산홀딩스,KOSPI,2014-01-02,2026-09-01,2026
005820,원림,KOSPI,2014-01-02,2026-09-01,2026
005860,한일사료,KOSDAQ,2014-01-02,2026-09-01,2026
005870,휴니드,KOSPI,2014-01-02,2026-09-01,2026
005935,삼성전자우,KOSPI,2014-01-02,2026-09-01,2026
005945,NH투자증권우,KOSPI,2014-01-02,2026-09-01,2026
005960,동부건설,KOSPI,2014-01-02,2026-09-01,2026
005965,동부건설우,KOSPI,2014-01-02,2026-09-01,2026
005990,매일홀딩스,KOSDAQ,2014-01-02,2026-09-01,2026
006040,동원산업,KOSPI,2014-01-02,2026-09-01,2026
006050,국영지앤엠,KOSDAQ,2014-01-02,2026-09-01,2026
006060,화승인더,KOSPI,2014-01-02,2026-09-01,2026
006090,사조오양,KOSPI,2014-01-02,2026-09-01,2026
006120,SK디스커버리,KOSPI,2014-01-02,2026-09-01,2026
006125,SK디스커버리우,KOSPI,2014-01-02,2026-09-01,2026
006140,피제이전자,KOSDAQ,2014-01-02,2026-09-01,2026
006200,한국전자홀딩스,KOSPI,2014-01-02,2026-09-01,2026
006220,제주은행,KOSPI,2014-01-02,2026-09-01,2026
006340,대원전선,KOSPI,2014-01-02,2026-09-01,2026
006345,대원전선우,KOSPI,2014-01-02,2026-09-01,2026
006370,대구백화점,KOSPI,2014-01-02,2026-09-01,2026
006380,카프로,KOSPI,2014-01-02,2026-09-01,2026
006405,삼성SDI우,KOSPI,2014-01-02,2026-09-01,2026
006490,프리티,KOSPI,2014-01-02,2026-09-01,2026
006570,대림통상,KOSPI,2014-01-02,2026-09-01,2026
006620,동구바이오제약,KOSDAQ,2018-03-02,2026-09-01,2026
006660,삼성공조,KOSPI,2014-01-02,2026-09-01,2026
006740,블루산업개발,KOSPI,2014-01-02,2026-09-01,2026
006805,미래에셋증권우,KOSPI,2014-01-02,2026-09-01,2026
00680K,미래에셋증권2우B,KOSPI,2018-04-02,2026-09-01,2026
006840,AK홀딩스,KOSPI,2014-01-02,2026-09-01,2026
006880,신송홀딩스,KOSPI,2014-01-02,2026-09-01,2026
006890,태경케미컬,KOSPI,2014-01-02,2026-09-01,2026
0068Y0,비엔케이제3호스팩,KOSDAQ,2025-12-01,2026-09-01,2026
006920,모헨즈,KOSDAQ,2014-01-02,2026-09-01,2026
006980,우성,KOSPI,2014-01-02,2026-09-01,2026
007110,일신석재,KOSPI,2014-01-02,2026-09-01,2026
007120,미래아이앤지,KOSPI,2014-01-02,2026-09-01,2026
007160,사조산업,KOSPI,2014-01-02,2026-09-01,2026
0071M0,삼성스팩11호,KOSDAQ,2025-10-01,2026-09-01,2026
007210,벽산,KOSPI,2014-01-02,2026-09-01,2026
007280,한국특강,KOSPI,2014-01-02,2026-09-01,2026
0072Z0,KB제33호스팩,KOSDAQ,2025-10-01,2026-09-01,2026
007310,오뚜기,KOSPI,2014-01-02,2026-09-01,2026
007330,푸른저축은행,KOSDAQ,2014-01-02,2026-09-01,2026
007370,진양제약,KOSDAQ,2014-01-02,2026-09-01,2026
007460,에이프로젠,KOSPI,2014-01-02,2026-09-01,2026
007530,와이엠,KOSDAQ,2014-01-02,2026-09-01,2026
007540,샘표,KOSPI,2014-01-02,2026-09-01,2026
007570,일양약품,KOSPI,2014-01-02,2026-09-01,2026
007575,일양약품우,KOSPI,2014-01-02,2026-09-01,2026
007590,동방아그로,KOSPI,2014-01-02,2026-09-01,2026
007610,선도전기,KOSPI,2014-01-02,2026-09-01,2026
007680,대원,KOSDAQ,2017-12-01,2026-09-01,2026
007690,국도화학,KOSPI,2014-01-02,2026-09-01,2026
007700,F&F홀딩스,KOSPI,2014-01-02,2026-09-01,2026
007720,소노스퀘어,KOSDAQ,2014-01-02,2026-09-01,2026
007770,한일화학,KOSDAQ,2014-01-02,2026-09-01,2026
007810,코리아써키트,KOSPI,2014-01-02,2026-09-01,2026
007815,코리아써우,KOSPI,2014-01-02,2026-09-01,2026
00781K,코리아써키트2우B,KOSPI,2014-01-02,2026-09-01,2026
007820,엠엑스로보틱스,KOSDAQ,2014-01-02,2026-09-01,2026
007860,서연,KOSPI,2014-01-02,2026-09-01,2026
007980,TP,KOSPI,2014-01-02,2026-09-01,2026
008040,사조동아원,KOSPI,2014-01-02,2026-09-01,2026
008060,대덕,KOSPI,2014-01-02,2026-09-01,2026
00806K,대덕1우,KOSPI,2019-01-02,2026-09-01,2026
008110,대동전자,KOSPI,2014-01-02,2026-03-03,2026
008250,이건산업,KOSPI,2014-01-02,2026-09-01,2026
008260,NI스틸,KOSPI,2014-01-02,2026-09-01,2026
008290,원풍물산,KOSDAQ,2014-01-02,2026-09-01,2026
0082N0,카나프테라퓨틱스,KOSDAQ,2026-04-01,2026-09-01,2026
008350,남선알미늄,KOSPI,2014-01-02,2026-09-01,2026
008355,남선알미우,KOSPI,2014-01-02,2026-09-01,2026
008370,원풍,KOSDAQ,2014-01-02,2026-09-01,2026
008420,문배철강,KOSPI,2014-01-02,2026-09-01,2026
008470,부스타,KOSDAQ,2014-01-02,2026-09-01,2026
008490,서흥,KOSPI,2014-01-02,2026-09-01,2026
008500,일정실업,KOSPI,2014-01-02,2026-06-01,2026
008600,윌비스,KOSPI,2014-01-02,2026-09-01,2026
008700,아남전자,KOSPI,2014-01-02,2026-09-01,2026
008730,율촌화학,KOSPI,2014-01-02,2026-09-01,2026
008775,호텔신라우,KOSPI,2014-01-02,2026-09-01,2026
008830,대동기어,KOSDAQ,2014-01-02,2026-09-01,2026
008870,금비,KOSPI,2014-01-02,2026-09-01,2026
0088D0,메리츠제1호스팩,KOSDAQ,2026-01-02,2026-09-01,2026
0088M0,메쥬,KOSDAQ,2026-04-01,2026-09-01,2026
008930,한미사이언스,KOSPI,2014-01-02,2026-09-01,2026
008970,KBI동양철관,KOSPI,2014-01-02,2026-09-01,2026
009070,KCTC,KOSPI,2014-01-02,2026-09-01,2026
009140,경인전자,KOSPI,2014-01-02,2026-09-01,2026
009155,삼성전기우,KOSPI,2014-01-02,2026-09-01,2026
009160,SIMPAC,KOSPI,2014-01-02,2026-09-01,2026
009180,한솔로지스틱스,KOSPI,2014-01-02,2026-09-01,2026
009190,대양금속,KOSPI,2014-01-02,2026-09-01,2026
0091W0,신영스팩11호,KOSDAQ,2025-12-01,2026-09-01,2026
009200,무림페이퍼,KOSPI,2014-01-02,2026-09-01,2026
009240,한샘,KOSPI,2014-01-02,2026-09-01,2026
009270,신원,KOSPI,2014-01-02,2026-09-01,2026
009290,광동제약,KOSPI,2014-01-02,2026-09-01,2026
009300,삼아제약,KOSDAQ,2014-01-02,2026-09-01,2026
009310,참엔지니어링,KOSPI,2014-01-02,2026-09-01,2026
009320,아진전자부품,KOSPI,2014-01-02,2026-09-01,2026
0093G0,미래에셋비전스팩8호,KOSDAQ,2025-12-01,2026-09-01,2026
009410,태영건설,KOSPI,2014-01-02,2026-09-01,2026
009415,태영건설우,KOSPI,2014-01-02,2026-09-01,2026
009420,한올바이오파마,KOSPI,2014-01-02,2026-09-01,2026
009440,KC그린홀딩스,KOSPI,2014-01-02,2026-09-01,2026
009460,한창제지,KOSPI,2014-01-02,2026-09-01,2026
009520,포스코엠텍,KOSDAQ,2014-01-02,2026-09-01,2026
009580,무림P&P,KOSPI,2014-01-02,2026-09-01,2026
009620,삼보산업,KOSDAQ,2014-01-02,2026-09-01,2026
009680,모토닉,KOSPI,2014-01-02,2026-09-01,2026
0096B0,삼성스팩12호,KOSDAQ,2025-12-01,2026-09-01,2026
0096D0,미래에셋비전스팩9호,KOSDAQ,2025-12-01,2026-09-01,2026
009730,이렘,KOSDAQ,2014-01-02,2026-09-01,2026
009770,삼정펄프,KOSPI,2014-01-02,2026-09-01,2026
009780,엠에스씨,KOSDAQ,2014-01-02,2026-09-01,2026
0097F0,미래에셋비전스팩10호,KOSDAQ,2026-01-02,2026-09-01,2026
009810,MDS스피어,KOSPI,2014-01-02,2026-09-01,2026
009835,한화솔루션우,KOSPI,2014-01-02,2026-09-01,2026
0098T0,교보19호스팩,KOSDAQ,2026-01-02,2026-09-01,2026
009900,명신산업,KOSPI,2021-01-04,2026-09-01,2026
0099W0,미래에셋비전스팩11호,KOSDAQ,2026-01-02,2026-09-01,2026
0099X0,IBKS제25호스팩,KOSDAQ,2026-01-02,2026-09-01,2026
010040,한국내화,KOSPI,2014-01-02,2026-09-01,2026
010100,한국무브넥스,KOSPI,2014-01-02,2026-09-01,2026
010170,대한광통신,KOSDAQ,2014-01-02,2026-09-01,2026
0101C0,하나36호스팩,KOSDAQ,2026-01-02,2026-09-01,2026
010240,흥국,KOSDAQ,2014-01-02,2026-09-01,2026
010280,아이티센엔텍,KOSDAQ,2014-01-02,2026-09-01,2026
010400,우진아이엔에스,KOSPI,2018-10-01,2026-09-01,2026
010470,오리콤,KOSDAQ,2014-01-02,2026-09-01,2026
010580,에스엠벡셀,KOSPI,2014-01-02,2026-09-01,2026
0105P0,유진스팩12호,KOSDAQ,2026-01-02,2026-09-01,2026
010600,웰바이오텍,KOSPI,2014-01-02,2026-01-02,2026
010640,진양폴리,KOSPI,2014-01-02,2026-09-01,2026
010660,화천기계,KOSPI,2014-01-02,2026-09-01,2026
010690,화신,KOSPI,2014-01-02,2026-09-01,2026
010770,평화홀딩스,KOSPI,2014-01-02,2026-09-01,2026
010780,아이에스동서,KOSPI,2014-01-02,2026-09-01,2026
010955,S-Oil우,KOSPI,2014-01-02,2026-09-01,2026
010960,삼호개발,KOSPI,2014-01-02,2026-09-01,2026
011000,진원생명과학,KOSPI,2014-01-02,2026-09-01,2026
011040,경동제약,KOSDAQ,2014-01-02,2026-09-01,2026
011080,형지I&C,KOSDAQ,2014-01-02,2026-09-01,2026
011090,에넥스,KOSPI,2014-01-02,2026-09-01,2026
011150,CJ씨푸드,KOSPI,2014-01-02,2026-09-01,2026
011155,CJ씨푸드1우,KOSPI,2014-01-02,2026-09-01,2026
011230,삼화전자,KOSPI,2014-01-02,2026-09-01,2026
011280,태림포장,KOSPI,2014-01-02,2026-09-01,2026
011300,우성머티리얼스,KOSPI,2014-01-02,2026-09-01,2026
011320,유니크,KOSDAQ,2014-01-02,2026-09-01,2026
011330,유니켐,KOSPI,2014-01-02,2026-09-01,2026
011370,서한,KOSDAQ,2014-01-02,2026-09-01,2026
011390,부산산업,KOSPI,2014-01-02,2026-09-01,2026
011420,갤럭시아에스엠,KOSPI,2014-01-02,2026-09-01,2026
011500,한농화성,KOSPI,2014-01-02,2026-09-01,2026
011560,세보엠이씨,KOSDAQ,2014-01-02,2026-09-01,2026
0115H0,삼성스팩13호,KOSDAQ,2026-02-02,2026-09-01,2026
011690,와이투솔루션,KOSPI,2014-01-02,2026-09-01,2026
011700,한신기계,KOSPI,2014-01-02,2026-09-01,2026
011760,현대코퍼레이션,KOSPI,2014-01-02,2026-09-01,2026
011785,금호석유화학우,KOSPI,2014-01-02,2026-09-01,2026
0117P0,피스피스스튜디오,KOSDAQ,2026-07-01,2026-09-01,2026
011810,STX,KOSPI,2014-01-02,2026-09-01,2026
011930,신성이엔지,KOSPI,2014-01-02,2026-09-01,2026
012030,DB,KOSPI,2014-01-02,2026-09-01,2026
0120G0,삼양바이오팜,KOSPI,2025-12-01,2026-09-01,2026
012160,영흥,KOSPI,2014-01-02,2026-09-01,2026
012170,아센디오,KOSPI,2014-01-02,2026-09-01,2026
012200,계양전기,KOSPI,2014-01-02,2026-09-01,2026
012205,계양전기우,KOSPI,2014-01-02,2026-09-01,2026
012210,삼미금속,KOSDAQ,2026-01-02,2026-09-01,2026
012280,영화금속,KOSPI,2014-01-02,2026-09-01,2026
012320,경동인베스트,KOSPI,2014-01-02,2026-09-01,2026
012340,뉴인텍,KOSDAQ,2014-01-02,2026-09-01,2026
012510,더존비즈온,KOSPI,2014-01-02,2026-07-01,2026
012610,경인양행,KOSPI,2014-01-02,2026-09-01,2026
012620,원일특강,KOSDAQ,2014-01-02,2026-09-01,2026
012630,HDC,KOSPI,2014-01-02,2026-09-01,2026
012690,모나리자,KOSPI,2014-01-02,2026-09-01,2026
012700,리드코프,KOSDAQ,2014-01-02,2026-09-01,2026
012790,신일제약,KOSDAQ,2014-01-02,2026-09-01,2026
012800,대창,KOSPI,2014-01-02,2026-09-01,2026
012860,모베이스전자,KOSDAQ,2014-01-02,2026-09-01,2026
0129K0,신한제18호스팩,KOSDAQ,2026-05-04,2026-09-01,2026
013000,세우글로벌,KOSPI,2014-01-02,2026-09-01,2026
013030,하이록코리아,KOSDAQ,2014-01-02,2026-09-01,2026
0130D0,신한제17호스팩,KOSDAQ,2026-04-01,2026-09-01,2026
0130H0,엔에이치스팩33호,KOSDAQ,2026-04-01,2026-09-01,2026
013120,동원개발,KOSDAQ,2014-01-02,2026-09-01,2026
0131D0,키움히어로제2호스팩,KOSDAQ,2026-05-04,2026-09-01,2026
0132G0,교보20호스팩,KOSDAQ,2026-05-04,2026-09-01,2026
013310,아진산업,KOSDAQ,2016-01-04,2026-09-01,2026
013360,일성건설,KOSPI,2014-01-02,2026-09-01,2026
0134X0,대신밸런스제20호스팩,KOSDAQ,2026-07-01,2026-09-01,2026
013520,화승코퍼레이션,KOSPI,2014-01-02,2026-09-01,2026
013570,디와이,KOSPI,2014-01-02,2026-09-01,2026
013580,계룡건설,KOSPI,2014-01-02,2026-09-01,2026
013700,까뮤이앤씨,KOSPI,2014-01-02,2026-09-01,2026
013720,청보,KOSDAQ,2014-01-02,2026-09-01,2026
013810,스페코,KOSDAQ,2014-01-02,2026-09-01,2026
013870,지엠비코리아,KOSPI,2014-01-02,2026-09-01,2026
013890,지누스,KOSPI,2019-11-01,2026-09-01,2026
013990,아가방컴퍼니,KOSDAQ,2014-01-02,2026-09-01,2026
014100,메디앙스,KOSDAQ,2014-01-02,2026-09-01,2026
014130,한익스프레스,KOSPI,2014-01-02,2026-09-01,2026
014160,대영포장,KOSPI,2014-01-02,2026-09-01,2026
014190,원익큐브,KOSDAQ,2014-01-02,2026-09-01,2026
014280,금강공업,KOSPI,2014-01-02,2026-09-01,2026
014285,금강공업우,KOSPI,2014-01-02,2026-09-01,2026
014440,영보화학,KOSPI,2014-01-02,2026-09-01,2026
014470,부방,KOSDAQ,2014-01-02,2026-09-01,2026
014530,극동유화,KOSPI,2014-01-02,2026-09-01,2026
014570,고려제약,KOSDAQ,2014-01-02,2026-09-01,2026
014580,태경비케이,KOSPI,2014-01-02,2026-09-01,2026
014710,사조씨푸드,KOSPI,2014-01-02,2026-09-01,2026
014790,HL D&I,KOSPI,2014-01-02,2026-09-01,2026
014820,동원시스템즈,KOSPI,2014-01-02,2026-09-01,2026
014825,동원시스템즈우,KOSPI,2014-01-02,2026-09-01,2026
014830,유니드,KOSPI,2014-01-02,2026-09-01,2026
014910,성문전자,KOSPI,2014-01-02,2026-09-01,2026
014915,성문전자우,KOSPI,2014-01-02,2026-09-01,2026
014940,오리엔탈정공,KOSDAQ,2014-01-02,2026-09-01,2026
014950,삼익제약,KOSDAQ,2025-11-03,2026-09-01,2026
014970,삼륭물산,KOSDAQ,2014-01-02,2026-09-01,2026
014990,인디에프,KOSPI,2014-01-02,2026-09-01,2026
015020,이스타코,KOSPI,2014-01-02,2026-09-01,2026
015230,대창단조,KOSPI,2014-01-02,2026-09-01,2026
015260,에이엔피,KOSPI,2014-01-02,2026-09-01,2026
015360,INVENI,KOSPI,2014-01-02,2026-09-01,2026
015590,DKME,KOSPI,2014-01-02,2026-09-01,2026
0155E0,해치텍,KOSDAQ,2026-09-01,2026-09-01,2026
0156T0,에이치엘지노믹스,KOSDAQ,2026-08-03,2026-09-01,2026
015710,코콤,KOSDAQ,2014-01-02,2026-09-01,2026
015860,일진홀딩스,KOSPI,2014-01-02,2026-09-01,2026
015890,태경산업,KOSPI,2014-01-02,2026-09-01,2026
016090,대현,KOSPI,2014-01-02,2026-09-01,2026
016100,리더스코스메틱,KOSDAQ,2014-01-02,2026-09-01,2026
016250,SGC E&C,KOSDAQ,2014-01-02,2026-09-01,2026
016380,KG스틸,KOSPI,2014-01-02,2026-09-01,2026
016450,한세예스24홀딩스,KOSPI,2014-01-02,2026-09-01,2026
0164H0,한국제16호스팩,KOSDAQ,2026-07-01,2026-09-01,2026
016580,환인제약,KOSPI,2014-01-02,2026-09-01,2026
016590,신대양제지,KOSPI,2014-01-02,2026-09-01,2026
0165X0,메리츠제2호스팩,KOSDAQ,2026-07-01,2026-09-01,2026
016600,큐캐피탈,KOSDAQ,2014-01-02,2026-09-01,2026
016610,DB증권,KOSPI,2014-01-02,2026-09-01,2026
016670,디모아,KOSDAQ,2014-01-02,2026-09-01,2026
016710,대성홀딩스,KOSPI,2014-01-02,2026-09-01,2026
016740,두올,KOSPI,2016-08-01,2026-09-01,2026
016790,현대사료,KOSDAQ,2018-06-01,2026-09-01,2026
016800,퍼시스,KOSPI,2014-01-02,2026-09-01,2026
016880,웅진,KOSPI,2014-01-02,2026-09-01,2026
016920,카스,KOSDAQ,2014-01-02,2026-09-01,2026
017000,신원종합개발,KOSDAQ,2014-01-02,2026-09-01,2026
017040,광명전기,KOSPI,2014-01-02,2026-09-01,2026
017180,명문제약,KOSPI,2014-01-02,2026-09-01,2026
017250,인터엠,KOSDAQ,2014-01-02,2026-09-01,2026
017370,우신시스템,KOSPI,2014-01-02,2026-09-01,2026
017390,서울가스,KOSPI,2014-01-02,2026-09-01,2026
017480,삼현철강,KOSDAQ,2014-01-02,2026-09-01,2026
017510,세명전기,KOSDAQ,2014-01-02,2026-09-01,2026
017550,수산세보틱스,KOSPI,2014-01-02,2026-09-01,2026
017650,대림제지,KOSDAQ,2014-01-02,2026-09-01,2026
017810,풀무원,KOSPI,2014-01-02,2026-09-01,2026
017860,DS단석,KOSPI,2024-01-02,2026-09-01,2026
017890,한국알콜,KOSDAQ,2014-01-02,2026-09-01,2026
017940,E1,KOSPI,2014-01-02,2026-09-01,2026
018000,유니슨,KOSDAQ,2014-01-02,2026-09-01,2026
018120,진로발효,KOSDAQ,2014-01-02,2026-09-01,2026
018250,애경산업,KOSPI,2018-04-02,2026-09-01,2026
018290,브이티,KOSDAQ,2014-01-02,2026-09-01,2026
018310,삼목에스폼,KOSDAQ,2014-01-02,2026-09-01,2026
018470,조일알미늄,KOSPI,2014-01-02,2026-09-01,2026
018500,동원모빌리티,KOSPI,2014-01-02,2026-09-01,2026
018620,우진비앤지,KOSDAQ,2014-01-02,2026-09-01,2026
018680,서울제약,KOSDAQ,2014-01-02,2026-09-01,2026
018700,졸스,KOSDAQ,2018-08-01,2026-09-01,2026
019010,베뉴지,KOSDAQ,2014-01-02,2026-09-01,2026
019170,신풍제약,KOSPI,2014-01-02,2026-09-01,2026
019175,신풍제약우,KOSPI,2014-01-02,2026-09-01,2026
019180,티에이치엔,KOSPI,2014-01-02,2026-09-01,2026
019440,세아특수강,KOSPI,2014-01-02,2026-02-02,2026
019490,엑시큐어하이트론,KOSPI,2014-01-02,2026-09-01,2026
019540,일지테크,KOSDAQ,2014-01-02,2026-09-01,2026
019550,SBI인베스트먼트,KOSDAQ,2014-01-02,2026-09-01,2026
019570,GMI벤처,KOSDAQ,2014-01-02,2026-09-01,2026
019660,글로본,KOSDAQ,2014-01-02,2026-09-01,2026
019680,대교,KOSPI,2014-01-02,2026-09-01,2026
019685,대교우B,KOSPI,2014-01-02,2026-09-01,2026
019770,서연탑메탈,KOSDAQ,2014-01-02,2026-09-01,2026
019990,에너토크,KOSDAQ,2014-01-02,2026-09-01,2026
020000,한섬,KOSPI,2014-01-02,2026-09-01,2026
020120,키다리스튜디오,KOSPI,2014-01-02,2026-09-01,2026
020180,대신정보통신,KOSDAQ,2014-01-02,2026-09-01,2026
020400,대동금속,KOSDAQ,2014-01-02,2026-09-01,2026
020560,아시아나항공,KOSPI,2014-01-02,2026-09-01,2026
020710,시공테크,KOSDAQ,2014-01-02,2026-09-01,2026
020760,일진디스플,KOSPI,2014-01-02,2026-09-01,2026
021040,대호특수강,KOSDAQ,2014-01-02,2026-09-01,2026
021045,대호특수강우,KOSDAQ,2014-01-02,2026-09-01,2026
021050,서원,KOSPI,2014-01-02,2026-09-01,2026
021320,KCC건설,KOSDAQ,2014-01-02,2026-09-01,2026
021650,한국큐빅,KOSDAQ,2014-01-02,2026-09-01,2026
021820,세원정공,KOSPI,2014-01-02,2026-09-01,2026
021880,메이슨캐피탈,KOSDAQ,2014-01-02,2026-09-01,2026
0218L0,네오뷰,KOSDAQ,2026-08-03,2026-09-01,2026
0220W0,한화머시너리앤서비스홀딩스,KOSPI,2026-09-01,2026-09-01,2026
0220WL,한화머시너리앤서비스홀딩스3우B,KOSPI,2026-09-01,2026-09-01,2026
022100,포스코DX,KOSPI,2014-01-02,2026-09-01,2026
022220,티케이지애강,KOSDAQ,2014-01-02,2026-09-01,2026
023000,삼원강재,KOSPI,2014-01-02,2026-09-01,2026
023150,MH에탄올,KOSPI,2014-01-02,2026-09-01,2026
023350,한국종합기술,KOSPI,2014-01-02,2026-09-01,2026
023410,유진기업,KOSDAQ,2014-01-02,2026-09-01,2026
023440,제이스코홀딩스,KOSDAQ,2014-01-02,2026-09-01,2026
023450,동남합성,KOSPI,2014-01-02,2026-09-01,2026
023590,다우기술,KOSPI,2014-01-02,2026-09-01,2026
023600,삼보판지,KOSDAQ,2014-01-02,2026-09-01,2026
023760,한국캐피탈,KOSDAQ,2014-01-02,2026-09-01,2026
023770,플레이위드,KOSDAQ,2014-01-02,2026-09-01,2026
023790,동일스틸럭스,KOSDAQ,2014-01-02,2026-09-01,2026
023800,인지컨트롤스,KOSPI,2014-01-02,2026-09-01,2026
023810,인팩,KOSPI,2014-01-02,2026-09-01,2026
023900,풍국주정,KOSDAQ,2014-01-02,2026-09-01,2026
023910,대한약품,KOSDAQ,2014-01-02,2026-09-01,2026
023960,에쓰씨엔지니어링,KOSPI,2014-01-02,2026-09-01,2026
024070,WISCOM,KOSPI,2014-01-02,2026-09-01,2026
024090,디씨엠,KOSPI,2014-01-02,2026-09-01,2026
024120,KB오토시스,KOSDAQ,2014-01-02,2026-09-01,2026
024720,콜마홀딩스,KOSPI,2014-01-02,2026-09-01,2026
024740,한일단조,KOSDAQ,2014-01-02,2026-09-01,2026
024800,유성티엔에스,KOSDAQ,2014-01-02,2026-09-01,2026
024830,세원물산,KOSDAQ,2014-01-02,2026-09-01,2026
024840,KBI메탈,KOSDAQ,2014-01-02,2026-09-01,2026
024850,HLB이노베이션,KOSDAQ,2014-01-02,2026-09-01,2026
024880,케이피에프,KOSDAQ,2014-01-02,2026-09-01,2026
024890,대원화성,KOSPI,2014-01-02,2026-09-01,2026
024900,디와이덕양,KOSPI,2014-01-02,2026-09-01,2026
024910,경창산업,KOSDAQ,2014-01-02,2026-09-01,2026
024940,PN풍년,KOSDAQ,2014-01-02,2026-09-01,2026
024950,삼천리자전거,KOSDAQ,2014-01-02,2026-09-01,2026
025000,KPX케미칼,KOSPI,2014-01-02,2026-09-01,2026
025320,시노펙스,KOSDAQ,2014-01-02,2026-09-01,2026
025440,DH오토웨어,KOSDAQ,2014-01-02,2026-09-01,2026
025530,SJM홀딩스,KOSPI,2014-01-02,2026-09-01,2026
025540,한국단자,KOSPI,2014-01-02,2026-09-01,2026
025550,한국선재,KOSDAQ,2014-01-02,2026-09-01,2026
025620,차AI헬스케어,KOSPI,2014-01-02,2026-09-01,2026
025750,한솔홈데코,KOSPI,2014-01-02,2026-09-01,2026
025770,한국정보통신,KOSDAQ,2014-01-02,2026-09-01,2026
025820,이구산업,KOSPI,2014-01-02,2026-09-01,2026
025860,남해화학,KOSPI,2014-01-02,2026-09-01,2026
025870,신라에스지,KOSDAQ,2014-01-02,2026-09-01,2026
025880,케이씨피드,KOSDAQ,2014-01-02,2026-09-01,2026
025890,한국주강,KOSPI,2014-01-02,2026-09-01,2026
025900,동화기업,KOSDAQ,2014-01-02,2026-09-01,2026
025950,동신건설,KOSDAQ,2014-01-02,2026-09-01,2026
026040,제이에스티나,KOSDAQ,2014-01-02,2026-09-01,2026
026150,특수건설,KOSDAQ,2014-01-02,2026-09-01,2026
026890,스틱인베스트먼트,KOSPI,2014-01-02,2026-09-01,2026
026910,광진실업,KOSDAQ,2014-01-02,2026-09-01,2026
026940,부국철강,KOSPI,2014-01-02,2026-09-01,2026
026960,동서,KOSPI,2014-01-02,2026-09-01,2026
027040,서울전자통신,KOSDAQ,2014-01-02,2026-09-01,2026
027050,코리아나,KOSDAQ,2014-01-02,2026-09-01,2026
027410,BGF,KOSPI,2014-06-02,2026-09-01,2026
027580,상보,KOSDAQ,2014-01-02,2026-09-01,2026
027710,팜스토리,KOSDAQ,2014-01-02,2026-09-01,2026
027740,마니커,KOSPI,2014-01-02,2026-09-01,2026
027830,대성창투,KOSDAQ,2014-01-02,2026-09-01,2026
027970,한국제지,KOSPI,2014-01-02,2026-09-01,2026
028080,휴맥스홀딩스,KOSDAQ,2014-01-02,2026-09-01,2026
028100,동아지질,KOSPI,2014-01-02,2026-09-01,2026
02826K,삼성물산우B,KOSPI,2015-10-01,2026-09-01,2026
029460,케이씨,KOSPI,2014-01-02,2026-09-01,2026
029480,광무,KOSDAQ,2014-01-02,2026-09-01,2026
029530,신도리코,KOSPI,2014-01-02,2026-09-01,2026
030190,NICE평가정보,KOSPI,2014-01-02,2026-09-01,2026
030210,다올투자증권,KOSPI,2014-01-02,2026-09-01,2026
030350,드래곤플라이,KOSDAQ,2014-01-02,2026-09-01,2026
030520,한컴,KOSDAQ,2014-01-02,2026-09-01,2026
030610,교보증권,KOSPI,2014-01-02,2026-09-01,2026
030720,동원수산,KOSPI,2014-01-02,2026-09-01,2026
030960,양지사,KOSDAQ,2014-01-02,2026-09-01,2026
031210,서울보증보험,KOSPI,2025-04-01,2026-09-01,2026
031310,아이즈비전,KOSDAQ,2014-01-02,2026-09-01,2026
031430,신세계인터내셔날,KOSPI,2014-01-02,2026-09-01,2026
031440,신세계푸드,KOSPI,2014-01-02,2026-08-03,2026
031510,오스템,KOSDAQ,2014-01-02,2026-09-01,2026
031820,아이티센씨티에스,KOSPI,2014-01-02,2026-09-01,2026
031860,디에이치엑스컴퍼니,KOSDAQ,2014-01-02,2026-09-01,2026
032080,아즈텍WB,KOSDAQ,2014-01-02,2026-09-01,2026
032190,다우데이타,KOSDAQ,2014-01-02,2026-09-01,2026
032280,삼일,KOSDAQ,2014-01-02,2026-09-01,2026
032300,한국파마,KOSDAQ,2020-09-01,2026-09-01,2026
032540,TJ미디어,KOSDAQ,2014-01-02,2026-09-01,2026
032560,황금에스티,KOSPI,2014-01-02,2026-09-01,2026
032620,GC메디아이,KOSDAQ,2014-01-02,2026-09-01,2026
032680,소프트센,KOSDAQ,2014-01-02,2026-09-01,2026
032685,소프트센우,KOSDAQ,2014-01-02,2026-09-01,2026
032750,삼진,KOSDAQ,2014-01-02,2026-09-01,2026
032790,엠젠솔루션,KOSDAQ,2014-01-02,2026-09-01,2026
032800,판타지오,KOSDAQ,2014-01-02,2026-09-01,2026
032850,비트컴퓨터,KOSDAQ,2014-01-02,2026-09-01,2026
032860,더라미,KOSDAQ,2014-01-02,2026-09-01,2026
032940,원익,KOSDAQ,2014-01-02,2026-09-01,2026
032960,동일기연,KOSDAQ,2014-01-02,2026-09-01,2026
032980,바이온,KOSDAQ,2014-01-02,2026-06-01,2026
033050,제이엠아이,KOSDAQ,2014-01-02,2026-09-01,2026
033100,제룡전기,KOSDAQ,2014-01-02,2026-09-01,2026
033130,디지틀조선,KOSDAQ,2014-01-02,2026-09-01,2026
033170,시그네틱스,KOSDAQ,2014-01-02,2026-09-01,2026
033180,KH 필룩스,KOSPI,2014-01-02,2026-01-02,2026
033200,모아텍,KOSDAQ,2014-01-02,2026-09-01,2026
033230,인성정보,KOSDAQ,2014-01-02,2026-09-01,2026
033250,체시스,KOSPI,2014-01-02,2026-09-01,2026
033270,유나이티드제약,KOSPI,2014-01-02,2026-09-01,2026
033290,로젠,KOSDAQ,2014-01-02,2026-09-01,2026
033310,엠투엔,KOSDAQ,2014-01-02,2026-09-01,2026
033320,제이씨현시스템,KOSDAQ,2014-01-02,2026-09-01,2026
033340,좋은사람들,KOSDAQ,2014-01-02,2026-09-01,2026
033530,SJG세종,KOSPI,2014-01-02,2026-09-01,2026
033540,파라텍,KOSDAQ,2014-01-02,2026-09-01,2026
033560,블루콤,KOSDAQ,2014-01-02,2026-09-01,2026
033830,티비씨,KOSDAQ,2014-01-02,2026-09-01,2026
033920,무학,KOSPI,2014-01-02,2026-09-01,2026
034120,SBS,KOSPI,2014-01-02,2026-09-01,2026
034310,NICE,KOSPI,2014-01-02,2026-09-01,2026
034590,인천도시가스,KOSPI,2014-01-02,2026-09-01,2026
03473K,SK우,KOSPI,2015-12-01,2026-09-01,2026
034810,해성산업,KOSDAQ,2014-01-02,2026-09-01,2026
03481K,해성산업1우,KOSDAQ,2022-01-03,2026-09-01,2026
034830,한국토지신탁,KOSPI,2014-01-02,2026-09-01,2026
034940,조아제약,KOSDAQ,2014-01-02,2026-09-01,2026
034950,한국기업평가,KOSDAQ,2014-01-02,2026-09-01,2026
035000,HS애드,KOSPI,2014-01-02,2026-09-01,2026
035080,그래디언트,KOSDAQ,2014-01-02,2026-09-01,2026
035150,백산,KOSPI,2014-01-02,2026-09-01,2026
035200,프럼파스트,KOSDAQ,2014-01-02,2026-09-01,2026
035290,골드앤에스,KOSDAQ,2014-01-02,2026-09-01,2026
035460,기산텔레콤,KOSDAQ,2014-01-02,2026-09-01,2026
035600,KG이니시스,KOSDAQ,2014-01-02,2026-09-01,2026
035610,솔본,KOSDAQ,2014-01-02,2026-09-01,2026
035620,바른손이앤에이,KOSDAQ,2014-01-02,2026-09-01,2026
035810,이지홀딩스,KOSDAQ,2014-01-02,2026-09-01,2026
035890,서희건설,KOSDAQ,2014-01-02,2026-09-01,2026
036000,예림당,KOSDAQ,2014-01-02,2026-09-01,2026
036030,케이티알파,KOSDAQ,2014-01-02,2026-09-01,2026
036090,위지트,KOSDAQ,2014-01-02,2026-09-01,2026
036120,서울평가정보,KOSDAQ,2014-01-02,2026-09-01,2026
036170,에이치엠넥스,KOSDAQ,2014-01-02,2026-09-01,2026
036180,지더블유바이텍,KOSDAQ,2014-01-02,2026-03-03,2026
036190,금화피에스시,KOSDAQ,2014-01-02,2026-09-01,2026
036220,오상헬스케어,KOSDAQ,2014-01-02,2026-09-01,2026
036420,콘텐트리중앙,KOSPI,2014-01-02,2026-09-01,2026
036480,대성미생물,KOSDAQ,2014-01-02,2026-09-01,2026
036530,SNT홀딩스,KOSPI,2014-01-02,2026-09-01,2026
036560,KZ정밀,KOSDAQ,2014-01-02,2026-09-01,2026
036580,팜스코,KOSPI,2014-01-02,2026-09-01,2026
036630,세종텔레콤,KOSDAQ,2014-01-02,2026-09-01,2026
036640,HRS,KOSDAQ,2014-01-02,2026-09-01,2026
036670,삼양케이씨아이,KOSDAQ,2014-01-02,2026-09-01,2026
036690,코맥스,KOSDAQ,2014-01-02,2026-09-01,2026
036710,심텍홀딩스,KOSDAQ,2014-01-02,2026-09-01,2026
036800,나이스정보통신,KOSDAQ,2014-01-02,2026-09-01,2026
036890,진성티이씨,KOSDAQ,2014-01-02,2026-09-01,2026
037070,파세코,KOSDAQ,2014-01-02,2026-09-01,2026
037230,한국팩키지,KOSDAQ,2014-01-02,2026-09-01,2026
037270,YG PLUS,KOSPI,2014-01-02,2026-09-01,2026
037330,인지디스플레,KOSDAQ,2014-01-02,2026-09-01,2026
037350,성도이엔지,KOSDAQ,2014-01-02,2026-09-01,2026
037370,EG,KOSDAQ,2014-01-02,2026-09-01,2026
037400,우리엔터프라이즈,KOSDAQ,2014-01-02,2026-09-01,2026
037440,희림,KOSDAQ,2014-01-02,2026-09-01,2026
037560,LG헬로비전,KOSPI,2014-01-02,2026-09-01,2026
037710,광주신세계,KOSPI,2014-01-02,2026-09-01,2026
037760,쎄니트,KOSDAQ,2014-01-02,2026-09-01,2026
037950,엘컴텍,KOSDAQ,2014-01-02,2026-09-01,2026
038010,제일테크노스,KOSDAQ,2014-01-02,2026-09-01,2026
038060,루멘스,KOSDAQ,2014-01-02,2026-09-01,2026
038070,서린바이오,KOSDAQ,2014-01-02,2026-09-01,2026
038110,에코플라스틱,KOSDAQ,2014-01-02,2026-09-01,2026
038290,마크로젠,KOSDAQ,2014-01-02,2026-09-01,2026
038390,레드캡투어,KOSDAQ,2014-01-02,2026-09-01,2026
038460,바이오스마트,KOSDAQ,2014-01-02,2026-09-01,2026
038500,삼표시멘트,KOSDAQ,2014-01-02,2026-09-01,2026
038530,케이바이오랩스,KOSDAQ,2014-01-02,2026-09-01,2026
038540,상상인,KOSDAQ,2014-01-02,2026-09-01,2026
038620,위즈코프,KOSDAQ,2014-01-02,2026-09-01,2026
038680,에스넷,KOSDAQ,2014-01-02,2026-09-01,2026
038870,에코심플렉스,KOSDAQ,2014-01-02,2026-09-01,2026
038880,아이에이,KOSDAQ,2014-01-02,2026-09-01,2026
038950,파인디지털,KOSDAQ,2014-01-02,2026-09-01,2026
039010,현대에이치티,KOSDAQ,2014-01-02,2026-09-01,2026
039020,이건홀딩스,KOSDAQ,2014-01-02,2026-09-01,2026
039130,하나투어,KOSPI,2014-01-02,2026-09-01,2026
039240,경남스틸,KOSDAQ,2014-01-02,2026-09-01,2026
039290,인포뱅크,KOSDAQ,2014-01-02,2026-09-01,2026
039310,세중,KOSDAQ,2014-01-02,2026-09-01,2026
039340,한국경제TV,KOSDAQ,2014-01-02,2026-09-01,2026
039420,케이엘넷,KOSDAQ,2014-01-02,2026-09-01,2026
039440,에스티아이,KOSDAQ,2014-01-02,2026-09-01,2026
039560,다산네트웍스,KOSDAQ,2014-01-02,2026-09-01,2026
039570,HDC랩스,KOSPI,2015-10-01,2026-09-01,2026
039610,화성밸브,KOSDAQ,2014-01-02,2026-09-01,2026
039740,한국정보공학,KOSDAQ,2014-01-02,2026-09-01,2026
039830,오로라,KOSDAQ,2014-01-02,2026-09-01,2026
039840,디오,KOSDAQ,2014-01-02,2026-09-01,2026
039860,나노엔텍,KOSDAQ,2014-01-02,2026-09-01,2026
039980,폴라리스AI,KOSDAQ,2014-01-02,2026-09-01,2026
040160,누리플렉스,KOSDAQ,2014-01-02,2026-09-01,2026
040300,YTN,KOSDAQ,2014-01-02,2026-09-01,2026
040350,크레오에스지,KOSDAQ,2014-01-02,2026-09-01,2026
040420,정상제이엘에스,KOSDAQ,2014-01-02,2026-09-01,2026
040610,SG&G,KOSDAQ,2014-01-02,2026-09-01,2026
040910,아이씨디,KOSDAQ,2014-01-02,2026-09-01,2026
041020,폴라리스오피스,KOSDAQ,2014-01-02,2026-09-01,2026
041190,우리기술투자,KOSDAQ,2014-01-02,2026-09-01,2026
041440,현대에버다임,KOSDAQ,2014-01-02,2026-09-01,2026
041460,한국전자인증,KOSDAQ,2014-01-02,2026-09-01,2026
041520,이엘씨,KOSDAQ,2014-01-02,2026-09-01,2026
041590,플래스크,KOSDAQ,2014-01-02,2026-09-01,2026
041650,상신브레이크,KOSPI,2014-01-02,2026-09-01,2026
041910,폴라리스AI파마,KOSDAQ,2014-01-02,2026-09-01,2026
041920,메디아나,KOSDAQ,2015-01-02,2026-09-01,2026
041930,SY동아,KOSDAQ,2014-01-02,2026-09-01,2026
041960,코미팜,KOSDAQ,2014-01-02,2026-09-01,2026
042000,카페24,KOSDAQ,2018-03-02,2026-09-01,2026
042040,케이피엠테크,KOSDAQ,2014-01-02,2026-09-01,2026
042110,에스씨디,KOSDAQ,2014-01-02,2026-09-01,2026
042420,네오위즈홀딩스,KOSDAQ,2014-01-02,2026-09-01,2026
042500,링네트,KOSDAQ,2014-01-02,2026-09-01,2026
042510,라온시큐어,KOSDAQ,2014-01-02,2026-09-01,2026
042600,새로닉스,KOSDAQ,2014-01-02,2026-09-01,2026
042670,HD현대인프라코어,KOSPI,2014-01-02,2026-01-02,2026
042940,상지건설,KOSDAQ,2014-01-02,2026-09-01,2026
043090,더테크놀로지,KOSDAQ,2014-01-02,2026-08-03,2026
043100,알파AI,KOSDAQ,2014-01-02,2026-09-01,2026
043150,바텍,KOSDAQ,2014-01-02,2026-09-01,2026
043200,파루,KOSDAQ,2014-01-02,2026-09-01,2026
043220,티에스넥스젠,KOSDAQ,2014-01-02,2026-09-01,2026
043260,성호전자,KOSDAQ,2014-01-02,2026-09-01,2026
043340,에쎈테크,KOSDAQ,2014-01-02,2026-09-01,2026
043360,디지아이,KOSDAQ,2014-01-02,2026-09-01,2026
043370,피에이치에이,KOSDAQ,2014-01-02,2026-09-01,2026
043590,웰킵스하이텍,KOSDAQ,2014-01-02,2026-09-01,2026
043610,KT지니뮤직,KOSDAQ,2014-01-02,2026-09-01,2026
043650,국순당,KOSDAQ,2014-01-02,2026-09-01,2026
043710,코스리거글로벌,KOSDAQ,2014-01-02,2026-09-01,2026
043910,자연과환경,KOSDAQ,2014-01-02,2026-09-01,2026
044180,KD,KOSDAQ,2014-01-02,2026-09-01,2026
044340,위닉스,KOSDAQ,2014-01-02,2026-09-01,2026
044380,주연테크,KOSPI,2014-01-02,2026-09-01,2026
044450,KSS해운,KOSPI,2014-01-02,2026-09-01,2026
044480,빌리언스,KOSDAQ,2014-01-02,2026-09-01,2026
044490,태웅,KOSDAQ,2014-01-02,2026-09-01,2026
044780,에이치케이,KOSDAQ,2014-01-02,2026-09-01,2026
044820,코스맥스비티아이,KOSPI,2014-01-02,2026-09-01,2026
044960,이글벳,KOSDAQ,2014-01-02,2026-09-01,2026
044990,에이치엔에스하이텍,KOSDAQ,2024-11-01,2026-09-01,2026
045060,오공,KOSDAQ,2014-01-02,2026-09-01,2026
045300,성우테크론,KOSDAQ,2014-01-02,2026-09-01,2026
045340,토탈소프트,KOSDAQ,2014-01-02,2026-09-01,2026
045390,대아티아이,KOSDAQ,2014-01-02,2026-09-01,2026
045510,정원엔시스,KOSDAQ,2014-01-02,2026-09-01,2026
045520,크린앤사이언스,KOSDAQ,2014-01-02,2026-09-01,2026
045660,에이텍,KOSDAQ,2014-01-02,2026-09-01,2026
045970,코아시아,KOSDAQ,2014-01-02,2026-09-01,2026
046070,코다코,KOSDAQ,2014-01-02,2026-09-01,2026
046210,HLB파나진,KOSDAQ,2014-01-02,2026-09-01,2026
046310,백금T&A,KOSDAQ,2014-01-02,2026-09-01,2026
046390,삼화네트웍스,KOSDAQ,2014-01-02,2026-09-01,2026
046440,KG파이낸셜,KOSDAQ,2014-01-02,2026-09-01,2026
046940,우원개발,KOSDAQ,2014-01-02,2026-09-01,2026
046970,우리로,KOSDAQ,2014-01-02,2026-09-01,2026
047080,한빛소프트,KOSDAQ,2014-01-02,2026-09-01,2026
047310,파워로직스,KOSDAQ,2014-01-02,2026-09-01,2026
047400,유니온머티리얼,KOSPI,2014-01-02,2026-09-01,2026
047560,이스트소프트,KOSDAQ,2014-01-02,2026-09-01,2026
047770,코데즈컴바인,KOSDAQ,2014-01-02,2026-09-01,2026
047820,초록뱀미디어,KOSDAQ,2014-01-02,2026-09-01,2026
047920,HLB제약,KOSDAQ,2016-01-04,2026-09-01,2026
048430,유라테크,KOSDAQ,2014-01-02,2026-09-01,2026
048470,대동스틸,KOSDAQ,2014-01-02,2026-09-01,2026
048530,인트론바이오,KOSDAQ,2014-01-02,2026-09-01,2026
048550,SM C&C,KOSDAQ,2014-01-02,2026-09-01,2026
048770,TPC로보틱스,KOSDAQ,2014-01-02,2026-09-01,2026
048830,엔피케이,KOSDAQ,2014-01-02,2026-09-01,2026
048870,시너지이노베이션,KOSDAQ,2014-01-02,2026-09-01,2026
048910,대원미디어,KOSDAQ,2014-01-02,2026-09-01,2026
049080,기가레인,KOSDAQ,2014-01-02,2026-09-01,2026
049120,파인디앤씨,KOSDAQ,2014-01-02,2026-09-01,2026
049180,셀루메드,KOSDAQ,2014-01-02,2026-09-01,2026
049430,코메론,KOSDAQ,2014-01-02,2026-09-01,2026
049470,비트플래닛,KOSDAQ,2014-01-02,2026-09-01,2026
049480,오픈베이스,KOSDAQ,2014-01-02,2026-09-01,2026
049520,유아이엘,KOSDAQ,2014-01-02,2026-09-01,2026
049550,잉크테크,KOSDAQ,2014-01-02,2026-09-01,2026
049630,재영솔루텍,KOSDAQ,2014-01-02,2026-09-01,2026
049720,고려신용정보,KOSDAQ,2014-01-02,2026-09-01,2026
049800,우진플라임,KOSPI,2014-01-02,2026-09-01,2026
049830,승일,KOSDAQ,2014-01-02,2026-09-01,2026
049950,미래컴퍼니,KOSDAQ,2014-01-02,2026-09-01,2026
049960,쎌바이오텍,KOSDAQ,2014-01-02,2026-09-01,2026
050090,비케이홀딩스,KOSDAQ,2014-01-02,2026-09-01,2026
050110,캠시스,KOSDAQ,2014-01-02,2026-09-01,2026
050120,ES큐브,KOSDAQ,2014-01-02,2026-09-01,2026
050760,에스폴리텍,KOSDAQ,2014-01-02,2026-09-01,2026
050860,아세아텍,KOSDAQ,2014-01-02,2026-09-01,2026
050960,수산아이앤티,KOSDAQ,2016-11-01,2026-09-01,2026
051160,지어소프트,KOSDAQ,2014-01-02,2026-09-01,2026
051360,토비스,KOSDAQ,2014-01-02,2026-09-01,2026
051370,인터플렉스,KOSDAQ,2014-01-02,2026-09-01,2026
051380,피씨디렉트,KOSDAQ,2014-01-02,2026-09-01,2026
051390,YW,KOSDAQ,2014-01-02,2026-09-01,2026
051490,나라엠앤디,KOSDAQ,2014-01-02,2026-09-01,2026
051500,CJ프레시웨이,KOSDAQ,2014-01-02,2026-09-01,2026
051630,진양화학,KOSPI,2014-01-02,2026-09-01,2026
051780,큐로홀딩스,KOSDAQ,2014-01-02,2026-09-01,2026
051905,LG생활건강우,KOSPI,2014-01-02,2026-09-01,2026
051915,LG화학우,KOSPI,2014-01-02,2026-09-01,2026
051980,중앙첨단소재,KOSDAQ,2014-01-02,2026-09-01,2026
052220,iMBC,KOSDAQ,2014-01-02,2026-09-01,2026
052260,현대바이오랜드,KOSDAQ,2014-01-02,2026-09-01,2026
052300,오션인더블유,KOSDAQ,2014-01-02,2026-09-01,2026
052330,코텍,KOSDAQ,2014-01-02,2026-09-01,2026
052400,코나아이,KOSDAQ,2014-01-02,2026-09-01,2026
052420,오성첨단소재,KOSDAQ,2014-01-02,2026-09-01,2026
052460,아이크래프트,KOSDAQ,2014-01-02,2026-09-01,2026
052600,한네트,KOSDAQ,2014-01-02,2026-09-01,2026
052670,제일바이오,KOSDAQ,2014-01-02,2026-02-02,2026
052770,아이톡시,KOSDAQ,2014-01-02,2026-09-01,2026
052790,액토즈소프트,KOSDAQ,2014-01-02,2026-09-01,2026
052860,아이앤씨,KOSDAQ,2014-01-02,2026-09-01,2026
052900,KX하이텍,KOSDAQ,2014-01-02,2026-09-01,2026
053030,바이넥스,KOSDAQ,2014-01-02,2026-09-01,2026
053050,지에스이,KOSDAQ,2014-01-02,2026-09-01,2026
053060,세동,KOSDAQ,2014-01-02,2026-09-01,2026
053080,케이엔솔,KOSDAQ,2020-10-05,2026-09-01,2026
053160,프리엠스,KOSDAQ,2014-01-02,2026-09-01,2026
053210,스카이라이프,KOSPI,2014-01-02,2026-09-01,2026
053260,금강철강,KOSDAQ,2014-01-02,2026-09-01,2026
053270,구영테크,KOSDAQ,2014-01-02,2026-09-01,2026
053280,예스24,KOSDAQ,2014-01-02,2026-09-01,2026
053290,NE능률,KOSDAQ,2014-01-02,2026-09-01,2026
053300,한국정보인증,KOSDAQ,2014-03-03,2026-09-01,2026
053350,이니텍,KOSDAQ,2014-01-02,2026-09-01,2026
053450,세코닉스,KOSDAQ,2014-01-02,2026-09-01,2026
053580,웹케시,KOSDAQ,2019-02-01,2026-09-01,2026
053620,태양,KOSDAQ,2014-01-02,2026-09-01,2026
053700,삼보모터스,KOSDAQ,2014-01-02,2026-09-01,2026
053800,안랩,KOSDAQ,2014-01-02,2026-09-01,2026
053950,경남제약,KOSDAQ,2014-01-02,2026-09-01,2026
053980,오상자이엘,KOSDAQ,2014-01-02,2026-09-01,2026
054040,한국컴퓨터,KOSDAQ,2014-01-02,2026-09-01,2026
054050,NH농우바이오,KOSDAQ,2014-01-02,2026-09-01,2026
054090,삼진엘앤디,KOSDAQ,2014-01-02,2026-09-01,2026
054180,메디콕스,KOSDAQ,2014-01-02,2026-09-01,2026
054210,이랜텍,KOSDAQ,2014-01-02,2026-09-01,2026
054220,비츠로시스,KOSDAQ,2014-01-02,2026-09-01,2026
054300,팬스타엔터프라이즈,KOSDAQ,2014-01-02,2026-09-01,2026
054410,케이피티유,KOSDAQ,2014-01-02,2026-09-01,2026
054450,텔레칩스,KOSDAQ,2014-01-02,2026-09-01,2026
054540,삼영엠텍,KOSDAQ,2014-01-02,2026-09-01,2026
054620,APS,KOSDAQ,2014-01-02,2026-09-01,2026
054670,대한뉴팜,KOSDAQ,2014-01-02,2026-09-01,2026
054780,키이스트,KOSDAQ,2014-01-02,2026-09-01,2026
054800,아이디스홀딩스,KOSDAQ,2014-01-02,2026-09-01,2026
054920,한컴위드,KOSDAQ,2014-01-02,2026-09-01,2026
054930,유신,KOSDAQ,2014-01-02,2026-09-01,2026
054940,엑사이엔씨,KOSDAQ,2014-01-02,2026-09-01,2026
054950,제이브이엠,KOSDAQ,2014-01-02,2026-09-01,2026
055490,테이팩스,KOSPI,2017-11-01,2026-09-01,2026
056090,시지메드텍,KOSDAQ,2015-12-01,2026-09-01,2026
056360,코위버,KOSDAQ,2014-01-02,2026-09-01,2026
056700,신화인터텍,KOSDAQ,2014-01-02,2026-09-01,2026
056730,CNT85,KOSDAQ,2014-01-02,2026-09-01,2026
057030,YBM넷,KOSDAQ,2014-01-02,2026-09-01,2026
057050,현대홈쇼핑,KOSPI,2014-01-02,2026-07-01,2026
057540,옴니시스템,KOSDAQ,2014-01-02,2026-09-01,2026
057680,티사이언티픽,KOSDAQ,2014-01-02,2026-09-01,2026
057880,푸른소나무,KOSDAQ,2014-01-02,2026-01-02,2026
058110,멕아이씨에스,KOSDAQ,2016-01-04,2026-09-01,2026
058400,KNN,KOSDAQ,2014-01-02,2026-09-01,2026
058430,포스코스틸리온,KOSPI,2014-01-02,2026-09-01,2026
058450,한주에이알티,KOSDAQ,2014-01-02,2026-09-01,2026
058630,엠게임,KOSDAQ,2014-01-02,2026-09-01,2026
058650,세아홀딩스,KOSPI,2014-01-02,2026-09-01,2026
058730,다스코,KOSPI,2014-01-02,2026-09-01,2026
058820,CMG제약,KOSDAQ,2014-01-02,2026-09-01,2026
058850,KTcs,KOSPI,2014-01-02,2026-09-01,2026
058860,KTis,KOSPI,2014-01-02,2026-09-01,2026
058970,엠로,KOSDAQ,2021-09-01,2026-09-01,2026
059100,아이컴포넌트,KOSDAQ,2014-01-02,2026-09-01,2026
059120,아진엑스텍,KOSDAQ,2015-01-02,2026-09-01,2026
059210,메타바이오메드,KOSDAQ,2014-01-02,2026-09-01,2026
059270,해성에어로보틱스,KOSDAQ,2021-05-03,2026-09-01,2026
060150,인선이엔티,KOSDAQ,2014-01-02,2026-09-01,2026
060230,제이케이시냅스,KOSDAQ,2014-01-02,2026-09-01,2026
060240,스타코링크,KOSDAQ,2014-01-02,2026-07-01,2026
060260,뉴보텍,KOSDAQ,2014-01-02,2026-09-01,2026
060280,큐렉소,KOSDAQ,2014-01-02,2026-09-01,2026
060310,3S,KOSDAQ,2014-01-02,2026-09-01,2026
060370,LS마린솔루션,KOSDAQ,2014-01-02,2026-09-01,2026
060380,동양에스텍,KOSDAQ,2014-01-02,2026-09-01,2026
060480,국일신동,KOSDAQ,2015-01-02,2026-09-01,2026
060540,에스에이티,KOSDAQ,2014-01-02,2026-09-01,2026
060560,HC홈센타,KOSDAQ,2014-01-02,2026-09-01,2026
060570,드림어스컴퍼니,KOSDAQ,2014-01-02,2026-09-01,2026
060590,씨티씨바이오,KOSDAQ,2014-01-02,2026-09-01,2026
060720,KH바텍,KOSDAQ,2014-01-02,2026-09-01,2026
060850,영림원소프트랩,KOSDAQ,2020-09-01,2026-09-01,2026
060900,에이전트AI,KOSDAQ,2014-01-02,2026-09-01,2026
060980,HL홀딩스,KOSPI,2014-01-02,2026-09-01,2026
061040,알에프텍,KOSDAQ,2014-01-02,2026-09-01,2026
061090,세나테크놀로지,KOSDAQ,2025-12-01,2026-09-01,2026
061250,화일약품,KOSDAQ,2014-01-02,2026-09-01,2026
062970,한국첨단소재,KOSDAQ,2020-01-02,2026-09-01,2026
063080,컴투스홀딩스,KOSDAQ,2014-01-02,2026-09-01,2026
063160,종근당바이오,KOSPI,2014-01-02,2026-09-01,2026
063170,서울옥션,KOSDAQ,2014-01-02,2026-09-01,2026
063440,SM Life Design,KOSDAQ,2014-01-02,2026-09-01,2026
063570,NICE인프라,KOSDAQ,2014-01-02,2026-09-01,2026
063760,이엘피,KOSDAQ,2017-05-02,2026-09-01,2026
064090,인크레더블버즈,KOSDAQ,2014-01-02,2026-09-01,2026
064240,홈캐스트,KOSDAQ,2014-01-02,2026-09-01,2026
064290,인텍플러스,KOSDAQ,2014-01-02,2026-09-01,2026
064480,브리지텍,KOSDAQ,2014-01-02,2026-09-01,2026
064520,테크엘,KOSDAQ,2014-01-02,2026-09-01,2026
064550,바이오니아,KOSDAQ,2014-01-02,2026-09-01,2026
064800,포니링크,KOSDAQ,2014-01-02,2026-09-01,2026
064820,케이프,KOSDAQ,2014-01-02,2026-09-01,2026
064850,에프앤가이드,KOSDAQ,2021-01-04,2026-09-01,2026
064960,SNT모티브,KOSPI,2014-01-02,2026-09-01,2026
065060,지엔코,KOSDAQ,2014-01-02,2026-09-01,2026
065130,탑엔지니어링,KOSDAQ,2014-01-02,2026-09-01,2026
065150,대산F&B,KOSDAQ,2014-01-02,2026-09-01,2026
065170,비엘팜텍,KOSDAQ,2014-01-02,2026-09-01,2026
065350,신성델타테크,KOSDAQ,2014-01-02,2026-09-01,2026
065370,위세아이텍,KOSDAQ,2020-03-02,2026-09-01,2026
065420,에스아이리소스,KOSDAQ,2014-01-02,2026-09-01,2026
065440,이루온,KOSDAQ,2014-01-02,2026-09-01,2026
065450,빅텍,KOSDAQ,2014-01-02,2026-09-01,2026
065500,오리엔트정공,KOSDAQ,2014-01-02,2026-09-01,2026
065510,휴비츠,KOSDAQ,2014-01-02,2026-09-01,2026
065530,와이어블,KOSDAQ,2014-01-02,2026-09-01,2026
065570,삼영이엔씨,KOSDAQ,2014-01-02,2026-09-01,2026
065650,하이퍼코퍼레이션,KOSDAQ,2014-01-02,2026-09-01,2026
065660,안트로젠,KOSDAQ,2016-03-02,2026-09-01,2026
065680,우주일렉트로,KOSDAQ,2014-01-02,2026-09-01,2026
065690,파커스,KOSDAQ,2014-01-02,2026-09-01,2026
065710,서호전기,KOSDAQ,2014-01-02,2026-09-01,2026
065770,CS,KOSDAQ,2014-01-02,2026-09-01,2026
065950,웰크론,KOSDAQ,2014-01-02,2026-09-01,2026
066130,하츠,KOSDAQ,2014-01-02,2026-09-01,2026
066310,큐에스아이,KOSDAQ,2014-01-02,2026-09-01,2026
066360,체리부로,KOSDAQ,2018-01-02,2026-09-01,2026
066410,버킷스튜디오,KOSDAQ,2014-01-02,2026-09-01,2026
066430,아이로보틱스,KOSDAQ,2014-01-02,2026-09-01,2026
066575,LG전자우,KOSPI,2014-01-02,2026-09-01,2026
066590,스모트로닉,KOSDAQ,2014-01-02,2026-09-01,2026
066620,국보디자인,KOSDAQ,2014-01-02,2026-09-01,2026
066670,디티씨,KOSDAQ,2014-01-02,2026-09-01,2026
066700,테라젠이텍스,KOSDAQ,2014-01-02,2026-09-01,2026
066790,씨씨에스,KOSDAQ,2014-01-02,2026-09-01,2026
066900,디에이피,KOSDAQ,2014-01-02,2026-09-01,2026
066910,손오공,KOSDAQ,2014-01-02,2026-09-01,2026
066980,한성크린텍,KOSDAQ,2014-01-02,2026-09-01,2026
067000,조이시티,KOSDAQ,2014-01-02,2026-09-01,2026
067010,이씨에스,KOSDAQ,2014-01-02,2026-09-01,2026
067080,대화제약,KOSDAQ,2014-01-02,2026-09-01,2026
067170,오텍,KOSDAQ,2014-01-02,2026-09-01,2026
067280,멀티캠퍼스,KOSDAQ,2014-01-02,2026-09-01,2026
067290,JW신약,KOSDAQ,2014-01-02,2026-09-01,2026
067370,선바이오,KOSDAQ,2022-11-01,2026-09-01,2026
067390,아스트,KOSDAQ,2015-01-02,2026-09-01,2026
067570,엔브이에이치코리아,KOSDAQ,2014-01-02,2026-09-01,2026
067630,HLB생명과학,KOSDAQ,2014-01-02,2026-09-01,2026
067730,로지시스,KOSDAQ,2015-08-03,2026-09-01,2026
067770,세진티에스,KOSDAQ,2014-01-02,2026-09-01,2026
067830,세이브존I&C,KOSPI,2014-01-02,2026-09-01,2026
067900,와이엔텍,KOSDAQ,2014-01-02,2026-09-01,2026
067920,이글루,KOSDAQ,2014-01-02,2026-09-01,2026
067990,도이치모터스,KOSDAQ,2014-01-02,2026-09-01,2026
068050,팬엔터테인먼트,KOSDAQ,2014-01-02,2026-09-01,2026
068100,케이웨더,KOSDAQ,2024-03-04,2026-09-01,2026
068240,다원시스,KOSDAQ,2014-01-02,2026-09-01,2026
068290,삼성출판사,KOSPI,2014-01-02,2026-09-01,2026
068330,일신바이오,KOSDAQ,2014-01-02,2026-09-01,2026
068790,DMS,KOSDAQ,2014-01-02,2026-09-01,2026
068930,디지털대성,KOSDAQ,2014-01-02,2026-09-01,2026
068940,셀피글로벌,KOSDAQ,2014-01-02,2026-09-01,2026
069080,웹젠,KOSDAQ,2014-01-02,2026-09-01,2026
069140,누리플랜,KOSDAQ,2014-01-02,2026-09-01,2026
069330,유아이디,KOSDAQ,2014-01-02,2026-09-01,2026
069410,엔텔스,KOSDAQ,2014-01-02,2026-09-01,2026
069460,대호에이엘,KOSPI,2014-01-02,2026-09-01,2026
069510,에스텍,KOSDAQ,2014-01-02,2026-09-01,2026
069540,빛과전자,KOSDAQ,2014-01-02,2026-09-01,2026
069640,한세엠케이,KOSPI,2014-01-02,2026-09-01,2026
069730,DSR제강,KOSPI,2014-01-02,2026-09-01,2026
069920,엑시온그룹,KOSDAQ,2014-01-02,2026-09-01,2026
070300,퀀텀레일,KOSDAQ,2014-01-02,2026-09-01,2026
070590,인티큐브,KOSDAQ,2014-01-02,2026-09-01,2026
070960,모나용평,KOSPI,2016-06-01,2026-09-01,2026
071055,한국금융지주우,KOSPI,2014-01-02,2026-09-01,2026
071090,하이스틸,KOSPI,2014-01-02,2026-09-01,2026
071200,인피니트헬스케어,KOSDAQ,2014-01-02,2026-09-01,2026
071280,로체시스템즈,KOSDAQ,2014-01-02,2026-09-01,2026
071320,지역난방공사,KOSPI,2014-01-02,2026-09-01,2026
071670,에이테크솔루션,KOSDAQ,2014-01-02,2026-09-01,2026
071840,롯데하이마트,KOSPI,2014-01-02,2026-09-01,2026
071850,캐스텍코리아,KOSDAQ,2014-06-02,2026-09-01,2026
071950,코아스,KOSPI,2014-01-02,2026-09-01,2026
072020,중앙백신,KOSDAQ,2014-01-02,2026-09-01,2026
072130,유엔젤,KOSPI,2014-01-02,2026-09-01,2026
072470,우리산업홀딩스,KOSDAQ,2014-01-02,2026-09-01,2026
072710,농심홀딩스,KOSPI,2014-01-02,2026-09-01,2026
072770,멤레이비티,KOSDAQ,2014-01-02,2026-09-01,2026
072870,메가스터디,KOSDAQ,2014-01-02,2026-09-01,2026
072950,빛샘전자,KOSDAQ,2014-01-02,2026-09-01,2026
072990,에이치시티,KOSDAQ,2016-11-01,2026-09-01,2026
073010,케이에스피,KOSDAQ,2014-01-02,2026-09-01,2026
073110,엘엠에스,KOSDAQ,2014-01-02,2026-09-01,2026
073190,듀오백,KOSDAQ,2014-01-02,2026-09-01,2026
073540,에프알텍,KOSDAQ,2014-01-02,2026-09-01,2026
073560,우리손에프앤지,KOSDAQ,2016-08-01,2026-09-01,2026
073570,리튬포어스,KOSDAQ,2014-01-02,2026-09-01,2026
073640,테라사이언스,KOSDAQ,2014-01-02,2026-09-01,2026
074430,아미노로직스,KOSDAQ,2014-01-02,2026-09-01,2026
074610,이엔플러스,KOSPI,2014-01-02,2026-09-01,2026
075130,플랜티넷,KOSDAQ,2014-01-02,2026-09-01,2026
075180,새론오토모티브,KOSPI,2014-01-02,2026-09-01,2026
075580,세진중공업,KOSPI,2015-12-01,2026-09-01,2026
075970,동국알앤에스,KOSDAQ,2014-01-02,2026-09-01,2026
076080,웰크론한텍,KOSDAQ,2014-01-02,2026-09-01,2026
076610,해성옵틱스,KOSDAQ,2014-01-02,2026-09-01,2026
077500,유니퀘스트,KOSPI,2014-01-02,2026-09-01,2026
078000,텔코웨어,KOSPI,2014-01-02,2026-09-01,2026
078020,LS증권,KOSDAQ,2014-01-02,2026-09-01,2026
078070,유비쿼스홀딩스,KOSDAQ,2014-01-02,2026-09-01,2026
078130,국일제지,KOSDAQ,2014-01-02,2026-09-01,2026
078140,대봉엘에스,KOSDAQ,2014-01-02,2026-09-01,2026
078150,HB테크놀러지,KOSDAQ,2014-01-02,2026-09-01,2026
078160,메디포스트,KOSDAQ,2014-01-02,2026-09-01,2026
078340,컴투스,KOSDAQ,2014-01-02,2026-09-01,2026
078520,에이블씨엔씨,KOSPI,2014-01-02,2026-09-01,2026
078590,휴림에이텍,KOSDAQ,2014-01-02,2026-09-01,2026
078860,아이오케이이엔엠,KOSDAQ,2014-01-02,2026-09-01,2026
078890,가온그룹,KOSDAQ,2014-01-02,2026-09-01,2026
078935,GS우,KOSPI,2014-01-02,2026-09-01,2026
079000,와토스코리아,KOSDAQ,2014-01-02,2026-09-01,2026
079160,CJ CGV,KOSPI,2014-01-02,2026-09-01,2026
079170,한창산업,KOSDAQ,2014-01-02,2026-09-01,2026
079190,케스피온,KOSDAQ,2014-01-02,2026-09-01,2026
079430,현대리바트,KOSPI,2014-01-02,2026-09-01,2026
079650,서산,KOSDAQ,2014-01-02,2026-09-01,2026
079810,APS이노베이션,KOSDAQ,2014-01-02,2026-09-01,2026
079900,전진건설로봇,KOSPI,2024-09-02,2026-09-01,2026
079940,가비아,KOSDAQ,2014-01-02,2026-09-01,2026
079950,인베니아,KOSDAQ,2014-01-02,2026-09-01,2026
079960,동양이엔피,KOSDAQ,2014-01-02,2026-09-01,2026
079970,투비소프트,KOSDAQ,2014-01-02,2026-09-01,2026
079980,휴비스,KOSPI,2014-01-02,2026-09-01,2026
080010,이상네트웍스,KOSDAQ,2014-01-02,2026-09-01,2026
080160,모두투어,KOSDAQ,2014-01-02,2026-09-01,2026
080220,제주반도체,KOSDAQ,2014-01-02,2026-09-01,2026
080420,모다이노칩,KOSDAQ,2014-01-02,2026-09-01,2026
080470,성창오토텍,KOSDAQ,2014-01-02,2026-09-01,2026
080520,오디텍,KOSDAQ,2014-01-02,2026-09-01,2026
080530,코디,KOSDAQ,2014-01-02,2026-09-01,2026
080720,한국유니온제약,KOSDAQ,2018-08-01,2026-09-01,2026
081000,일진다이아,KOSPI,2014-01-02,2026-09-01,2026
081150,티플랙스,KOSDAQ,2014-01-02,2026-09-01,2026
081180,쎄크,KOSDAQ,2025-05-02,2026-09-01,2026
081580,성우전자,KOSDAQ,2014-01-02,2026-09-01,2026
082210,옵트론텍,KOSDAQ,2014-01-02,2026-09-01,2026
082640,동양생명,KOSPI,2014-01-02,2026-08-03,2026
082660,코스나인,KOSDAQ,2014-01-02,2026-09-01,2026
082800,비보존 제약,KOSDAQ,2014-01-02,2026-09-01,2026
082850,우리바이오,KOSDAQ,2014-01-02,2026-09-01,2026
083310,엘오티베큠,KOSDAQ,2014-01-02,2026-09-01,2026
083420,그린케미칼,KOSPI,2014-01-02,2026-09-01,2026
083470,이엠앤아이,KOSDAQ,2014-01-02,2026-09-01,2026
083500,에프엔에스테크,KOSDAQ,2017-03-02,2026-09-01,2026
083550,케이엠,KOSDAQ,2014-01-02,2026-09-01,2026
083640,인콘,KOSDAQ,2014-01-02,2026-09-01,2026
083660,CSA 코스믹,KOSDAQ,2014-01-02,2026-09-01,2026
083790,CG인바이츠,KOSDAQ,2014-01-02,2026-09-01,2026
083930,아바코,KOSDAQ,2014-01-02,2026-09-01,2026
084010,대한제강,KOSPI,2014-01-02,2026-09-01,2026
084110,휴온스글로벌,KOSDAQ,2014-01-02,2026-09-01,2026
084180,수성웹툰,KOSDAQ,2014-01-02,2026-09-01,2026
084440,유비온,KOSDAQ,2022-12-01,2026-09-01,2026
084650,랩지노믹스,KOSDAQ,2015-01-02,2026-09-01,2026
084670,동양고속,KOSPI,2014-01-02,2026-09-01,2026
084680,이월드,KOSPI,2014-01-02,2026-09-01,2026
084690,대상홀딩스,KOSPI,2014-01-02,2026-09-01,2026
084695,대상홀딩스우,KOSPI,2014-01-02,2026-09-01,2026
084730,팅크웨어,KOSDAQ,2014-01-02,2026-09-01,2026
084850,아이티엠반도체,KOSDAQ,2019-12-02,2026-09-01,2026
084870,TBH글로벌,KOSPI,2014-01-02,2026-09-01,2026
084990,헬릭스미스,KOSDAQ,2014-01-02,2026-09-01,2026
085310,엔케이,KOSPI,2014-01-02,2026-09-01,2026
085620,미래에셋생명,KOSPI,2015-08-03,2026-09-01,2026
085670,뉴프렉스,KOSDAQ,2014-01-02,2026-09-01,2026
085810,알티캐스트,KOSDAQ,2014-01-02,2026-09-01,2026
086040,바이오톡스텍,KOSDAQ,2014-01-02,2026-09-01,2026
086060,진바이오텍,KOSDAQ,2014-01-02,2026-09-01,2026
086390,유니테스트,KOSDAQ,2014-01-02,2026-09-01,2026
086670,비엠티,KOSDAQ,2014-01-02,2026-09-01,2026
086710,선진뷰티사이언스,KOSDAQ,2021-02-01,2026-09-01,2026
086820,바이오솔루션,KOSDAQ,2018-09-03,2026-09-01,2026
086890,이수앱지스,KOSDAQ,2014-01-02,2026-09-01,2026
086960,MDS테크,KOSDAQ,2014-01-02,2026-09-01,2026
086980,쇼박스,KOSDAQ,2014-01-02,2026-09-01,2026
087260,모바일어플라이언스,KOSDAQ,2017-03-02,2026-09-01,2026
087600,픽셀플러스,KOSDAQ,2015-07-01,2026-09-01,2026
088130,동아엘텍,KOSDAQ,2014-01-02,2026-09-01,2026
088260,이리츠코크렙,KOSPI,2018-07-02,2026-09-01,2026
088280,쏘닉스,KOSDAQ,2023-12-01,2026-09-01,2026
088290,이원컴포텍,KOSDAQ,2014-01-02,2026-09-01,2026
088340,유라클,KOSDAQ,2024-09-02,2026-09-01,2026
088390,이녹스,KOSDAQ,2014-01-02,2026-09-01,2026
088790,진도,KOSPI,2014-01-02,2026-09-01,2026
088800,에이스테크,KOSDAQ,2014-01-02,2026-09-01,2026
088910,동우팜투테이블,KOSDAQ,2014-01-02,2026-09-01,2026
089140,넥스턴앤롤코리아,KOSDAQ,2014-01-02,2026-09-01,2026
089150,케이씨티,KOSDAQ,2014-01-02,2026-09-01,2026
089230,THE E&M,KOSDAQ,2014-01-02,2026-09-01,2026
089470,HDC현대EP,KOSPI,2014-01-02,2026-09-01,2026
089590,제주항공,KOSPI,2015-12-01,2026-09-01,2026
089600,KT나스미디어,KOSDAQ,2014-01-02,2026-09-01,2026
089790,제이티,KOSDAQ,2014-01-02,2026-09-01,2026
089850,유비벨록스,KOSDAQ,2014-01-02,2026-09-01,2026
089860,롯데렌탈,KOSPI,2021-09-01,2026-09-01,2026
089890,코세스,KOSDAQ,2014-01-02,2026-09-01,2026
089980,상아프론테크,KOSDAQ,2014-01-02,2026-09-01,2026
090080,평화산업,KOSPI,2014-01-02,2026-09-01,2026
090150,아이윈,KOSDAQ,2014-01-02,2026-09-01,2026
090350,노루페인트,KOSPI,2014-01-02,2026-09-01,2026
090355,노루페인트우,KOSPI,2014-01-02,2026-09-01,2026
090360,로보스타,KOSDAQ,2014-01-02,2026-09-01,2026
090370,메타랩스,KOSPI,2014-01-02,2026-09-01,2026
090410,덕신이피씨,KOSDAQ,2015-01-02,2026-09-01,2026
090435,아모레퍼시픽우,KOSPI,2014-01-02,2026-09-01,2026
090470,제이스로보틱스,KOSDAQ,2014-01-02,2026-09-01,2026
090850,현대이지웰,KOSDAQ,2014-01-02,2026-09-01,2026
091120,이엠텍,KOSDAQ,2014-01-02,2026-09-01,2026
091340,S&K폴리텍,KOSDAQ,2014-01-02,2026-09-01,2026
091440,한울소재과학,KOSDAQ,2014-01-02,2026-09-01,2026
091590,남화토건,KOSDAQ,2014-01-02,2026-09-01,2026
091700,파트론,KOSDAQ,2014-01-02,2026-09-01,2026
091810,트리니티항공,KOSPI,2018-08-01,2026-09-01,2026
091970,LSK아이로봇,KOSDAQ,2014-01-02,2026-09-01,2026
092040,아미코젠,KOSDAQ,2014-01-02,2026-09-01,2026
092070,디엔에프,KOSDAQ,2014-01-02,2026-09-01,2026
092130,이크레더블,KOSDAQ,2014-01-02,2026-09-01,2026
092190,서울바이오시스,KOSDAQ,2020-04-01,2026-09-01,2026
092200,디아이씨,KOSPI,2014-01-02,2026-09-01,2026
092220,KEC,KOSPI,2014-01-02,2026-09-01,2026
092230,KPX홀딩스,KOSPI,2014-01-02,2026-09-01,2026
092300,현우산업,KOSDAQ,2014-01-02,2026-09-01,2026
092440,기신정기,KOSPI,2014-01-02,2026-09-01,2026
092460,한라IMS,KOSDAQ,2014-01-02,2026-09-01,2026
092600,앤씨앤,KOSDAQ,2014-01-02,2026-09-01,2026
092730,네오팜,KOSDAQ,2014-01-02,2026-09-01,2026
092780,DYP,KOSPI,2018-01-02,2026-09-01,2026
092790,넥스틸,KOSPI,2023-09-01,2026-09-01,2026
093050,LF,KOSPI,2014-01-02,2026-09-01,2026
093190,빅솔론,KOSDAQ,2014-01-02,2026-09-01,2026
093240,형지엘리트,KOSPI,2014-01-02,2026-09-01,2026
093320,케이아이엔엑스,KOSDAQ,2014-01-02,2026-09-01,2026
093380,풍강,KOSDAQ,2014-01-02,2026-09-01,2026
093520,매커스,KOSDAQ,2014-01-02,2026-09-01,2026
093640,케이알엠,KOSDAQ,2014-01-02,2026-09-01,2026
093920,서원인텍,KOSDAQ,2014-01-02,2026-09-01,2026
094280,효성ITX,KOSPI,2014-01-02,2026-09-01,2026
094360,칩스앤미디어,KOSDAQ,2015-09-01,2026-09-01,2026
094480,갤럭시아머니트리,KOSDAQ,2014-01-02,2026-09-01,2026
094800,맵스리얼티,KOSPI,2014-01-02,2026-09-01,2026
094820,일진파워,KOSDAQ,2014-01-02,2026-09-01,2026
094840,슈프리마에이치큐,KOSDAQ,2014-01-02,2026-09-01,2026
094850,참좋은여행,KOSDAQ,2014-01-02,2026-09-01,2026
094860,네오리진,KOSDAQ,2014-01-02,2026-09-01,2026
094940,푸른로보틱스,KOSDAQ,2014-01-02,2026-09-01,2026
094970,제이엠티,KOSDAQ,2014-01-02,2026-09-01,2026
095190,신화프리텍,KOSDAQ,2014-01-02,2026-09-01,2026
095270,웨이브일렉트로,KOSDAQ,2014-01-02,2026-09-01,2026
095500,미래나노텍,KOSDAQ,2014-01-02,2026-09-01,2026
095570,AJ네트웍스,KOSPI,2015-09-01,2026-09-01,2026
095660,네오위즈,KOSDAQ,2014-01-02,2026-09-01,2026
095700,제넥신,KOSDAQ,2014-01-02,2026-09-01,2026
095720,웅진씽크빅,KOSPI,2014-01-02,2026-09-01,2026
095910,에스에너지,KOSDAQ,2014-01-02,2026-09-01,2026
096240,크레버스,KOSDAQ,2014-01-02,2026-09-01,2026
096250,와이즈넛,KOSDAQ,2025-02-03,2026-09-01,2026
096350,대창솔루션,KOSDAQ,2014-01-02,2026-09-01,2026
096610,알에프세미,KOSDAQ,2014-01-02,2026-09-01,2026
096630,에스코넥,KOSDAQ,2014-01-02,2026-09-01,2026
096690,에이루트,KOSDAQ,2014-01-02,2026-09-01,2026
096760,JW홀딩스,KOSPI,2014-01-02,2026-09-01,2026
096775,SK이노베이션우,KOSPI,2014-01-02,2026-09-01,2026
096870,엘디티,KOSDAQ,2014-01-02,2026-09-01,2026
097520,엠씨넥스,KOSPI,2014-01-02,2026-09-01,2026
097780,에코볼트,KOSDAQ,2014-01-02,2026-09-01,2026
097800,윈팩,KOSDAQ,2014-01-02,2026-09-01,2026
097870,효성오앤비,KOSDAQ,2014-01-02,2026-09-01,2026
097955,CJ제일제당 우,KOSPI,2014-01-02,2026-09-01,2026
098070,한텍,KOSDAQ,2025-04-01,2026-09-01,2026
098120,마이크로컨텍솔,KOSDAQ,2014-01-02,2026-09-01,2026
098660,에스티오,KOSDAQ,2014-01-02,2026-09-01,2026
099190,아이센스,KOSDAQ,2014-01-02,2026-09-01,2026
099220,SDN,KOSDAQ,2014-01-02,2026-09-01,2026
099390,브레인즈컴퍼니,KOSDAQ,2021-09-01,2026-09-01,2026
099410,동방선기,KOSDAQ,2014-01-02,2026-09-01,2026
099430,바이오플러스,KOSDAQ,2021-10-01,2026-09-01,2026
099440,스맥,KOSDAQ,2014-01-02,2026-09-01,2026
099520,DGI,KOSDAQ,2014-01-02,2026-09-01,2026
099750,이지케어텍,KOSDAQ,2019-04-01,2026-09-01,2026
100030,인지소프트,KOSDAQ,2014-01-02,2026-09-01,2026
100090,SK오션플랜트,KOSPI,2014-01-02,2026-09-01,2026
100120,뷰웍스,KOSDAQ,2014-01-02,2026-09-01,2026
100130,동국S&C,KOSDAQ,2014-01-02,2026-09-01,2026
100220,비상교육,KOSPI,2014-01-02,2026-09-01,2026
100250,진양홀딩스,KOSPI,2014-01-02,2026-09-01,2026
100590,머큐리,KOSDAQ,2019-01-02,2026-09-01,2026
100660,서암기계공업,KOSDAQ,2014-01-02,2026-09-01,2026
100700,세운메디칼,KOSDAQ,2014-01-02,2026-09-01,2026
100840,SNT에너지,KOSPI,2014-01-02,2026-09-01,2026
101000,KS인더스트리,KOSDAQ,2014-01-02,2026-09-01,2026
101140,인바이오젠,KOSPI,2014-01-02,2026-09-01,2026
101170,우림피티에스,KOSDAQ,2014-01-02,2026-09-01,2026
101240,씨큐브,KOSDAQ,2014-01-02,2026-09-01,2026
101330,모베이스,KOSDAQ,2014-01-02,2026-09-01,2026
101360,에코앤드림,KOSDAQ,2020-08-03,2026-09-01,2026
101390,아이엠,KOSDAQ,2014-01-02,2026-06-01,2026
101400,엔시트론,KOSDAQ,2014-01-02,2026-09-01,2026
101530,해태제과식품,KOSPI,2016-06-01,2026-09-01,2026
101670,하이드로리튬,KOSDAQ,2014-01-02,2026-09-01,2026
101680,한국정밀기계,KOSDAQ,2014-01-02,2026-09-01,2026
101730,위메이드맥스,KOSDAQ,2014-01-02,2026-09-01,2026
101930,인화정공,KOSDAQ,2014-01-02,2026-09-01,2026
101970,우양에이치씨,KOSDAQ,2014-01-02,2026-09-01,2026
102120,어보브반도체,KOSDAQ,2014-01-02,2026-09-01,2026
102260,동성케미컬,KOSPI,2014-01-02,2026-09-01,2026
102370,케이옥션,KOSDAQ,2022-02-03,2026-09-01,2026
102460,이연제약,KOSPI,2014-01-02,2026-09-01,2026
102940,코오롱생명과학,KOSDAQ,2014-01-02,2026-09-01,2026
103230,에스앤더블류,KOSDAQ,2014-01-02,2026-09-01,2026
103840,우양,KOSDAQ,2019-12-02,2026-09-01,2026
104040,디에스엠,KOSDAQ,2014-01-02,2026-09-01,2026
104200,NHN벅스,KOSDAQ,2014-01-02,2026-09-01,2026
104460,디와이피엔에프,KOSDAQ,2014-01-02,2026-09-01,2026
104480,티케이케미칼,KOSDAQ,2014-01-02,2026-09-01,2026
104540,코렌텍,KOSDAQ,2014-01-02,2026-09-01,2026
104620,노랑풍선,KOSDAQ,2019-02-01,2026-09-01,2026
104700,한국철강,KOSPI,2014-01-02,2026-09-01,2026
105330,케이엔더블유,KOSDAQ,2014-01-02,2026-09-01,2026
105550,엣지파운드리,KOSDAQ,2015-01-02,2026-09-01,2026
105630,한세실업,KOSPI,2014-01-02,2026-09-01,2026
105740,디케이락,KOSDAQ,2014-01-02,2026-09-01,2026
105760,포스뱅크,KOSDAQ,2024-02-01,2026-09-01,2026
106080,케이이엠텍,KOSDAQ,2014-01-02,2026-09-01,2026
106190,하이텍팜,KOSDAQ,2014-01-02,2026-09-01,2026
106240,파인테크닉스,KOSDAQ,2014-01-02,2026-09-01,2026
106520,노블엠앤비,KOSDAQ,2014-01-02,2026-06-01,2026
107590,미원홀딩스,KOSPI,2014-01-02,2026-09-01,2026
107600,새빗켐,KOSDAQ,2022-09-01,2026-09-01,2026
107640,한중엔시에스,KOSDAQ,2024-07-01,2026-09-01,2026
108230,톱텍,KOSDAQ,2014-01-02,2026-09-01,2026
108380,대양전기공업,KOSDAQ,2014-01-02,2026-09-01,2026
108670,LX하우시스,KOSPI,2014-01-02,2026-09-01,2026
108675,LX하우시스우,KOSPI,2014-01-02,2026-09-01,2026
108860,셀바스AI,KOSDAQ,2014-01-02,2026-09-01,2026
109070,주성코퍼레이션,KOSPI,2014-01-02,2026-09-01,2026
109080,옵티시스,KOSDAQ,2014-01-02,2026-09-01,2026
109610,에스와이,KOSDAQ,2016-01-04,2026-09-01,2026
109670,씨싸이트,KOSDAQ,2024-01-02,2026-09-01,2026
109740,디에스케이,KOSDAQ,2014-01-02,2026-09-01,2026
109820,진매트릭스,KOSDAQ,2014-01-02,2026-09-01,2026
109860,동일금속,KOSDAQ,2014-01-02,2026-09-01,2026
109960,앱토크롬,KOSDAQ,2014-01-02,2026-09-01,2026
110020,전진바이오팜,KOSDAQ,2019-01-02,2026-09-01,2026
110790,크리스에프앤씨,KOSDAQ,2018-10-01,2026-09-01,2026
111110,호전실업,KOSPI,2017-03-02,2026-09-01,2026
111380,동인기연,KOSPI,2023-12-01,2026-09-01,2026
111710,남화산업,KOSDAQ,2018-12-03,2026-09-01,2026
111870,KH 미래물산,KOSDAQ,2014-01-02,2026-01-02,2026
112040,위메이드,KOSDAQ,2014-01-02,2026-09-01,2026
112290,와이씨켐,KOSDAQ,2022-08-01,2026-09-01,2026
113810,디젠스,KOSDAQ,2014-01-02,2026-09-01,2026
114190,강원에너지,KOSDAQ,2014-01-02,2026-09-01,2026
114450,그린생명과학,KOSDAQ,2014-01-02,2026-09-01,2026
114630,폴라리스우노,KOSDAQ,2014-01-02,2026-09-01,2026
114840,아이패밀리에스씨,KOSDAQ,2021-11-01,2026-09-01,2026
115160,휴맥스,KOSDAQ,2014-01-02,2026-09-01,2026
115180,큐리언트,KOSDAQ,2016-03-02,2026-09-01,2026
115310,인포바인,KOSDAQ,2014-01-02,2026-09-01,2026
115440,우리넷,KOSDAQ,2014-01-02,2026-09-01,2026
115450,HLB테라퓨틱스,KOSDAQ,2014-01-02,2026-09-01,2026
115480,씨유메디칼,KOSDAQ,2014-01-02,2026-09-01,2026
115500,케이씨에스,KOSDAQ,2014-01-02,2026-09-01,2026
115530,씨엔플러스,KOSDAQ,2014-01-02,2026-09-01,2026
115570,스타플렉스,KOSDAQ,2014-01-02,2026-09-01,2026
115610,이미지스,KOSDAQ,2014-01-02,2026-09-01,2026
117580,대성에너지,KOSPI,2014-01-02,2026-09-01,2026
117670,알파칩스,KOSDAQ,2014-01-02,2026-09-01,2026
117730,티로보틱스,KOSDAQ,2018-12-03,2026-09-01,2026
118000,메타케어,KOSPI,2014-01-02,2026-09-01,2026
118990,모트렉스,KOSDAQ,2017-09-01,2026-09-01,2026
119500,포메탈,KOSDAQ,2014-01-02,2026-09-01,2026
119610,인터로조,KOSDAQ,2014-01-02,2026-09-01,2026
119650,KC코트렐,KOSPI,2014-01-02,2026-09-01,2026
119830,아이텍,KOSDAQ,2014-01-02,2026-09-01,2026
120030,조선선재,KOSPI,2014-01-02,2026-09-01,2026
120115,코오롱인더우,KOSPI,2014-01-02,2026-09-01,2026
120240,대정화금,KOSDAQ,2014-01-02,2026-09-01,2026
121440,골프존홀딩스,KOSDAQ,2014-01-02,2026-09-01,2026
121800,비덴트,KOSDAQ,2014-01-02,2026-09-01,2026
121850,코이즈,KOSDAQ,2014-01-02,2026-09-01,2026
121890,에스디시스템,KOSDAQ,2014-01-02,2026-09-01,2026
122310,제노레이,KOSDAQ,2018-06-01,2026-09-01,2026
122350,삼기,KOSDAQ,2014-01-02,2026-09-01,2026
122450,KX,KOSDAQ,2014-01-02,2026-09-01,2026
122690,서진오토모티브,KOSDAQ,2014-01-02,2026-09-01,2026
122900,아이마켓코리아,KOSPI,2014-01-02,2026-09-01,2026
122990,와이솔,KOSDAQ,2014-01-02,2026-09-01,2026
123010,MSDI,KOSDAQ,2016-08-01,2026-09-01,2026
123040,엠에스오토텍,KOSDAQ,2014-01-02,2026-09-01,2026
123330,제닉,KOSDAQ,2014-01-02,2026-09-01,2026
123410,코리아에프티,KOSDAQ,2014-01-02,2026-09-01,2026
123420,위메이드플레이,KOSDAQ,2014-01-02,2026-09-01,2026
123570,이엠넷,KOSDAQ,2014-01-02,2026-09-01,2026
123690,한국화장품,KOSPI,2014-01-02,2026-09-01,2026
123700,SJM,KOSPI,2014-01-02,2026-09-01,2026
123750,알톤,KOSDAQ,2014-01-02,2026-09-01,2026
123840,뉴온,KOSDAQ,2014-01-02,2026-09-01,2026
123860,아나패스,KOSDAQ,2014-01-02,2026-09-01,2026
123890,한국자산신탁,KOSPI,2016-08-01,2026-09-01,2026
124560,태웅로직스,KOSDAQ,2020-01-02,2026-09-01,2026
125020,티씨머티리얼즈,KOSDAQ,2025-06-02,2026-09-01,2026
125210,아모그린텍,KOSDAQ,2019-04-01,2026-09-01,2026
125490,한라캐스트,KOSDAQ,2025-09-01,2026-09-01,2026
126560,현대퓨처넷,KOSPI,2014-01-02,2026-09-01,2026
126600,BGF에코머티리얼즈,KOSDAQ,2014-01-02,2026-09-01,2026
126640,화신정공,KOSDAQ,2014-01-02,2026-09-01,2026
126700,하이비젼시스템,KOSDAQ,2014-01-02,2026-09-01,2026
126720,수산인더스트리,KOSPI,2022-08-01,2026-09-01,2026
126730,코칩,KOSDAQ,2024-06-03,2026-09-01,2026
126880,제이엔케이글로벌,KOSDAQ,2014-01-02,2026-09-01,2026
127120,제이에스링크,KOSDAQ,2014-01-02,2026-09-01,2026
127710,아시아경제,KOSDAQ,2015-08-03,2026-09-01,2026
127980,화인써키트,KOSDAQ,2023-03-02,2026-09-01,2026
128540,에코캡,KOSDAQ,2019-01-02,2026-09-01,2026
128660,피제이메탈,KOSDAQ,2014-01-02,2026-09-01,2026
128820,대성산업,KOSPI,2014-01-02,2026-09-01,2026
129260,인터지스,KOSPI,2014-01-02,2026-09-01,2026
129890,앱코,KOSDAQ,2021-01-04,2026-09-01,2026
129920,대성하이텍,KOSDAQ,2022-09-01,2026-09-01,2026
130500,GH신소재,KOSDAQ,2014-01-02,2026-09-01,2026
130580,나이스디앤비,KOSDAQ,2014-01-02,2026-09-01,2026
130660,한전산업,KOSPI,2014-01-02,2026-09-01,2026
130740,티피씨글로벌,KOSDAQ,2014-01-02,2026-09-01,2026
131030,옵투스제약,KOSDAQ,2014-01-02,2026-09-01,2026
131090,시큐브,KOSDAQ,2014-01-02,2026-09-01,2026
131100,티엔엔터테인먼트,KOSDAQ,2014-01-02,2026-09-01,2026
131180,딜리,KOSDAQ,2014-01-02,2026-09-01,2026
131220,대한과학,KOSDAQ,2014-01-02,2026-09-01,2026
131370,알서포트,KOSDAQ,2014-01-02,2026-09-01,2026
131400,이브이첨단소재,KOSDAQ,2014-01-02,2026-09-01,2026
131760,파인텍,KOSDAQ,2015-09-01,2026-09-01,2026
133750,메가엠디,KOSDAQ,2016-01-04,2026-09-01,2026
133820,화인베스틸,KOSPI,2015-01-02,2026-09-01,2026
134060,이퓨쳐,KOSDAQ,2014-01-02,2026-09-01,2026
134380,미원화학,KOSPI,2014-01-02,2026-09-01,2026
134580,탑코미디어,KOSDAQ,2014-01-02,2026-09-01,2026
134790,시디즈,KOSPI,2014-01-02,2026-09-01,2026
136150,원일티엔아이,KOSDAQ,2025-06-02,2026-09-01,2026
136410,아셈스,KOSDAQ,2022-03-02,2026-09-01,2026
136490,선진,KOSPI,2014-01-02,2026-09-01,2026
136540,윈스테크넷,KOSDAQ,2014-01-02,2026-09-01,2026
137080,나래나노텍,KOSDAQ,2022-03-02,2026-09-01,2026
137310,에스디바이오센서,KOSPI,2021-08-02,2026-09-01,2026
137940,넥스트아이,KOSDAQ,2014-01-02,2026-09-01,2026
137950,제이씨케미칼,KOSDAQ,2014-01-02,2026-09-01,2026
138070,신진에스엠,KOSDAQ,2014-01-02,2026-09-01,2026
138360,앤로보틱스,KOSDAQ,2014-01-02,2026-09-01,2026
138490,코오롱ENP,KOSPI,2014-01-02,2026-04-01,2026
138610,나이벡,KOSDAQ,2014-01-02,2026-09-01,2026
139050,BF랩스,KOSDAQ,2014-01-02,2026-05-04,2026
139670,키네마스터,KOSDAQ,2014-01-02,2026-09-01,2026
139990,아주스틸,KOSPI,2021-09-01,2026-09-01,2026
140070,서플러스글로벌,KOSDAQ,2017-02-01,2026-09-01,2026
140430,카티스,KOSDAQ,2024-06-03,2026-09-01,2026
140520,대창스틸,KOSDAQ,2015-01-02,2026-09-01,2026
140670,알에스오토메이션,KOSDAQ,2017-09-01,2026-09-01,2026
140910,에이리츠,KOSPI,2014-01-02,2026-06-01,2026
141000,비아트론,KOSDAQ,2014-01-02,2026-09-01,2026
142210,유니트론텍,KOSDAQ,2016-03-02,2026-09-01,2026
142280,녹십자엠에스,KOSDAQ,2015-01-02,2026-09-01,2026
142760,모아라이프플러스,KOSDAQ,2016-08-01,2026-09-01,2026
143160,아이디스,KOSDAQ,2014-01-02,2026-09-01,2026
143210,핸즈코퍼레이션,KOSPI,2017-01-02,2026-09-01,2026
143240,사람인,KOSDAQ,2014-01-02,2026-09-01,2026
143540,영우디에스피,KOSDAQ,2015-01-02,2026-09-01,2026
144510,지씨셀,KOSDAQ,2016-07-01,2026-09-01,2026
145170,노브랜드,KOSDAQ,2024-06-03,2026-09-01,2026
145210,다이나믹디자인,KOSPI,2015-04-01,2026-09-01,2026
145270,케이탑리츠,KOSPI,2014-01-02,2026-09-01,2026
145720,덴티움,KOSPI,2017-04-03,2026-09-01,2026
145990,삼양사,KOSPI,2014-01-02,2026-09-01,2026
145995,삼양사우,KOSPI,2014-01-02,2026-09-01,2026
146060,율촌,KOSDAQ,2023-10-04,2026-09-01,2026
146320,비씨엔씨,KOSDAQ,2022-04-01,2026-09-01,2026
147760,피엠티,KOSDAQ,2017-01-02,2026-09-01,2026
147830,제룡산업,KOSDAQ,2014-01-02,2026-09-01,2026
148150,세경하이테크,KOSDAQ,2019-08-01,2026-09-01,2026
148250,알엔투테크놀로지,KOSDAQ,2016-07-01,2026-09-01,2026
148780,비큐AI,KOSDAQ,2022-07-01,2026-09-01,2026
148930,에이치와이티씨,KOSDAQ,2022-09-01,2026-09-01,2026
149950,아바텍,KOSDAQ,2014-01-02,2026-09-01,2026
149980,하이로닉,KOSDAQ,2015-01-02,2026-09-01,2026
150840,인트로메딕,KOSDAQ,2014-01-02,2026-01-02,2026
150900,파수AI,KOSDAQ,2014-01-02,2026-09-01,2026
151860,KG에코솔루션,KOSDAQ,2014-01-02,2026-09-01,2026
152550,한국ANKOR유전,KOSPI,2014-01-02,2026-04-01,2026
153460,네이블,KOSDAQ,2014-01-02,2026-09-01,2026
153490,우리이앤엘하루틴,KOSDAQ,2014-01-02,2026-09-01,2026
153710,옵티팜,KOSDAQ,2018-11-01,2026-09-01,2026
153890,져스텍,KOSDAQ,2026-07-01,2026-09-01,2026
154030,아시아종묘,KOSDAQ,2018-03-02,2026-09-01,2026
154040,다산솔루에타,KOSDAQ,2014-01-02,2026-09-01,2026
155650,와이엠씨,KOSDAQ,2014-01-02,2026-09-01,2026
155660,DSR,KOSPI,2014-01-02,2026-09-01,2026
156100,엘앤케이바이오,KOSDAQ,2016-12-01,2026-09-01,2026
158430,아톤,KOSDAQ,2019-11-01,2026-09-01,2026
159010,아스플로,KOSDAQ,2021-11-01,2026-09-01,2026
159580,제로투세븐,KOSDAQ,2014-01-02,2026-09-01,2026
159910,에코글로우,KOSDAQ,2014-01-02,2026-09-01,2026
160190,하이젠알앤엠,KOSDAQ,2024-07-01,2026-09-01,2026
160550,NEW,KOSDAQ,2015-01-02,2026-09-01,2026
160980,싸이맥스,KOSDAQ,2015-07-01,2026-09-01,2026
161000,애경케미칼,KOSPI,2014-01-02,2026-09-01,2026
161580,필옵틱스,KOSDAQ,2017-06-01,2026-09-01,2026
162300,신스틸,KOSDAQ,2023-01-02,2026-09-01,2026
163280,에어레인,KOSDAQ,2024-12-02,2026-09-01,2026
163560,동일고무벨트,KOSPI,2014-01-02,2026-09-01,2026
163730,핑거,KOSDAQ,2021-02-01,2026-09-01,2026
166480,코아스템켐온,KOSDAQ,2015-07-01,2026-09-01,2026
168330,내츄럴엔도텍,KOSDAQ,2014-01-02,2026-09-01,2026
168360,펨트론,KOSDAQ,2022-12-01,2026-09-01,2026
169330,엠브레인,KOSDAQ,2020-07-01,2026-09-01,2026
170030,현대공업,KOSDAQ,2014-01-02,2026-09-01,2026
170790,파이오링크,KOSDAQ,2014-01-02,2026-09-01,2026
170900,동아에스티,KOSPI,2014-01-02,2026-09-01,2026
170920,엘티씨,KOSDAQ,2014-01-02,2026-09-01,2026
171010,램테크놀러지,KOSDAQ,2014-01-02,2026-09-01,2026
171090,선익시스템,KOSDAQ,2017-10-10,2026-09-01,2026
171120,라이온켐텍,KOSDAQ,2014-01-02,2026-09-01,2026
172670,에이엘티,KOSDAQ,2023-08-01,2026-09-01,2026
173130,오파스넷,KOSDAQ,2018-09-03,2026-09-01,2026
173940,에프엔씨엔터,KOSDAQ,2015-01-02,2026-09-01,2026
174880,장원테크,KOSDAQ,2016-08-01,2026-01-02,2026
175140,아고스,KOSDAQ,2015-10-01,2026-09-01,2026
175250,아이큐어,KOSDAQ,2018-08-01,2026-09-01,2026
176750,듀켐바이오,KOSDAQ,2025-01-02,2026-09-01,2026
177350,베셀,KOSDAQ,2015-07-01,2026-09-01,2026
177830,파버나인,KOSDAQ,2015-01-02,2026-09-01,2026
177900,쓰리에이로직스,KOSDAQ,2025-01-02,2026-09-01,2026
178780,일월지엠엘,KOSDAQ,2015-07-01,2026-09-01,2026
179290,엠아이텍,KOSDAQ,2018-12-03,2026-09-01,2026
179530,애드바이오텍,KOSDAQ,2022-02-03,2026-09-01,2026
179900,유티아이,KOSDAQ,2017-10-10,2026-09-01,2026
180400,DXVX,KOSDAQ,2015-12-01,2026-09-01,2026
18064K,한진칼우,KOSPI,2014-01-02,2026-09-01,2026
182360,큐브엔터,KOSDAQ,2014-01-02,2026-09-01,2026
182400,엔케이젠바이오텍코리아,KOSDAQ,2015-11-02,2026-09-01,2026
183190,아세아시멘트,KOSPI,2014-01-02,2026-09-01,2026
183490,엔지켐생명과학,KOSDAQ,2018-03-02,2026-09-01,2026
184230,SGA솔루션즈,KOSDAQ,2014-01-02,2026-09-01,2026
185490,아이진,KOSDAQ,2015-12-01,2026-09-01,2026
185750,종근당,KOSPI,2014-01-02,2026-09-01,2026
186230,그린플러스,KOSDAQ,2019-09-02,2026-09-01,2026
187220,디티앤씨,KOSDAQ,2015-01-02,2026-09-01,2026
187270,신화콘텍,KOSDAQ,2015-01-02,2026-09-01,2026
187420,HLB제넥스,KOSDAQ,2015-06-01,2026-09-01,2026
187790,나노,KOSDAQ,2014-06-02,2026-09-01,2026
188040,바이오포트,KOSDAQ,2025-06-02,2026-09-01,2026
188260,세니젠,KOSDAQ,2023-12-01,2026-09-01,2026
189330,씨이랩,KOSDAQ,2021-03-02,2026-09-01,2026
189690,포시에스,KOSDAQ,2015-03-02,2026-09-01,2026
189860,서전기전,KOSDAQ,2015-01-02,2026-09-01,2026
189980,흥국에프엔비,KOSDAQ,2015-09-01,2026-09-01,2026
190510,나무가,KOSDAQ,2015-12-01,2026-09-01,2026
190650,코리아에셋투자증권,KOSDAQ,2019-12-02,2026-09-01,2026
191410,육일씨엔에쓰,KOSDAQ,2016-01-04,2026-09-01,2026
191420,테고사이언스,KOSDAQ,2015-01-02,2026-09-01,2026
192250,케이사인,KOSDAQ,2014-05-02,2026-09-01,2026
192390,윈하이텍,KOSDAQ,2015-01-02,2026-09-01,2026
192400,쿠쿠홀딩스,KOSPI,2015-01-02,2026-09-01,2026
192410,오늘이엔엠,KOSDAQ,2015-01-02,2026-09-01,2026
192440,슈피겐코리아,KOSDAQ,2015-01-02,2026-09-01,2026
193250,링크드,KOSDAQ,2015-01-02,2026-09-01,2026
194370,제이에스코퍼레이션,KOSPI,2016-03-02,2026-09-01,2026
194480,데브시스터즈,KOSDAQ,2015-01-02,2026-09-01,2026
194700,노바렉스,KOSDAQ,2018-12-03,2026-09-01,2026
195500,마니커에프앤지,KOSDAQ,2019-09-02,2026-09-01,2026
195990,루트K,KOSDAQ,2015-05-04,2026-09-01,2026
196300,HLB펩,KOSDAQ,2017-01-02,2026-09-01,2026
196450,코아시아씨엠,KOSDAQ,2014-06-02,2026-09-01,2026
196490,디에이테크놀로지,KOSDAQ,2015-01-02,2026-09-01,2026
196700,웹스,KOSDAQ,2015-09-01,2026-09-01,2026
197140,디지캡,KOSDAQ,2018-10-01,2026-09-01,2026
198080,캐프,KOSDAQ,2020-04-01,2026-09-01,2026
198440,강동씨앤엘,KOSDAQ,2015-01-02,2026-09-01,2026
198940,한주라이트메탈,KOSDAQ,2023-02-01,2026-09-01,2026
199430,케이엔알시스템,KOSDAQ,2024-04-01,2026-09-01,2026
199480,뱅크웨어글로벌,KOSDAQ,2024-09-02,2026-09-01,2026
199550,레이저옵텍,KOSDAQ,2024-02-01,2026-09-01,2026
199730,바이오인프라,KOSDAQ,2023-03-02,2026-09-01,2026
199800,툴젠,KOSDAQ,2022-01-03,2026-09-01,2026
199820,제일일렉트릭,KOSDAQ,2020-12-01,2026-09-01,2026
200130,콜마비앤에이치,KOSDAQ,2015-01-02,2026-09-01,2026
200230,텔콘RF제약,KOSDAQ,2015-01-02,2026-09-01,2026
200350,아티스트스튜디오,KOSDAQ,2022-01-03,2026-09-01,2026
200670,휴메딕스,KOSDAQ,2015-01-02,2026-09-01,2026
200780,비씨월드제약,KOSDAQ,2015-01-02,2026-09-01,2026
200880,서연이화,KOSPI,2015-01-02,2026-09-01,2026
201490,미투온,KOSDAQ,2016-11-01,2026-09-01,2026
203400,에이비온,KOSDAQ,2021-10-01,2026-09-01,2026
203450,유니온바이오메트릭스,KOSDAQ,2017-01-02,2026-09-01,2026
203650,드림시큐리티,KOSDAQ,2015-01-02,2026-09-01,2026
203690,아크솔루션스,KOSDAQ,2015-01-02,2026-07-01,2026
204020,그리티,KOSDAQ,2018-08-01,2026-09-01,2026
204210,JK리버스톤리츠,KOSPI,2016-10-04,2026-06-01,2026
204270,제이앤티씨,KOSDAQ,2020-04-01,2026-09-01,2026
204610,티쓰리,KOSDAQ,2022-12-01,2026-09-01,2026
204630,스튜디오산타클로스,KOSDAQ,2015-01-02,2026-03-03,2026
204840,지엘팜텍,KOSDAQ,2015-01-02,2026-09-01,2026
205100,엑셈,KOSDAQ,2015-01-02,2026-09-01,2026
205470,휴마시스,KOSDAQ,2015-01-02,2026-09-01,2026
205500,넥써쓰,KOSDAQ,2015-01-02,2026-09-01,2026
206400,베노티앤알,KOSDAQ,2015-01-02,2026-09-01,2026
206560,덱스터,KOSDAQ,2016-01-04,2026-09-01,2026
206640,바디텍메드,KOSDAQ,2015-01-02,2026-09-01,2026
206650,유바이오로직스,KOSDAQ,2017-02-01,2026-09-01,2026
207760,미스터블루,KOSDAQ,2015-01-02,2026-09-01,2026
208140,정다운,KOSDAQ,2015-01-02,2026-09-01,2026
208340,파멥신,KOSDAQ,2018-12-03,2026-01-02,2026
208350,지란지교시큐리티,KOSDAQ,2015-01-02,2026-09-01,2026
208370,셀바스헬스케어,KOSDAQ,2015-01-02,2026-09-01,2026
208640,썸에이지,KOSDAQ,2015-01-02,2026-09-01,2026
208710,포톤,KOSDAQ,2015-01-02,2026-09-01,2026
208860,다산디엠씨,KOSDAQ,2016-08-01,2026-09-01,2026
209640,와이제이링크,KOSDAQ,2024-11-01,2026-09-01,2026
210120,캔버스엔,KOSDAQ,2023-09-01,2026-09-01,2026
210540,디와이파워,KOSPI,2015-02-02,2026-09-01,2026
210980,SK디앤디,KOSPI,2015-07-01,2026-09-01,2026
211050,인카금융서비스,KOSDAQ,2022-03-02,2026-09-01,2026
211270,AP위성,KOSDAQ,2016-04-01,2026-09-01,2026
212560,네오오토,KOSDAQ,2015-12-01,2026-09-01,2026
212710,아이에스티이,KOSDAQ,2025-03-04,2026-09-01,2026
213500,한솔제지,KOSPI,2015-02-02,2026-09-01,2026
214180,헥토이노베이션,KOSDAQ,2015-07-01,2026-09-01,2026
214260,라파스,KOSDAQ,2019-12-02,2026-09-01,2026
214270,FSN,KOSDAQ,2015-04-01,2026-09-01,2026
214330,금호에이치티,KOSPI,2015-12-01,2026-09-01,2026
214370,케어젠,KOSDAQ,2015-12-01,2026-09-01,2026
214390,경보제약,KOSPI,2015-07-01,2026-09-01,2026
214420,토니모리,KOSPI,2015-08-03,2026-09-01,2026
214430,아이쓰리시스템,KOSDAQ,2015-08-03,2026-09-01,2026
214610,롤링스톤,KOSDAQ,2020-11-02,2026-09-01,2026
214680,디알텍,KOSDAQ,2015-05-04,2026-09-01,2026
215000,골프존,KOSDAQ,2015-05-04,2026-09-01,2026
215090,솔디펜스,KOSDAQ,2015-05-04,2026-09-01,2026
215100,로보로보,KOSDAQ,2015-05-04,2026-09-01,2026
215200,메가스터디교육,KOSDAQ,2015-05-04,2026-09-01,2026
215360,우리산업,KOSDAQ,2015-06-01,2026-09-01,2026
215380,콜마바이오텍,KOSDAQ,2015-06-01,2026-09-01,2026
215480,토박스코리아,KOSDAQ,2015-06-01,2026-09-01,2026
215600,신라젠,KOSDAQ,2017-01-02,2026-09-01,2026
215790,이노인스트루먼트,KOSDAQ,2015-06-01,2026-09-01,2026
216050,인크로스,KOSDAQ,2016-11-01,2026-09-01,2026
216080,제테마,KOSDAQ,2019-12-02,2026-09-01,2026
217190,제너셈,KOSDAQ,2015-10-01,2026-09-01,2026
217270,넵튠,KOSDAQ,2015-07-01,2026-09-01,2026
217330,싸이토젠,KOSDAQ,2018-12-03,2026-09-01,2026
217480,에스디생명공학,KOSDAQ,2017-03-02,2026-09-01,2026
217500,러셀,KOSDAQ,2015-07-01,2026-09-01,2026
217590,티엠씨,KOSPI,2026-01-02,2026-09-01,2026
217620,선샤인푸드,KOSDAQ,2015-07-01,2026-05-04,2026
217730,강스템바이오텍,KOSDAQ,2016-01-04,2026-09-01,2026
217820,원익피앤이,KOSDAQ,2016-01-04,2026-09-01,2026
218150,미래생명자원,KOSDAQ,2015-07-01,2026-09-01,2026
219420,링크제니시스,KOSDAQ,2018-03-02,2026-09-01,2026
219550,디와이디,KOSDAQ,2015-08-03,2026-09-01,2026
219750,한국비티비,KOSDAQ,2018-10-01,2026-09-01,2026
220100,퓨쳐켐,KOSDAQ,2016-12-01,2026-09-01,2026
220180,폴라리스AI핸디,KOSDAQ,2016-12-01,2026-09-01,2026
220260,켐트로스,KOSDAQ,2015-08-03,2026-09-01,2026
221800,지구홀딩스,KOSDAQ,2023-12-01,2026-09-01,2026
221840,하이즈항공,KOSDAQ,2015-12-01,2026-09-01,2026
221980,케이디켐,KOSDAQ,2015-12-01,2026-09-01,2026
222040,코스맥스엔비티,KOSDAQ,2016-01-04,2026-09-01,2026
222110,팬젠,KOSDAQ,2016-04-01,2026-09-01,2026
222160,NPX,KOSDAQ,2021-12-01,2026-07-01,2026
222420,쎄노텍,KOSDAQ,2015-09-01,2026-09-01,2026
222810,세토피아,KOSDAQ,2015-09-01,2026-03-03,2026
222980,한국맥널티,KOSDAQ,2016-01-04,2026-09-01,2026
223250,드림씨아이에스,KOSDAQ,2020-06-01,2026-09-01,2026
223310,사토시홀딩스,KOSDAQ,2016-01-04,2026-09-01,2026
224060,더코디,KOSDAQ,2016-01-04,2026-09-01,2026
224110,에이텍모빌리티,KOSDAQ,2015-09-01,2026-09-01,2026
225190,LK삼양,KOSDAQ,2017-07-03,2026-09-01,2026
225220,제놀루션,KOSDAQ,2020-08-03,2026-09-01,2026
225430,케이엠제약,KOSDAQ,2015-11-02,2026-09-01,2026
225530,HC보광산업,KOSDAQ,2016-01-04,2026-09-01,2026
225570,넥슨게임즈,KOSDAQ,2015-10-01,2026-09-01,2026
225590,패션플랫폼,KOSDAQ,2015-11-02,2026-09-01,2026
226320,잇츠한불,KOSPI,2016-01-04,2026-09-01,2026
226330,신테카바이오,KOSDAQ,2020-01-02,2026-09-01,2026
226340,본느,KOSDAQ,2015-12-01,2026-09-01,2026
226360,KH 건설,KOSDAQ,2015-11-02,2026-01-02,2026
226400,오스테오닉,KOSDAQ,2018-03-02,2026-09-01,2026
226590,엠디바이스,KOSDAQ,2025-04-01,2026-09-01,2026
227100,프로브잇,KOSDAQ,2018-12-03,2026-06-01,2026
227610,아우딘퓨쳐스,KOSDAQ,2017-08-01,2026-09-01,2026
227840,현대코퍼레이션홀딩스,KOSPI,2015-11-02,2026-09-01,2026
227950,엔투텍,KOSDAQ,2015-12-01,2026-09-01,2026
228340,동양파일,KOSDAQ,2016-05-02,2026-09-01,2026
228670,레이,KOSDAQ,2019-09-02,2026-09-01,2026
228760,지노믹트리,KOSDAQ,2019-04-01,2026-09-01,2026
228850,레이언스,KOSDAQ,2016-05-02,2026-09-01,2026
229000,젠큐릭스,KOSDAQ,2020-07-01,2026-09-01,2026
230360,에코마케팅,KOSDAQ,2016-09-01,2026-06-01,2026
230980,비유테크놀러지,KOSDAQ,2016-03-02,2026-06-01,2026
232830,아이티센피엔에스,KOSDAQ,2023-07-03,2026-09-01,2026
234030,싸이닉솔루션,KOSDAQ,2025-08-01,2026-09-01,2026
234080,JW생명과학,KOSPI,2016-11-01,2026-09-01,2026
234100,폴라리스세원,KOSDAQ,2017-11-01,2026-09-01,2026
234300,에스트래픽,KOSDAQ,2018-01-02,2026-09-01,2026
234690,녹십자웰빙,KOSDAQ,2019-11-01,2026-09-01,2026
234920,자이글,KOSDAQ,2016-10-04,2026-09-01,2026
235980,메드팩토,KOSDAQ,2020-01-02,2026-09-01,2026
236200,슈프리마,KOSDAQ,2016-03-02,2026-09-01,2026
236810,엔비티,KOSDAQ,2021-02-01,2026-09-01,2026
237750,피앤씨테크,KOSDAQ,2016-08-01,2026-09-01,2026
237820,플레이디,KOSDAQ,2020-04-01,2026-09-01,2026
237880,클리오,KOSDAQ,2016-12-01,2026-09-01,2026
238090,앤디포스,KOSDAQ,2016-11-01,2026-09-01,2026
238120,얼라인드,KOSDAQ,2016-12-01,2026-09-01,2026
238200,비피도,KOSDAQ,2019-01-02,2026-09-01,2026
238490,힘스,KOSDAQ,2017-08-01,2026-09-01,2026
239340,이스트에이드,KOSDAQ,2016-07-01,2026-09-01,2026
239610,에이치엘사이언스,KOSDAQ,2016-11-01,2026-09-01,2026
239890,피엔에이치테크,KOSDAQ,2021-03-02,2026-09-01,2026
240550,동방메디컬,KOSDAQ,2025-03-04,2026-09-01,2026
240600,유진테크놀로지,KOSDAQ,2023-12-01,2026-09-01,2026
241590,화승엔터프라이즈,KOSPI,2016-10-04,2026-09-01,2026
241690,유니테크노,KOSDAQ,2016-10-04,2026-09-01,2026
241770,메카로,KOSDAQ,2018-01-02,2026-09-01,2026
241790,티이엠씨씨엔에스,KOSDAQ,2016-12-01,2026-09-01,2026
241820,피씨엘,KOSDAQ,2017-03-02,2026-09-01,2026
241840,에이스토리,KOSDAQ,2019-08-01,2026-09-01,2026
242040,나무에이엑스,KOSDAQ,2016-10-04,2026-09-01,2026
243070,휴온스,KOSDAQ,2016-07-01,2026-09-01,2026
243840,신흥에스이씨,KOSDAQ,2017-10-10,2026-09-01,2026
244460,올리패스,KOSDAQ,2019-10-01,2026-09-01,2026
244920,에이플러스에셋,KOSPI,2020-12-01,2026-09-01,2026
245620,EDGC,KOSDAQ,2018-07-02,2026-09-01,2026
246250,에스엘에스바이오,KOSDAQ,2023-11-01,2026-09-01,2026
246690,TS인베스트먼트,KOSDAQ,2017-01-02,2026-09-01,2026
246710,티앤알바이오팹,KOSDAQ,2018-12-03,2026-09-01,2026
246720,아스타,KOSDAQ,2017-04-03,2026-09-01,2026
246960,SCL사이언스,KOSDAQ,2019-02-01,2026-09-01,2026
247660,나노씨엠에스,KOSDAQ,2021-04-01,2026-09-01,2026
248170,샘표식품,KOSPI,2016-09-01,2026-09-01,2026
250000,보라티알,KOSDAQ,2017-07-03,2026-09-01,2026
250060,모비스,KOSDAQ,2016-10-04,2026-09-01,2026
250930,예선테크,KOSDAQ,2016-10-04,2026-09-01,2026
251120,바이오에프디엔씨,KOSDAQ,2022-03-02,2026-09-01,2026
251370,와이엠티,KOSDAQ,2017-05-02,2026-09-01,2026
251630,브이원텍,KOSDAQ,2017-08-01,2026-09-01,2026
251970,펌텍코리아,KOSDAQ,2019-08-01,2026-09-01,2026
252500,세화피앤씨,KOSDAQ,2016-12-01,2026-09-01,2026
253450,스튜디오드래곤,KOSDAQ,2017-12-01,2026-09-01,2026
253590,네오셈,KOSDAQ,2018-05-02,2026-09-01,2026
253840,수젠텍,KOSDAQ,2019-06-03,2026-09-01,2026
254120,자비스,KOSDAQ,2017-01-02,2026-09-01,2026
254490,미래반도체,KOSDAQ,2023-02-01,2026-09-01,2026
255220,SG,KOSDAQ,2018-02-01,2026-09-01,2026
255440,야스,KOSDAQ,2017-10-10,2026-09-01,2026
256150,한독크린텍,KOSDAQ,2019-10-01,2026-09-01,2026
256630,포인트엔지니어링,KOSDAQ,2017-05-02,2026-09-01,2026
256840,한국비엔씨,KOSDAQ,2017-01-02,2026-09-01,2026
256940,킵스파마,KOSDAQ,2017-10-10,2026-09-01,2026
257370,피엔티엠에스,KOSDAQ,2018-10-01,2026-09-01,2026
258610,케일럼,KOSDAQ,2017-09-01,2026-09-01,2026
258790,소프트캠프,KOSDAQ,2017-05-02,2026-09-01,2026
258830,세종메디칼,KOSDAQ,2018-06-01,2026-09-01,2026
259630,엠플러스,KOSDAQ,2017-10-10,2026-09-01,2026
260660,알리코제약,KOSDAQ,2018-03-02,2026-09-01,2026
260930,씨티케이,KOSDAQ,2018-01-02,2026-09-01,2026
260970,에스앤디,KOSDAQ,2021-10-01,2026-09-01,2026
261200,덴티스,KOSDAQ,2017-07-03,2026-09-01,2026
261520,이지스,KOSDAQ,2026-01-02,2026-09-01,2026
261780,아리바이오랩,KOSDAQ,2021-11-01,2026-09-01,2026
262260,에이프로,KOSDAQ,2020-08-03,2026-09-01,2026
262840,아이퀘스트,KOSDAQ,2021-03-02,2026-09-01,2026
263020,디케이앤디,KOSDAQ,2018-12-03,2026-09-01,2026
263050,유틸렉스,KOSDAQ,2019-01-02,2026-09-01,2026
263600,덕우전자,KOSDAQ,2017-09-01,2026-09-01,2026
263690,디알젬,KOSDAQ,2018-12-03,2026-09-01,2026
263700,케어랩스,KOSDAQ,2018-04-02,2026-09-01,2026
263720,디앤씨미디어,KOSDAQ,2017-08-01,2026-09-01,2026
263770,유에스티,KOSDAQ,2017-05-02,2026-09-01,2026
263800,데이타솔루션,KOSDAQ,2017-09-01,2026-09-01,2026
263810,상신전자,KOSDAQ,2017-11-01,2026-09-01,2026
263860,지니언스,KOSDAQ,2017-09-01,2026-09-01,2026
263920,휴엠앤씨,KOSDAQ,2017-10-10,2026-09-01,2026
264450,유비쿼스,KOSDAQ,2017-04-03,2026-09-01,2026
264660,씨앤지하이테크,KOSDAQ,2018-02-01,2026-09-01,2026
264850,이랜시스,KOSDAQ,2017-06-01,2026-09-01,2026
264900,크라운제과,KOSPI,2017-05-02,2026-09-01,2026
26490K,크라운제과우,KOSPI,2017-05-02,2026-09-01,2026
265520,AP시스템,KOSDAQ,2017-05-02,2026-09-01,2026
265560,영화테크,KOSDAQ,2017-11-01,2026-09-01,2026
265740,엔에프씨,KOSDAQ,2021-01-04,2026-09-01,2026
267290,경동도시가스,KOSPI,2017-06-01,2026-09-01,2026
267320,나인테크,KOSDAQ,2017-07-03,2026-09-01,2026
267790,배럴,KOSDAQ,2018-02-01,2026-09-01,2026
267850,아시아나IDT,KOSPI,2018-12-03,2026-09-01,2026
267980,매일유업,KOSDAQ,2017-07-03,2026-09-01,2026
268280,미원에스씨,KOSPI,2017-06-01,2026-09-01,2026
269620,시스웍,KOSDAQ,2018-01-02,2026-08-03,2026
270520,앱튼,KOSDAQ,2017-09-01,2026-09-01,2026
270660,에브리봇,KOSDAQ,2021-08-02,2026-09-01,2026
270870,뉴트리,KOSDAQ,2019-01-02,2026-09-01,2026
271830,팸텍,KOSDAQ,2023-06-01,2026-09-01,2026
271940,일진하이솔루스,KOSPI,2021-09-01,2026-09-01,2026
271980,제일약품,KOSPI,2017-08-01,2026-09-01,2026
272450,진에어,KOSPI,2018-01-02,2026-09-01,2026
272550,삼양패키징,KOSPI,2017-12-01,2026-09-01,2026
273060,와이즈버즈,KOSDAQ,2017-09-01,2026-09-01,2026
273640,와이엠텍,KOSDAQ,2021-10-01,2026-09-01,2026
274400,이노시뮬레이션,KOSDAQ,2023-08-01,2026-09-01,2026
275630,에스에스알,KOSDAQ,2018-09-03,2026-09-01,2026
276040,스코넥,KOSDAQ,2022-03-02,2026-09-01,2026
276730,한울앤제주,KOSDAQ,2021-06-01,2026-09-01,2026
277070,린드먼아시아,KOSDAQ,2018-04-02,2026-09-01,2026
277410,인산가,KOSDAQ,2017-10-10,2026-09-01,2026
277880,티에스아이,KOSDAQ,2020-08-03,2026-09-01,2026
278280,천보,KOSDAQ,2019-03-04,2026-09-01,2026
278650,HLB바이오스텝,KOSDAQ,2019-12-02,2026-09-01,2026
279570,케이뱅크,KOSPI,2026-04-01,2026-09-01,2026
279600,미디어젠,KOSDAQ,2019-12-02,2026-09-01,2026
280360,롯데웰푸드,KOSPI,2017-11-01,2026-09-01,2026
282620,기도산업,KOSDAQ,2026-09-01,2026-09-01,2026
282720,금양그린파워,KOSDAQ,2023-04-03,2026-09-01,2026
282880,코윈테크,KOSDAQ,2019-09-02,2026-09-01,2026
284620,카이노스메드,KOSDAQ,2018-07-02,2026-09-01,2026
284740,쿠쿠홈시스,KOSPI,2018-02-01,2026-09-01,2026
28513K,SK케미칼우,KOSPI,2018-02-01,2026-09-01,2026
285490,노바텍,KOSDAQ,2018-12-03,2026-09-01,2026
285800,진영,KOSDAQ,2023-06-01,2026-09-01,2026
286750,나노실리칸첨단소재,KOSDAQ,2019-09-02,2026-09-01,2026
286940,롯데이노베이트,KOSPI,2018-08-01,2026-09-01,2026
287840,인투셀,KOSDAQ,2025-06-02,2026-09-01,2026
288180,케이피항공산업,KOSDAQ,2026-06-01,2026-09-01,2026
288330,파라택시스코리아,KOSDAQ,2020-01-02,2026-09-01,2026
288620,에스프리즘,KOSDAQ,2018-11-01,2026-09-01,2026
288980,모아데이타,KOSDAQ,2022-04-01,2026-09-01,2026
289010,아이스크림에듀,KOSDAQ,2019-08-01,2026-09-01,2026
289080,SV인베스트먼트,KOSDAQ,2018-08-01,2026-09-01,2026
289220,자이언트스텝,KOSDAQ,2021-04-01,2026-09-01,2026
289930,웨이비스,KOSDAQ,2024-11-01,2026-09-01,2026
290090,트윔,KOSDAQ,2021-12-01,2026-09-01,2026
290120,DH오토리드,KOSDAQ,2019-01-02,2026-09-01,2026
290270,휴네시온,KOSDAQ,2018-09-03,2026-09-01,2026
290520,신도기연,KOSDAQ,2020-08-03,2026-09-01,2026
290560,파라택시스이더리움,KOSDAQ,2023-12-01,2026-09-01,2026
290660,다이나믹솔루션,KOSDAQ,2018-12-03,2026-09-01,2026
290670,대보마그네틱,KOSDAQ,2018-12-03,2026-09-01,2026
290690,아리바이오홀딩스,KOSDAQ,2020-12-01,2026-09-01,2026
290720,푸드나무,KOSDAQ,2018-11-01,2026-09-01,2026
290740,액트로,KOSDAQ,2018-09-03,2026-09-01,2026
291230,컴투스엔,KOSDAQ,2018-10-01,2026-09-01,2026
291650,츌립앤사이언스,KOSDAQ,2020-10-05,2026-09-01,2026
291810,핀텔,KOSDAQ,2022-11-01,2026-09-01,2026
293480,하나제약,KOSPI,2018-11-01,2026-09-01,2026
293580,나우IB,KOSDAQ,2018-11-01,2026-09-01,2026
293780,압타바이오,KOSDAQ,2019-07-01,2026-09-01,2026
293940,신한알파리츠,KOSPI,2018-09-03,2026-09-01,2026
294090,이오플로우,KOSDAQ,2020-10-05,2026-09-01,2026
294140,레몬,KOSDAQ,2020-03-02,2026-09-01,2026
294570,쿠콘,KOSDAQ,2021-05-03,2026-09-01,2026
294630,서남,KOSDAQ,2020-03-02,2026-09-01,2026
296640,이노에이엑스,KOSDAQ,2022-11-01,2026-09-01,2026
297090,씨에스베어링,KOSDAQ,2019-12-02,2026-09-01,2026
297570,아틀라스링크,KOSDAQ,2018-08-01,2026-09-01,2026
297890,HB솔루션,KOSDAQ,2020-07-01,2026-09-01,2026
298000,효성화학,KOSPI,2018-08-01,2026-09-01,2026
298060,풍전약품,KOSDAQ,2020-07-01,2026-09-01,2026
298540,더네이쳐홀딩스,KOSDAQ,2020-08-03,2026-09-01,2026
298690,에어부산,KOSPI,2019-01-02,2026-09-01,2026
298830,슈어소프트테크,KOSDAQ,2023-05-02,2026-09-01,2026
299030,하나기술,KOSDAQ,2020-12-01,2026-09-01,2026
299170,더블유에스아이,KOSDAQ,2018-10-01,2026-09-01,2026
299660,셀리드,KOSDAQ,2019-03-04,2026-09-01,2026
299900,위지윅스튜디오,KOSDAQ,2019-01-02,2026-08-03,2026
300080,플리토,KOSDAQ,2019-08-01,2026-09-01,2026
300120,라온피플,KOSDAQ,2019-11-01,2026-09-01,2026
300720,한일시멘트,KOSPI,2018-09-03,2026-09-01,2026
301300,바이브컴퍼니,KOSDAQ,2020-11-02,2026-09-01,2026
302430,이노메트리,KOSDAQ,2019-01-02,2026-09-01,2026
302550,리메드,KOSDAQ,2020-01-02,2026-09-01,2026
303030,지니틱스,KOSDAQ,2018-09-03,2026-09-01,2026
303360,프로티아,KOSDAQ,2023-07-03,2026-09-01,2026
303530,이노뎁,KOSDAQ,2021-07-01,2026-09-01,2026
303810,동국생명과학,KOSDAQ,2025-03-04,2026-09-01,2026
304100,솔트룩스,KOSDAQ,2020-08-03,2026-09-01,2026
304360,에스바이오메딕스,KOSDAQ,2023-06-01,2026-09-01,2026
304840,피플바이오,KOSDAQ,2020-11-02,2026-09-01,2026
305090,마이크로디지탈,KOSDAQ,2019-07-01,2026-09-01,2026
306040,에스제이그룹,KOSDAQ,2019-12-02,2026-09-01,2026
306200,세아제강,KOSPI,2018-11-01,2026-09-01,2026
306620,지아이에스,KOSDAQ,2018-11-01,2026-09-01,2026
307180,아이엘,KOSDAQ,2019-01-02,2026-09-01,2026
307280,원바이오젠,KOSDAQ,2019-01-02,2026-09-01,2026
307750,국전,KOSDAQ,2019-01-02,2026-09-01,2026
307870,비투엔,KOSDAQ,2019-01-02,2026-09-01,2026
307930,컴퍼니케이,KOSDAQ,2019-06-03,2026-09-01,2026
307950,현대오토에버,KOSPI,2019-04-01,2026-09-01,2026
308080,바이젠셀,KOSDAQ,2021-09-01,2026-09-01,2026
308100,형지글로벌,KOSDAQ,2019-07-01,2026-09-01,2026
308170,씨티알모빌리티,KOSPI,2019-12-02,2026-09-01,2026
308430,셀비온,KOSDAQ,2024-11-01,2026-09-01,2026
309710,아이티켐,KOSDAQ,2025-09-01,2026-09-01,2026
309930,조이웍스앤코,KOSDAQ,2019-01-02,2026-09-01,2026
309960,LB인베스트먼트,KOSDAQ,2023-04-03,2026-09-01,2026
310200,애니플러스,KOSDAQ,2019-01-02,2026-09-01,2026
310870,디와이씨,KOSDAQ,2019-01-02,2026-09-01,2026
311320,지오엘리먼트,KOSDAQ,2021-12-01,2026-09-01,2026
311390,네오크레마,KOSDAQ,2019-09-02,2026-09-01,2026
311690,CJ 바이오사이언스,KOSDAQ,2020-01-02,2026-09-01,2026
312610,에이에프더블류,KOSDAQ,2019-07-01,2026-09-01,2026
313760,캐리,KOSDAQ,2019-08-01,2026-09-01,2026
314130,지놈앤컴퍼니,KOSDAQ,2021-01-04,2026-09-01,2026
314140,알피바이오,KOSDAQ,2022-10-04,2026-09-01,2026
314930,바이오다인,KOSDAQ,2021-04-01,2026-09-01,2026
315640,딥노이드,KOSDAQ,2021-09-01,2026-09-01,2026
317120,라닉스,KOSDAQ,2019-10-01,2026-09-01,2026
317240,TS트릴리온,KOSDAQ,2019-05-02,2026-09-01,2026
317330,덕산테코피아,KOSDAQ,2019-09-02,2026-09-01,2026
317400,자이에스앤디,KOSPI,2019-12-02,2026-09-01,2026
317450,명인제약,KOSPI,2025-10-01,2026-09-01,2026
317530,에피소드컴퍼니,KOSDAQ,2019-11-01,2026-09-01,2026
317690,퀀타매트릭스,KOSDAQ,2021-01-04,2026-09-01,2026
317770,엑스페릭스,KOSDAQ,2019-08-01,2026-09-01,2026
317830,에스피시스템스,KOSDAQ,2019-09-02,2026-09-01,2026
317850,대모,KOSDAQ,2019-08-01,2026-09-01,2026
317870,엔바이오니아,KOSDAQ,2019-11-01,2026-09-01,2026
318000,KBG,KOSDAQ,2019-08-01,2026-09-01,2026
318010,팜스빌,KOSDAQ,2019-11-01,2026-09-01,2026
318020,포인트모바일,KOSDAQ,2021-01-04,2026-09-01,2026
318060,그래피,KOSDAQ,2025-09-01,2026-09-01,2026
318160,셀바이오휴먼텍,KOSDAQ,2023-05-02,2026-09-01,2026
318410,비비씨,KOSDAQ,2020-10-05,2026-09-01,2026
319400,현대무벡스,KOSDAQ,2019-06-03,2026-09-01,2026
320000,한울반도체,KOSDAQ,2020-09-01,2026-09-01,2026
321260,프로이천,KOSDAQ,2019-06-03,2026-09-01,2026
321370,센서뷰,KOSDAQ,2023-08-01,2026-09-01,2026
321550,티움바이오,KOSDAQ,2019-12-02,2026-09-01,2026
321820,아티스트컴퍼니,KOSDAQ,2021-03-02,2026-09-01,2026
322180,LS티라유텍,KOSDAQ,2019-11-01,2026-09-01,2026
322510,제이엘케이,KOSDAQ,2020-01-02,2026-09-01,2026
322780,코퍼스코리아,KOSDAQ,2019-06-03,2026-09-01,2026
323280,태성,KOSDAQ,2019-07-01,2026-09-01,2026
323350,다원넥스뷰,KOSDAQ,2024-07-01,2026-09-01,2026
323990,박셀바이오,KOSDAQ,2020-10-05,2026-09-01,2026
328380,솔트웨어,KOSDAQ,2019-09-02,2026-09-01,2026
330350,위더스제약,KOSDAQ,2020-08-03,2026-09-01,2026
330590,롯데리츠,KOSPI,2019-11-01,2026-09-01,2026
330730,스톤브릿지벤처스,KOSDAQ,2022-03-02,2026-09-01,2026
330860,네패스아크,KOSDAQ,2020-12-01,2026-09-01,2026
331380,포커스에이아이,KOSDAQ,2019-11-01,2026-09-01,2026
331520,밸로프,KOSDAQ,2020-10-05,2026-09-01,2026
331740,아우토크립트,KOSDAQ,2025-08-01,2026-09-01,2026
331920,셀레믹스,KOSDAQ,2020-09-01,2026-09-01,2026
332290,누보,KOSDAQ,2019-11-01,2026-09-01,2026
332370,아이디피,KOSDAQ,2020-09-01,2026-09-01,2026
333050,이노테나,KOSDAQ,2019-11-01,2026-09-01,2026
333430,일승,KOSDAQ,2019-12-02,2026-09-01,2026
333620,엔시스,KOSDAQ,2021-04-01,2026-09-01,2026
334890,이지스밸류플러스리츠,KOSPI,2020-08-03,2026-09-01,2026
334970,프레스티지바이오로직스,KOSDAQ,2021-04-01,2026-09-01,2026
335810,프리시젼바이오,KOSDAQ,2021-01-04,2026-09-01,2026
335870,윙스풋,KOSDAQ,2020-01-02,2026-09-01,2026
336060,웨이버스,KOSDAQ,2019-12-02,2026-09-01,2026
33626K,두산퓨얼셀1우,KOSPI,2019-11-01,2026-09-01,2026
33626L,두산퓨얼셀2우B,KOSPI,2019-11-01,2026-09-01,2026
336370,솔루스첨단소재,KOSPI,2019-11-01,2026-09-01,2026
33637K,솔루스첨단소재1우,KOSPI,2019-11-01,2026-09-01,2026
33637L,솔루스첨단소재2우B,KOSPI,2019-11-01,2026-09-01,2026
336570,원텍,KOSDAQ,2020-10-05,2026-09-01,2026
336680,탑런토탈솔루션,KOSDAQ,2024-11-01,2026-09-01,2026
337930,젝시믹스,KOSDAQ,2020-09-01,2026-09-01,2026
338100,NH프라임리츠,KOSPI,2020-01-02,2026-09-01,2026
338220,뷰노,KOSDAQ,2021-03-02,2026-09-01,2026
338840,와이바이오로직스,KOSDAQ,2024-01-02,2026-09-01,2026
339770,교촌에프앤비,KOSPI,2020-12-01,2026-09-01,2026
339950,아이비김영,KOSDAQ,2020-10-05,2026-09-01,2026
340360,다보링크,KOSDAQ,2020-10-05,2026-09-01,2026
340440,세림B&G,KOSDAQ,2020-10-05,2026-09-01,2026
340450,지씨지놈,KOSDAQ,2025-07-01,2026-09-01,2026
340570,티앤엘,KOSDAQ,2020-12-01,2026-09-01,2026
340810,시선AI,KOSDAQ,2023-06-01,2026-09-01,2026
340930,성원에너텍,KOSDAQ,2021-03-02,2026-09-01,2026
342870,오아,KOSDAQ,2025-10-01,2026-09-01,2026
344820,KCC글라스,KOSPI,2020-02-03,2026-09-01,2026
344860,이노진,KOSDAQ,2023-03-02,2026-09-01,2026
347000,센코,KOSDAQ,2020-11-02,2026-09-01,2026
347740,피엔케이피부임상연구센타,KOSDAQ,2020-10-05,2026-09-01,2026
347770,핌스,KOSDAQ,2020-10-05,2026-09-01,2026
347860,알체라,KOSDAQ,2021-01-04,2026-09-01,2026
347890,엠엑스온,KOSDAQ,2020-08-03,2026-09-01,2026
348030,모비릭스,KOSDAQ,2021-02-01,2026-09-01,2026
348080,큐라티스,KOSDAQ,2023-07-03,2026-09-01,2026
348150,고바이오랩,KOSDAQ,2020-12-01,2026-09-01,2026
348340,뉴로메카,KOSDAQ,2022-12-01,2026-09-01,2026
348350,위드텍,KOSDAQ,2020-11-02,2026-09-01,2026
348370,엔켐,KOSDAQ,2021-11-01,2026-09-01,2026
348950,제이알글로벌리츠,KOSPI,2020-09-01,2026-09-01,2026
350520,이지스레지던스리츠,KOSPI,2020-09-01,2026-09-01,2026
351320,넥사다이내믹스,KOSDAQ,2020-07-01,2026-09-01,2026
351330,이삭엔지니어링,KOSDAQ,2021-05-03,2026-09-01,2026
351870,차이커뮤니케이션,KOSDAQ,2024-10-02,2026-09-01,2026
352090,스톰테크,KOSDAQ,2023-12-01,2026-09-01,2026
352480,씨앤씨인터내셔널,KOSDAQ,2021-06-01,2026-09-01,2026
352700,씨앤투스,KOSDAQ,2021-02-01,2026-09-01,2026
352770,셀레스트라,KOSDAQ,2021-01-04,2026-09-01,2026
352910,오비고,KOSDAQ,2021-08-02,2026-09-01,2026
352940,인바이오,KOSDAQ,2021-01-04,2026-09-01,2026
353190,휴럼,KOSDAQ,2020-07-01,2026-09-01,2026
35320K,대덕전자1우,KOSPI,2020-06-01,2026-09-01,2026
353590,오토앤,KOSDAQ,2022-02-03,2026-09-01,2026
353810,이지바이오,KOSDAQ,2020-07-01,2026-09-01,2026
354200,엔젠바이오,KOSDAQ,2021-01-04,2026-09-01,2026
355390,크라우드웍스,KOSDAQ,2023-09-01,2026-09-01,2026
355690,에이텀,KOSDAQ,2023-12-01,2026-09-01,2026
356680,엑스게이트,KOSDAQ,2023-04-03,2026-09-01,2026
356890,싸이버원,KOSDAQ,2021-04-01,2026-09-01,2026
357120,코람코라이프인프라리츠,KOSPI,2020-09-01,2026-09-01,2026
357230,에이치피오,KOSDAQ,2021-06-01,2026-09-01,2026
357250,미래에셋맵스리츠,KOSPI,2020-09-01,2026-09-01,2026
357430,마스턴프리미어리츠,KOSPI,2022-06-02,2026-09-01,2026
357550,석경에이티,KOSDAQ,2021-01-04,2026-09-01,2026
357580,아모센스,KOSDAQ,2021-07-01,2026-09-01,2026
357880,SKAI,KOSDAQ,2021-12-01,2026-09-01,2026
359090,씨엔알리서치,KOSDAQ,2020-10-05,2026-09-01,2026
360070,탑머티리얼,KOSDAQ,2022-11-01,2026-09-01,2026
360350,코셈,KOSDAQ,2024-03-04,2026-09-01,2026
361390,제노코,KOSDAQ,2021-04-01,2026-09-01,2026
361570,알비더블유,KOSDAQ,2021-12-01,2026-09-01,2026
361610,SK아이이테크놀로지,KOSPI,2021-06-01,2026-09-01,2026
361670,삼영에스앤씨,KOSDAQ,2021-06-01,2026-09-01,2026
362320,청담글로벌,KOSDAQ,2022-07-01,2026-09-01,2026
362990,드림인사이트,KOSDAQ,2024-02-01,2026-09-01,2026
363250,진시스템,KOSDAQ,2021-06-01,2026-09-01,2026
363260,모비데이즈,KOSDAQ,2021-03-02,2026-09-01,2026
363280,티와이홀딩스,KOSPI,2020-10-05,2026-09-01,2026
36328K,티와이홀딩스우,KOSPI,2020-10-05,2026-09-01,2026
364950,에이아이코리아,KOSDAQ,2025-05-02,2026-09-01,2026
365270,큐라클,KOSDAQ,2021-08-02,2026-09-01,2026
365330,에스와이스틸텍,KOSDAQ,2023-12-01,2026-09-01,2026
365340,성일하이텍,KOSDAQ,2022-08-01,2026-09-01,2026
365550,ESR켄달스퀘어리츠,KOSPI,2021-01-04,2026-09-01,2026
365590,하이딥,KOSDAQ,2021-01-04,2026-09-01,2026
365660,레몬헬스케어,KOSDAQ,2026-08-03,2026-09-01,2026
365900,브이씨,KOSDAQ,2022-03-02,2026-09-01,2026
366030,나인앤컴퍼니,KOSDAQ,2022-04-01,2026-09-01,2026
367000,플래티어,KOSDAQ,2021-09-01,2026-09-01,2026
368600,아이씨에이치,KOSDAQ,2022-08-01,2026-09-01,2026
368770,파이버프로,KOSDAQ,2021-02-01,2026-09-01,2026
368970,오에스피,KOSDAQ,2022-11-01,2026-09-01,2026
369370,블리츠웨이엔터테인먼트,KOSDAQ,2021-01-04,2026-09-01,2026
370090,퓨런티어,KOSDAQ,2022-03-02,2026-09-01,2026
371950,풍원정밀,KOSDAQ,2022-03-02,2026-09-01,2026
372170,윤성에프앤씨,KOSDAQ,2022-12-01,2026-09-01,2026
372320,큐로셀,KOSDAQ,2023-12-01,2026-09-01,2026
372800,아이티아이즈,KOSDAQ,2021-12-01,2026-09-01,2026
372910,한컴라이프케어,KOSPI,2021-09-01,2026-09-01,2026
373110,엑셀세라퓨틱스,KOSDAQ,2024-08-01,2026-09-01,2026
373160,데이원컴퍼니,KOSDAQ,2025-02-03,2026-09-01,2026
373170,엠아이큐브솔루션,KOSDAQ,2023-09-01,2026-09-01,2026
373200,엑스플러스,KOSDAQ,2021-03-02,2026-09-01,2026
37550K,DL이앤씨우,KOSPI,2021-02-01,2026-09-01,2026
37550L,DL이앤씨2우(전환),KOSPI,2022-05-02,2026-09-01,2026
376180,피코그램,KOSDAQ,2021-12-01,2026-09-01,2026
376270,HEM파마,KOSDAQ,2024-12-02,2026-09-01,2026
376290,씨유테크,KOSDAQ,2021-11-01,2026-09-01,2026
376300,디어유,KOSDAQ,2021-12-01,2026-09-01,2026
376900,로킷헬스케어,KOSDAQ,2025-06-02,2026-09-01,2026
376930,노을,KOSDAQ,2022-04-01,2026-09-01,2026
376980,원티드랩,KOSDAQ,2021-09-01,2026-09-01,2026
377030,비트맥스,KOSDAQ,2021-08-02,2026-09-01,2026
377190,디앤디플랫폼리츠,KOSPI,2021-09-01,2026-09-01,2026
377220,프롬바이오,KOSDAQ,2021-10-01,2026-09-01,2026
377330,이지트로닉스,KOSDAQ,2022-03-02,2026-09-01,2026
377450,리파인,KOSDAQ,2021-11-01,2026-09-01,2026
377460,큐에이드,KOSDAQ,2022-07-01,2026-09-01,2026
377480,마음AI,KOSDAQ,2021-12-01,2026-09-01,2026
377740,바이오노트,KOSPI,2023-01-02,2026-09-01,2026
378340,필에너지,KOSDAQ,2023-08-01,2026-09-01,2026
378800,샤페론,KOSDAQ,2022-11-01,2026-09-01,2026
378850,화승알앤에이,KOSPI,2021-04-01,2026-09-01,2026
380540,옵티코어,KOSDAQ,2023-01-02,2026-09-01,2026
380550,뉴로핏,KOSDAQ,2025-08-01,2026-09-01,2026
381620,제닉스로보틱스,KOSDAQ,2024-10-02,2026-09-01,2026
381970,케이카,KOSPI,2021-11-01,2026-09-01,2026
382150,온코크로스,KOSDAQ,2025-01-02,2026-09-01,2026
382480,지아이텍,KOSDAQ,2021-11-01,2026-09-01,2026
382840,원준,KOSDAQ,2021-11-01,2026-09-01,2026
382900,범한퓨얼셀,KOSDAQ,2022-07-01,2026-09-01,2026
383800,LX홀딩스,KOSPI,2021-06-01,2026-09-01,2026
38380K,LX홀딩스1우,KOSPI,2021-06-01,2026-09-01,2026
383930,디티앤씨알오,KOSDAQ,2022-12-01,2026-09-01,2026
384470,코어라인소프트,KOSDAQ,2023-10-04,2026-09-01,2026
387570,파인메딕스,KOSDAQ,2025-01-02,2026-09-01,2026
387690,레메디,KOSDAQ,2026-08-03,2026-09-01,2026
388610,지에프씨생명과학,KOSDAQ,2025-07-01,2026-09-01,2026
388790,라이콤,KOSDAQ,2021-10-01,2026-09-01,2026
388870,파로스아이바이오,KOSDAQ,2023-08-01,2026-09-01,2026
389020,자람테크놀로지,KOSDAQ,2023-04-03,2026-09-01,2026
389030,지니너스,KOSDAQ,2021-12-01,2026-09-01,2026
389140,포바이포,KOSDAQ,2022-05-02,2026-09-01,2026
389260,대명에너지,KOSDAQ,2022-06-02,2026-09-01,2026
389650,넥스트바이오메디컬,KOSDAQ,2024-09-02,2026-09-01,2026
389680,유디엠텍,KOSDAQ,2024-12-02,2026-09-01,2026
391710,코닉오토메이션,KOSDAQ,2021-11-01,2026-09-01,2026
393210,토마토시스템,KOSDAQ,2023-05-02,2026-09-01,2026
393970,대진첨단소재,KOSDAQ,2025-04-01,2026-09-01,2026
394280,오픈엣지테크놀로지,KOSDAQ,2022-10-04,2026-09-01,2026
394420,리센스메디컬,KOSDAQ,2026-04-01,2026-09-01,2026
394800,쓰리빌리언,KOSDAQ,2024-12-02,2026-09-01,2026
396270,넥스트칩,KOSDAQ,2022-07-01,2026-09-01,2026
396300,세아메카닉스,KOSDAQ,2022-04-01,2026-09-01,2026
396470,워트,KOSDAQ,2023-11-01,2026-09-01,2026
396690,미래에셋글로벌리츠,KOSPI,2022-01-03,2026-09-01,2026
397810,애드포러스,KOSDAQ,2025-09-01,2026-09-01,2026
398120,에스지헬스케어,KOSDAQ,2025-01-02,2026-09-01,2026
399720,가온칩스,KOSDAQ,2022-06-02,2026-09-01,2026
400760,NH올원리츠,KOSPI,2021-12-01,2026-09-01,2026
402030,코난테크놀로지,KOSDAQ,2022-08-01,2026-09-01,2026
403490,우듬지팜,KOSDAQ,2023-10-04,2026-09-01,2026
403550,쏘카,KOSPI,2022-09-01,2026-09-01,2026
403850,더핑크퐁컴퍼니,KOSDAQ,2025-12-01,2026-09-01,2026
404990,신한서부티엔디리츠,KOSPI,2022-01-03,2026-09-01,2026
405000,플라즈맵,KOSDAQ,2022-11-01,2026-09-01,2026
405100,큐알티,KOSDAQ,2022-12-01,2026-09-01,2026
405920,나라셀라,KOSDAQ,2023-07-03,2026-09-01,2026
406820,뷰티스킨,KOSDAQ,2023-08-01,2026-09-01,2026
407400,꿈비,KOSDAQ,2023-03-02,2026-09-01,2026
408470,한패스,KOSDAQ,2026-04-01,2026-09-01,2026
408900,스튜디오미르,KOSDAQ,2023-03-02,2026-09-01,2026
408920,메쎄이상,KOSDAQ,2022-04-01,2026-09-01,2026
411080,샌즈랩,KOSDAQ,2023-03-02,2026-09-01,2026
412350,레이저쎌,KOSDAQ,2022-07-01,2026-09-01,2026
412540,제일엠앤에스,KOSDAQ,2024-05-02,2026-09-01,2026
413390,엠오티,KOSDAQ,2024-12-02,2026-09-01,2026
413630,씨피시스템,KOSDAQ,2022-04-01,2026-09-01,2026
413640,비아이매트릭스,KOSDAQ,2023-12-01,2026-09-01,2026
415380,스튜디오삼익,KOSDAQ,2024-03-04,2026-09-01,2026
415640,KB발해인프라,KOSPI,2024-12-02,2026-09-01,2026
416180,신성에스티,KOSDAQ,2023-11-01,2026-09-01,2026
417010,나노팀,KOSDAQ,2023-04-03,2026-09-01,2026
417030,니어스랩,KOSDAQ,2026-09-01,2026-09-01,2026
417180,핑거스토리,KOSDAQ,2023-01-02,2026-09-01,2026
417310,코람코더원리츠,KOSPI,2022-04-01,2026-09-01,2026
417500,제이아이테크,KOSDAQ,2022-12-01,2026-09-01,2026
417790,트루엔,KOSDAQ,2023-06-01,2026-09-01,2026
417860,오브젠,KOSDAQ,2023-02-01,2026-09-01,2026
417970,모델솔루션,KOSDAQ,2022-11-01,2026-09-01,2026
418250,시큐레터,KOSDAQ,2023-09-01,2026-09-01,2026
418420,라온텍,KOSDAQ,2023-04-03,2026-09-01,2026
418470,KT밀리의서재,KOSDAQ,2023-10-04,2026-09-01,2026
418550,제이오,KOSDAQ,2023-03-02,2026-09-01,2026
418620,E8,KOSDAQ,2024-03-04,2026-09-01,2026
419050,삼기에너지솔루션즈,KOSDAQ,2023-03-02,2026-09-01,2026
419080,엔젯,KOSDAQ,2022-12-01,2026-09-01,2026
419120,산돌,KOSDAQ,2022-11-01,2026-09-01,2026
419530,SAMG엔터,KOSDAQ,2023-01-02,2026-09-01,2026
419540,비스토스,KOSDAQ,2022-11-01,2026-09-01,2026
420570,제이투케이바이오,KOSDAQ,2024-04-01,2026-09-01,2026
420770,기가비스,KOSDAQ,2023-06-01,2026-09-01,2026
424760,벨로크,KOSDAQ,2022-08-01,2026-09-01,2026
424870,이뮨온시아,KOSDAQ,2025-06-02,2026-09-01,2026
424960,스마트레이더시스템,KOSDAQ,2023-09-01,2026-09-01,2026
424980,마이크로투나노,KOSDAQ,2023-05-02,2026-09-01,2026
425040,티이엠씨,KOSDAQ,2023-02-01,2026-09-01,2026
425420,티에프이,KOSDAQ,2022-12-01,2026-09-01,2026
429270,시지트로닉스,KOSDAQ,2023-09-01,2026-09-01,2026
430690,한싹,KOSDAQ,2023-10-04,2026-09-01,2026
431190,케이쓰리아이,KOSDAQ,2024-09-02,2026-09-01,2026
432320,KB스타리츠,KOSPI,2022-11-01,2026-09-01,2026
432430,와이랩,KOSDAQ,2023-08-01,2026-09-01,2026
432470,케이엔에스,KOSDAQ,2024-01-02,2026-09-01,2026
432720,퀄리타스반도체,KOSDAQ,2023-11-01,2026-09-01,2026
432980,엠에프씨,KOSDAQ,2025-01-02,2026-09-01,2026
434480,모니터랩,KOSDAQ,2023-06-01,2026-09-01,2026
435570,에르코스,KOSDAQ,2025-03-04,2026-09-01,2026
437730,삼현,KOSDAQ,2024-04-01,2026-09-01,2026
438700,버넥트,KOSDAQ,2023-08-01,2026-09-01,2026
439090,마녀공장,KOSDAQ,2023-07-03,2026-09-01,2026
439260,대한조선,KOSPI,2025-08-01,2026-09-01,2026
439580,블루엠텍,KOSDAQ,2024-01-02,2026-09-01,2026
439960,코스모로보틱스,KOSDAQ,2026-06-01,2026-09-01,2026
440290,HB인베스트먼트,KOSDAQ,2024-02-01,2026-09-01,2026
440320,오픈놀,KOSDAQ,2023-07-03,2026-09-01,2026
441270,파인엠텍,KOSDAQ,2022-11-01,2026-09-01,2026
443250,레뷰코퍼레이션,KOSDAQ,2023-11-01,2026-09-01,2026
443670,에스피소프트,KOSDAQ,2024-03-04,2026-09-01,2026
444530,심플랫폼,KOSDAQ,2025-04-01,2026-09-01,2026
444920,유안타제11호스팩,KOSDAQ,2023-09-01,2026-04-01,2026
445090,에이직랜드,KOSDAQ,2023-12-01,2026-09-01,2026
445180,퓨릿,KOSDAQ,2023-11-01,2026-09-01,2026
446070,유니드비티플러스,KOSPI,2022-12-01,2026-09-01,2026
446150,유안타제12호스팩,KOSDAQ,2023-04-03,2026-01-02,2026
446540,메가터치,KOSDAQ,2023-12-01,2026-09-01,2026
446840,지슨,KOSDAQ,2023-06-01,2026-09-01,2026
448280,에코아이,KOSDAQ,2023-12-01,2026-09-01,2026
448710,코츠테크놀로지,KOSDAQ,2023-09-01,2026-09-01,2026
448730,삼성FN리츠,KOSPI,2023-05-02,2026-09-01,2026
448830,미래에셋비전스팩3호,KOSDAQ,2023-05-02,2026-01-02,2026
448900,한국피아이엠,KOSDAQ,2025-05-02,2026-09-01,2026
450050,하이제8호스팩,KOSDAQ,2023-07-03,2026-01-02,2026
450140,코오롱모빌리티그룹,KOSPI,2023-02-01,2026-01-02,2026
45014K,코오롱모빌리티그룹우,KOSPI,2023-02-01,2026-01-02,2026
450330,하스,KOSDAQ,2024-08-01,2026-09-01,2026
450520,인스웨이브,KOSDAQ,2023-10-04,2026-09-01,2026
450940,유안타제14호스팩,KOSDAQ,2023-08-01,2026-03-03,2026
450950,아스테라시스,KOSDAQ,2025-02-03,2026-09-01,2026
451220,아이엠티,KOSDAQ,2023-11-01,2026-09-01,2026
451250,삐아,KOSDAQ,2024-05-02,2026-09-01,2026
451700,엔에이치스팩29호,KOSDAQ,2023-07-03,2026-06-01,2026
451800,한화리츠,KOSPI,2023-04-03,2026-09-01,2026
452160,제이엔비,KOSDAQ,2023-12-01,2026-09-01,2026
452190,한빛레이저,KOSDAQ,2024-02-01,2026-09-01,2026
452200,민테크,KOSDAQ,2024-06-03,2026-09-01,2026
452260,한화갤러리아,KOSPI,2023-04-03,2026-09-01,2026
45226K,한화갤러리아우,KOSPI,2023-04-03,2026-09-01,2026
452300,캡스톤파트너스,KOSDAQ,2023-12-01,2026-09-01,2026
452400,이닉스,KOSDAQ,2024-02-01,2026-09-01,2026
452430,사피엔반도체,KOSDAQ,2024-03-04,2026-09-01,2026
452450,피아이이,KOSDAQ,2025-03-04,2026-09-01,2026
452670,상상인제4호스팩,KOSDAQ,2023-10-04,2026-04-01,2026
452980,신한제11호스팩,KOSDAQ,2023-10-04,2026-05-04,2026
453340,현대그린푸드,KOSPI,2023-05-02,2026-09-01,2026
453450,그리드위즈,KOSDAQ,2024-07-01,2026-09-01,2026
453860,에이에스텍,KOSDAQ,2023-12-01,2026-09-01,2026
454640,하나29호스팩,KOSDAQ,2023-07-03,2026-02-02,2026
455180,케이지에이,KOSDAQ,2025-07-01,2026-09-01,2026
455250,KB제25호스팩,KOSDAQ,2023-07-03,2026-01-02,2026
455310,한화플러스제4호스팩,KOSDAQ,2023-10-04,2026-04-01,2026
455900,엔젤로보틱스,KOSDAQ,2024-04-01,2026-09-01,2026
455910,에스케이증권제9호스팩,KOSDAQ,2023-08-01,2026-03-03,2026
456070,이엔셀,KOSDAQ,2024-09-02,2026-09-01,2026
456490,교보14호스팩,KOSDAQ,2023-08-01,2026-02-02,2026
457370,한켐,KOSDAQ,2024-11-01,2026-09-01,2026
457550,우진엔텍,KOSDAQ,2024-02-01,2026-09-01,2026
457600,벡트,KOSDAQ,2025-01-02,2026-09-01,2026
457630,대신밸런스제16호스팩,KOSDAQ,2023-10-04,2026-04-01,2026
457940,에스케이증권제10호스팩,KOSDAQ,2023-09-01,2026-03-03,2026
458350,에스팀,KOSDAQ,2026-04-01,2026-09-01,2026
458610,한국제12호스팩,KOSDAQ,2023-09-01,2026-04-01,2026
458650,성우,KOSDAQ,2024-11-01,2026-09-01,2026
459100,위츠,KOSDAQ,2024-12-02,2026-09-01,2026
459510,나우로보틱스,KOSDAQ,2025-06-02,2026-09-01,2026
459550,알트,KOSDAQ,2025-12-01,2026-09-01,2026
460470,아이빔테크놀로지,KOSDAQ,2024-09-02,2026-09-01,2026
460850,동국씨엠,KOSPI,2023-07-03,2026-09-01,2026
460870,에스엠씨지,KOSDAQ,2025-04-01,2026-09-01,2026
460930,현대힘스,KOSDAQ,2024-02-01,2026-09-01,2026
460940,피앤에스로보틱스,KOSDAQ,2024-08-01,2026-09-01,2026
461030,아이엠비디엑스,KOSDAQ,2024-05-02,2026-09-01,2026
461300,아이스크림미디어,KOSDAQ,2024-09-02,2026-09-01,2026
462020,에이치엠씨제6호스팩,KOSDAQ,2023-11-01,2026-05-04,2026
462310,뉴키즈온,KOSDAQ,2025-08-01,2026-09-01,2026
462350,이노스페이스,KOSDAQ,2024-08-01,2026-09-01,2026
462510,라메디텍,KOSDAQ,2024-07-01,2026-09-01,2026
462520,조선내화,KOSPI,2023-08-01,2026-09-01,2026
462860,더즌,KOSDAQ,2025-04-01,2026-09-01,2026
462980,아이지넷,KOSDAQ,2025-03-04,2026-09-01,2026
463020,뉴엔AI,KOSDAQ,2025-08-01,2026-09-01,2026
463480,모티브링크,KOSDAQ,2025-03-04,2026-09-01,2026
464080,에스오에스랩,KOSDAQ,2024-07-01,2026-09-01,2026
464280,티디에스팜,KOSDAQ,2024-09-02,2026-09-01,2026
464440,한국제13호스팩,KOSDAQ,2023-12-01,2026-06-01,2026
464490,쿼드메디슨,KOSDAQ,2026-01-02,2026-09-01,2026
464500,아이언디바이스,KOSDAQ,2024-10-02,2026-09-01,2026
464580,닷밀,KOSDAQ,2024-12-02,2026-09-01,2026
464680,KB제27호스팩,KOSDAQ,2023-12-01,2026-06-01,2026
465320,교보15호스팩,KOSDAQ,2024-01-02,2026-09-01,2026
465480,인스피언,KOSDAQ,2024-11-01,2026-09-01,2026
465770,STX그린로지스,KOSPI,2023-10-04,2026-09-01,2026
466410,사이냅소프트,KOSDAQ,2024-12-02,2026-09-01,2026
466690,키움히어로제1호스팩,KOSDAQ,2026-01-02,2026-09-01,2026
466910,엔에이치스팩30호,KOSDAQ,2023-12-01,2026-05-04,2026
467930,IBKS제23호스팩,KOSDAQ,2024-01-02,2026-07-01,2026
468530,프로티나,KOSDAQ,2025-08-01,2026-09-01,2026
468760,유진스팩10호,KOSDAQ,2024-03-04,2026-09-01,2026
469480,IBKS제24호스팩,KOSDAQ,2024-02-01,2026-09-01,2026
469610,이노테크,KOSDAQ,2025-12-01,2026-09-01,2026
469750,아이비젼웍스,KOSDAQ,2024-10-02,2026-09-01,2026
469880,하나30호스팩,KOSDAQ,2024-01-02,2026-07-01,2026
469900,하나31호스팩,KOSDAQ,2024-04-01,2026-09-01,2026
471050,대신밸런스제17호스팩,KOSDAQ,2024-02-01,2026-08-03,2026
471820,셀로맥스사이언스,KOSDAQ,2025-01-02,2026-09-01,2026
472220,신영스팩10호,KOSDAQ,2024-03-04,2026-09-01,2026
472230,에스케이증권제11호스팩,KOSDAQ,2024-03-04,2026-09-01,2026
472850,폰드그룹,KOSDAQ,2024-03-04,2026-09-01,2026
473000,에스케이증권제12호스팩,KOSDAQ,2024-06-03,2026-09-01,2026
473050,유안타제15호스팩,KOSDAQ,2024-03-04,2026-09-01,2026
473370,비엔케이제2호스팩,KOSDAQ,2024-04-01,2026-04-01,2026
473950,에스케이증권제13호스팩,KOSDAQ,2024-08-01,2026-09-01,2026
473980,노머스,KOSDAQ,2024-12-02,2026-09-01,2026
474170,루미르,KOSDAQ,2024-11-01,2026-09-01,2026
474490,유안타제16호스팩,KOSDAQ,2024-05-02,2026-09-01,2026
474610,RF시스템즈,KOSDAQ,2024-12-02,2026-09-01,2026
474660,신한제12호스팩,KOSDAQ,2024-05-02,2026-09-01,2026
474930,신한제13호스팩,KOSDAQ,2024-05-02,2026-09-01,2026
475040,스트라드비젼,KOSDAQ,2026-07-01,2026-09-01,2026
475150,SK이터닉스,KOSPI,2024-04-01,2026-09-01,2026
475230,엔알비,KOSDAQ,2025-08-01,2026-09-01,2026
475240,하나32호스팩,KOSDAQ,2024-04-01,2026-09-01,2026
475250,하나33호스팩,KOSDAQ,2024-05-02,2026-09-01,2026
475400,씨메스로보틱스,KOSDAQ,2024-11-01,2026-09-01,2026
475430,키스트론,KOSDAQ,2025-06-02,2026-09-01,2026
475460,미트박스,KOSDAQ,2025-02-03,2026-09-01,2026
475560,더본코리아,KOSPI,2024-12-02,2026-09-01,2026
475580,에이럭스,KOSDAQ,2024-11-01,2026-09-01,2026
475660,에스켐,KOSDAQ,2024-12-02,2026-09-01,2026
475960,토모큐브,KOSDAQ,2024-12-02,2026-09-01,2026
476040,오가노이드사이언스,KOSDAQ,2025-06-02,2026-09-01,2026
476060,온코닉테라퓨틱스,KOSDAQ,2025-01-02,2026-09-01,2026
476080,M83,KOSDAQ,2024-09-02,2026-09-01,2026
477340,에이치엠씨제7호스팩,KOSDAQ,2024-07-01,2026-09-01,2026
477380,미래에셋비전스팩4호,KOSDAQ,2024-06-03,2026-09-01,2026
477470,미래에셋비전스팩5호,KOSDAQ,2024-07-01,2026-09-01,2026
477760,DB금융스팩12호,KOSDAQ,2024-07-01,2026-09-01,2026
477850,마키나락스,KOSDAQ,2026-06-01,2026-09-01,2026
478110,이베스트스팩6호,KOSDAQ,2024-08-01,2026-09-01,2026
478340,나라스페이스테크놀로지,KOSDAQ,2026-01-02,2026-09-01,2026
478390,KB제29호스팩,KOSDAQ,2024-07-01,2026-09-01,2026
478440,미래에셋비전스팩6호,KOSDAQ,2024-07-01,2026-09-01,2026
478560,블랙야크아이앤씨,KOSDAQ,2025-02-03,2026-09-01,2026
478780,대신밸런스제18호스팩,KOSDAQ,2024-09-02,2026-01-02,2026
479880,한국제15호스팩,KOSDAQ,2024-07-01,2026-09-01,2026
479960,위너스일렉,KOSDAQ,2025-03-04,2026-09-01,2026
480370,씨케이솔루션,KOSPI,2025-04-01,2026-09-01,2026
481070,에이유브랜즈,KOSDAQ,2025-05-02,2026-09-01,2026
481850,신한글로벌액티브리츠,KOSPI,2024-07-01,2026-09-01,2026
481890,엔에이치스팩31호,KOSDAQ,2024-08-01,2026-09-01,2026
482520,교보16호스팩,KOSDAQ,2024-09-02,2026-09-01,2026
482680,미래에셋비전스팩7호,KOSDAQ,2024-10-02,2026-09-01,2026
482690,대신밸런스제19호스팩,KOSDAQ,2024-12-02,2026-09-01,2026
483350,딜리셔스,KOSDAQ,2026-09-01,2026-09-01,2026
484120,도우인시스,KOSDAQ,2025-08-01,2026-09-01,2026
484130,하나34호스팩,KOSDAQ,2024-12-02,2026-09-01,2026
484590,삼양컴텍,KOSDAQ,2025-09-01,2026-09-01,2026
484810,티엑스알로보틱스,KOSDAQ,2025-04-01,2026-09-01,2026
486630,KB제30호스팩,KOSDAQ,2024-10-02,2026-09-01,2026
486990,노타,KOSDAQ,2025-11-03,2026-09-01,2026
487360,신한제14호스팩,KOSDAQ,2025-01-02,2026-09-01,2026
487400,케이앤에스아이앤씨,KOSDAQ,2026-09-01,2026-09-01,2026
487570,HS효성,KOSPI,2024-08-01,2026-09-01,2026
487580,폴레드,KOSDAQ,2026-06-01,2026-09-01,2026
487720,키움제10호스팩,KOSDAQ,2025-01-02,2026-09-01,2026
487830,신한제15호스팩,KOSDAQ,2024-12-02,2026-09-01,2026
488060,유진스팩11호,KOSDAQ,2024-11-01,2026-09-01,2026
488280,에스투더블유,KOSDAQ,2025-10-01,2026-09-01,2026
488900,비츠로넥스텍,KOSDAQ,2025-12-01,2026-09-01,2026
489210,교보17호스팩,KOSDAQ,2024-12-02,2026-09-01,2026
489460,바이오비쥬,KOSDAQ,2025-06-02,2026-09-01,2026
489480,키움제11호스팩,KOSDAQ,2025-01-02,2026-09-01,2026
489500,엘케이켐,KOSDAQ,2025-03-04,2026-09-01,2026
489730,디비금융제13호스팩,KOSDAQ,2024-12-02,2026-09-01,2026
492220,KB제31호스팩,KOSDAQ,2025-01-02,2026-09-01,2026
493280,아이엠바이오로직스,KOSDAQ,2026-04-01,2026-09-01,2026
493330,지에프아이,KOSDAQ,2026-02-02,2026-09-01,2026
493790,유안타제17호스팩,KOSDAQ,2025-02-03,2026-09-01,2026
494120,큐리오시스,KOSDAQ,2025-12-01,2026-09-01,2026
496070,신한제16호스팩,KOSDAQ,2025-06-02,2026-09-01,2026
498390,한화플러스제5호스팩,KOSDAQ,2025-04-01,2026-09-01,2026
900070,글로벌에스엠,KOSDAQ,2014-01-02,2026-09-01,2026
900100,파이온엑스,KOSDAQ,2014-01-02,2026-09-01,2026
900110,딥커머스,KOSDAQ,2014-01-02,2026-09-01,2026
900120,씨엑스아이,KOSDAQ,2014-01-02,2026-09-01,2026
900140,엘브이엠씨홀딩스,KOSPI,2014-01-02,2026-09-01,2026
900250,크리스탈신소재,KOSDAQ,2016-02-01,2026-09-01,2026
900260,로스웰,KOSDAQ,2016-07-01,2026-09-01,2026
900270,헝셩그룹,KOSDAQ,2016-09-01,2026-09-01,2026
900300,오가닉티코스메틱,KOSDAQ,2016-12-01,2026-09-01,2026
900310,컬러레이,KOSDAQ,2017-09-01,2026-09-01,2026
900340,윙입푸드,KOSDAQ,2018-12-03,2026-09-01,2026
950130,엑세스바이오,KOSDAQ,2014-01-02,2026-09-01,2026
950140,잉글우드랩,KOSDAQ,2016-11-01,2026-09-01,2026
950160,코오롱티슈진,KOSDAQ,2017-12-01,2026-09-01,2026
950170,JTC,KOSDAQ,2018-05-02,2026-09-01,2026
950190,고스트스튜디오,KOSDAQ,2020-09-01,2026-09-01,2026
950200,소마젠,KOSDAQ,2020-08-03,2026-09-01,2026
950210,프레스티지바이오파마,KOSPI,2021-03-02,2026-09-01,2026
950220,네오이뮨텍,KOSDAQ,2021-04-01,2026-09-01,2026
950250,테라뷰,KOSDAQ,2026-01-02,2026-09-01,2026
950260,인제니아테라퓨틱스(Reg.S),KOSDAQ,2026-09-01,2026-09-01,2026
