corp_cls,corp_code,corp_name,stock_code,report_nm,rcept_no,flr_nm,rcept_dt,rm
KOSPI,00126089,DH오토넥스,000300,임원ㆍ주요주주특정증권등소유상황보고서,20220103000037,남우준,20220103,
KOSPI,00104856,삼성증권,016360,임원ㆍ주요주주특정증권등소유상황보고서,20220103000045,삼성생명,20220103,
KOSPI,00126292,삼성카드,029780,임원ㆍ주요주주특정증권등소유상황보고서,20220103000047,삼성생명,20220103,
KOSPI,00139214,삼성화재해상보험,000810,임원ㆍ주요주주특정증권등소유상황보고서,20220103000049,삼성생명,20220103,
KOSPI,00148610,한화투자증권,003530,증권발행실적보고서,20220103000054,한화투자증권,20220103,
KOSPI,00111722,미래에셋증권,006800,일괄신고추가서류(파생결합증권-주가연계증권),20220103000056,미래에셋증권,20220103,
KOSPI,00115694,DB증권,016610,일괄신고추가서류(파생결합사채-주가연계파생결합사채),20220103000057,DB증권,20220103,
KOSPI,00115694,DB증권,016610,일괄신고추가서류(파생결합증권-주가연계증권),20220103000060,DB증권,20220103,
KOSPI,00111722,미래에셋증권,006800,일괄신고추가서류(파생결합증권-주가연계증권),20220103000066,미래에셋증권,20220103,
KOSPI,00133812,세방,004360,자기주식처분결과보고서,20220103000069,세방,20220103,
KOSPI,00111722,미래에셋증권,006800,투자설명서(일괄신고),20220103000073,미래에셋증권,20220103,
KOSPI,00111722,미래에셋증권,006800,투자설명서(일괄신고),20220103000074,미래에셋증권,20220103,
KOSPI,00115694,DB증권,016610,투자설명서(일괄신고),20220103000075,DB증권,20220103,
KOSPI,00450010,씨티알모빌리티,308170,합병등종료보고서(분할),20220103000078,씨티알모빌리티,20220103,
KOSPI,00111722,미래에셋증권,006800,일괄신고추가서류(파생결합증권-주가연계증권),20220103000082,미래에셋증권,20220103,
KOSPI,00198697,일진디스플,020760,투자설명서,20220103000083,일진디스플,20220103,정
KOSPI,00104856,삼성증권,016360,일괄신고추가서류(파생결합사채-주가연계파생결합사채),20220103000086,삼성증권,20220103,
KOSPI,00111722,미래에셋증권,006800,투자설명서(일괄신고),20220103000088,미래에셋증권,20220103,
KOSPI,00115694,DB증권,016610,일괄신고추가서류(파생결합사채-주가연계파생결합사채),20220103000089,DB증권,20220103,
KOSPI,00111722,미래에셋증권,006800,일괄신고추가서류(파생결합증권-주가연계증권),20220103000090,미래에셋증권,20220103,
KOSPI,00115694,DB증권,016610,투자설명서(일괄신고),20220103000093,DB증권,20220103,
KOSPI,00115694,DB증권,016610,투자설명서(일괄신고),20220103000094,DB증권,20220103,
KOSPI,00164779,SK하이닉스,000660,[첨부정정]주요사항보고서(영업양수결정),20220103000095,SK하이닉스,20220103,정
KOSPI,00104856,삼성증권,016360,투자설명서(일괄신고),20220103000100,삼성증권,20220103,
KOSPI,00120182,NH투자증권,005940,증권발행실적보고서,20220103000103,NH투자증권,20220103,
KOSPI,00120182,NH투자증권,005940,증권발행실적보고서,20220103000104,NH투자증권,20220103,
KOSPI,00111722,미래에셋증권,006800,투자설명서(일괄신고),20220103000106,미래에셋증권,20220103,
KOSPI,00111722,미래에셋증권,006800,일괄신고추가서류(파생결합증권-주가연계증권),20220103000108,미래에셋증권,20220103,
KOSPI,00113359,교보증권,030610,증권발행실적보고서,20220103000109,교보증권,20220103,
KOSPI,00110893,대신증권,003540,일괄신고추가서류(파생결합증권-주가연계증권),20220103000111,대신증권,20220103,
KOSPI,00111722,미래에셋증권,006800,투자설명서(일괄신고),20220103000113,미래에셋증권,20220103,
KOSPI,00111722,미래에셋증권,006800,일괄신고추가서류(파생결합증권-주가연계증권),20220103000115,미래에셋증권,20220103,
KOSPI,00110893,대신증권,003540,투자설명서(일괄신고),20220103000118,대신증권,20220103,
KOSPI,00117601,유안타증권,003470,일괄신고추가서류(파생결합증권-주가연계증권),20220103000119,유안타증권,20220103,
KOSPI,00688996,KB금융,105560,임원ㆍ주요주주특정증권등소유상황보고서,20220103000120,김운태,20220103,
KOSPI,00117601,유안타증권,003470,투자설명서(일괄신고),20220103000122,유안타증권,20220103,
KOSPI,00148610,한화투자증권,003530,증권발행실적보고서,20220103000123,한화투자증권,20220103,
KOSPI,00111722,미래에셋증권,006800,투자설명서(일괄신고),20220103000125,미래에셋증권,20220103,
KOSPI,00113234,대한제당,001790,[기재정정]주요사항보고서(회사분할결정),20220103000129,대한제당,20220103,
KOSPI,00161860,한성기업,003680,주식등의대량보유상황보고서(일반),20220103000130,임우근,20220103,
KOSPI,00111722,미래에셋증권,006800,일괄신고추가서류(파생결합증권-주가연계증권),20220103000131,미래에셋증권,20220103,
KOSPI,00115694,DB증권,016610,일괄신고추가서류(기타파생결합사채),20220103000132,DB증권,20220103,
KOSPI,00109718,사조대림,003960,합병등종료보고서(합병),20220103000133,사조대림,20220103,
KOSPI,00111722,미래에셋증권,006800,투자설명서(일괄신고),20220103000134,미래에셋증권,20220103,
KOSPI,00156859,다올투자증권,030210,임원ㆍ주요주주특정증권등소유상황보고서,20220103000138,홍순관,20220103,
KOSPI,00117601,유안타증권,003470,일괄신고추가서류(기타파생결합사채),20220103000139,유안타증권,20220103,
KOSPI,00111722,미래에셋증권,006800,일괄신고추가서류(파생결합증권-주가연계증권),20220103000140,미래에셋증권,20220103,
KOSPI,00156859,다올투자증권,030210,임원ㆍ주요주주특정증권등소유상황보고서,20220103000145,송화윤,20220103,
KOSPI,00111722,미래에셋증권,006800,투자설명서(일괄신고),20220103000147,미래에셋증권,20220103,
KOSPI,00111722,미래에셋증권,006800,일괄신고추가서류(파생결합증권-주가연계증권),20220103000148,미래에셋증권,20220103,
KOSPI,00120182,NH투자증권,005940,증권발행실적보고서,20220103000151,NH투자증권,20220103,
KOSPI,00117601,유안타증권,003470,투자설명서(일괄신고),20220103000153,유안타증권,20220103,
KOSPI,00115694,DB증권,016610,투자설명서(일괄신고),20220103000154,DB증권,20220103,
KOSPI,00111722,미래에셋증권,006800,투자설명서(일괄신고),20220103000163,미래에셋증권,20220103,
KOSPI,00508344,SK디앤디,210980,합병등종료보고서(분할),20220103000165,SK디앤디,20220103,
KOSPI,00113359,교보증권,030610,[기재정정]증권발행실적보고서,20220103000168,교보증권,20220103,
KOSPI,01032413,해성디에스,195870,임원ㆍ주요주주특정증권등소유상황보고서,20220103000176,이원호,20220103,
KOSPI,00111722,미래에셋증권,006800,일괄신고추가서류(파생결합증권-주가연계증권),20220103000182,미래에셋증권,20220103,
KOSPI,00296290,키움증권,039490,일괄신고추가서류(파생결합사채-주가연계파생결합사채),20220103000184,키움증권,20220103,
KOSPI,00296290,키움증권,039490,투자설명서(일괄신고),20220103000186,키움증권,20220103,
KOSPI,00136721,신영증권,001720,주식등의대량보유상황보고서(약식),20220103000188,코리안리,20220103,
KOSPI,00111722,미래에셋증권,006800,투자설명서(일괄신고),20220103000190,미래에셋증권,20220103,
KOSPI,00111722,미래에셋증권,006800,일괄신고추가서류(파생결합증권-주가연계증권),20220103000191,미래에셋증권,20220103,
KOSPI,00104856,삼성증권,016360,증권발행실적보고서,20220103000193,삼성증권,20220103,
KOSPI,00115612,동부건설,005960,주요사항보고서(유상증자결정),20220103000196,동부건설,20220103,
KOSPI,00117601,유안타증권,003470,일괄신고추가서류(기타파생결합사채),20220103000200,유안타증권,20220103,
KOSPI,01596425,SK스퀘어,402340,임원ㆍ주요주주특정증권등소유상황보고서,20220103000201,이헌,20220103,
KOSPI,00117601,유안타증권,003470,투자설명서(일괄신고),20220103000203,유안타증권,20220103,
KOSPI,00111722,미래에셋증권,006800,투자설명서(일괄신고),20220103000205,미래에셋증권,20220103,
KOSPI,00111722,미래에셋증권,006800,일괄신고추가서류(파생결합증권-주가연계증권),20220103000215,미래에셋증권,20220103,
KOSPI,00362441,현대오토에버,307950,임원ㆍ주요주주특정증권등소유상황보고서,20220103000216,강동식,20220103,
KOSPI,00362441,현대오토에버,307950,임원ㆍ주요주주특정증권등소유상황보고서,20220103000220,김창수,20220103,
KOSPI,00983271,NHN,181710,임원ㆍ주요주주특정증권등소유상황보고서,20220103000221,김동훈,20220103,
KOSPI,00106119,금양,001570,임원ㆍ주요주주특정증권등소유상황보고서,20220103000222,박근혁,20220103,
KOSPI,00983271,NHN,181710,임원ㆍ주요주주특정증권등소유상황보고서,20220103000228,박종근,20220103,
KOSPI,00149804,디와이에이,002880,임원ㆍ주요주주특정증권등소유상황보고서,20220103000229,박영우,20220103,
KOSPI,01576102,미래에셋글로벌리츠,396690,주식등의대량보유상황보고서(약식),20220103000233,미래에셋자산운용,20220103,
KOSPI,01205842,HD건설기계,267270,합병등종료보고서(영업양수도),20220103000234,HD건설기계,20220103,정
KOSPI,00544452,이리츠코크렙,088260,주식등의대량보유상황보고서(약식),20220103000240,미래에셋자산운용,20220103,
KOSPI,00117601,유안타증권,003470,일괄신고추가서류(기타파생결합사채),20220103000241,유안타증권,20220103,
KOSPI,00372873,KTis,058860,임원ㆍ주요주주특정증권등소유상황보고서,20220103000247,고윤전,20220103,
KOSPI,00161426,한미사이언스,008930,임원ㆍ주요주주특정증권등소유상황보고서,20220103000251,임주현,20220103,
KOSPI,00161426,한미사이언스,008930,주식등의대량보유상황보고서(일반),20220103000252,송영숙,20220103,
KOSPI,00117601,유안타증권,003470,투자설명서(일괄신고),20220103000253,유안타증권,20220103,
KOSPI,00156859,다올투자증권,030210,주식등의대량보유상황보고서(일반),20220103000261,이병철,20220103,
KOSPI,00583424,아모레퍼시픽,090430,자기주식취득결과보고서,20220103000270,아모레퍼시픽,20220103,
KOSPI,00111722,미래에셋증권,006800,투자설명서(일괄신고),20220103000273,미래에셋증권,20220103,
KOSPI,00266961,NAVER,035420,주요사항보고서(자기주식처분결정),20220103000274,NAVER,20220103,
KOSPI,00156859,다올투자증권,030210,임원ㆍ주요주주특정증권등소유상황보고서,20220103000278,김형남,20220103,
KOSPI,00422895,세이브존I&C,067830,주식등의대량보유상황보고서(일반),20220103000279,세이브존,20220103,
KOSPI,00398701,엘앤에프,066970,임원ㆍ주요주주특정증권등소유상황보고서,20220103000286,장성균,20220103,
KOSPI,00349097,케이티스카이라이프,053210,임원ㆍ주요주주특정증권등소유상황보고서,20220103000287,정훈,20220103,
KOSPI,00125150,SGC에너지,005090,[기재정정]동일인등출자계열회사와의상품ㆍ용역거래,20220103000289,SGC에너지,20220103,공
KOSPI,00126089,DH오토넥스,000300,주식등의대량보유상황보고서(일반),20220103000302,대유홀딩스,20220103,
KOSPI,00129679,녹십자,006280,임원ㆍ주요주주특정증권등소유상황보고서,20220103000303,남궁현,20220103,
KOSPI,00149804,디와이에이,002880,주식등의대량보유상황보고서(일반),20220103000307,대유홀딩스,20220103,
KOSPI,00148984,시알홀딩스,000480,합병등종료보고서(합병),20220103000314,시알홀딩스,20220103,정
KOSPI,00169048,HLB글로벌,003580,[기재정정]주식등의대량보유상황보고서(일반),20220103000336,진양곤,20220103,
KOSPI,00126380,삼성전자,005930,임원ㆍ주요주주특정증권등소유상황보고서,20220103000348,박찬훈,20220103,
KOSPI,00631518,SK이노베이션,096770,임원ㆍ주요주주특정증권등소유상황보고서,20220103000351,권영수,20220103,
KOSPI,00163196,한일철강,002220,주식등의대량보유상황보고서(일반),20220103000357,엄정헌,20220103,
KOSPI,00129679,녹십자,006280,주식등의대량보유상황보고서(일반),20220103000358,녹십자홀딩스,20220103,
KOSPI,00631518,SK이노베이션,096770,임원ㆍ주요주주특정증권등소유상황보고서,20220103000362,박재한,20220103,
KOSPI,00164830,HD한국조선해양,009540,연결재무제표기준영업실적등에대한전망(공정공시)(자회사의 주요경영사항),20220103800002,HD한국조선해양,20220103,유
KOSPI,01390344,HD현대중공업,329180,영업실적등에대한전망(공정공시),20220103800003,HD현대중공업,20220103,유
KOSPI,00828497,한미약품,128940,투자판단관련주요경영사항,20220103800030,한미약품,20220103,유정
KOSPI,00161426,한미사이언스,008930,투자판단관련주요경영사항(자회사의 주요경영사항),20220103800043,한미사이언스,20220103,유정
KOSPI,00339391,한화시스템,272210,단일판매ㆍ공급계약체결,20220103800095,한화시스템,20220103,유
KOSPI,00108241,농심,004370,대표이사(대표집행임원)변경(안내공시),20220103800118,농심,20220103,유
KOSPI,01310269,IPARK현대산업개발,294870,단일판매ㆍ공급계약체결,20220103800119,IPARK현대산업개발,20220103,유
KOSPI,00126089,DH오토넥스,000300,최대주주등소유주식변동신고서,20220103800124,DH오토넥스,20220103,유
KOSPI,00164636,HDC,012630,단일판매ㆍ공급계약체결(자회사의 주요경영사항),20220103800125,HDC,20220103,유
KOSPI,00115612,동부건설,005960,단일판매ㆍ공급계약체결,20220103800138,동부건설,20220103,유정
KOSPI,00164742,현대자동차,005380,대표이사(대표집행임원)변경(안내공시),20220103800139,현대자동차,20220103,유
KOSPI,01205851,HD현대일렉트릭,267260,연결재무제표기준영업실적등에대한전망(공정공시),20220103800187,HD현대일렉트릭,20220103,유
KOSPI,01316236,효성화학,298000,단일판매ㆍ공급계약체결,20220103800201,효성화학,20220103,유
KOSPI,00135795,신도리코,029530,최대주주등소유주식변동신고서,20220103800210,신도리코,20220103,유
KOSPI,00135795,신도리코,029530,대표이사(대표집행임원)변경(안내공시),20220103800211,신도리코,20220103,유
KOSPI,00427483,대웅제약,069620,대표이사(대표집행임원)변경(안내공시),20220103800228,대웅제약,20220103,유
KOSPI,00816544,토니모리,214420,유상증자결정(종속회사의주요경영사항),20220103800234,토니모리,20220103,유
KOSPI,00117726,DYP,092780,[기재정정]단일판매ㆍ공급계약체결,20220103800235,DYP,20220103,유정
KOSPI,00112679,대창단조,015230,임시주주총회결과,20220103800256,대창단조,20220103,유
KOSPI,00115612,동부건설,005960,단일판매ㆍ공급계약체결,20220103800268,동부건설,20220103,유
KOSPI,00126371,삼성전기,009150,최대주주등소유주식변동신고서,20220103800315,삼성전기,20220103,유
KOSPI,00143314,에이엔피,015260,전환가액ㆍ신주인수권행사가액ㆍ교환가액의조정(안내공시),20220103800320,에이엔피,20220103,유
KOSPI,00143314,에이엔피,015260,전환가액ㆍ신주인수권행사가액ㆍ교환가액의조정(안내공시),20220103800321,에이엔피,20220103,유
KOSPI,00129420,까뮤이앤씨,013700,단일판매ㆍ공급계약체결,20220103800324,까뮤이앤씨,20220103,유정
KOSPI,00138242,KG모빌리티,003620,영업(잠정)실적(공정공시),20220103800333,KG모빌리티,20220103,유
KOSPI,01524093,DL이앤씨,375500,단일판매ㆍ공급계약체결,20220103800346,DL이앤씨,20220103,유
KOSPI,00854997,에스디바이오센서,137310,단일판매ㆍ공급계약체결,20220103800360,에스디바이오센서,20220103,유정
KOSPI,00164742,현대자동차,005380,영업실적등에대한전망(공정공시),20220103800371,현대자동차,20220103,유
KOSPI,00129509,한익스프레스,014130,타인에대한채무보증결정,20220103800374,한익스프레스,20220103,유
KOSPI,00164742,현대자동차,005380,영업(잠정)실적(공정공시),20220103800376,현대자동차,20220103,유
KOSPI,00148276,제일기획,030000,최대주주등소유주식변동신고서,20220103800379,제일기획,20220103,유
KOSPI,00156859,다올투자증권,030210,최대주주등소유주식변동신고서,20220103800385,다올투자증권,20220103,유
KOSPI,00106641,기아,000270,영업(잠정)실적(공정공시),20220103800387,기아,20220103,유
KOSPI,00155276,포스코퓨처엠,003670,단일판매ㆍ공급계약체결,20220103800388,포스코퓨처엠,20220103,유
KOSPI,00106641,기아,000270,영업실적등에대한전망(공정공시),20220103800390,기아,20220103,유
KOSPI,00583442,노루페인트,090350,최대주주등소유주식변동신고서,20220103800392,노루페인트,20220103,유
KOSPI,00106641,기아,000270,기업설명회(IR)개최(안내공시),20220103800406,기아,20220103,유
KOSPI,00138516,아남전자,008700,타인에대한채무보증결정,20220103800420,아남전자,20220103,유
KOSPI,01430475,코람코라이프인프라리츠,357120,매출액또는손익구조30%(대규모법인은15%)이상변경,20220103800436,코람코라이프인프라리츠,20220103,유
KOSPI,00121969,에쓰씨엔지니어링,023960,[기재정정]전환가액ㆍ신주인수권행사가액ㆍ교환가액의조정(안내공시),20220103800448,에쓰씨엔지니어링,20220103,유
KOSPI,00121969,에쓰씨엔지니어링,023960,[기재정정]전환가액ㆍ신주인수권행사가액ㆍ교환가액의조정(안내공시),20220103800452,에쓰씨엔지니어링,20220103,유
KOSPI,00161426,한미사이언스,008930,최대주주등소유주식변동신고서,20220103800460,한미사이언스,20220103,유
KOSPI,00139214,삼성화재해상보험,000810,최대주주등소유주식변동신고서,20220103800464,삼성화재해상보험,20220103,유
KOSPI,00113997,롯데에너지머티리얼즈,020150,[기재정정]유상증자결정(종속회사의주요경영사항),20220103800509,롯데에너지머티리얼즈,20220103,유
KOSPI,00140131,키다리스튜디오,020120,최대주주등소유주식변동신고서,20220103800531,키다리스튜디오,20220103,유
KOSPI,01199550,HD현대에너지솔루션,322000,연결재무제표기준영업실적등에대한전망(공정공시),20220103800532,HD현대에너지솔루션,20220103,유
KOSPI,00126292,삼성카드,029780,최대주주등소유주식변동신고서,20220103800568,삼성카드,20220103,유
KOSPI,00104856,삼성증권,016360,최대주주등소유주식변동신고서,20220103800576,삼성증권,20220103,유
KOSPI,00111111,대양금속,009190,전환가액ㆍ신주인수권행사가액ㆍ교환가액의조정(안내공시),20220103800579,대양금속,20220103,유
KOSPI,00122825,프리티,006490,최대주주등소유주식변동신고서,20220103800597,프리티,20220103,유
KOSPI,00138279,S-Oil,010950,[기재정정]단일판매ㆍ공급계약체결,20220103800600,S-Oil,20220103,유정
KOSPI,00186559,아이티센씨티에스,031820,타법인주식및출자증권취득결정,20220103800616,아이티센씨티에스,20220103,유
KOSPI,00152385,에이프로젠,007460,투자판단관련주요경영사항(특허취득),20220103800623,에이프로젠,20220103,유
KOSPI,00126478,삼성중공업,010140,최대주주등소유주식변동신고서,20220103800646,삼성중공업,20220103,유
KOSPI,00860332,메리츠금융지주,138040,최대주주등소유주식변동신고서,20220103800656,메리츠금융지주,20220103,유
KOSPI,00163196,한일철강,002220,최대주주등소유주식변동신고서,20220103800658,한일철강,20220103,유
KOSPI,00480367,SK오션플랜트,100090,단일판매ㆍ공급계약체결,20220103900146,SK오션플랜트,20220103,코
KOSPI,00111722,미래에셋증권,006800,증권발행실적보고서,20220104000012,미래에셋증권,20220104,
KOSPI,00120182,NH투자증권,005940,일괄신고추가서류(파생결합사채-주가연계파생결합사채),20220104000014,NH투자증권,20220104,
KOSPI,00104856,삼성증권,016360,증권발행실적보고서,20220104000015,삼성증권,20220104,
KOSPI,00148610,한화투자증권,003530,증권발행실적보고서,20220104000022,한화투자증권,20220104,
KOSPI,00120182,NH투자증권,005940,투자설명서(일괄신고),20220104000025,NH투자증권,20220104,
KOSPI,00120182,NH투자증권,005940,증권발행실적보고서,20220104000028,NH투자증권,20220104,
KOSPI,00120182,NH투자증권,005940,증권발행실적보고서,20220104000029,NH투자증권,20220104,
KOSPI,00303217,우진플라임,049800,주식등의대량보유상황보고서(약식),20220104000030,BARCLAYSCAPITALSECURITIESLTD,20220104,
KOSPI,00161693,한샘,009240,임원ㆍ주요주주특정증권등소유상황보고서,20220104000031,손영동,20220104,
KOSPI,00136721,신영증권,001720,증권발행실적보고서,20220104000032,신영증권,20220104,
KOSPI,00115612,동부건설,005960,주식등의대량보유상황보고서(일반),20220104000033,키스톤에코프라임,20220104,
KOSPI,00113234,대한제당,001790,합병등종료보고서(분할),20220104000051,대한제당,20220104,
KOSPI,00132211,SUN&L,002820,합병등종료보고서(합병),20220104000053,SUN&L,20220104,정
KOSPI,00631518,SK이노베이션,096770,임원ㆍ주요주주특정증권등소유상황보고서,20220104000055,선우성윤,20220104,
KOSPI,00631518,SK이노베이션,096770,임원ㆍ주요주주특정증권등소유상황보고서,20220104000065,이우현,20220104,
KOSPI,00256955,테이팩스,055490,주식등의대량보유상황보고서(약식),20220104000074,한국투자밸류자산운용,20220104,
KOSPI,00113359,교보증권,030610,증권발행실적보고서,20220104000075,교보증권,20220104,
KOSPI,00164645,HMM,011200,주식등의대량보유상황보고서(일반),20220104000076,한국산업은행,20220104,
KOSPI,00113359,교보증권,030610,증권발행실적보고서,20220104000077,교보증권,20220104,
KOSPI,00104856,삼성증권,016360,일괄신고추가서류(파생결합사채-주가연계파생결합사채),20220104000080,삼성증권,20220104,
KOSPI,00111722,미래에셋증권,006800,일괄신고추가서류(파생결합증권-주가연계증권),20220104000081,미래에셋증권,20220104,
KOSPI,00129387,SP삼화,000390,임원ㆍ주요주주특정증권등소유상황보고서,20220104000083,황재호,20220104,
KOSPI,00104856,삼성증권,016360,투자설명서(일괄신고),20220104000085,삼성증권,20220104,
KOSPI,00300548,현대리바트,079430,임원ㆍ주요주주특정증권등소유상황보고서,20220104000086,위전수,20220104,
KOSPI,00155319,POSCO홀딩스,005490,[첨부정정]주요사항보고서(회사분할결정),20220104000087,POSCO홀딩스,20220104,
KOSPI,00120182,NH투자증권,005940,일괄신고추가서류(파생결합증권-주가연계증권),20220104000088,NH투자증권,20220104,
KOSPI,00120182,NH투자증권,005940,투자설명서(일괄신고),20220104000092,NH투자증권,20220104,
KOSPI,00631518,SK이노베이션,096770,임원ㆍ주요주주특정증권등소유상황보고서,20220104000098,함형택,20220104,
KOSPI,00631518,SK이노베이션,096770,임원ㆍ주요주주특정증권등소유상황보고서,20220104000101,김정민,20220104,
KOSPI,00688996,KB금융,105560,임원ㆍ주요주주특정증권등소유상황보고서,20220104000107,정문철,20220104,
KOSPI,00111722,미래에셋증권,006800,일괄신고추가서류(파생결합증권-주가연계증권),20220104000111,미래에셋증권,20220104,
KOSPI,00136721,신영증권,001720,일괄신고추가서류(파생결합증권-주가연계증권),20220104000124,신영증권,20220104,
KOSPI,00131054,유진증권,001200,일괄신고추가서류(파생결합증권-주가연계증권),20220104000133,유진증권,20220104,
KOSPI,00104856,삼성증권,016360,증권발행실적보고서,20220104000137,삼성증권,20220104,
KOSPI,00129989,코스모신소재,005070,주식등의대량보유상황보고서(일반),20220104000138,코스모화학,20220104,
KOSPI,00631518,SK이노베이션,096770,임원ㆍ주요주주특정증권등소유상황보고서,20220104000147,이성협,20220104,
KOSPI,00296290,키움증권,039490,일괄신고추가서류(파생결합증권-주가연계증권),20220104000160,키움증권,20220104,
KOSPI,00296290,키움증권,039490,증권발행실적보고서,20220104000164,키움증권,20220104,
KOSPI,00111722,미래에셋증권,006800,일괄신고추가서류(파생결합증권-주가연계증권),20220104000170,미래에셋증권,20220104,
KOSPI,00113359,교보증권,030610,일괄신고추가서류(파생결합증권-주가연계증권),20220104000171,교보증권,20220104,
KOSPI,00131054,유진증권,001200,투자설명서(일괄신고),20220104000174,유진증권,20220104,
KOSPI,00296290,키움증권,039490,투자설명서(일괄신고),20220104000177,키움증권,20220104,
KOSPI,00111722,미래에셋증권,006800,일괄신고추가서류(파생결합증권-주가연계증권),20220104000188,미래에셋증권,20220104,
KOSPI,00120182,NH투자증권,005940,일괄신고추가서류(파생결합증권-주가연계증권),20220104000192,NH투자증권,20220104,
KOSPI,00113359,교보증권,030610,투자설명서(일괄신고),20220104000197,교보증권,20220104,
KOSPI,00159698,지역난방공사,071320,임원ㆍ주요주주특정증권등소유상황보고서,20220104000212,조용신,20220104,
KOSPI,00117498,스틱인베스트먼트,026890,임원ㆍ주요주주특정증권등소유상황보고서,20220104000213,이경형,20220104,
KOSPI,00117498,스틱인베스트먼트,026890,임원ㆍ주요주주특정증권등소유상황보고서,20220104000214,박기수,20220104,
KOSPI,00117498,스틱인베스트먼트,026890,임원ㆍ주요주주특정증권등소유상황보고서,20220104000216,채진호,20220104,
KOSPI,00140131,키다리스튜디오,020120,주식등의대량보유상황보고서(일반),20220104000223,다우데이타,20220104,
KOSPI,00111722,미래에셋증권,006800,투자설명서(일괄신고),20220104000224,미래에셋증권,20220104,
KOSPI,00266961,NAVER,035420,자기주식처분결과보고서,20220104000225,NAVER,20220104,
KOSPI,00159023,SK텔레콤,017670,임원ㆍ주요주주특정증권등소유상황보고서,20220104000227,윤재웅,20220104,
KOSPI,00111722,미래에셋증권,006800,투자설명서(일괄신고),20220104000228,미래에셋증권,20220104,
KOSPI,00111722,미래에셋증권,006800,투자설명서(일괄신고),20220104000232,미래에셋증권,20220104,
KOSPI,00158307,롯데하이마트,071840,임원ㆍ주요주주특정증권등소유상황보고서,20220104000235,신재열,20220104,
KOSPI,01032413,해성디에스,195870,임원ㆍ주요주주특정증권등소유상황보고서,20220104000237,정재구,20220104,
KOSPI,00111722,미래에셋증권,006800,투자설명서(일괄신고),20220104000238,미래에셋증권,20220104,
KOSPI,00144818,유유제약,000220,주식등의대량보유상황보고서(일반),20220104000243,유원상,20220104,
KOSPI,01032413,해성디에스,195870,임원ㆍ주요주주특정증권등소유상황보고서,20220104000245,임명수,20220104,
KOSPI,00111722,미래에셋증권,006800,일괄신고추가서류(기타파생결합사채),20220104000248,미래에셋증권,20220104,
KOSPI,00159023,SK텔레콤,017670,임원ㆍ주요주주특정증권등소유상황보고서,20220104000251,허진,20220104,
KOSPI,00111722,미래에셋증권,006800,증권발행실적보고서,20220104000254,미래에셋증권,20220104,
KOSPI,01032413,해성디에스,195870,임원ㆍ주요주주특정증권등소유상황보고서,20220104000265,정재은,20220104,
KOSPI,00120182,NH투자증권,005940,일괄신고추가서류(파생결합증권-주가연계증권),20220104000271,NH투자증권,20220104,
KOSPI,00163196,한일철강,002220,임원ㆍ주요주주특정증권등소유상황보고서,20220104000273,엄신영,20220104,
KOSPI,01032413,해성디에스,195870,임원ㆍ주요주주특정증권등소유상황보고서,20220104000275,서수은,20220104,
KOSPI,00120182,NH투자증권,005940,투자설명서(일괄신고),20220104000276,NH투자증권,20220104,
KOSPI,00115977,아이에스동서,010780,자기주식처분결과보고서,20220104000277,아이에스동서,20220104,
KOSPI,00144720,와이투솔루션,011690,임원ㆍ주요주주특정증권등소유상황보고서,20220104000278,박홍석,20220104,
KOSPI,00136721,신영증권,001720,투자설명서(일괄신고),20220104000288,신영증권,20220104,
KOSPI,00115977,아이에스동서,010780,임원ㆍ주요주주특정증권등소유상황보고서,20220104000292,김영훈,20220104,
KOSPI,00131832,SK디스커버리,006120,독립이사의선임ㆍ해임또는중도퇴임에관한신고,20220104000296,SK디스커버리,20220104,
KOSPI,00115977,아이에스동서,010780,임원ㆍ주요주주특정증권등소유상황보고서,20220104000298,허석헌,20220104,
KOSPI,00120182,NH투자증권,005940,투자설명서(일괄신고),20220104000299,NH투자증권,20220104,
KOSPI,00120182,NH투자증권,005940,일괄신고추가서류(파생결합증권-주가연계증권),20220104000300,NH투자증권,20220104,
KOSPI,00503668,LIG디펜스앤에어로스페이스,079550,주식등의대량보유상황보고서(일반),20220104000303,엘아이지,20220104,
KOSPI,00115977,아이에스동서,010780,임원ㆍ주요주주특정증권등소유상황보고서,20220104000304,김갑진,20220104,
KOSPI,00203315,콘텐트리중앙,036420,주식등의대량보유상황보고서(일반),20220104000306,중앙홀딩스,20220104,
KOSPI,00131832,SK디스커버리,006120,임원ㆍ주요주주특정증권등소유상황보고서,20220104000308,최재영,20220104,
KOSPI,00115977,아이에스동서,010780,임원ㆍ주요주주특정증권등소유상황보고서,20220104000310,정원호,20220104,
KOSPI,00111722,미래에셋증권,006800,투자설명서(일괄신고),20220104000311,미래에셋증권,20220104,
KOSPI,00115977,아이에스동서,010780,임원ㆍ주요주주특정증권등소유상황보고서,20220104000314,이치헌,20220104,
KOSPI,00120182,NH투자증권,005940,투자설명서(일괄신고),20220104000316,NH투자증권,20220104,
KOSPI,00113359,교보증권,030610,일괄신고추가서류(파생결합증권-주가연계증권),20220104000318,교보증권,20220104,
KOSPI,00219574,코스맥스비티아이,044820,임원ㆍ주요주주특정증권등소유상황보고서,20220104000320,이경수,20220104,
KOSPI,00113359,교보증권,030610,투자설명서(일괄신고),20220104000321,교보증권,20220104,
KOSPI,00115977,아이에스동서,010780,임원ㆍ주요주주특정증권등소유상황보고서,20220104000323,홍덕기,20220104,
KOSPI,00133858,세방전지,004490,자기주식처분결과보고서,20220104000328,세방전지,20220104,
KOSPI,00115977,아이에스동서,010780,임원ㆍ주요주주특정증권등소유상황보고서,20220104000329,허필식,20220104,
KOSPI,00120182,NH투자증권,005940,증권발행실적보고서,20220104000331,NH투자증권,20220104,
KOSPI,00219574,코스맥스비티아이,044820,임원ㆍ주요주주특정증권등소유상황보고서,20220104000332,이원경,20220104,
KOSPI,00115977,아이에스동서,010780,임원ㆍ주요주주특정증권등소유상황보고서,20220104000336,박종곤,20220104,
KOSPI,00159023,SK텔레콤,017670,임원ㆍ주요주주특정증권등소유상황보고서,20220104000341,구현철,20220104,
KOSPI,00115977,아이에스동서,010780,임원ㆍ주요주주특정증권등소유상황보고서,20220104000344,이상헌,20220104,
KOSPI,01009789,코스맥스,192820,임원ㆍ주요주주특정증권등소유상황보고서,20220104000346,김의택,20220104,
KOSPI,00117601,유안타증권,003470,일괄신고추가서류(파생결합증권-주가연계증권),20220104000347,유안타증권,20220104,
KOSPI,00159102,DB손해보험,005830,주식등의대량보유상황보고서(일반),20220104000349,김준기,20220104,
KOSPI,00117601,유안타증권,003470,투자설명서(일괄신고),20220104000350,유안타증권,20220104,
KOSPI,00133858,세방전지,004490,임원ㆍ주요주주특정증권등소유상황보고서,20220104000354,이상웅,20220104,
KOSPI,00164742,현대자동차,005380,임원ㆍ주요주주특정증권등소유상황보고서,20220104000356,김종태,20220104,
KOSPI,01009789,코스맥스,192820,임원ㆍ주요주주특정증권등소유상황보고서,20220104000360,홍장욱,20220104,
KOSPI,00133858,세방전지,004490,임원ㆍ주요주주특정증권등소유상황보고서,20220104000362,차주호,20220104,
KOSPI,00133858,세방전지,004490,임원ㆍ주요주주특정증권등소유상황보고서,20220104000370,오경중,20220104,
KOSPI,00115977,아이에스동서,010780,주식등의대량보유상황보고서(일반),20220104000373,권혁운,20220104,
KOSPI,00133858,세방전지,004490,임원ㆍ주요주주특정증권등소유상황보고서,20220104000378,김용재,20220104,
KOSPI,00148610,한화투자증권,003530,임원ㆍ주요주주특정증권등소유상황보고서,20220104000379,김선철,20220104,
KOSPI,00117601,유안타증권,003470,일괄신고추가서류(파생결합증권-주가연계증권),20220104000381,유안타증권,20220104,
KOSPI,00133858,세방전지,004490,임원ㆍ주요주주특정증권등소유상황보고서,20220104000383,전인상,20220104,
KOSPI,00148610,한화투자증권,003530,임원ㆍ주요주주특정증권등소유상황보고서,20220104000386,권혁준,20220104,
KOSPI,00136721,신영증권,001720,증권발행실적보고서,20220104000387,신영증권,20220104,
KOSPI,00117601,유안타증권,003470,일괄신고추가서류(파생결합증권-주가연계증권),20220104000388,유안타증권,20220104,
KOSPI,00117601,유안타증권,003470,투자설명서(일괄신고),20220104000390,유안타증권,20220104,
KOSPI,00136721,신영증권,001720,증권발행실적보고서,20220104000391,신영증권,20220104,
KOSPI,00117601,유안타증권,003470,투자설명서(일괄신고),20220104000393,유안타증권,20220104,
KOSPI,00133858,세방전지,004490,임원ㆍ주요주주특정증권등소유상황보고서,20220104000395,주재형,20220104,
KOSPI,00136721,신영증권,001720,증권발행실적보고서,20220104000396,신영증권,20220104,
KOSPI,00631518,SK이노베이션,096770,임원ㆍ주요주주특정증권등소유상황보고서,20220104000398,김진웅,20220104,
KOSPI,00159023,SK텔레콤,017670,임원ㆍ주요주주특정증권등소유상황보고서,20220104000399,최환석,20220104,
KOSPI,00133858,세방전지,004490,임원ㆍ주요주주특정증권등소유상황보고서,20220104000400,이령,20220104,
KOSPI,00105855,엘에스일렉트릭,010120,임원ㆍ주요주주특정증권등소유상황보고서,20220104000402,이진호,20220104,
KOSPI,00113359,교보증권,030610,일괄신고추가서류(파생결합증권-주가연계증권),20220104000406,교보증권,20220104,
KOSPI,00113359,교보증권,030610,투자설명서(일괄신고),20220104000408,교보증권,20220104,
KOSPI,00133858,세방전지,004490,임원ㆍ주요주주특정증권등소유상황보고서,20220104000409,김대웅,20220104,
KOSPI,00113359,교보증권,030610,일괄신고추가서류(파생결합증권-주가연계증권),20220104000410,교보증권,20220104,
KOSPI,00133858,세방전지,004490,임원ㆍ주요주주특정증권등소유상황보고서,20220104000413,최동우,20220104,
KOSPI,00113359,교보증권,030610,투자설명서(일괄신고),20220104000415,교보증권,20220104,
KOSPI,00112970,대한방직,001070,임원ㆍ주요주주특정증권등소유상황보고서,20220104000417,서일원,20220104,
KOSPI,00133858,세방전지,004490,임원ㆍ주요주주특정증권등소유상황보고서,20220104000418,전태홍,20220104,
KOSPI,00404701,한국자산신탁,123890,임원ㆍ주요주주특정증권등소유상황보고서,20220104000419,김원종,20220104,정
KOSPI,01059605,디와이파워,210540,임원ㆍ주요주주특정증권등소유상황보고서,20220104000420,이재균,20220104,
KOSPI,00133858,세방전지,004490,임원ㆍ주요주주특정증권등소유상황보고서,20220104000422,김근순,20220104,
KOSPI,00404701,한국자산신탁,123890,임원ㆍ주요주주특정증권등소유상황보고서,20220104000423,김해용,20220104,
KOSPI,00133858,세방전지,004490,임원ㆍ주요주주특정증권등소유상황보고서,20220104000424,윤형선,20220104,
KOSPI,00105873,LG디스플레이,034220,임원ㆍ주요주주특정증권등소유상황보고서,20220104000425,배종욱,20220104,
KOSPI,00161693,한샘,009240,[기재정정]독립이사의선임ㆍ해임또는중도퇴임에관한신고,20220104000426,한샘,20220104,
KOSPI,00161693,한샘,009240,임원ㆍ주요주주특정증권등소유상황보고서,20220104000431,강승수,20220104,
KOSPI,00161693,한샘,009240,임원ㆍ주요주주특정증권등소유상황보고서,20220104000434,조창걸,20220104,
KOSPI,00128412,삼진제약,005500,임원ㆍ주요주주특정증권등소유상황보고서,20220104000440,신기섭,20220104,
KOSPI,00121932,미원상사,002840,최대주주등소유주식변동신고서,20220104800052,미원상사,20220104,유
KOSPI,00146232,일성건설,013360,[기재정정]단일판매ㆍ공급계약체결,20220104800064,일성건설,20220104,유
KOSPI,00126362,삼성SDI,006400,최대주주등소유주식변동신고서,20220104800076,삼성SDI,20220104,유
KOSPI,00164830,HD한국조선해양,009540,단일판매ㆍ공급계약체결(자회사의 주요경영사항),20220104800080,HD한국조선해양,20220104,유
KOSPI,00164830,HD한국조선해양,009540,단일판매ㆍ공급계약체결(자회사의 주요경영사항),20220104800082,HD한국조선해양,20220104,유
KOSPI,01205709,HD현대,267250,단일판매ㆍ공급계약체결(자회사의 주요경영사항),20220104800087,HD현대,20220104,유
KOSPI,01205709,HD현대,267250,단일판매ㆍ공급계약체결(자회사의 주요경영사항),20220104800088,HD현대,20220104,유
KOSPI,00138279,S-Oil,010950,단일판매ㆍ공급계약체결,20220104800100,S-Oil,20220104,유정
KOSPI,00148948,조비,001550,[기재정정]단일판매ㆍ공급계약체결,20220104800102,조비,20220104,유정
KOSPI,01032486,두산밥캣,241560,지주회사의자회사탈퇴,20220104800234,두산밥캣,20220104,유
KOSPI,00117498,스틱인베스트먼트,026890,최대주주등소유주식변동신고서,20220104800241,스틱인베스트먼트,20220104,유
KOSPI,01412822,솔루스첨단소재,336370,[기재정정]타인에대한채무보증결정,20220104800249,솔루스첨단소재,20220104,유
KOSPI,00106313,금호건설,002990,[기재정정]단일판매ㆍ공급계약체결,20220104800273,금호건설,20220104,유
KOSPI,00144818,유유제약,000220,최대주주등소유주식변동신고서,20220104800292,유유제약,20220104,유
KOSPI,00557508,GKL,114090,영업(잠정)실적(공정공시),20220104800310,GKL,20220104,유
KOSPI,00129679,녹십자,006280,최대주주등소유주식변동신고서,20220104800312,녹십자,20220104,유
KOSPI,00631518,SK이노베이션,096770,투자판단관련주요경영사항,20220104800315,SK이노베이션,20220104,유
KOSPI,01205851,HD현대일렉트릭,267260,[기재정정]벌금등의부과,20220104800321,HD현대일렉트릭,20220104,유
KOSPI,01350869,우리금융지주,316140,기업설명회(IR)개최(안내공시),20220104800326,우리금융지주,20220104,유
KOSPI,00469799,이엔플러스,074610,조회공시요구(풍문또는보도)에대한답변(미확정),20220104800348,이엔플러스,20220104,유
KOSPI,00503668,LIG디펜스앤에어로스페이스,079550,최대주주등소유주식변동신고서,20220104800362,LIG디펜스앤에어로스페이스,20220104,유
KOSPI,00181712,SK,034730,투자판단관련주요경영사항(자회사의 주요경영사항),20220104800373,SK,20220104,유
KOSPI,00162461,한화솔루션,009830,불성실공시법인지정예고,20220104800383,유가증권시장본부,20220104,유
KOSPI,00159102,DB손해보험,005830,최대주주등소유주식변동신고서,20220104800427,DB손해보험,20220104,유
KOSPI,00138792,아시아나항공,020560,[기재정정]벌금등의부과,20220104800438,아시아나항공,20220104,유정
KOSPI,00161693,한샘,009240,최대주주등소유주식변동신고서(최대주주변경시),20220104800530,한샘,20220104,유
KOSPI,00161693,한샘,009240,대표이사(대표집행임원)변경(안내공시),20220104800532,한샘,20220104,유
KOSPI,00161693,한샘,009240,최대주주변경,20220104800538,한샘,20220104,유정
KOSPI,00161693,한샘,009240,[기재정정]임시주주총회결과,20220104800558,한샘,20220104,유
KOSPI,00133858,세방전지,004490,임원ㆍ주요주주특정증권등소유상황보고서,20220104000445,이광진,20220105,
KOSPI,01267170,SK케미칼,285130,주식등의대량보유상황보고서(약식),20220105000013,국민연금공단,20220105,
KOSPI,00231372,롯데관광개발,032350,주식등의대량보유상황보고서(약식),20220105000014,국민연금공단,20220105,
KOSPI,00261285,한국가스공사,036460,주식등의대량보유상황보고서(약식),20220105000018,국민연금공단,20220105,
KOSPI,00104856,삼성증권,016360,일괄신고추가서류(파생결합증권-주가연계증권),20220105000020,삼성증권,20220105,
KOSPI,00104856,삼성증권,016360,투자설명서(일괄신고),20220105000025,삼성증권,20220105,
KOSPI,00135795,신도리코,029530,주주총회소집공고,20220105000026,신도리코,20220105,
KOSPI,00102140,케이아이이,009140,임원ㆍ주요주주특정증권등소유상황보고서,20220105000027,김성완,20220105,
KOSPI,00110893,대신증권,003540,일괄신고추가서류(파생결합증권-주가연계증권),20220105000030,대신증권,20220105,
KOSPI,00120182,NH투자증권,005940,일괄신고추가서류(파생결합사채-주가연계파생결합사채),20220105000031,NH투자증권,20220105,
KOSPI,00155319,POSCO홀딩스,005490,주주총회소집공고,20220105000032,POSCO홀딩스,20220105,
KOSPI,00108241,농심,004370,임원ㆍ주요주주특정증권등소유상황보고서,20220105000034,국민연금공단,20220105,
KOSPI,00104856,삼성증권,016360,일괄신고추가서류(파생결합증권-주가연계증권),20220105000035,삼성증권,20220105,
KOSPI,00120182,NH투자증권,005940,투자설명서(일괄신고),20220105000037,NH투자증권,20220105,
KOSPI,01128613,화승엔터프라이즈,241590,임원ㆍ주요주주특정증권등소유상황보고서,20220105000038,국민연금공단,20220105,
KOSPI,00110893,대신증권,003540,투자설명서(일괄신고),20220105000040,대신증권,20220105,
KOSPI,00104856,삼성증권,016360,투자설명서(일괄신고),20220105000041,삼성증권,20220105,
KOSPI,00164478,현대건설,000720,임원ㆍ주요주주특정증권등소유상황보고서,20220105000043,국민연금공단,20220105,
KOSPI,00155319,POSCO홀딩스,005490,의결권대리행사권유참고서류,20220105000044,POSCO홀딩스,20220105,
KOSPI,00110893,대신증권,003540,일괄신고추가서류(파생결합증권-주가연계증권),20220105000045,대신증권,20220105,
KOSPI,00133812,세방,004360,임원ㆍ주요주주특정증권등소유상황보고서,20220105000047,최종일,20220105,
KOSPI,00110893,대신증권,003540,투자설명서(일괄신고),20220105000048,대신증권,20220105,
KOSPI,00133812,세방,004360,임원ㆍ주요주주특정증권등소유상황보고서,20220105000049,이지훈,20220105,
KOSPI,00120182,NH투자증권,005940,증권발행실적보고서,20220105000050,NH투자증권,20220105,정
KOSPI,00133812,세방,004360,임원ㆍ주요주주특정증권등소유상황보고서,20220105000056,김정호,20220105,
KOSPI,00137997,현대차증권,001500,일괄신고추가서류(파생결합사채-주가연계파생결합사채),20220105000057,현대차증권,20220105,
KOSPI,00133812,세방,004360,임원ㆍ주요주주특정증권등소유상황보고서,20220105000059,허인철,20220105,
KOSPI,00136721,신영증권,001720,일괄신고추가서류(파생결합증권-주가연계증권),20220105000062,신영증권,20220105,
KOSPI,00133812,세방,004360,임원ㆍ주요주주특정증권등소유상황보고서,20220105000068,김근영,20220105,정
KOSPI,00133812,세방,004360,임원ㆍ주요주주특정증권등소유상황보고서,20220105000071,김학수,20220105,
KOSPI,00104856,삼성증권,016360,일괄신고추가서류(파생결합증권-주가연계증권),20220105000072,삼성증권,20220105,
KOSPI,00136721,신영증권,001720,투자설명서(일괄신고),20220105000073,신영증권,20220105,
KOSPI,00120182,NH투자증권,005940,[기재정정]증권발행실적보고서,20220105000074,NH투자증권,20220105,
KOSPI,00115694,DB증권,016610,일괄신고추가서류(기타파생결합사채),20220105000075,DB증권,20220105,
KOSPI,00133812,세방,004360,임원ㆍ주요주주특정증권등소유상황보고서,20220105000078,최우수,20220105,
KOSPI,00148610,한화투자증권,003530,일괄신고추가서류(파생결합증권-주가연계증권),20220105000079,한화투자증권,20220105,
KOSPI,00111722,미래에셋증권,006800,일괄신고추가서류(파생결합증권-주가연계증권),20220105000080,미래에셋증권,20220105,
KOSPI,00133812,세방,004360,임원ㆍ주요주주특정증권등소유상황보고서,20220105000082,김우현,20220105,
KOSPI,00105873,LG디스플레이,034220,임원ㆍ주요주주특정증권등소유상황보고서,20220105000083,손기환,20220105,
KOSPI,00115694,DB증권,016610,일괄신고추가서류(파생결합사채-주가연계파생결합사채),20220105000084,DB증권,20220105,
KOSPI,00110893,대신증권,003540,주식등의대량보유상황보고서(약식),20220105000089,국민연금공단,20220105,
KOSPI,00122737,팬오션,028670,주식등의대량보유상황보고서(약식),20220105000091,국민연금공단,20220105,
KOSPI,00332927,제이에스코퍼레이션,194370,임원ㆍ주요주주특정증권등소유상황보고서,20220105000099,김치헌,20220105,
KOSPI,00158316,NICE,034310,주식등의대량보유상황보고서(약식),20220105000100,달랄스트리트엘엘씨,20220105,
KOSPI,00332927,제이에스코퍼레이션,194370,임원ㆍ주요주주특정증권등소유상황보고서,20220105000101,성시형,20220105,
KOSPI,00332927,제이에스코퍼레이션,194370,임원ㆍ주요주주특정증권등소유상황보고서,20220105000102,김태경,20220105,
KOSPI,00133812,세방,004360,임원ㆍ주요주주특정증권등소유상황보고서,20220105000103,장행수,20220105,
KOSPI,00104856,삼성증권,016360,투자설명서(일괄신고),20220105000104,삼성증권,20220105,
KOSPI,00164478,현대건설,000720,주식등의대량보유상황보고서(약식),20220105000107,국민연금공단,20220105,
KOSPI,00133812,세방,004360,주식등의대량보유상황보고서(약식),20220105000108,국민연금공단,20220105,
KOSPI,00108241,농심,004370,주식등의대량보유상황보고서(약식),20220105000109,국민연금공단,20220105,
KOSPI,00159023,SK텔레콤,017670,주식등의대량보유상황보고서(약식),20220105000110,국민연금공단,20220105,
KOSPI,00148610,한화투자증권,003530,투자설명서(일괄신고),20220105000111,한화투자증권,20220105,
KOSPI,00120526,롯데쇼핑,023530,주식등의대량보유상황보고서(약식),20220105000112,국민연금공단,20220105,
KOSPI,00356361,LG화학,051910,주식등의대량보유상황보고서(약식),20220105000113,국민연금공단,20220105,
KOSPI,00983271,NHN,181710,주식등의대량보유상황보고서(약식),20220105000116,국민연금공단,20220105,
KOSPI,00131850,SK증권,001510,일괄신고서(기타파생결합사채),20220105000121,SK증권,20220105,정
KOSPI,00231363,LG유플러스,032640,주식등의대량보유상황보고서(약식),20220105000122,국민연금공단,20220105,
KOSPI,00130772,SBS,034120,주식등의대량보유상황보고서(약식),20220105000124,국민연금공단,20220105,
KOSPI,00255619,강원랜드,035250,주식등의대량보유상황보고서(약식),20220105000125,국민연금공단,20220105,
KOSPI,00171265,파라다이스,034230,임원ㆍ주요주주특정증권등소유상황보고서,20220105000126,김영주,20220105,
KOSPI,00176914,다우기술,023590,주식등의대량보유상황보고서(약식),20220105000127,국민연금공단,20220105,
KOSPI,00427483,대웅제약,069620,주식등의대량보유상황보고서(약식),20220105000128,국민연금공단,20220105,
KOSPI,00117212,두산,000150,주식등의대량보유상황보고서(약식),20220105000129,국민연금공단,20220105,
KOSPI,00154462,아모레퍼시픽홀딩스,002790,임원ㆍ주요주주특정증권등소유상황보고서,20220105000131,이상호,20220105,
KOSPI,00131692,서흥,008490,주식등의대량보유상황보고서(약식),20220105000140,국민연금공단,20220105,
KOSPI,01325979,세아제강,306200,주식등의대량보유상황보고서(약식),20220105000141,국민연금공단,20220105,
KOSPI,00104856,삼성증권,016360,일괄신고추가서류(파생결합증권-주가연계증권),20220105000142,삼성증권,20220105,
KOSPI,00136378,신세계,004170,주식등의대량보유상황보고서(약식),20220105000144,국민연금공단,20220105,
KOSPI,00234412,신세계인터내셔날,031430,주식등의대량보유상황보고서(약식),20220105000146,국민연금공단,20220105,
KOSPI,00115694,DB증권,016610,투자설명서(일괄신고),20220105000150,DB증권,20220105,
KOSPI,01562589,LX홀딩스,383800,주식등의대량보유상황보고서(약식),20220105000152,국민연금공단,20220105,
KOSPI,01238169,오리온,271560,주식등의대량보유상황보고서(약식),20220105000153,국민연금공단,20220105,
KOSPI,00131850,SK증권,001510,일괄신고서(기타파생결합증권),20220105000161,SK증권,20220105,정
KOSPI,00565154,이노션,214320,주식등의대량보유상황보고서(약식),20220105000164,국민연금공단,20220105,
KOSPI,00107613,이수페타시스,007660,주식등의대량보유상황보고서(약식),20220105000168,국민연금공단,20220105,
KOSPI,00203315,콘텐트리중앙,036420,주식등의대량보유상황보고서(약식),20220105000173,국민연금공단,20220105,
KOSPI,00149354,종근당홀딩스,001630,주식등의대량보유상황보고서(약식),20220105000175,국민연금공단,20220105,
KOSPI,00150633,지누스,013890,주식등의대량보유상황보고서(약식),20220105000176,국민연금공단,20220105,
KOSPI,01412725,두산퓨얼셀,336260,주식등의대량보유상황보고서(약식),20220105000177,국민연금공단,20220105,
KOSPI,00500254,GS,078930,주식등의대량보유상황보고서(약식),20220105000179,국민연금공단,20220105,
KOSPI,00140177,GS리테일,007070,주식등의대량보유상황보고서(약식),20220105000180,국민연금공단,20220105,
KOSPI,00104856,삼성증권,016360,투자설명서(일괄신고),20220105000181,삼성증권,20220105,
KOSPI,00760971,크래프톤,259960,주식등의대량보유상황보고서(약식),20220105000184,국민연금공단,20220105,
KOSPI,01262032,롯데이노베이트,286940,주식등의대량보유상황보고서(약식),20220105000185,국민연금공단,20220105,
KOSPI,00684714,풍산,103140,주식등의대량보유상황보고서(약식),20220105000187,국민연금공단,20220105,
KOSPI,01204056,하이브,352820,주식등의대량보유상황보고서(약식),20220105000188,국민연금공단,20220105,
KOSPI,00159795,한국카본,017960,주식등의대량보유상황보고서(약식),20220105000189,국민연금공단,20220105,
KOSPI,00161046,한독,002390,주식등의대량보유상황보고서(약식),20220105000191,국민연금공단,20220105,
KOSPI,00111722,미래에셋증권,006800,투자설명서(일괄신고),20220105000192,미래에셋증권,20220105,
KOSPI,00299002,HL홀딩스,060980,주식등의대량보유상황보고서(약식),20220105000193,국민연금공단,20220105,
KOSPI,00413523,한미글로벌,053690,주식등의대량보유상황보고서(약식),20220105000194,국민연금공단,20220105,
KOSPI,00163512,한진,002320,주식등의대량보유상황보고서(약식),20220105000195,국민연금공단,20220105,
KOSPI,00105280,현대지에프홀딩스,005440,주식등의대량보유상황보고서(약식),20220105000198,국민연금공단,20220105,
KOSPI,00173078,명신산업,009900,주식등의대량보유상황보고서(약식),20220105000201,국민연금공단,20220105,
KOSPI,00165680,호텔신라,008770,주식등의대량보유상황보고서(약식),20220105000204,국민연금공단,20220105,
KOSPI,00131850,SK증권,001510,일괄신고서(파생결합사채-주가연계파생결합사채),20220105000205,SK증권,20220105,정
KOSPI,00120076,LX인터내셔널,001120,주식등의대량보유상황보고서(약식),20220105000206,국민연금공단,20220105,
KOSPI,00123718,부광약품,003000,주식등의대량보유상황보고서(약식),20220105000207,국민연금공단,20220105,
KOSPI,00759513,LX하우시스,108670,주식등의대량보유상황보고서(약식),20220105000208,국민연금공단,20220105,
KOSPI,00148896,OCI홀딩스,010060,주식등의대량보유상황보고서(약식),20220105000210,국민연금공단,20220105,
KOSPI,01596425,SK스퀘어,402340,주식등의대량보유상황보고서(약식),20220105000211,국민연금공단,20220105,
KOSPI,00398792,SNT모티브,064960,주식등의대량보유상황보고서(약식),20220105000213,국민연금공단,20220105,
KOSPI,00480367,SK오션플랜트,100090,주식등의대량보유상황보고서(약식),20220105000214,국민연금공단,20220105,
KOSPI,00557508,GKL,114090,주식등의대량보유상황보고서(약식),20220105000216,국민연금공단,20220105,
KOSPI,00173874,넥센타이어,002350,주식등의대량보유상황보고서(약식),20220105000218,국민연금공단,20220105,
KOSPI,00104856,삼성증권,016360,주식등의대량보유상황보고서(약식),20220105000220,국민연금공단,20220105,
KOSPI,00136721,신영증권,001720,일괄신고추가서류(파생결합증권-주가연계증권),20220105000222,신영증권,20220105,
KOSPI,01478712,대덕전자,353200,주식등의대량보유상황보고서(약식),20220105000224,국민연금공단,20220105,
KOSPI,00126955,삼양식품,003230,주식등의대량보유상황보고서(약식),20220105000225,국민연금공단,20220105,
KOSPI,00526599,덴티움,145720,주식등의대량보유상황보고서(약식),20220105000226,국민연금공단,20220105,
KOSPI,00129350,삼화콘덴서공업,001820,주식등의대량보유상황보고서(약식),20220105000227,국민연금공단,20220105,
KOSPI,00115694,DB증권,016610,투자설명서(일괄신고),20220105000228,DB증권,20220105,
KOSPI,00131850,SK증권,001510,일괄신고서(파생결합증권-주가연계증권),20220105000229,SK증권,20220105,정
KOSPI,01412822,솔루스첨단소재,336370,주식등의대량보유상황보고서(약식),20220105000230,국민연금공단,20220105,
KOSPI,00670340,씨에스윈드,112610,주식등의대량보유상황보고서(약식),20220105000234,국민연금공단,20220105,
KOSPI,00303873,CJ CGV,079160,주식등의대량보유상황보고서(약식),20220105000236,국민연금공단,20220105,
KOSPI,01386916,SK아이이테크놀로지,361610,주식등의대량보유상황보고서(약식),20220105000239,국민연금공단,20220105,
KOSPI,00129679,녹십자,006280,임원ㆍ주요주주특정증권등소유상황보고서,20220105000242,이우진,20220105,
KOSPI,00350312,HDC랩스,039570,주식등의대량보유상황보고서(약식),20220105000251,국민연금공단,20220105,
KOSPI,00105961,LG이노텍,011070,주식등의대량보유상황보고서(약식),20220105000252,국민연금공단,20220105,
KOSPI,01032413,해성디에스,195870,주식등의대량보유상황보고서(약식),20220105000255,국민연금공단,20220105,
KOSPI,00164724,현대엘리베이터,017800,주식등의대량보유상황보고서(약식),20220105000259,국민연금공단,20220105,
KOSPI,01205851,HD현대일렉트릭,267260,주식등의대량보유상황보고서(약식),20220105000261,국민연금공단,20220105,
KOSPI,00146454,일양약품,007570,주식등의대량보유상황보고서(약식),20220105000262,국민연금공단,20220105,
KOSPI,01205709,HD현대,267250,주식등의대량보유상황보고서(약식),20220105000263,국민연금공단,20220105,
KOSPI,00148610,한화투자증권,003530,일괄신고추가서류(파생결합증권-주가연계증권),20220105000264,한화투자증권,20220105,
KOSPI,00164973,현대해상,001450,주식등의대량보유상황보고서(약식),20220105000266,국민연금공단,20220105,
KOSPI,00129679,녹십자,006280,임원ㆍ주요주주특정증권등소유상황보고서,20220105000267,사공영희,20220105,
KOSPI,00113359,교보증권,030610,일괄신고추가서류(파생결합증권-주가연계증권),20220105000269,교보증권,20220105,
KOSPI,00136721,신영증권,001720,투자설명서(일괄신고),20220105000270,신영증권,20220105,
KOSPI,00166227,화승인더스트리,006060,주식등의대량보유상황보고서(약식),20220105000271,국민연금공단,20220105,
KOSPI,00653024,진에어,272450,주식등의대량보유상황보고서(약식),20220105000272,국민연금공단,20220105,
KOSPI,01316227,효성티앤씨,298020,주식등의대량보유상황보고서(약식),20220105000273,국민연금공단,20220105,
KOSPI,01316236,효성화학,298000,주식등의대량보유상황보고서(약식),20220105000275,국민연금공단,20220105,
KOSPI,00113191,코리안리,003690,주식등의대량보유상황보고서(약식),20220105000276,국민연금공단,20220105,
KOSPI,00148610,한화투자증권,003530,투자설명서(일괄신고),20220105000277,한화투자증권,20220105,
KOSPI,00195229,미스토홀딩스,081660,주식등의대량보유상황보고서(약식),20220105000278,국민연금공단,20220105,
KOSPI,00113359,교보증권,030610,투자설명서(일괄신고),20220105000280,교보증권,20220105,
KOSPI,01009789,코스맥스,192820,주식등의대량보유상황보고서(약식),20220105000281,국민연금공단,20220105,
KOSPI,00117601,유안타증권,003470,일괄신고추가서류(파생결합증권-주가연계증권),20220105000282,유안타증권,20220105,정
KOSPI,00219574,코스맥스비티아이,044820,주식등의대량보유상황보고서(약식),20220105000284,국민연금공단,20220105,
KOSPI,00152880,코오롱글로벌,003070,주식등의대량보유상황보고서(약식),20220105000286,국민연금공단,20220105,
KOSPI,00795135,코오롱인더,120110,주식등의대량보유상황보고서(약식),20220105000292,국민연금공단,20220105,
KOSPI,00117601,유안타증권,003470,투자설명서(일괄신고),20220105000297,유안타증권,20220105,정
KOSPI,00767460,PI첨단소재,178920,주식등의대량보유상황보고서(약식),20220105000298,국민연금공단,20220105,
KOSPI,00137997,현대차증권,001500,투자설명서(일괄신고),20220105000299,현대차증권,20220105,
KOSPI,00728638,한세실업,105630,주식등의대량보유상황보고서(약식),20220105000301,국민연금공단,20220105,
KOSPI,00159218,한전KPS,051600,주식등의대량보유상황보고서(약식),20220105000303,국민연금공단,20220105,
KOSPI,00125974,삼부토건,001470,주식등의대량보유상황보고서(일반),20220105000304,휴림로봇,20220105,
KOSPI,00126566,한화에어로스페이스,012450,주식등의대량보유상황보고서(약식),20220105000305,국민연금공단,20220105,
KOSPI,00113359,교보증권,030610,일괄신고추가서류(파생결합증권-주가연계증권),20220105000307,교보증권,20220105,
KOSPI,00113359,교보증권,030610,투자설명서(일괄신고),20220105000310,교보증권,20220105,
KOSPI,00148610,한화투자증권,003530,일괄신고추가서류(파생결합증권-주가연계증권),20220105000311,한화투자증권,20220105,
KOSPI,00111722,미래에셋증권,006800,일괄신고추가서류(파생결합사채-주가연계파생결합사채),20220105000314,미래에셋증권,20220105,
KOSPI,00148610,한화투자증권,003530,투자설명서(일괄신고),20220105000316,한화투자증권,20220105,
KOSPI,00127857,삼익악기,002450,주식등의대량보유상황보고서(일반),20220105000319,스페코,20220105,
KOSPI,00107598,남양유업,003920,임원ㆍ주요주주특정증권등소유상황보고서,20220105000324,이기웅,20220105,
KOSPI,00145880,현대제철,004020,임원ㆍ주요주주특정증권등소유상황보고서,20220105000326,강연채,20220105,
KOSPI,00145880,현대제철,004020,임원ㆍ주요주주특정증권등소유상황보고서,20220105000333,김기진,20220105,
KOSPI,00145880,현대제철,004020,임원ㆍ주요주주특정증권등소유상황보고서,20220105000338,김인철,20220105,
KOSPI,00145880,현대제철,004020,임원ㆍ주요주주특정증권등소유상황보고서,20220105000342,성석현,20220105,
KOSPI,00687711,한국철강,104700,주식등의대량보유상황보고서(약식),20220105000343,국민연금공단,20220105,
KOSPI,00145880,현대제철,004020,임원ㆍ주요주주특정증권등소유상황보고서,20220105000344,양국석,20220105,
KOSPI,00145880,현대제철,004020,임원ㆍ주요주주특정증권등소유상황보고서,20220105000346,이성재,20220105,
KOSPI,00155276,포스코퓨처엠,003670,임원ㆍ주요주주특정증권등소유상황보고서,20220105000348,노권선,20220105,
KOSPI,01497869,티와이홀딩스,363280,주식등의대량보유상황보고서(약식),20220105000350,국민연금공단,20220105,
KOSPI,00145880,현대제철,004020,임원ㆍ주요주주특정증권등소유상황보고서,20220105000351,이진서,20220105,
KOSPI,00155276,포스코퓨처엠,003670,임원ㆍ주요주주특정증권등소유상황보고서,20220105000352,이형수,20220105,
KOSPI,00145880,현대제철,004020,임원ㆍ주요주주특정증권등소유상황보고서,20220105000353,조범수,20220105,
KOSPI,00155276,포스코퓨처엠,003670,임원ㆍ주요주주특정증권등소유상황보고서,20220105000354,김권,20220105,
KOSPI,00145880,현대제철,004020,임원ㆍ주요주주특정증권등소유상황보고서,20220105000355,최해진,20220105,
KOSPI,00155276,포스코퓨처엠,003670,임원ㆍ주요주주특정증권등소유상황보고서,20220105000357,정석조,20220105,
KOSPI,01267170,SK케미칼,285130,임원ㆍ주요주주특정증권등소유상황보고서,20220105000358,김기동,20220105,
KOSPI,00652423,인바이오젠,101140,주식등의대량보유상황보고서(약식),20220105000361,노미컬 투자조합,20220105,
KOSPI,01267170,SK케미칼,285130,임원ㆍ주요주주특정증권등소유상황보고서,20220105000362,김학성,20220105,
KOSPI,00111722,미래에셋증권,006800,투자설명서(일괄신고),20220105000363,미래에셋증권,20220105,
KOSPI,00547583,하나금융지주,086790,임원ㆍ주요주주특정증권등소유상황보고서,20220105000364,김희대,20220105,
KOSPI,00157991,한국석유공업,004090,주식등의대량보유상황보고서(일반),20220105000376,강승모,20220105,
KOSPI,00118521,진원생명과학,011000,임원ㆍ주요주주특정증권등소유상황보고서,20220105000378,최성호,20220105,
KOSPI,00547583,하나금융지주,086790,임원ㆍ주요주주특정증권등소유상황보고서,20220105000379,황효상,20220105,
KOSPI,00118521,진원생명과학,011000,주식등의대량보유상황보고서(일반),20220105000380,박영근,20220105,
KOSPI,00136721,신영증권,001720,[기재정정]일괄신고추가서류(파생결합증권-주가연계증권),20220105000382,신영증권,20220105,
KOSPI,00684802,에이플러스에셋,244920,임원ㆍ주요주주특정증권등소유상황보고서,20220105000385,예창오,20220105,
KOSPI,00136721,신영증권,001720,[기재정정]투자설명서(일괄신고),20220105000386,신영증권,20220105,
KOSPI,00547583,하나금융지주,086790,임원ㆍ주요주주특정증권등소유상황보고서,20220105000387,이정원,20220105,
KOSPI,00159616,두산에너빌리티,034020,[기재정정]주요사항보고서(유상증자결정),20220105000391,두산에너빌리티,20220105,정
KOSPI,00428729,대호에이엘,069460,[기재정정]주요사항보고서(타법인주식및출자증권양수결정),20220105000396,대호에이엘,20220105,정
KOSPI,00547583,하나금융지주,086790,임원ㆍ주요주주특정증권등소유상황보고서,20220105000397,김한욱,20220105,
KOSPI,00102140,케이아이이,009140,주식등의대량보유상황보고서(일반),20220105000406,김효조,20220105,
KOSPI,01412822,솔루스첨단소재,336370,주주총회소집공고,20220105000408,솔루스첨단소재,20220105,
KOSPI,00156859,다올투자증권,030210,임원ㆍ주요주주특정증권등소유상황보고서,20220105000419,KB자산운용,20220105,
KOSPI,00154055,태원물산,001420,주식등의대량보유상황보고서(약식),20220105000420,케이알엠,20220105,
KOSPI,00117601,유안타증권,003470,[기재정정]일괄신고추가서류(파생결합증권-주가연계증권),20220105000422,유안타증권,20220105,
KOSPI,00159616,두산에너빌리티,034020,[기재정정]증권신고서(지분증권),20220105000438,두산에너빌리티,20220105,정
KOSPI,00159616,두산에너빌리티,034020,[기재정정]투자설명서,20220105000441,두산에너빌리티,20220105,정
KOSPI,00547583,하나금융지주,086790,임원ㆍ주요주주특정증권등소유상황보고서,20220105000446,김주성,20220105,
KOSPI,00296290,키움증권,039490,임원ㆍ주요주주특정증권등소유상황보고서,20220105000447,하승선,20220105,
KOSPI,00111722,미래에셋증권,006800,일괄신고추가서류(파생결합증권-주가연계증권),20220105000452,미래에셋증권,20220105,
KOSPI,00651901,에어부산,298690,임원ㆍ주요주주특정증권등소유상황보고서,20220105000458,곽창용,20220105,
KOSPI,00111722,미래에셋증권,006800,일괄신고추가서류(기타파생결합사채),20220105000463,미래에셋증권,20220105,
KOSPI,00296290,키움증권,039490,임원ㆍ주요주주특정증권등소유상황보고서,20220105000465,나연태,20220105,
KOSPI,00117601,유안타증권,003470,[기재정정]투자설명서(일괄신고),20220105000466,유안타증권,20220105,
KOSPI,00158316,NICE,034310,주요사항보고서(자기주식취득신탁계약해지결정),20220105000467,NICE,20220105,
KOSPI,00111722,미래에셋증권,006800,일괄신고추가서류(파생결합증권-주가연계증권),20220105000470,미래에셋증권,20220105,
KOSPI,00162461,한화솔루션,009830,임원ㆍ주요주주특정증권등소유상황보고서,20220105000472,김종남,20220105,
KOSPI,00113207,대한전선,001440,[기재정정]증권신고서(지분증권),20220105000473,대한전선,20220105,정
KOSPI,00117601,유안타증권,003470,임원ㆍ주요주주특정증권등소유상황보고서,20220105000477,김수용,20220105,
KOSPI,00158316,NICE,034310,신탁계약해지결과보고서,20220105000478,NICE,20220105,
KOSPI,00111722,미래에셋증권,006800,투자설명서(일괄신고),20220105000484,미래에셋증권,20220105,
KOSPI,00111722,미래에셋증권,006800,투자설명서(일괄신고),20220105000486,미래에셋증권,20220105,
KOSPI,00161693,한샘,009240,주식등의대량보유상황보고서(일반),20220105000488,아이엠엠로즈골드4사모투자,20220105,
KOSPI,00117601,유안타증권,003470,증권발행실적보고서,20220105000490,유안타증권,20220105,
KOSPI,00161693,한샘,009240,주식등의대량보유상황보고서(일반),20220105000501,조창걸,20220105,
KOSPI,00161693,한샘,009240,임원ㆍ주요주주특정증권등소유상황보고서,20220105000514,김태욱,20220105,
KOSPI,00159023,SK텔레콤,017670,임원ㆍ주요주주특정증권등소유상황보고서,20220105000515,김대성,20220105,
KOSPI,00706715,미원홀딩스,107590,주식등의대량보유상황보고서(일반),20220105000520,김정돈,20220105,
KOSPI,00161693,한샘,009240,임원ㆍ주요주주특정증권등소유상황보고서,20220105000526,임창훈,20220105,
KOSPI,00161693,한샘,009240,주식등의대량보유상황보고서(일반),20220105000528,하임,20220105,
KOSPI,00261285,한국가스공사,036460,임원ㆍ주요주주특정증권등소유상황보고서,20220105000536,김홍식,20220105,
KOSPI,00161693,한샘,009240,임원ㆍ주요주주특정증권등소유상황보고서,20220105000537,최희진,20220105,
KOSPI,00159023,SK텔레콤,017670,임원ㆍ주요주주특정증권등소유상황보고서,20220105000538,이승열,20220105,
KOSPI,00360595,현대글로비스,086280,주식등의대량보유상황보고서(일반),20220105000539,정의선,20220105,
KOSPI,00111722,미래에셋증권,006800,투자설명서(일괄신고),20220105000542,미래에셋증권,20220105,
KOSPI,00382199,신한지주,055550,임원ㆍ주요주주특정증권등소유상황보고서,20220105000543,노용훈,20220105,
KOSPI,00382199,신한지주,055550,임원ㆍ주요주주특정증권등소유상황보고서,20220105000548,박성현,20220105,
KOSPI,00382199,신한지주,055550,임원ㆍ주요주주특정증권등소유상황보고서,20220105000549,강신태,20220105,
KOSPI,00107066,남광토건,001260,[기재정정]단일판매ㆍ공급계약체결,20220105800034,남광토건,20220105,유정
KOSPI,00141404,블루산업개발,006740,조회공시요구(풍문또는보도),20220105800039,유가증권시장본부,20220105,유
KOSPI,00102140,케이아이이,009140,최대주주등소유주식변동신고서,20220105800057,케이아이이,20220105,유
KOSPI,00125974,삼부토건,001470,단일판매ㆍ공급계약체결,20220105800092,삼부토건,20220105,유
KOSPI,00124197,세아제강지주,003030,[첨부추가]대표이사(대표집행임원)변경(안내공시),20220105800094,세아제강지주,20220105,유
KOSPI,00164645,HMM,011200,최대주주등소유주식변동신고서,20220105800312,HMM,20220105,유
KOSPI,00144164,SK가스,018670,풍문또는보도에대한해명(미확정),20220105800336,SK가스,20220105,유
KOSPI,00157991,한국석유공업,004090,최대주주등소유주식변동신고서,20220105800383,한국석유공업,20220105,유
KOSPI,00149239,조일알미늄,018470,단일판매ㆍ공급계약체결,20220105800396,조일알미늄,20220105,유
KOSPI,00118521,진원생명과학,011000,최대주주등소유주식변동신고서,20220105800412,진원생명과학,20220105,유
KOSPI,00795135,코오롱인더,120110,최대주주등소유주식변동신고서,20220105800422,코오롱인더,20220105,유
KOSPI,00469799,이엔플러스,074610,투자판단관련주요경영사항(특허권 취득),20220105800433,이엔플러스,20220105,유
KOSPI,00117212,두산,000150,[기재정정]주요사항보고서(유상증자결정)(자회사의 주요경영사항),20220105800458,두산,20220105,유정
KOSPI,00101628,경방,000050,최대주주등소유주식변동신고서,20220105800497,경방,20220105,유
KOSPI,00124090,한국특강,007280,최대주주등소유주식변동신고서,20220105800505,한국특강,20220105,유
KOSPI,00458234,아시아나IDT,267850,[기재정정]단일판매ㆍ공급계약체결,20220105800546,아시아나IDT,20220105,유
KOSPI,00168331,온타이드,005320,전환가액ㆍ신주인수권행사가액ㆍ교환가액의조정(안내공시),20220105800550,온타이드,20220105,유
KOSPI,00382199,신한지주,055550,기업설명회(IR)개최(안내공시),20220105800561,신한지주,20220105,유
KOSPI,00140955,한솔케미칼,014680,최대주주등소유주식변동신고서,20220105800562,한솔케미칼,20220105,유
KOSPI,00706715,미원홀딩스,107590,최대주주등소유주식변동신고서,20220105800574,미원홀딩스,20220105,유
KOSPI,00141404,블루산업개발,006740,조회공시요구(풍문또는보도)에대한답변(미확정),20220105800579,블루산업개발,20220105,유
KOSPI,00155319,POSCO홀딩스,005490,수시공시의무관련사항(공정공시),20220105800614,POSCO홀딩스,20220105,유
KOSPI,01234297,미원에스씨,268280,최대주주등소유주식변동신고서,20220105800617,미원에스씨,20220105,유
KOSPI,00382199,신한지주,055550,지주회사의자회사탈퇴,20220105800634,신한지주,20220105,유
KOSPI,00753643,주성코퍼레이션,109070,[기재정정]단일판매ㆍ공급계약체결,20220105800657,주성코퍼레이션,20220105,유
KOSPI,00106313,금호건설,002990,[기재정정]단일판매ㆍ공급계약체결,20220105800660,금호건설,20220105,유정
KOSPI,00171265,파라다이스,034230,연결재무제표기준영업(잠정)실적(공정공시)(월별),20220105900108,파라다이스,20220105,코
KOSPI,00382199,신한지주,055550,임원ㆍ주요주주특정증권등소유상황보고서,20220105000564,이태경,20220106,
KOSPI,00688996,KB금융,105560,임원ㆍ주요주주특정증권등소유상황보고서,20220105000567,전동숙,20220106,
KOSPI,00382199,신한지주,055550,임원ㆍ주요주주특정증권등소유상황보고서,20220105000568,김명희,20220106,
KOSPI,00382199,신한지주,055550,임원ㆍ주요주주특정증권등소유상황보고서,20220105000569,서승현,20220106,
KOSPI,00544452,이리츠코크렙,088260,주식등의대량보유상황보고서(일반),20220106000003,이랜드리테일,20220106,
KOSPI,00137997,현대차증권,001500,증권발행실적보고서,20220106000006,현대차증권,20220106,
KOSPI,00104856,삼성증권,016360,증권발행실적보고서,20220106000010,삼성증권,20220106,
KOSPI,00367844,자이에스앤디,317400,주주총회소집공고,20220106000013,자이에스앤디,20220106,
KOSPI,00302926,현대로템,064350,임원ㆍ주요주주특정증권등소유상황보고서,20220106000014,김성현,20220106,
KOSPI,00367844,자이에스앤디,317400,의결권대리행사권유참고서류,20220106000015,자이에스앤디,20220106,
KOSPI,00302926,현대로템,064350,임원ㆍ주요주주특정증권등소유상황보고서,20220106000017,김영일,20220106,
KOSPI,00120182,NH투자증권,005940,일괄신고추가서류(파생결합사채-주가연계파생결합사채),20220106000018,NH투자증권,20220106,
KOSPI,00302926,현대로템,064350,임원ㆍ주요주주특정증권등소유상황보고서,20220106000024,한성봉,20220106,
KOSPI,00414601,유니퀘스트,077500,신탁계약에의한취득상황보고서,20220106000025,유니퀘스트,20220106,
KOSPI,00148610,한화투자증권,003530,증권발행실적보고서,20220106000027,한화투자증권,20220106,
KOSPI,00106623,현대위아,011210,임원ㆍ주요주주특정증권등소유상황보고서,20220106000031,박환,20220106,
KOSPI,00120182,NH투자증권,005940,투자설명서(일괄신고),20220106000032,NH투자증권,20220106,
KOSPI,00116824,동아쏘시오홀딩스,000640,임원ㆍ주요주주특정증권등소유상황보고서,20220106000038,국민연금공단,20220106,
KOSPI,00158316,NICE,034310,주요사항보고서(자기주식취득신탁계약체결결정),20220106000041,NICE,20220106,정
KOSPI,00120182,NH투자증권,005940,증권발행실적보고서,20220106000044,NH투자증권,20220106,
KOSPI,00105271,케이씨씨,002380,임원ㆍ주요주주특정증권등소유상황보고서,20220106000046,국민연금공단,20220106,
KOSPI,00108241,농심,004370,임원ㆍ주요주주특정증권등소유상황보고서,20220106000049,국민연금공단,20220106,
KOSPI,00117188,효성,004800,임원ㆍ주요주주특정증권등소유상황보고서,20220106000052,국민연금공단,20220106,
KOSPI,00105952,LS,006260,임원ㆍ주요주주특정증권등소유상황보고서,20220106000053,국민연금공단,20220106,
KOSPI,00120030,GS건설,006360,임원ㆍ주요주주특정증권등소유상황보고서,20220106000056,국민연금공단,20220106,
KOSPI,00126371,삼성전기,009150,임원ㆍ주요주주특정증권등소유상황보고서,20220106000057,국민연금공단,20220106,
KOSPI,00190321,케이티,030200,임원ㆍ주요주주특정증권등소유상황보고서,20220106000060,국민연금공단,20220106,
KOSPI,00145437,아센디오,012170,주식등의대량보유상황보고서(약식),20220106000062,비즈솔루션랩,20220106,
KOSPI,00428729,대호에이엘,069460,[첨부정정]주요사항보고서(타법인주식및출자증권양수결정),20220106000064,대호에이엘,20220106,정
KOSPI,00432102,한국금융지주,071050,임원ㆍ주요주주특정증권등소유상황보고서,20220106000066,국민연금공단,20220106,
KOSPI,00858364,BNK금융지주,138930,임원ㆍ주요주주특정증권등소유상황보고서,20220106000070,국민연금공단,20220106,
KOSPI,00872984,이마트,139480,임원ㆍ주요주주특정증권등소유상황보고서,20220106000073,국민연금공단,20220106,
KOSPI,01042775,HL만도,204320,임원ㆍ주요주주특정증권등소유상황보고서,20220106000075,국민연금공단,20220106,
KOSPI,01310269,IPARK현대산업개발,294870,임원ㆍ주요주주특정증권등소유상황보고서,20220106000076,국민연금공단,20220106,
KOSPI,00131850,SK증권,001510,임원ㆍ주요주주특정증권등소유상황보고서,20220106000082,김지석,20220106,
KOSPI,00105873,LG디스플레이,034220,임원ㆍ주요주주특정증권등소유상황보고서,20220106000092,유준석,20220106,
KOSPI,00296290,키움증권,039490,일괄신고추가서류(파생결합증권-주가연계증권),20220106000094,키움증권,20220106,
KOSPI,00115694,DB증권,016610,일괄신고추가서류(기타파생결합사채),20220106000095,DB증권,20220106,
KOSPI,00111722,미래에셋증권,006800,일괄신고추가서류(파생결합증권-주가연계증권),20220106000096,미래에셋증권,20220106,
KOSPI,00145109,유한양행,000100,임원ㆍ주요주주특정증권등소유상황보고서,20220106000099,국민연금공단,20220106,
KOSPI,00115694,DB증권,016610,투자설명서(일괄신고),20220106000100,DB증권,20220106,
KOSPI,00117212,두산,000150,임원ㆍ주요주주특정증권등소유상황보고서,20220106000103,국민연금공단,20220106,
KOSPI,00160843,DB하이텍,000990,임원ㆍ주요주주특정증권등소유상황보고서,20220106000107,국민연금공단,20220106,
KOSPI,00164973,현대해상,001450,임원ㆍ주요주주특정증권등소유상황보고서,20220106000113,국민연금공단,20220106,
KOSPI,00878915,iM금융지주,139130,임원ㆍ주요주주특정증권등소유상황보고서,20220106000114,국민연금공단,20220106,
KOSPI,00130772,SBS,034120,임원ㆍ주요주주특정증권등소유상황보고서,20220106000117,국민연금공단,20220106,
KOSPI,00136378,신세계,004170,임원ㆍ주요주주특정증권등소유상황보고서,20220106000127,국민연금공단,20220106,
KOSPI,00231363,LG유플러스,032640,임원ㆍ주요주주특정증권등소유상황보고서,20220106000131,박경중,20220106,
KOSPI,00234412,신세계인터내셔날,031430,임원ㆍ주요주주특정증권등소유상황보고서,20220106000132,국민연금공단,20220106,
KOSPI,00688996,KB금융,105560,임원ㆍ주요주주특정증권등소유상황보고서,20220106000141,문혜숙,20220106,
KOSPI,00776820,영원무역,111770,임원ㆍ주요주주특정증권등소유상황보고서,20220106000142,국민연금공단,20220106,
KOSPI,00121941,대상,001680,임원ㆍ주요주주특정증권등소유상황보고서,20220106000144,국민연금공단,20220106,
KOSPI,00157681,롯데정밀화학,004000,임원ㆍ주요주주특정증권등소유상황보고서,20220106000145,국민연금공단,20220106,
KOSPI,00164788,현대모비스,012330,임원ㆍ주요주주특정증권등소유상황보고서,20220106000147,김창구,20220106,
KOSPI,00565154,이노션,214320,임원ㆍ주요주주특정증권등소유상황보고서,20220106000148,국민연금공단,20220106,
KOSPI,00164788,현대모비스,012330,임원ㆍ주요주주특정증권등소유상황보고서,20220106000150,박종성,20220106,
KOSPI,00148276,제일기획,030000,임원ㆍ주요주주특정증권등소유상황보고서,20220106000151,국민연금공단,20220106,
KOSPI,00164788,현대모비스,012330,임원ㆍ주요주주특정증권등소유상황보고서,20220106000152,성길주,20220106,
KOSPI,00164788,현대모비스,012330,임원ㆍ주요주주특정증권등소유상황보고서,20220106000154,성정환,20220106,
KOSPI,00159102,DB손해보험,005830,임원ㆍ주요주주특정증권등소유상황보고서,20220106000155,최재붕,20220106,
KOSPI,00164788,현대모비스,012330,임원ㆍ주요주주특정증권등소유상황보고서,20220106000157,신갑석,20220106,
KOSPI,00164788,현대모비스,012330,임원ㆍ주요주주특정증권등소유상황보고서,20220106000160,이희현,20220106,
KOSPI,00140955,한솔케미칼,014680,임원ㆍ주요주주특정증권등소유상황보고서,20220106000161,국민연금공단,20220106,
KOSPI,00164788,현대모비스,012330,임원ㆍ주요주주특정증권등소유상황보고서,20220106000162,정충식,20220106,
KOSPI,00428251,현대백화점,069960,임원ㆍ주요주주특정증권등소유상황보고서,20220106000164,국민연금공단,20220106,
KOSPI,00125974,삼부토건,001470,주주총회소집공고,20220106000165,삼부토건,20220106,
KOSPI,00104856,삼성증권,016360,증권발행실적보고서,20220106000166,삼성증권,20220106,
KOSPI,01009789,코스맥스,192820,임원ㆍ주요주주특정증권등소유상황보고서,20220106000167,국민연금공단,20220106,
KOSPI,00135962,신라교역,004970,임원ㆍ주요주주특정증권등소유상황보고서,20220106000168,김평회,20220106,
KOSPI,00125974,삼부토건,001470,의결권대리행사권유참고서류,20220106000169,삼부토건,20220106,
KOSPI,01128613,화승엔터프라이즈,241590,임원ㆍ주요주주특정증권등소유상황보고서,20220106000170,국민연금공단,20220106,
KOSPI,00135962,신라교역,004970,임원ㆍ주요주주특정증권등소유상황보고서,20220106000172,최호철,20220106,
KOSPI,00878915,iM금융지주,139130,임원ㆍ주요주주특정증권등소유상황보고서,20220106000173,강정훈,20220106,
KOSPI,00635134,CJ제일제당,097950,임원ㆍ주요주주특정증권등소유상황보고서,20220106000174,국민연금공단,20220106,
KOSPI,00164478,현대건설,000720,임원ㆍ주요주주특정증권등소유상황보고서,20220106000177,백철욱,20220106,
KOSPI,01524093,DL이앤씨,375500,임원ㆍ주요주주특정증권등소유상황보고서,20220106000178,국민연금공단,20220106,
KOSPI,01390344,HD현대중공업,329180,특수관계인으로부터주식의취득,20220106000179,HD현대중공업,20220106,공
KOSPI,00104856,삼성증권,016360,임원ㆍ주요주주특정증권등소유상황보고서,20220106000183,국민연금공단,20220106,
KOSPI,00503668,LIG디펜스앤에어로스페이스,079550,임원ㆍ주요주주특정증권등소유상황보고서,20220106000184,국민연금공단,20220106,
KOSPI,00164830,HD한국조선해양,009540,특수관계인에대한주식의처분,20220106000185,HD한국조선해양,20220106,공
KOSPI,00164478,현대건설,000720,임원ㆍ주요주주특정증권등소유상황보고서,20220106000187,이종덕,20220106,
KOSPI,00296290,키움증권,039490,투자설명서(일괄신고),20220106000188,키움증권,20220106,
KOSPI,00105855,엘에스일렉트릭,010120,임원ㆍ주요주주특정증권등소유상황보고서,20220106000192,국민연금공단,20220106,
KOSPI,00164478,현대건설,000720,임원ㆍ주요주주특정증권등소유상황보고서,20220106000194,임지홍,20220106,
KOSPI,00105961,LG이노텍,011070,임원ㆍ주요주주특정증권등소유상황보고서,20220106000197,국민연금공단,20220106,
KOSPI,00296290,키움증권,039490,임원ㆍ주요주주특정증권등소유상황보고서,20220106000204,국민연금공단,20220106,
KOSPI,00164478,현대건설,000720,임원ㆍ주요주주특정증권등소유상황보고서,20220106000205,채진석,20220106,
KOSPI,00157070,한국단자공업,025540,임원ㆍ주요주주특정증권등소유상황보고서,20220106000207,국민연금공단,20220106,
KOSPI,00728638,한세실업,105630,임원ㆍ주요주주특정증권등소유상황보고서,20220106000211,국민연금공단,20220106,
KOSPI,00296290,키움증권,039490,일괄신고추가서류(파생결합증권-주가연계증권),20220106000216,키움증권,20220106,
KOSPI,00159218,한전KPS,051600,임원ㆍ주요주주특정증권등소유상황보고서,20220106000217,국민연금공단,20220106,
KOSPI,00937324,한국타이어앤테크놀로지,161390,임원ㆍ주요주주특정증권등소유상황보고서,20220106000218,허문환,20220106,
KOSPI,00126566,한화에어로스페이스,012450,임원ㆍ주요주주특정증권등소유상황보고서,20220106000220,국민연금공단,20220106,
KOSPI,00106623,현대위아,011210,임원ㆍ주요주주특정증권등소유상황보고서,20220106000221,국민연금공단,20220106,
KOSPI,00878696,에스케이바이오팜,326030,임원ㆍ주요주주특정증권등소유상황보고서,20220106000223,채주엽,20220106,
KOSPI,01316236,효성화학,298000,임원ㆍ주요주주특정증권등소유상황보고서,20220106000224,국민연금공단,20220106,
KOSPI,00111722,미래에셋증권,006800,투자설명서(일괄신고),20220106000228,미래에셋증권,20220106,
KOSPI,00296290,키움증권,039490,투자설명서(일괄신고),20220106000229,키움증권,20220106,
KOSPI,00117601,유안타증권,003470,일괄신고추가서류(기타파생결합사채),20220106000232,유안타증권,20220106,
KOSPI,00117601,유안타증권,003470,투자설명서(일괄신고),20220106000236,유안타증권,20220106,
KOSPI,00110893,대신증권,003540,일괄신고추가서류(파생결합사채-주가연계파생결합사채),20220106000238,대신증권,20220106,
KOSPI,00117601,유안타증권,003470,일괄신고추가서류(기타파생결합사채),20220106000250,유안타증권,20220106,
KOSPI,00136721,신영증권,001720,증권발행실적보고서,20220106000255,신영증권,20220106,
KOSPI,00110893,대신증권,003540,투자설명서(일괄신고),20220106000256,대신증권,20220106,
KOSPI,00117601,유안타증권,003470,투자설명서(일괄신고),20220106000260,유안타증권,20220106,
KOSPI,00148920,조광페인트,004910,자기주식처분결과보고서,20220106000265,조광페인트,20220106,정
KOSPI,00124504,포스코인터내셔널,047050,임원ㆍ주요주주특정증권등소유상황보고서,20220106000267,박상헌,20220106,
KOSPI,00858364,BNK금융지주,138930,임원ㆍ주요주주특정증권등소유상황보고서,20220106000272,성경식,20220106,
KOSPI,00583442,노루페인트,090350,주식등의대량보유상황보고서(일반),20220106000273,노루홀딩스,20220106,
KOSPI,00159023,SK텔레콤,017670,임원ㆍ주요주주특정증권등소유상황보고서,20220106000274,최화식,20220106,
KOSPI,00113410,CJ대한통운,000120,임원ㆍ주요주주특정증권등소유상황보고서,20220106000281,백정훈,20220106,
KOSPI,00159023,SK텔레콤,017670,임원ㆍ주요주주특정증권등소유상황보고서,20220106000284,조익환,20220106,
KOSPI,00858364,BNK금융지주,138930,임원ㆍ주요주주특정증권등소유상황보고서,20220106000298,손강,20220106,
KOSPI,00159023,SK텔레콤,017670,임원ㆍ주요주주특정증권등소유상황보고서,20220106000299,임정연,20220106,
KOSPI,00124504,포스코인터내셔널,047050,임원ㆍ주요주주특정증권등소유상황보고서,20220106000300,김상철,20220106,
KOSPI,00181712,SK,034730,임원ㆍ주요주주특정증권등소유상황보고서,20220106000302,박호진,20220106,
KOSPI,00160232,KSS해운,044450,임원ㆍ주요주주특정증권등소유상황보고서,20220106000303,케이에스에스해운우리사주조합,20220106,
KOSPI,00181712,SK,034730,임원ㆍ주요주주특정증권등소유상황보고서,20220106000306,차지원,20220106,
KOSPI,00138190,GS글로벌,001250,임원ㆍ주요주주특정증권등소유상황보고서,20220106000307,김정훈,20220106,
KOSPI,00631518,SK이노베이션,096770,임원ㆍ주요주주특정증권등소유상황보고서,20220106000309,고흥태,20220106,
KOSPI,00113359,교보증권,030610,일괄신고추가서류(파생결합사채-주가연계파생결합사채),20220106000317,교보증권,20220106,
KOSPI,00124504,포스코인터내셔널,047050,임원ㆍ주요주주특정증권등소유상황보고서,20220106000319,박정빈,20220106,
KOSPI,01437292,미래에셋맵스리츠,357250,임원ㆍ주요주주특정증권등소유상황보고서,20220106000320,미래에셋자산운용,20220106,
KOSPI,00159023,SK텔레콤,017670,임원ㆍ주요주주특정증권등소유상황보고서,20220106000321,이동기,20220106,
KOSPI,00124504,포스코인터내셔널,047050,임원ㆍ주요주주특정증권등소유상황보고서,20220106000325,이정환,20220106,
KOSPI,00113359,교보증권,030610,투자설명서(일괄신고),20220106000328,교보증권,20220106,
KOSPI,00159023,SK텔레콤,017670,임원ㆍ주요주주특정증권등소유상황보고서,20220106000337,김지형,20220106,
KOSPI,00105873,LG디스플레이,034220,임원ㆍ주요주주특정증권등소유상황보고서,20220106000340,서재협,20220106,
KOSPI,00121039,명문제약,017180,임원ㆍ주요주주특정증권등소유상황보고서,20220106000348,권용진,20220106,
KOSPI,00128032,삼일제약,000520,신탁계약에의한취득상황보고서,20220106000354,삼일제약,20220106,
KOSPI,00164742,현대자동차,005380,임원ㆍ주요주주특정증권등소유상황보고서,20220106000357,김사흠,20220106,
KOSPI,01319808,한일시멘트,300720,주요사항보고서(자기주식처분결정),20220106000360,한일시멘트,20220106,
KOSPI,00652423,인바이오젠,101140,임원ㆍ주요주주특정증권등소유상황보고서,20220106000363,버킷스튜디오,20220106,
KOSPI,00137207,유니켐,011330,임원ㆍ주요주주특정증권등소유상황보고서,20220106000364,이조영,20220106,
KOSPI,00652423,인바이오젠,101140,주식등의대량보유상황보고서(일반),20220106000368,버킷스튜디오,20220106,
KOSPI,00164742,현대자동차,005380,임원ㆍ주요주주특정증권등소유상황보고서,20220106000380,김영국,20220106,
KOSPI,00164742,현대자동차,005380,임원ㆍ주요주주특정증권등소유상황보고서,20220106000388,김영한,20220106,
KOSPI,00164779,SK하이닉스,000660,임원ㆍ주요주주특정증권등소유상황보고서,20220106000391,김우현,20220106,
KOSPI,00105873,LG디스플레이,034220,임원ㆍ주요주주특정증권등소유상황보고서,20220106000392,김광태,20220106,
KOSPI,00164779,SK하이닉스,000660,임원ㆍ주요주주특정증권등소유상황보고서,20220106000397,박성조,20220106,
KOSPI,00164779,SK하이닉스,000660,임원ㆍ주요주주특정증권등소유상황보고서,20220106000401,신승아,20220106,
KOSPI,00164742,현대자동차,005380,임원ㆍ주요주주특정증권등소유상황보고서,20220106000405,김재진,20220106,
KOSPI,00124504,포스코인터내셔널,047050,임원ㆍ주요주주특정증권등소유상황보고서,20220106000407,송종찬,20220106,
KOSPI,01159233,솔루엠,248070,주식등의대량보유상황보고서(일반),20220106000408,전성호,20220106,
KOSPI,00164779,SK하이닉스,000660,임원ㆍ주요주주특정증권등소유상황보고서,20220106000411,이광옥,20220106,
KOSPI,00164742,현대자동차,005380,임원ㆍ주요주주특정증권등소유상황보고서,20220106000412,김정훈,20220106,
KOSPI,00372873,KTis,058860,임원ㆍ주요주주특정증권등소유상황보고서,20220106000416,김성근,20220106,
KOSPI,01159233,솔루엠,248070,임원ㆍ주요주주특정증권등소유상황보고서,20220106000417,송용근,20220106,
KOSPI,00164742,현대자동차,005380,임원ㆍ주요주주특정증권등소유상황보고서,20220106000418,김치경,20220106,
KOSPI,00166315,화신,010690,주식등의대량보유상황보고서(약식),20220106000419,삼성액티브자산운용,20220106,
KOSPI,01159233,솔루엠,248070,임원ㆍ주요주주특정증권등소유상황보고서,20220106000421,신정훈,20220106,
KOSPI,00164779,SK하이닉스,000660,임원ㆍ주요주주특정증권등소유상황보고서,20220106000423,조주현,20220106,
KOSPI,00688996,KB금융,105560,임원ㆍ주요주주특정증권등소유상황보고서,20220106000425,윤여운,20220106,
KOSPI,00164742,현대자동차,005380,임원ㆍ주요주주특정증권등소유상황보고서,20220106000427,박원균,20220106,
KOSPI,00164742,현대자동차,005380,임원ㆍ주요주주특정증권등소유상황보고서,20220106000431,박종철,20220106,
KOSPI,00372873,KTis,058860,임원ㆍ주요주주특정증권등소유상황보고서,20220106000433,김한성,20220106,
KOSPI,00171636,한솔홀딩스,004150,[기재정정]분기보고서 (2021.09),20220106000434,한솔홀딩스,20220106,
KOSPI,00164742,현대자동차,005380,임원ㆍ주요주주특정증권등소유상황보고서,20220106000438,박종태,20220106,
KOSPI,00164742,현대자동차,005380,임원ㆍ주요주주특정증권등소유상황보고서,20220106000440,백창인,20220106,
KOSPI,00108241,농심,004370,임원ㆍ주요주주특정증권등소유상황보고서,20220106000441,신상열,20220106,
KOSPI,00372873,KTis,058860,임원ㆍ주요주주특정증권등소유상황보고서,20220106000442,조일택,20220106,
KOSPI,00159023,SK텔레콤,017670,임원ㆍ주요주주특정증권등소유상황보고서,20220106000443,윤형식,20220106,
KOSPI,00164742,현대자동차,005380,임원ㆍ주요주주특정증권등소유상황보고서,20220106000445,성호학,20220106,
KOSPI,00164742,현대자동차,005380,임원ㆍ주요주주특정증권등소유상황보고서,20220106000448,신승민,20220106,
KOSPI,00159023,SK텔레콤,017670,임원ㆍ주요주주특정증권등소유상황보고서,20220106000451,신상욱,20220106,
KOSPI,00164742,현대자동차,005380,임원ㆍ주요주주특정증권등소유상황보고서,20220106000453,심억수,20220106,
KOSPI,00140955,한솔케미칼,014680,임원ㆍ주요주주특정증권등소유상황보고서,20220106000454,조동혁,20220106,
KOSPI,00372873,KTis,058860,임원ㆍ주요주주특정증권등소유상황보고서,20220106000455,최부식,20220106,
KOSPI,00140955,한솔케미칼,014680,임원ㆍ주요주주특정증권등소유상황보고서,20220106000460,조연주,20220106,
KOSPI,00261285,한국가스공사,036460,임원ㆍ주요주주특정증권등소유상황보고서,20220106000462,정운호,20220106,
KOSPI,00164742,현대자동차,005380,임원ㆍ주요주주특정증권등소유상황보고서,20220106000464,안효석,20220106,
KOSPI,00140955,한솔케미칼,014680,주식등의대량보유상황보고서(일반),20220106000465,조동혁,20220106,
KOSPI,00164645,HMM,011200,주식등의대량보유상황보고서(일반),20220106000467,한국해양진흥공사,20220106,
KOSPI,00372873,KTis,058860,임원ㆍ주요주주특정증권등소유상황보고서,20220106000468,조정필,20220106,
KOSPI,00164742,현대자동차,005380,임원ㆍ주요주주특정증권등소유상황보고서,20220106000472,이병춘,20220106,
KOSPI,00164742,현대자동차,005380,임원ㆍ주요주주특정증권등소유상황보고서,20220106000475,이상홍,20220106,
KOSPI,00164742,현대자동차,005380,임원ㆍ주요주주특정증권등소유상황보고서,20220106000478,이정호,20220106,
KOSPI,00878696,에스케이바이오팜,326030,투자판단관련주요경영사항(카리스바메이트 임상3상 시험 계획서 미국 FDA 제출),20220106800001,에스케이바이오팜,20220106,유
KOSPI,00111704,한화오션,042660,단일판매ㆍ공급계약체결,20220106800071,한화오션,20220106,유정
KOSPI,00937324,한국타이어앤테크놀로지,161390,최대주주등소유주식변동신고서,20220106800250,한국타이어앤테크놀로지,20220106,유
KOSPI,00115612,동부건설,005960,[기재정정]타인에대한채무보증결정,20220106800271,동부건설,20220106,유
KOSPI,01350869,우리금융지주,316140,주주총회소집결의,20220106800272,우리금융지주,20220106,유
KOSPI,00583442,노루페인트,090350,최대주주등소유주식변동신고서,20220106800283,노루페인트,20220106,유
KOSPI,00194947,한전산업,130660,기타경영사항(자율공시),20220106800373,한전산업,20220106,유
KOSPI,01316254,HS효성첨단소재,298050,최대주주등소유주식변동신고서,20220106800380,HS효성첨단소재,20220106,유
KOSPI,00117188,효성,004800,최대주주등소유주식변동신고서,20220106800386,효성,20220106,유
KOSPI,00131832,SK디스커버리,006120,단일판매ㆍ공급계약체결(자회사의 주요경영사항),20220106800394,SK디스커버리,20220106,유정
KOSPI,01316227,효성티앤씨,298020,최대주주등소유주식변동신고서,20220106800400,효성티앤씨,20220106,유
KOSPI,00261285,한국가스공사,036460,임시주주총회결과,20220106800422,한국가스공사,20220106,유
KOSPI,00454946,그린케미칼,083420,최대주주등소유주식변동신고서,20220106800427,그린케미칼,20220106,유
KOSPI,00162993,한일홀딩스,003300,주요사항보고서(자기주식처분결정)(자회사의 주요경영사항),20220106800438,한일홀딩스,20220106,유
KOSPI,01159233,솔루엠,248070,최대주주등소유주식변동신고서,20220106800454,솔루엠,20220106,유
KOSPI,01316236,효성화학,298000,최대주주등소유주식변동신고서,20220106800474,효성화학,20220106,유
KOSPI,00176914,다우기술,023590,최대주주등소유주식변동신고서,20220106800477,다우기술,20220106,유
KOSPI,00453488,다이나믹디자인,145210,불성실공시법인지정예고,20220106800478,유가증권시장본부,20220106,유
KOSPI,01415892,제이알글로벌리츠,348950,[기재정정]부동산투자회사자금차입,20220106800479,제이알글로벌리츠,20220106,유정
KOSPI,00105271,케이씨씨,002380,대표이사(대표집행임원)변경(안내공시),20220106800508,케이씨씨,20220106,유
KOSPI,01391033,NH프라임리츠,338100,매출액또는손익구조30%(대규모법인은15%)이상변경,20220106800515,NH프라임리츠,20220106,유
KOSPI,01391033,NH프라임리츠,338100,주주총회소집결의,20220106800536,NH프라임리츠,20220106,유
KOSPI,01391033,NH프라임리츠,338100,부동산투자회사금전배당결정,20220106800538,NH프라임리츠,20220106,유
KOSPI,00160047,한국앤컴퍼니,000240,임원ㆍ주요주주특정증권등소유상황보고서,20220107000019,천성익,20220107,
KOSPI,00155319,POSCO홀딩스,005490,임원ㆍ주요주주특정증권등소유상황보고서,20220107000032,박진우,20220107,
KOSPI,01323032,KG모빌리티플랫폼,381970,주주총회소집공고,20220107000038,KG모빌리티플랫폼,20220107,
KOSPI,00155319,POSCO홀딩스,005490,임원ㆍ주요주주특정증권등소유상황보고서,20220107000042,이선규,20220107,
KOSPI,00155319,POSCO홀딩스,005490,임원ㆍ주요주주특정증권등소유상황보고서,20220107000052,강주성,20220107,
KOSPI,00164742,현대자동차,005380,임원ㆍ주요주주특정증권등소유상황보고서,20220107000054,이형모,20220107,
KOSPI,01323032,KG모빌리티플랫폼,381970,의결권대리행사권유참고서류,20220107000056,KG모빌리티플랫폼,20220107,
KOSPI,00164742,현대자동차,005380,임원ㆍ주요주주특정증권등소유상황보고서,20220107000057,장현재,20220107,
KOSPI,00155319,POSCO홀딩스,005490,임원ㆍ주요주주특정증권등소유상황보고서,20220107000060,박부현,20220107,
KOSPI,00164742,현대자동차,005380,임원ㆍ주요주주특정증권등소유상황보고서,20220107000062,정재환,20220107,
KOSPI,00104856,삼성증권,016360,증권발행실적보고서,20220107000063,삼성증권,20220107,
KOSPI,00164742,현대자동차,005380,임원ㆍ주요주주특정증권등소유상황보고서,20220107000065,조해성,20220107,
KOSPI,00155319,POSCO홀딩스,005490,임원ㆍ주요주주특정증권등소유상황보고서,20220107000068,방석주,20220107,
KOSPI,00164742,현대자동차,005380,임원ㆍ주요주주특정증권등소유상황보고서,20220107000071,주석하,20220107,
KOSPI,00653024,진에어,272450,임원ㆍ주요주주특정증권등소유상황보고서,20220107000073,이장훈,20220107,
KOSPI,00162063,한신공영,004960,임원ㆍ주요주주특정증권등소유상황보고서,20220107000075,윤춘석,20220107,
KOSPI,00155319,POSCO홀딩스,005490,임원ㆍ주요주주특정증권등소유상황보고서,20220107000078,박종일,20220107,
KOSPI,00164742,현대자동차,005380,임원ㆍ주요주주특정증권등소유상황보고서,20220107000082,진병훈,20220107,
KOSPI,00148610,한화투자증권,003530,증권발행실적보고서,20220107000083,한화투자증권,20220107,
KOSPI,00159023,SK텔레콤,017670,임원ㆍ주요주주특정증권등소유상황보고서,20220107000084,정재현,20220107,
KOSPI,00145437,아센디오,012170,[기재정정]주요사항보고서(전환사채권발행결정),20220107000086,아센디오,20220107,
KOSPI,00164742,현대자동차,005380,임원ㆍ주요주주특정증권등소유상황보고서,20220107000087,최병희,20220107,
KOSPI,00164973,현대해상,001450,계열금융회사의약관에의한금융거래-[보험],20220107000088,현대해상,20220107,공
KOSPI,00155319,POSCO홀딩스,005490,임원ㆍ주요주주특정증권등소유상황보고서,20220107000089,김근환,20220107,
KOSPI,00164973,현대해상,001450,계열금융회사의약관에의한금융거래-[유가증권-수익증권],20220107000092,현대해상,20220107,공
KOSPI,01350869,우리금융지주,316140,주주총회소집공고,20220107000093,우리금융지주,20220107,
KOSPI,00111722,미래에셋증권,006800,일괄신고추가서류(파생결합증권-주가연계증권),20220107000095,미래에셋증권,20220107,
KOSPI,01350869,우리금융지주,316140,의결권대리행사권유참고서류,20220107000096,우리금융지주,20220107,
KOSPI,00104856,삼성증권,016360,일괄신고추가서류(파생결합증권-주가연계증권),20220107000098,삼성증권,20220107,
KOSPI,00104856,삼성증권,016360,투자설명서(일괄신고),20220107000104,삼성증권,20220107,
KOSPI,00162461,한화솔루션,009830,임원ㆍ주요주주특정증권등소유상황보고서,20220107000105,박정훈,20220107,
KOSPI,00152385,에이프로젠,007460,[기재정정]증권신고서(합병),20220107000115,에이프로젠,20220107,정
KOSPI,00111722,미래에셋증권,006800,투자설명서(일괄신고),20220107000116,미래에셋증권,20220107,
KOSPI,00106641,기아,000270,임원ㆍ주요주주특정증권등소유상황보고서,20220107000117,정장근,20220107,
KOSPI,00152385,에이프로젠,007460,[첨부정정]주요사항보고서(회사합병결정),20220107000118,에이프로젠,20220107,정
KOSPI,00164742,현대자동차,005380,임원ㆍ주요주주특정증권등소유상황보고서,20220107000120,최종식,20220107,정
KOSPI,00106641,기아,000270,임원ㆍ주요주주특정증권등소유상황보고서,20220107000122,조애순,20220107,
KOSPI,00104856,삼성증권,016360,일괄신고추가서류(파생결합사채-주가연계파생결합사채),20220107000124,삼성증권,20220107,
KOSPI,00121932,미원상사,002840,임원ㆍ주요주주특정증권등소유상황보고서,20220107000126,류재희,20220107,
KOSPI,00164742,현대자동차,005380,임원ㆍ주요주주특정증권등소유상황보고서,20220107000127,한승식,20220107,
KOSPI,00296290,키움증권,039490,일괄신고추가서류(파생결합사채-주가연계파생결합사채),20220107000128,키움증권,20220107,
KOSPI,00111722,미래에셋증권,006800,일괄신고추가서류(파생결합증권-주가연계증권),20220107000130,미래에셋증권,20220107,
KOSPI,00688996,KB금융,105560,임원ㆍ주요주주특정증권등소유상황보고서,20220107000131,조남훈,20220107,
KOSPI,00164742,현대자동차,005380,임원ㆍ주요주주특정증권등소유상황보고서,20220107000135,홍한기,20220107,
KOSPI,00106641,기아,000270,임원ㆍ주요주주특정증권등소유상황보고서,20220107000140,김대식,20220107,
KOSPI,00104856,삼성증권,016360,투자설명서(일괄신고),20220107000145,삼성증권,20220107,
KOSPI,00106641,기아,000270,임원ㆍ주요주주특정증권등소유상황보고서,20220107000146,유영종,20220107,
KOSPI,00164742,현대자동차,005380,임원ㆍ주요주주특정증권등소유상황보고서,20220107000148,황관식,20220107,
KOSPI,00106641,기아,000270,임원ㆍ주요주주특정증권등소유상황보고서,20220107000153,이종근,20220107,
KOSPI,00106641,기아,000270,임원ㆍ주요주주특정증권등소유상황보고서,20220107000156,신장수,20220107,
KOSPI,00113359,교보증권,030610,증권발행실적보고서,20220107000158,교보증권,20220107,
KOSPI,00106641,기아,000270,임원ㆍ주요주주특정증권등소유상황보고서,20220107000161,김치우,20220107,
KOSPI,00123143,보령,003850,임원ㆍ주요주주특정증권등소유상황보고서,20220107000162,김성진,20220107,
KOSPI,00104856,삼성증권,016360,임원ㆍ주요주주특정증권등소유상황보고서,20220107000163,삼성생명,20220107,
KOSPI,00126292,삼성카드,029780,임원ㆍ주요주주특정증권등소유상황보고서,20220107000164,삼성생명,20220107,
KOSPI,00106641,기아,000270,임원ㆍ주요주주특정증권등소유상황보고서,20220107000165,이상영,20220107,
KOSPI,00111722,미래에셋증권,006800,투자설명서(일괄신고),20220107000168,미래에셋증권,20220107,
KOSPI,00139214,삼성화재해상보험,000810,임원ㆍ주요주주특정증권등소유상황보고서,20220107000170,삼성생명,20220107,
KOSPI,00145109,유한양행,000100,임원ㆍ주요주주특정증권등소유상황보고서,20220107000174,이병철,20220107,
KOSPI,00106641,기아,000270,임원ㆍ주요주주특정증권등소유상황보고서,20220107000176,양건석,20220107,
KOSPI,00106641,기아,000270,임원ㆍ주요주주특정증권등소유상황보고서,20220107000182,전현갑,20220107,
KOSPI,00173944,우진,105840,주식등의대량보유상황보고서(일반),20220107000183,이재원,20220107,
KOSPI,00145109,유한양행,000100,임원ㆍ주요주주특정증권등소유상황보고서,20220107000184,김준환,20220107,
KOSPI,00106641,기아,000270,임원ㆍ주요주주특정증권등소유상황보고서,20220107000187,황선욱,20220107,
KOSPI,00688996,KB금융,105560,임원ㆍ주요주주특정증권등소유상황보고서,20220107000188,전성표,20220107,
KOSPI,00106641,기아,000270,임원ㆍ주요주주특정증권등소유상황보고서,20220107000190,김홍재,20220107,
KOSPI,00155319,POSCO홀딩스,005490,임원ㆍ주요주주특정증권등소유상황보고서,20220107000192,임상혁,20220107,
KOSPI,01319808,한일시멘트,300720,자기주식처분결과보고서,20220107000194,한일시멘트,20220107,
KOSPI,00360595,현대글로비스,086280,임원ㆍ주요주주특정증권등소유상황보고서,20220107000195,정의선,20220107,
KOSPI,00106641,기아,000270,임원ㆍ주요주주특정증권등소유상황보고서,20220107000196,최종웅,20220107,
KOSPI,00360595,현대글로비스,086280,임원ㆍ주요주주특정증권등소유상황보고서,20220107000197,정몽구,20220107,
KOSPI,00111722,미래에셋증권,006800,일괄신고추가서류(파생결합증권-주가연계증권),20220107000202,미래에셋증권,20220107,정
KOSPI,00148610,한화투자증권,003530,일괄신고추가서류(파생결합증권-주가연계증권),20220107000205,한화투자증권,20220107,
KOSPI,00106641,기아,000270,임원ㆍ주요주주특정증권등소유상황보고서,20220107000207,조정현,20220107,
KOSPI,00106641,기아,000270,임원ㆍ주요주주특정증권등소유상황보고서,20220107000212,박춘식,20220107,
KOSPI,00296290,키움증권,039490,투자설명서(일괄신고),20220107000214,키움증권,20220107,
KOSPI,00148610,한화투자증권,003530,투자설명서(일괄신고),20220107000216,한화투자증권,20220107,
KOSPI,00106641,기아,000270,임원ㆍ주요주주특정증권등소유상황보고서,20220107000218,박상언,20220107,
KOSPI,00360595,현대글로비스,086280,임원ㆍ주요주주특정증권등소유상황보고서,20220107000220,이제혁,20220107,
KOSPI,00360595,현대글로비스,086280,임원ㆍ주요주주특정증권등소유상황보고서,20220107000222,한규헌,20220107,
KOSPI,00106641,기아,000270,임원ㆍ주요주주특정증권등소유상황보고서,20220107000224,서영보,20220107,
KOSPI,00106641,기아,000270,임원ㆍ주요주주특정증권등소유상황보고서,20220107000230,박원재,20220107,
KOSPI,00113359,교보증권,030610,일괄신고추가서류(파생결합사채-주가연계파생결합사채),20220107000233,교보증권,20220107,
KOSPI,00120182,NH투자증권,005940,일괄신고추가서류(파생결합증권-주가연계증권),20220107000234,NH투자증권,20220107,
KOSPI,00111722,미래에셋증권,006800,일괄신고추가서류(파생결합증권-주가연계증권),20220107000235,미래에셋증권,20220107,
KOSPI,00111722,미래에셋증권,006800,투자설명서(일괄신고),20220107000239,미래에셋증권,20220107,정
KOSPI,00106641,기아,000270,임원ㆍ주요주주특정증권등소유상황보고서,20220107000240,최승범,20220107,
KOSPI,00106641,기아,000270,임원ㆍ주요주주특정증권등소유상황보고서,20220107000245,정성수,20220107,
KOSPI,00113359,교보증권,030610,투자설명서(일괄신고),20220107000247,교보증권,20220107,
KOSPI,00111722,미래에셋증권,006800,투자설명서(일괄신고),20220107000248,미래에셋증권,20220107,
KOSPI,00106641,기아,000270,임원ㆍ주요주주특정증권등소유상황보고서,20220107000251,황병걸,20220107,
KOSPI,00106641,기아,000270,임원ㆍ주요주주특정증권등소유상황보고서,20220107000254,주진억,20220107,
KOSPI,00136721,신영증권,001720,일괄신고추가서류(파생결합증권-주가연계증권),20220107000260,신영증권,20220107,
KOSPI,00106641,기아,000270,임원ㆍ주요주주특정증권등소유상황보고서,20220107000262,안명식,20220107,
KOSPI,00106641,기아,000270,임원ㆍ주요주주특정증권등소유상황보고서,20220107000268,박진석,20220107,
KOSPI,00155319,POSCO홀딩스,005490,임원ㆍ주요주주특정증권등소유상황보고서,20220107000269,이백희,20220107,
KOSPI,00108135,녹십자홀딩스,005250,임원ㆍ주요주주특정증권등소유상황보고서,20220107000271,김중수,20220107,
KOSPI,00144164,SK가스,018670,임원ㆍ주요주주특정증권등소유상황보고서,20220107000272,조병익,20220107,
KOSPI,00106641,기아,000270,임원ㆍ주요주주특정증권등소유상황보고서,20220107000273,전인석,20220107,
KOSPI,00110893,대신증권,003540,증권발행실적보고서,20220107000275,대신증권,20220107,
KOSPI,00120182,NH투자증권,005940,투자설명서(일괄신고),20220107000276,NH투자증권,20220107,
KOSPI,00161693,한샘,009240,임원ㆍ주요주주특정증권등소유상황보고서,20220107000278,하임,20220107,
KOSPI,00124504,포스코인터내셔널,047050,임원ㆍ주요주주특정증권등소유상황보고서,20220107000279,박혁상,20220107,
KOSPI,00104856,삼성증권,016360,증권발행실적보고서,20220107000280,삼성증권,20220107,
KOSPI,00106641,기아,000270,임원ㆍ주요주주특정증권등소유상황보고서,20220107000282,신길남,20220107,
KOSPI,00161693,한샘,009240,임원ㆍ주요주주특정증권등소유상황보고서,20220107000285,하임1호,20220107,
KOSPI,00120182,NH투자증권,005940,증권발행실적보고서,20220107000286,NH투자증권,20220107,
KOSPI,00161693,한샘,009240,임원ㆍ주요주주특정증권등소유상황보고서,20220107000291,하임2호,20220107,
KOSPI,00106641,기아,000270,임원ㆍ주요주주특정증권등소유상황보고서,20220107000293,김병준,20220107,
KOSPI,00111722,미래에셋증권,006800,일괄신고추가서류(파생결합사채-주가연계파생결합사채),20220107000296,미래에셋증권,20220107,
KOSPI,00144164,SK가스,018670,임원ㆍ주요주주특정증권등소유상황보고서,20220107000298,홍종범,20220107,
KOSPI,00106641,기아,000270,임원ㆍ주요주주특정증권등소유상황보고서,20220107000301,이형석,20220107,
KOSPI,00106641,기아,000270,임원ㆍ주요주주특정증권등소유상황보고서,20220107000306,홍승종,20220107,
KOSPI,00115694,DB증권,016610,증권발행실적보고서,20220107000307,DB증권,20220107,
KOSPI,00144164,SK가스,018670,임원ㆍ주요주주특정증권등소유상황보고서,20220107000308,유은철,20220107,
KOSPI,00115694,DB증권,016610,증권발행실적보고서,20220107000312,DB증권,20220107,
KOSPI,00159500,한국종합기술,023350,임원ㆍ주요주주특정증권등소유상황보고서,20220107000313,이재구,20220107,
KOSPI,00155319,POSCO홀딩스,005490,임원ㆍ주요주주특정증권등소유상황보고서,20220107000315,이상민,20220107,
KOSPI,00136864,신원,009270,주식등의대량보유상황보고서(일반),20220107000319,티앤엠커뮤니케이션즈,20220107,
KOSPI,00983271,NHN,181710,주식등의대량보유상황보고서(일반),20220107000321,이준호,20220107,
KOSPI,00106641,기아,000270,임원ㆍ주요주주특정증권등소유상황보고서,20220107000322,서유찬,20220107,
KOSPI,00120182,NH투자증권,005940,일괄신고추가서류(파생결합증권-주가연계증권),20220107000323,NH투자증권,20220107,
KOSPI,00148610,한화투자증권,003530,일괄신고추가서류(파생결합증권-주가연계증권),20220107000325,한화투자증권,20220107,
KOSPI,00113359,교보증권,030610,일괄신고추가서류(파생결합증권-주가연계증권),20220107000326,교보증권,20220107,
KOSPI,00159500,한국종합기술,023350,임원ㆍ주요주주특정증권등소유상황보고서,20220107000327,이상엽,20220107,
KOSPI,00137997,현대차증권,001500,임원ㆍ주요주주특정증권등소유상황보고서,20220107000328,배해원,20220107,
KOSPI,00166227,화승인더스트리,006060,주식등의대량보유상황보고서(일반),20220107000329,현석호,20220107,
KOSPI,01042775,HL만도,204320,임원ㆍ주요주주특정증권등소유상황보고서,20220107000332,김성일,20220107,
KOSPI,00117601,유안타증권,003470,증권발행실적보고서,20220107000333,유안타증권,20220107,
KOSPI,00105873,LG디스플레이,034220,임원ㆍ주요주주특정증권등소유상황보고서,20220107000334,이후각,20220107,
KOSPI,00106641,기아,000270,임원ㆍ주요주주특정증권등소유상황보고서,20220107000340,김성기,20220107,
KOSPI,00111722,미래에셋증권,006800,증권발행실적보고서,20220107000342,미래에셋증권,20220107,
KOSPI,00148610,한화투자증권,003530,투자설명서(일괄신고),20220107000343,한화투자증권,20220107,
KOSPI,00983271,NHN,181710,임원ㆍ주요주주특정증권등소유상황보고서,20220107000345,권경희,20220107,
KOSPI,01428203,케이씨씨글라스,344820,임원ㆍ주요주주특정증권등소유상황보고서,20220107000346,조용만,20220107,
KOSPI,00631518,SK이노베이션,096770,임원ㆍ주요주주특정증권등소유상황보고서,20220107000348,김우경,20220107,
KOSPI,00983271,NHN,181710,임원ㆍ주요주주특정증권등소유상황보고서,20220107000350,제이엘씨,20220107,
KOSPI,00155319,POSCO홀딩스,005490,임원ㆍ주요주주특정증권등소유상황보고서,20220107000356,서석종,20220107,
KOSPI,00983271,NHN,181710,임원ㆍ주요주주특정증권등소유상황보고서,20220107000360,제이엘씨파트너스,20220107,
KOSPI,00137997,현대차증권,001500,증권발행실적보고서,20220107000361,현대차증권,20220107,
KOSPI,00983271,NHN,181710,임원ㆍ주요주주특정증권등소유상황보고서,20220107000363,김정호,20220107,
KOSPI,00137997,현대차증권,001500,임원ㆍ주요주주특정증권등소유상황보고서,20220107000366,최현철,20220107,
KOSPI,00136721,신영증권,001720,투자설명서(일괄신고),20220107000367,신영증권,20220107,
KOSPI,00983271,NHN,181710,임원ㆍ주요주주특정증권등소유상황보고서,20220107000369,김준동,20220107,
KOSPI,00113359,교보증권,030610,투자설명서(일괄신고),20220107000370,교보증권,20220107,
KOSPI,00106641,기아,000270,임원ㆍ주요주주특정증권등소유상황보고서,20220107000372,김성진,20220107,
KOSPI,00816544,토니모리,214420,주식등의대량보유상황보고서(약식),20220107000373,플랫폼파트너스자산운용,20220107,
KOSPI,00983271,NHN,181710,임원ㆍ주요주주특정증권등소유상황보고서,20220107000374,남이천,20220107,
KOSPI,00137997,현대차증권,001500,임원ㆍ주요주주특정증권등소유상황보고서,20220107000375,유병하,20220107,
KOSPI,00983271,NHN,181710,임원ㆍ주요주주특정증권등소유상황보고서,20220107000385,류진경,20220107,
KOSPI,00106641,기아,000270,임원ㆍ주요주주특정증권등소유상황보고서,20220107000386,권용석,20220107,
KOSPI,00122737,팬오션,028670,임원ㆍ주요주주특정증권등소유상황보고서,20220107000387,김영주,20220107,
KOSPI,00137997,현대차증권,001500,임원ㆍ주요주주특정증권등소유상황보고서,20220107000389,김종래,20220107,
KOSPI,00111722,미래에셋증권,006800,증권발행실적보고서,20220107000391,미래에셋증권,20220107,
KOSPI,00117601,유안타증권,003470,증권발행실적보고서,20220107000394,유안타증권,20220107,
KOSPI,00983271,NHN,181710,임원ㆍ주요주주특정증권등소유상황보고서,20220107000398,박근한,20220107,
KOSPI,00106641,기아,000270,임원ㆍ주요주주특정증권등소유상황보고서,20220107000401,최재현,20220107,
KOSPI,00983271,NHN,181710,임원ㆍ주요주주특정증권등소유상황보고서,20220107000406,백도민,20220107,
KOSPI,00106641,기아,000270,임원ㆍ주요주주특정증권등소유상황보고서,20220107000408,심국현,20220107,
KOSPI,00983271,NHN,181710,임원ㆍ주요주주특정증권등소유상황보고서,20220107000410,백창열,20220107,
KOSPI,00635134,CJ제일제당,097950,임원ㆍ주요주주특정증권등소유상황보고서,20220107000413,김지웅,20220107,
KOSPI,00120182,NH투자증권,005940,투자설명서(일괄신고),20220107000415,NH투자증권,20220107,
KOSPI,00111722,미래에셋증권,006800,증권발행실적보고서,20220107000417,미래에셋증권,20220107,
KOSPI,00106641,기아,000270,임원ㆍ주요주주특정증권등소유상황보고서,20220107000420,김선한,20220107,
KOSPI,00983271,NHN,181710,임원ㆍ주요주주특정증권등소유상황보고서,20220107000421,성지현,20220107,
KOSPI,00137997,현대차증권,001500,임원ㆍ주요주주특정증권등소유상황보고서,20220107000426,이후술,20220107,
KOSPI,00106641,기아,000270,임원ㆍ주요주주특정증권등소유상황보고서,20220107000429,박명호,20220107,
KOSPI,00163196,한일철강,002220,임원ㆍ주요주주특정증권등소유상황보고서,20220107000430,엄정헌,20220107,
KOSPI,00111722,미래에셋증권,006800,투자설명서(일괄신고),20220107000435,미래에셋증권,20220107,
KOSPI,00939331,한국콜마,161890,임원ㆍ주요주주특정증권등소유상황보고서,20220107000439,이성종,20220107,
KOSPI,00106641,기아,000270,임원ㆍ주요주주특정증권등소유상황보고서,20220107000441,조영곤,20220107,
KOSPI,00635134,CJ제일제당,097950,임원ㆍ주요주주특정증권등소유상황보고서,20220107000446,남경화,20220107,
KOSPI,00983271,NHN,181710,임원ㆍ주요주주특정증권등소유상황보고서,20220107000449,안현식,20220107,
KOSPI,00106641,기아,000270,임원ㆍ주요주주특정증권등소유상황보고서,20220107000451,김현수,20220107,
KOSPI,00120872,만호제강,001080,자기주식취득결과보고서,20220107000452,만호제강,20220107,
KOSPI,00152880,코오롱글로벌,003070,임원ㆍ주요주주특정증권등소유상황보고서,20220107000456,박문희,20220107,
KOSPI,00983271,NHN,181710,임원ㆍ주요주주특정증권등소유상황보고서,20220107000457,양미연,20220107,
KOSPI,00106641,기아,000270,임원ㆍ주요주주특정증권등소유상황보고서,20220107000460,박종섭,20220107,
KOSPI,00635134,CJ제일제당,097950,임원ㆍ주요주주특정증권등소유상황보고서,20220107000462,서효교,20220107,
KOSPI,00939331,한국콜마,161890,임원ㆍ주요주주특정증권등소유상황보고서,20220107000463,이현숙,20220107,
KOSPI,00296290,키움증권,039490,계열금융회사의약관에의한금융거래-[기타유가증권],20220107000464,키움증권,20220107,공
KOSPI,00152880,코오롱글로벌,003070,임원ㆍ주요주주특정증권등소유상황보고서,20220107000465,방기정,20220107,
KOSPI,00631518,SK이노베이션,096770,임원ㆍ주요주주특정증권등소유상황보고서,20220107000467,이성용,20220107,
KOSPI,00296290,키움증권,039490,계열금융회사의약관에의한금융거래-[예ㆍ적금],20220107000470,키움증권,20220107,공
KOSPI,00401731,LG전자,066570,주식등의대량보유상황보고서(일반),20220107000475,LG,20220107,
KOSPI,00635134,CJ제일제당,097950,임원ㆍ주요주주특정증권등소유상황보고서,20220107000476,김부원,20220107,
KOSPI,00302926,현대로템,064350,증권신고서(채무증권),20220107000480,현대로템,20220107,정
KOSPI,00106641,기아,000270,임원ㆍ주요주주특정증권등소유상황보고서,20220107000481,김병권,20220107,
KOSPI,00296290,키움증권,039490,계열금융회사의약관에의한금융거래-[유가증권-수익증권],20220107000482,키움증권,20220107,공
KOSPI,00176914,다우기술,023590,주식등의대량보유상황보고서(일반),20220107000483,다우데이타,20220107,
KOSPI,00113359,교보증권,030610,일괄신고추가서류(기타파생결합사채),20220107000487,교보증권,20220107,정
KOSPI,00296290,키움증권,039490,계열금융회사의약관에의한금융거래-[유가증권-채권],20220107000488,키움증권,20220107,공
KOSPI,00116824,동아쏘시오홀딩스,000640,주식등의대량보유상황보고서(약식),20220107000489,베어링자산운용,20220107,
KOSPI,00360595,현대글로비스,086280,임원ㆍ주요주주특정증권등소유상황보고서,20220107000491,ProjectGuardianHoldingsLimited,20220107,
KOSPI,00173078,명신산업,009900,임원ㆍ주요주주특정증권등소유상황보고서,20220107000492,최우철,20220107,
KOSPI,00296290,키움증권,039490,계열금융회사의약관에의한금융거래-[장단기차입],20220107000493,키움증권,20220107,공
KOSPI,00136721,신영증권,001720,일괄신고추가서류(파생결합증권-주가연계증권),20220107000497,신영증권,20220107,
KOSPI,00115694,DB증권,016610,계열금융회사의약관에의한금융거래-[유가증권-채권],20220107000499,DB증권,20220107,공
KOSPI,00115694,DB증권,016610,계열금융회사의약관에의한금융거래-[유가증권-수익증권],20220107000501,DB증권,20220107,공
KOSPI,00111722,미래에셋증권,006800,[기재정정]특수관계인과의수익증권거래,20220107000502,미래에셋증권,20220107,공
KOSPI,00117300,TCC스틸,002710,임원ㆍ주요주주특정증권등소유상황보고서,20220107000520,권태우,20220107,
KOSPI,00117300,TCC스틸,002710,임원ㆍ주요주주특정증권등소유상황보고서,20220107000535,안중걸,20220107,
KOSPI,00113359,교보증권,030610,[기재정정]일괄신고추가서류(기타파생결합사채),20220107000538,교보증권,20220107,
KOSPI,00105101,INVENI,015360,주식등의대량보유상황보고서(일반),20220107000541,구자은,20220107,
KOSPI,00173078,명신산업,009900,주식등의대량보유상황보고서(일반),20220107000543,엠에스오토텍,20220107,
KOSPI,00113359,교보증권,030610,투자설명서(일괄신고),20220107000546,교보증권,20220107,
KOSPI,00111722,미래에셋증권,006800,[기재정정]일괄신고추가서류(파생결합증권-주가연계증권),20220107000547,미래에셋증권,20220107,
KOSPI,00159616,두산에너빌리티,034020,임원ㆍ주요주주특정증권등소유상황보고서,20220107000553,이상언,20220107,
KOSPI,00111722,미래에셋증권,006800,[기재정정]투자설명서(일괄신고),20220107000555,미래에셋증권,20220107,
KOSPI,00159616,두산에너빌리티,034020,임원ㆍ주요주주특정증권등소유상황보고서,20220107000558,강홍규,20220107,
KOSPI,00159616,두산에너빌리티,034020,임원ㆍ주요주주특정증권등소유상황보고서,20220107000562,조창열,20220107,
KOSPI,00983271,NHN,181710,[기재정정]주식매수선택권부여에관한신고,20220107000571,NHN,20220107,정
KOSPI,00442835,메타랩스,090370,주식등의대량보유상황보고서(일반),20220107000584,이종우,20220107,
KOSPI,00983271,NHN,181710,[기재정정]주식매수선택권부여에관한신고,20220107000589,NHN,20220107,정
KOSPI,00136721,신영증권,001720,투자설명서(일괄신고),20220107000592,신영증권,20220107,
KOSPI,00983271,NHN,181710,[기재정정]주식매수선택권부여에관한신고,20220107000596,NHN,20220107,정
KOSPI,00983271,NHN,181710,[기재정정]주식매수선택권부여에관한신고,20220107000602,NHN,20220107,정
KOSPI,00983271,NHN,181710,[기재정정]주식매수선택권부여에관한신고,20220107000608,NHN,20220107,정
KOSPI,00983271,NHN,181710,[기재정정]주식매수선택권부여에관한신고,20220107000611,NHN,20220107,정
KOSPI,00983271,NHN,181710,[기재정정]주식매수선택권부여에관한신고,20220107000612,NHN,20220107,정
KOSPI,00124780,사조씨푸드,014710,주식등의대량보유상황보고서(일반),20220107000615,사조산업,20220107,
KOSPI,00983271,NHN,181710,[기재정정]주식매수선택권부여에관한신고,20220107000616,NHN,20220107,정
KOSPI,00983271,NHN,181710,[기재정정]주식매수선택권부여에관한신고,20220107000619,NHN,20220107,정
KOSPI,00983271,NHN,181710,[기재정정]주식매수선택권부여에관한신고,20220107000620,NHN,20220107,정
KOSPI,00983271,NHN,181710,[기재정정]주식매수선택권부여에관한신고,20220107000624,NHN,20220107,정
KOSPI,00983271,NHN,181710,임원ㆍ주요주주특정증권등소유상황보고서,20220107000632,김상욱,20220107,
KOSPI,00983271,NHN,181710,임원ㆍ주요주주특정증권등소유상황보고서,20220107000634,이경민,20220107,
KOSPI,00983271,NHN,181710,임원ㆍ주요주주특정증권등소유상황보고서,20220107000636,이동수,20220107,정
KOSPI,00163716,한창,005110,주식등의대량보유상황보고서(일반),20220107000637,매지움,20220107,
KOSPI,00136721,신영증권,001720,증권발행실적보고서,20220107000638,신영증권,20220107,
KOSPI,00983271,NHN,181710,임원ㆍ주요주주특정증권등소유상황보고서,20220107000640,이준호,20220107,
KOSPI,00136721,신영증권,001720,증권발행실적보고서,20220107000643,신영증권,20220107,
KOSPI,00126380,삼성전자,005930,임원ㆍ주요주주특정증권등소유상황보고서,20220107000644,고정욱,20220107,
KOSPI,00111999,대원제약,003220,임원ㆍ주요주주특정증권등소유상황보고서,20220107000645,강주인,20220107,
KOSPI,00983271,NHN,181710,임원ㆍ주요주주특정증권등소유상황보고서,20220107000646,정우진,20220107,
KOSPI,00983271,NHN,181710,임원ㆍ주요주주특정증권등소유상황보고서,20220107000648,최명환,20220107,
KOSPI,00983271,NHN,181710,임원ㆍ주요주주특정증권등소유상황보고서,20220107000649,황선영,20220107,
KOSPI,00111999,대원제약,003220,임원ㆍ주요주주특정증권등소유상황보고서,20220107000650,백인영,20220107,
KOSPI,00126380,삼성전자,005930,연결재무제표기준영업(잠정)실적(공정공시),20220107800030,삼성전자,20220107,유정
KOSPI,00302926,현대로템,064350,단일판매ㆍ공급계약체결,20220107800037,현대로템,20220107,유정
KOSPI,00126380,삼성전자,005930,기업설명회(IR)개최(안내공시),20220107800039,삼성전자,20220107,유
KOSPI,00136271,신성이엔지,011930,투자유의안내(신성이엔지 37WR의 신주인수권행사기간 만료 및 상장폐지 예고),20220107800070,유가증권시장본부,20220107,유
KOSPI,01205851,HD현대일렉트릭,267260,풍문또는보도에대한해명(미확정),20220107800108,HD현대일렉트릭,20220107,유
KOSPI,00130684,서울도시가스,017390,최대주주등소유주식변동신고서,20220107800109,서울도시가스,20220107,유
KOSPI,00174527,HS화성,002460,[기재정정]단일판매ㆍ공급계약체결,20220107800129,HS화성,20220107,유
KOSPI,01323032,KG모빌리티플랫폼,381970,[기재정정]주주총회소집결의,20220107800139,KG모빌리티플랫폼,20220107,유
KOSPI,00173795,신흥,004080,최대주주등소유주식변동신고서,20220107800145,신흥,20220107,유
KOSPI,00164830,HD한국조선해양,009540,지주회사의자회사탈퇴,20220107800152,HD한국조선해양,20220107,유
KOSPI,01205709,HD현대,267250,지주회사의자회사탈퇴(자회사의 주요경영사항),20220107800153,HD현대,20220107,유
KOSPI,00121932,미원상사,002840,최대주주등소유주식변동신고서,20220107800170,미원상사,20220107,유
KOSPI,00413523,한미글로벌,053690,[기재정정]단일판매ㆍ공급계약체결,20220107800184,한미글로벌,20220107,유정
KOSPI,00190321,케이티,030200,최대주주등소유주식변동신고서,20220107800193,케이티,20220107,유
KOSPI,00164779,SK하이닉스,000660,기업설명회(IR)개최(안내공시),20220107800206,SK하이닉스,20220107,유
KOSPI,00124726,빙그레,005180,공정거래자율준수프로그램운영현황(안내공시),20220107800217,빙그레,20220107,유
KOSPI,01350869,우리금융지주,316140,지주회사의자회사편입,20220107800220,우리금융지주,20220107,유
KOSPI,00670340,씨에스윈드,112610,단일판매ㆍ공급계약체결,20220107800237,씨에스윈드,20220107,유
KOSPI,00360595,현대글로비스,086280,최대주주등소유주식변동신고서,20220107800245,현대글로비스,20220107,유
KOSPI,00105961,LG이노텍,011070,결산실적공시예고(안내공시),20220107800249,LG이노텍,20220107,유
KOSPI,00148276,제일기획,030000,최대주주등소유주식변동신고서,20220107800254,제일기획,20220107,유
KOSPI,00401731,LG전자,066570,연결재무제표기준영업(잠정)실적(공정공시),20220107800281,LG전자,20220107,유정
KOSPI,00126566,한화에어로스페이스,012450,불성실공시법인미지정,20220107800352,유가증권시장본부,20220107,유
KOSPI,00983271,NHN,181710,최대주주등소유주식변동신고서,20220107800374,NHN,20220107,유
KOSPI,00197759,미래산업,025560,기타안내사항(안내공시),20220107800394,미래산업,20220107,유
KOSPI,00120021,LG,003550,임시주주총회결과,20220107800420,LG,20220107,유
KOSPI,00163512,한진,002320,연결재무제표기준영업(잠정)실적(공정공시),20220107800455,한진,20220107,유정
KOSPI,00163196,한일철강,002220,최대주주등소유주식변동신고서,20220107800457,한일철강,20220107,유
KOSPI,00120021,LG,003550,대표이사(대표집행임원)변경(안내공시),20220107800464,LG,20220107,유
KOSPI,00203290,콜마홀딩스,024720,최대주주등소유주식변동신고서,20220107800568,콜마홀딩스,20220107,유
KOSPI,00939331,한국콜마,161890,최대주주등소유주식변동신고서,20220107800572,한국콜마,20220107,유
KOSPI,00173078,명신산업,009900,최대주주등소유주식변동신고서,20220107800575,명신산업,20220107,유
KOSPI,00105101,INVENI,015360,최대주주등소유주식변동신고서,20220107800597,INVENI,20220107,유
KOSPI,00401731,LG전자,066570,임시주주총회결과,20220107800606,LG전자,20220107,유
KOSPI,00401731,LG전자,066570,대표이사(대표집행임원)변경(안내공시),20220107800621,LG전자,20220107,유
KOSPI,00401731,LG전자,066570,최대주주등소유주식변동신고서,20220107800648,LG전자,20220107,유
KOSPI,00500254,GS,078930,지주회사의자회사편입,20220107800667,GS,20220107,유
KOSPI,00858364,BNK금융지주,138930,최대주주등소유주식변동신고서,20220107800687,BNK금융지주,20220107,유
KOSPI,00124780,사조씨푸드,014710,최대주주등소유주식변동신고서,20220107800714,사조씨푸드,20220107,유
KOSPI,00156150,엑시큐어하이트론,019490,[기재정정]주주총회소집결의,20220107800725,엑시큐어하이트론,20220107,유정
KOSPI,00156150,엑시큐어하이트론,019490,[기재정정]주주총회소집결의,20220107800760,엑시큐어하이트론,20220107,유
KOSPI,00983271,NHN,181710,임원ㆍ주요주주특정증권등소유상황보고서,20220107000656,이현정,20220110,
KOSPI,00156150,엑시큐어하이트론,019490,주주총회소집공고,20220107000657,엑시큐어하이트론,20220110,정
KOSPI,00983271,NHN,181710,임원ㆍ주요주주특정증권등소유상황보고서,20220107000658,최기린,20220110,
KOSPI,00401731,LG전자,066570,임원ㆍ주요주주특정증권등소유상황보고서,20220107000660,김용태,20220110,
KOSPI,00156150,엑시큐어하이트론,019490,의결권대리행사권유참고서류,20220107000662,엑시큐어하이트론,20220110,정
KOSPI,00156150,엑시큐어하이트론,019490,[첨부정정]의결권대리행사권유참고서류,20220110000006,엑시큐어하이트론,20220110,정
KOSPI,00120182,NH투자증권,005940,증권발행실적보고서,20220110000013,NH투자증권,20220110,
KOSPI,00120182,NH투자증권,005940,증권발행실적보고서,20220110000021,NH투자증권,20220110,
KOSPI,00104856,삼성증권,016360,일괄신고추가서류(파생결합사채-주가연계파생결합사채),20220110000022,삼성증권,20220110,
KOSPI,00126380,삼성전자,005930,임원ㆍ주요주주특정증권등소유상황보고서,20220110000025,정진민,20220110,
KOSPI,00104856,삼성증권,016360,투자설명서(일괄신고),20220110000030,삼성증권,20220110,
KOSPI,00149804,디와이에이,002880,주식등의대량보유상황보고서(일반),20220110000033,대유홀딩스,20220110,
KOSPI,01203312,케이뱅크,279570,계열금융회사의약관에의한금융거래-[예ㆍ적금],20220110000035,케이뱅크,20220110,공
KOSPI,00120182,NH투자증권,005940,증권발행실적보고서,20220110000048,NH투자증권,20220110,
KOSPI,00113359,교보증권,030610,증권발행실적보고서,20220110000066,교보증권,20220110,
KOSPI,00113359,교보증권,030610,증권발행실적보고서,20220110000067,교보증권,20220110,
KOSPI,00164724,현대엘리베이터,017800,주식등의대량보유상황보고서(약식),20220110000091,OrbisInvestmentManagementLimited,20220110,
KOSPI,00120182,NH투자증권,005940,일괄신고추가서류(파생결합사채-주가연계파생결합사채),20220110000092,NH투자증권,20220110,
KOSPI,00296290,키움증권,039490,증권발행실적보고서,20220110000093,키움증권,20220110,
KOSPI,00413046,셀트리온,068270,주요사항보고서(자기주식취득결정),20220110000155,셀트리온,20220110,
KOSPI,00120182,NH투자증권,005940,투자설명서(일괄신고),20220110000158,NH투자증권,20220110,
KOSPI,00155319,POSCO홀딩스,005490,임원ㆍ주요주주특정증권등소유상황보고서,20220110000163,신수철,20220110,
KOSPI,00107987,남해화학,025860,계열금융회사를거래상대방으로한단기금융상품거래의분기별공시,20220110000164,남해화학,20220110,공
KOSPI,00120182,NH투자증권,005940,증권발행실적보고서,20220110000167,NH투자증권,20220110,
KOSPI,00155319,POSCO홀딩스,005490,임원ㆍ주요주주특정증권등소유상황보고서,20220110000174,고찬주,20220110,
KOSPI,00135917,한화손해보험,000370,계열금융회사의약관에의한금융거래-[유가증권-수익증권],20220110000182,한화손해보험,20220110,공
KOSPI,00135917,한화손해보험,000370,계열금융회사의약관에의한금융거래-[유가증권-채권],20220110000184,한화손해보험,20220110,공
KOSPI,01497869,티와이홀딩스,363280,주식등의대량보유상황보고서(약식),20220110000185,한국투자신탁운용,20220110,
KOSPI,00148610,한화투자증권,003530,증권발행실적보고서,20220110000191,한화투자증권,20220110,
KOSPI,00453284,교촌에프앤비,339770,임원ㆍ주요주주특정증권등소유상황보고서,20220110000207,조은기,20220110,
KOSPI,00148610,한화투자증권,003530,증권발행실적보고서,20220110000209,한화투자증권,20220110,
KOSPI,00113359,교보증권,030610,증권발행실적보고서,20220110000213,교보증권,20220110,
KOSPI,00136721,신영증권,001720,증권발행실적보고서,20220110000216,신영증권,20220110,
KOSPI,00136721,신영증권,001720,증권발행실적보고서,20220110000220,신영증권,20220110,
KOSPI,00137997,현대차증권,001500,증권발행실적보고서,20220110000227,현대차증권,20220110,
KOSPI,00137997,현대차증권,001500,일괄신고추가서류(파생결합사채-주가연계파생결합사채),20220110000229,현대차증권,20220110,
KOSPI,00113359,교보증권,030610,계열금융회사의약관에의한금융거래-[유가증권-채권],20220110000234,교보증권,20220110,공
KOSPI,00113359,교보증권,030610,계열금융회사의약관에의한금융거래-[유가증권-수익증권],20220110000237,교보증권,20220110,공
KOSPI,00113359,교보증권,030610,계열금융회사의약관에의한금융거래-[CP],20220110000239,교보증권,20220110,공
KOSPI,00113359,교보증권,030610,계열금융회사의약관에의한금융거래-[예ㆍ적금],20220110000241,교보증권,20220110,공
KOSPI,00113359,교보증권,030610,계열금융회사의약관에의한금융거래-[기타유가증권],20220110000244,교보증권,20220110,공
KOSPI,00113359,교보증권,030610,증권발행실적보고서,20220110000247,교보증권,20220110,
KOSPI,00124504,포스코인터내셔널,047050,임원ㆍ주요주주특정증권등소유상황보고서,20220110000258,조승현,20220110,
KOSPI,00137997,현대차증권,001500,투자설명서(일괄신고),20220110000278,현대차증권,20220110,
KOSPI,00111722,미래에셋증권,006800,일괄신고추가서류(파생결합사채-주가연계파생결합사채),20220110000313,미래에셋증권,20220110,
KOSPI,00103176,흥국화재,000540,계열금융회사의약관에의한금융거래-[유가증권-수익증권],20220110000337,흥국화재,20220110,공
KOSPI,00159102,DB손해보험,005830,계열금융회사의약관에의한금융거래-[유가증권-수익증권],20220110000342,DB손해보험,20220110,공
KOSPI,00432102,한국금융지주,071050,계열금융회사의약관에의한금융거래-[유가증권-수익증권],20220110000345,한국금융지주,20220110,공
KOSPI,01437186,ESR켄달스퀘어리츠,365550,주식등의대량보유상황보고서(약식),20220110000349,코람코자산운용,20220110,
KOSPI,00432102,한국금융지주,071050,계열금융회사의약관에의한금융거래-[예ㆍ적금],20220110000351,한국금융지주,20220110,공
KOSPI,00159102,DB손해보험,005830,계열금융회사의약관에의한금융거래-[유가증권-채권],20220110000352,DB손해보험,20220110,공
KOSPI,00159102,DB손해보험,005830,계열금융회사의약관에의한금융거래-[보험],20220110000361,DB손해보험,20220110,공
KOSPI,00137997,현대차증권,001500,계열금융회사의약관에의한금융거래-[유가증권-채권],20220110000375,현대차증권,20220110,공
KOSPI,00121932,미원상사,002840,[기재정정]주식등의대량보유상황보고서(일반),20220110000376,김정돈,20220110,정
KOSPI,00103176,흥국화재,000540,계열금융회사의약관에의한금융거래-[유가증권-채권],20220110000377,흥국화재,20220110,공
KOSPI,00137997,현대차증권,001500,계열금융회사의약관에의한금융거래-[CP],20220110000382,현대차증권,20220110,공
KOSPI,00137997,현대차증권,001500,계열금융회사의약관에의한금융거래-[보험],20220110000385,현대차증권,20220110,공
KOSPI,00137997,현대차증권,001500,계열금융회사의약관에의한금융거래-[예ㆍ적금],20220110000389,현대차증권,20220110,공
KOSPI,00148610,한화투자증권,003530,계열금융회사의약관에의한금융거래-[유가증권-수익증권],20220110000401,한화투자증권,20220110,공
KOSPI,00131054,유진증권,001200,계열금융회사의약관에의한금융거래-[CP],20220110000409,유진증권,20220110,공
KOSPI,00148610,한화투자증권,003530,계열금융회사의약관에의한금융거래-[유가증권-채권],20220110000410,한화투자증권,20220110,공
KOSPI,00139214,삼성화재해상보험,000810,계열금융회사의약관에의한금융거래-[보험],20220110000418,삼성화재해상보험,20220110,공
KOSPI,00104856,삼성증권,016360,증권발행실적보고서,20220110000420,삼성증권,20220110,
KOSPI,00139214,삼성화재해상보험,000810,계열금융회사의약관에의한금융거래-[유가증권-수익증권],20220110000435,삼성화재해상보험,20220110,공
KOSPI,00130772,SBS,034120,주식등의대량보유상황보고서(약식),20220110000437,브이아이피자산운용,20220110,
KOSPI,00139214,삼성화재해상보험,000810,계열금융회사의약관에의한금융거래-[유가증권-채권],20220110000441,삼성화재해상보험,20220110,공
KOSPI,00112332,미래에셋생명,085620,계열금융회사의약관에의한금융거래-[유가증권-수익증권],20220110000453,미래에셋생명,20220110,공
KOSPI,00104856,삼성증권,016360,계열금융회사의약관에의한금융거래-[장단기차입],20220110000455,삼성증권,20220110,공
KOSPI,00112332,미래에셋생명,085620,계열금융회사의약관에의한금융거래-[보험],20220110000456,미래에셋생명,20220110,공
KOSPI,00104856,삼성증권,016360,계열금융회사의약관에의한금융거래-[유가증권-채권],20220110000458,삼성증권,20220110,공
KOSPI,00112332,미래에셋생명,085620,계열금융회사의약관에의한금융거래-[기타유가증권],20220110000459,미래에셋생명,20220110,공
KOSPI,01133217,카카오뱅크,323410,계열금융회사의약관에의한금융거래-[유가증권-수익증권],20220110000461,카카오뱅크,20220110,공
KOSPI,00104856,삼성증권,016360,계열금융회사의약관에의한금융거래-[유가증권-수익증권],20220110000463,삼성증권,20220110,공
KOSPI,00111722,미래에셋증권,006800,투자설명서(일괄신고),20220110000464,미래에셋증권,20220110,
KOSPI,01133217,카카오뱅크,323410,계열금융회사의약관에의한금융거래-[유가증권-채권],20220110000467,카카오뱅크,20220110,공
KOSPI,00121534,MH에탄올,023150,임원ㆍ주요주주특정증권등소유상황보고서,20220110000469,김영종,20220110,
KOSPI,00269241,주연테크,044380,주식등의대량보유상황보고서(약식),20220110000470,시너지아이비투자,20220110,
KOSPI,00107613,이수페타시스,007660,주식등의대량보유상황보고서(일반),20220110000471,이수,20220110,
KOSPI,00219097,BGF,027410,주식등의대량보유상황보고서(일반),20220110000474,홍석조,20220110,
KOSPI,00113058,한화생명,088350,계열금융회사의약관에의한금융거래-[보험],20220110000477,한화생명,20220110,공
KOSPI,01263022,BGF리테일,282330,주식등의대량보유상황보고서(일반),20220110000489,BGF,20220110,
KOSPI,00113058,한화생명,088350,계열금융회사의약관에의한금융거래-[유가증권-수익증권],20220110000495,한화생명,20220110,공
KOSPI,00121932,미원상사,002840,주식등의대량보유상황보고서(일반),20220110000497,김정돈,20220110,정
KOSPI,00113058,한화생명,088350,계열금융회사의약관에의한금융거래-[예ㆍ적금],20220110000499,한화생명,20220110,공
KOSPI,00104856,삼성증권,016360,계열금융회사의약관에의한금융거래-[보험],20220110000501,삼성증권,20220110,공
KOSPI,00121932,미원상사,002840,임원ㆍ주요주주특정증권등소유상황보고서,20220110000503,미성종합물산,20220110,
KOSPI,00113058,한화생명,088350,계열금융회사의약관에의한금융거래-[유가증권-채권],20220110000510,한화생명,20220110,공
KOSPI,00110893,대신증권,003540,일괄신고추가서류(파생결합증권-주가연계증권),20220110000511,대신증권,20220110,
KOSPI,00118026,동원산업,006040,특수관계인에대한담보제공,20220110000516,동원산업,20220110,공정
KOSPI,00110893,대신증권,003540,투자설명서(일괄신고),20220110000518,대신증권,20220110,
KOSPI,00106641,기아,000270,특수관계인으로부터기타유가증권매수,20220110000524,기아,20220110,공
KOSPI,00107613,이수페타시스,007660,임원ㆍ주요주주특정증권등소유상황보고서,20220110000536,김성민,20220110,
KOSPI,00126256,삼성생명,032830,계열금융회사의약관에의한금융거래-[유가증권-수익증권],20220110000542,삼성생명,20220110,공
KOSPI,00126256,삼성생명,032830,계열금융회사의약관에의한금융거래-[보험],20220110000547,삼성생명,20220110,공
KOSPI,00126256,삼성생명,032830,계열금융회사의약관에의한금융거래-[유가증권-채권],20220110000549,삼성생명,20220110,공
KOSPI,00111722,미래에셋증권,006800,계열금융회사의약관에의한금융거래-[유가증권-수익증권],20220110000554,미래에셋증권,20220110,공
KOSPI,00111722,미래에셋증권,006800,계열금융회사의약관에의한금융거래-[기타유가증권],20220110000555,미래에셋증권,20220110,공
KOSPI,00111722,미래에셋증권,006800,계열금융회사의약관에의한금융거래-[보험],20220110000556,미래에셋증권,20220110,공정
KOSPI,00111722,미래에셋증권,006800,계열금융회사의약관에의한금융거래-[파생금융상품],20220110000557,미래에셋증권,20220110,공
KOSPI,00111722,미래에셋증권,006800,계열금융회사의약관에의한금융거래-[장단기차입],20220110000559,미래에셋증권,20220110,공
KOSPI,00129420,까뮤이앤씨,013700,주식등의대량보유상황보고서(약식),20220110000560,한국증권금융,20220110,
KOSPI,00111722,미래에셋증권,006800,계열금융회사의약관에의한금융거래-[유가증권-채권],20220110000562,미래에셋증권,20220110,공
KOSPI,00119672,두올,016740,주식등의대량보유상황보고서(약식),20220110000566,한국증권금융,20220110,
KOSPI,00136864,신원,009270,주식등의대량보유상황보고서(약식),20220110000578,한국증권금융,20220110,정
KOSPI,00684802,에이플러스에셋,244920,주식등의대량보유상황보고서(약식),20220110000581,한국증권금융,20220110,
KOSPI,00144252,유니온,000910,주식등의대량보유상황보고서(약식),20220110000592,한국증권금융,20220110,
KOSPI,00151298,DSR제강,069730,주식등의대량보유상황보고서(약식),20220110000614,한국증권금융,20220110,
KOSPI,00123781,부국철강,026940,주식등의대량보유상황보고서(약식),20220110000616,한국증권금융,20220110,
KOSPI,00131939,선도전기,007610,주식등의대량보유상황보고서(약식),20220110000618,한국증권금융,20220110,
KOSPI,00117498,스틱인베스트먼트,026890,주식등의대량보유상황보고서(약식),20220110000620,한국증권금융,20220110,
KOSPI,00102140,케이아이이,009140,최대주주등소유주식변동신고서,20220110800057,케이아이이,20220110,유
KOSPI,00164830,HD한국조선해양,009540,단일판매ㆍ공급계약체결(자회사의 주요경영사항),20220110800070,HD한국조선해양,20220110,유
KOSPI,01390344,HD현대중공업,329180,단일판매ㆍ공급계약체결,20220110800073,HD현대중공업,20220110,유
KOSPI,01205709,HD현대,267250,단일판매ㆍ공급계약체결(자회사의 주요경영사항),20220110800075,HD현대,20220110,유
KOSPI,00164830,HD한국조선해양,009540,단일판매ㆍ공급계약체결(자회사의 주요경영사항),20220110800079,HD한국조선해양,20220110,유
KOSPI,00258801,카카오,035720,[기재정정]기타안내사항(안내공시),20220110800086,카카오,20220110,유
KOSPI,00878915,iM금융지주,139130,최대주주등소유주식변동신고서,20220110800146,iM금융지주,20220110,유
KOSPI,00126371,삼성전기,009150,결산실적공시예고(안내공시),20220110800155,삼성전기,20220110,유
KOSPI,00126371,삼성전기,009150,기업설명회(IR)개최(안내공시),20220110800157,삼성전기,20220110,유
KOSPI,00134565,이스타코,015020,최대주주등소유주식변동신고서,20220110800182,이스타코,20220110,유
KOSPI,00147860,에스엠벡셀,010580,[기재정정]주주총회소집결의,20220110800188,에스엠벡셀,20220110,유
KOSPI,00164788,현대모비스,012330,기업설명회(IR)개최(안내공시),20220110800195,현대모비스,20220110,유
KOSPI,00136378,신세계,004170,영업(잠정)실적(공정공시),20220110800204,신세계,20220110,유정
KOSPI,00155531,풍산홀딩스,005810,최대주주등소유주식변동신고서,20220110800221,풍산홀딩스,20220110,유
KOSPI,00220561,광주신세계,037710,영업(잠정)실적(공정공시),20220110800224,광주신세계,20220110,유
KOSPI,00684714,풍산,103140,최대주주등소유주식변동신고서,20220110800230,풍산,20220110,유
KOSPI,00144818,유유제약,000220,타인에대한채무보증결정,20220110800324,유유제약,20220110,유
KOSPI,00103130,MDS스피어,009810,단일판매ㆍ공급계약체결,20220110800336,MDS스피어,20220110,유정
KOSPI,00102432,계룡건설산업,013580,[기재정정]단일판매ㆍ공급계약체결,20220110800352,계룡건설산업,20220110,유정
KOSPI,00107613,이수페타시스,007660,최대주주등소유주식변동신고서,20220110800370,이수페타시스,20220110,유
KOSPI,00164706,현대약품,004310,매출액또는손익구조30%(대규모법인은15%)이상변경,20220110800383,현대약품,20220110,유
KOSPI,00146296,일신석재,007110,단일판매ㆍ공급계약체결,20220110800385,일신석재,20220110,유
KOSPI,00146296,일신석재,007110,단일판매ㆍ공급계약체결,20220110800390,일신석재,20220110,유
KOSPI,00109286,대동,000490,타인에대한채무보증결정,20220110800396,대동,20220110,유
KOSPI,00138242,KG모빌리티,003620,투자판단관련주요경영사항,20220110800406,KG모빌리티,20220110,유
KOSPI,00854997,에스디바이오센서,137310,소송등의제기ㆍ신청(일정금액이상의청구),20220110800412,에스디바이오센서,20220110,유정
KOSPI,00401731,LG전자,066570,기업설명회(IR)개최(안내공시),20220110800413,LG전자,20220110,유
KOSPI,00121932,미원상사,002840,최대주주등소유주식변동신고서,20220110800424,미원상사,20220110,유정
KOSPI,00296290,키움증권,039490,최대주주등소유주식변동신고서,20220110800429,키움증권,20220110,유
KOSPI,00118026,동원산업,006040,타인에대한담보제공결정,20220110800447,동원산업,20220110,유정
KOSPI,00120030,GS건설,006360,소송등의판결ㆍ결정(일정금액이상의청구),20220110800451,GS건설,20220110,유
KOSPI,00128555,삼천리,004690,최대주주등소유주식변동신고서,20220110800487,삼천리,20220110,유
KOSPI,00124540,대우건설,047040,소송등의판결ㆍ결정(일정금액이상의청구),20220110800561,대우건설,20220110,유
KOSPI,00118026,동원산업,006040,불성실공시법인지정예고,20220110800574,유가증권시장본부,20220110,유
KOSPI,00140946,한솔로지스틱스,009180,주식등의대량보유상황보고서(약식),20220110000629,한국증권금융,20220111,
KOSPI,00108241,농심,004370,임원ㆍ주요주주특정증권등소유상황보고서,20220111000044,조용철,20220111,
KOSPI,00261285,한국가스공사,036460,독립이사의선임ㆍ해임또는중도퇴임에관한신고,20220111000059,한국가스공사,20220111,
KOSPI,00104856,삼성증권,016360,일괄신고추가서류(파생결합증권-주가연계증권),20220111000075,삼성증권,20220111,
KOSPI,00111722,미래에셋증권,006800,일괄신고추가서류(파생결합증권-주가연계증권),20220111000076,미래에셋증권,20220111,
KOSPI,00115694,DB증권,016610,일괄신고추가서류(파생결합사채-주가연계파생결합사채),20220111000078,DB증권,20220111,
KOSPI,00115694,DB증권,016610,투자설명서(일괄신고),20220111000084,DB증권,20220111,
KOSPI,00104856,삼성증권,016360,투자설명서(일괄신고),20220111000087,삼성증권,20220111,
KOSPI,00104856,삼성증권,016360,증권발행실적보고서,20220111000093,삼성증권,20220111,
KOSPI,00104856,삼성증권,016360,일괄신고추가서류(파생결합증권-주가연계증권),20220111000136,삼성증권,20220111,
KOSPI,00296290,키움증권,039490,일괄신고추가서류(파생결합증권-주가연계증권),20220111000137,키움증권,20220111,
KOSPI,00113359,교보증권,030610,일괄신고추가서류(파생결합증권-주가연계증권),20220111000140,교보증권,20220111,
KOSPI,00113359,교보증권,030610,투자설명서(일괄신고),20220111000145,교보증권,20220111,
KOSPI,00117601,유안타증권,003470,일괄신고추가서류(파생결합증권-주가연계증권),20220111000147,유안타증권,20220111,
KOSPI,00104856,삼성증권,016360,투자설명서(일괄신고),20220111000152,삼성증권,20220111,
KOSPI,00117601,유안타증권,003470,투자설명서(일괄신고),20220111000154,유안타증권,20220111,
KOSPI,00104856,삼성증권,016360,일괄신고추가서류(파생결합증권-상장지수증권),20220111000160,삼성증권,20220111,
KOSPI,00104856,삼성증권,016360,투자설명서(일괄신고),20220111000170,삼성증권,20220111,
KOSPI,00136721,신영증권,001720,일괄신고추가서류(파생결합증권-주가연계증권),20220111000171,신영증권,20220111,
KOSPI,00104856,삼성증권,016360,증권발행실적보고서,20220111000175,삼성증권,20220111,
KOSPI,00117601,유안타증권,003470,일괄신고추가서류(파생결합증권-주가연계증권),20220111000176,유안타증권,20220111,
KOSPI,00111722,미래에셋증권,006800,일괄신고추가서류(파생결합증권-주가연계증권),20220111000178,미래에셋증권,20220111,
KOSPI,00126308,삼성E&A,028050,임원ㆍ주요주주특정증권등소유상황보고서,20220111000181,류기평,20220111,
KOSPI,00296290,키움증권,039490,투자설명서(일괄신고),20220111000183,키움증권,20220111,
KOSPI,00117601,유안타증권,003470,투자설명서(일괄신고),20220111000189,유안타증권,20220111,
KOSPI,00111722,미래에셋증권,006800,투자설명서(일괄신고),20220111000209,미래에셋증권,20220111,
KOSPI,00111722,미래에셋증권,006800,증권발행실적보고서,20220111000211,미래에셋증권,20220111,
KOSPI,00137997,현대차증권,001500,증권발행실적보고서,20220111000225,현대차증권,20220111,
KOSPI,00126380,삼성전자,005930,임원ㆍ주요주주특정증권등소유상황보고서,20220111000233,김용주,20220111,
KOSPI,00120182,NH투자증권,005940,일괄신고추가서류(파생결합증권-주가연계증권),20220111000238,NH투자증권,20220111,
KOSPI,00120182,NH투자증권,005940,투자설명서(일괄신고),20220111000247,NH투자증권,20220111,
KOSPI,00104856,삼성증권,016360,증권발행실적보고서,20220111000254,삼성증권,20220111,
KOSPI,00113359,교보증권,030610,일괄신고추가서류(파생결합증권-주가연계증권),20220111000256,교보증권,20220111,
KOSPI,00148920,조광페인트,004910,[기재정정]자기주식처분결과보고서,20220111000259,조광페인트,20220111,
KOSPI,00120182,NH투자증권,005940,증권발행실적보고서,20220111000265,NH투자증권,20220111,
KOSPI,00136721,신영증권,001720,투자설명서(일괄신고),20220111000268,신영증권,20220111,
KOSPI,00113359,교보증권,030610,투자설명서(일괄신고),20220111000270,교보증권,20220111,
KOSPI,00156150,엑시큐어하이트론,019490,[기재정정]주주총회소집공고,20220111000280,엑시큐어하이트론,20220111,
KOSPI,00164742,현대자동차,005380,특수관계인으로부터기타유가증권매수,20220111000283,현대자동차,20220111,공
KOSPI,00106641,기아,000270,특수관계인으로부터기타유가증권매수,20220111000289,기아,20220111,공
KOSPI,00117601,유안타증권,003470,일괄신고추가서류(파생결합증권-주가연계증권),20220111000301,유안타증권,20220111,
KOSPI,00120182,NH투자증권,005940,증권발행실적보고서,20220111000304,NH투자증권,20220111,
KOSPI,00117601,유안타증권,003470,투자설명서(일괄신고),20220111000308,유안타증권,20220111,
KOSPI,00124090,한국특강,007280,임원ㆍ주요주주특정증권등소유상황보고서,20220111000309,정희석,20220111,
KOSPI,00111722,미래에셋증권,006800,투자설명서(일괄신고),20220111000314,미래에셋증권,20220111,
KOSPI,00124090,한국특강,007280,임원ㆍ주요주주특정증권등소유상황보고서,20220111000322,이시영,20220111,
KOSPI,00124090,한국특강,007280,임원ㆍ주요주주특정증권등소유상황보고서,20220111000326,김영규,20220111,
KOSPI,00124090,한국특강,007280,임원ㆍ주요주주특정증권등소유상황보고서,20220111000338,김동주,20220111,
KOSPI,00124090,한국특강,007280,임원ㆍ주요주주특정증권등소유상황보고서,20220111000347,권정욱,20220111,
KOSPI,00152880,코오롱글로벌,003070,임원ㆍ주요주주특정증권등소유상황보고서,20220111000369,안효상,20220111,
KOSPI,00124090,한국특강,007280,주식등의대량보유상황보고서(일반),20220111000370,매직홀딩스,20220111,
KOSPI,00760971,크래프톤,259960,독립이사의선임ㆍ해임또는중도퇴임에관한신고,20220111000371,크래프톤,20220111,
KOSPI,00361008,한화엔진,082740,독립이사의선임ㆍ해임또는중도퇴임에관한신고,20220111000372,한화엔진,20220111,
KOSPI,00111722,미래에셋증권,006800,일괄신고추가서류(파생결합증권-주가연계증권),20220111000374,미래에셋증권,20220111,
KOSPI,00113359,교보증권,030610,일괄신고추가서류(파생결합증권-주가연계증권),20220111000375,교보증권,20220111,
KOSPI,00113359,교보증권,030610,투자설명서(일괄신고),20220111000376,교보증권,20220111,
KOSPI,00113359,교보증권,030610,일괄신고추가서류(파생결합증권-주가연계증권),20220111000378,교보증권,20220111,
KOSPI,00113359,교보증권,030610,투자설명서(일괄신고),20220111000379,교보증권,20220111,
KOSPI,00111722,미래에셋증권,006800,투자설명서(일괄신고),20220111000381,미래에셋증권,20220111,
KOSPI,00136721,신영증권,001720,증권발행실적보고서,20220111000388,신영증권,20220111,
KOSPI,00136721,신영증권,001720,증권발행실적보고서,20220111000391,신영증권,20220111,
KOSPI,00163512,한진,002320,증권신고서(채무증권),20220111000400,한진,20220111,정
KOSPI,00136378,신세계,004170,[기재정정]영업(잠정)실적(공정공시),20220111800044,신세계,20220111,유
KOSPI,00706715,미원홀딩스,107590,최대주주등소유주식변동신고서,20220111800058,미원홀딩스,20220111,유
KOSPI,00854997,에스디바이오센서,137310,단일판매ㆍ공급계약체결,20220111800079,에스디바이오센서,20220111,유정
KOSPI,00872984,이마트,139480,영업(잠정)실적(공정공시),20220111800091,이마트,20220111,유
KOSPI,00126186,삼성에스디에스,018260,결산실적공시예고(안내공시),20220111800110,삼성에스디에스,20220111,유
KOSPI,00126186,삼성에스디에스,018260,기업설명회(IR)개최(안내공시),20220111800113,삼성에스디에스,20220111,유
KOSPI,00106313,금호건설,002990,[기재정정]단일판매ㆍ공급계약체결,20220111800117,금호건설,20220111,유정
KOSPI,00503668,LIG디펜스앤에어로스페이스,079550,선급금지급결정,20220111800144,LIG디펜스앤에어로스페이스,20220111,유
KOSPI,00795135,코오롱인더,120110,최대주주등소유주식변동신고서,20220111800168,코오롱인더,20220111,유
KOSPI,00129420,까뮤이앤씨,013700,단일판매ㆍ공급계약체결,20220111800204,까뮤이앤씨,20220111,유정
KOSPI,00428729,대호에이엘,069460,전환가액ㆍ신주인수권행사가액ㆍ교환가액의조정(안내공시),20220111800232,대호에이엘,20220111,유
KOSPI,00159209,한전기술,052690,주주총회소집결의,20220111800265,한전기술,20220111,유정
KOSPI,00111704,한화오션,042660,단일판매ㆍ공급계약체결,20220111800305,한화오션,20220111,유정
KOSPI,00854997,에스디바이오센서,137310,불성실공시법인지정예고,20220111800314,유가증권시장본부,20220111,유
KOSPI,00106313,금호건설,002990,[기재정정]단일판매ㆍ공급계약체결,20220111800328,금호건설,20220111,유정
KOSPI,00152880,코오롱글로벌,003070,최대주주등소유주식변동신고서,20220111800340,코오롱글로벌,20220111,유
KOSPI,00361008,한화엔진,082740,임시주주총회결과,20220111800350,한화엔진,20220111,유
KOSPI,00124090,한국특강,007280,최대주주등소유주식변동신고서,20220111800372,한국특강,20220111,유
KOSPI,00113526,대한항공,003490,[기재정정]신규시설투자등,20220111800378,대한항공,20220111,유정
KOSPI,00113526,대한항공,003490,[기재정정]신규시설투자등,20220111800380,대한항공,20220111,유
KOSPI,00983040,한진칼,180640,[기재정정]신규시설투자등(자회사의 주요경영사항),20220111800385,한진칼,20220111,유정
KOSPI,00983040,한진칼,180640,[기재정정]신규시설투자등(자회사의 주요경영사항),20220111800388,한진칼,20220111,유
KOSPI,00138297,STX,011810,타인에대한채무보증결정,20220111800398,STX,20220111,유
KOSPI,00104856,삼성증권,016360,일괄신고추가서류(파생결합증권-주가연계증권),20220112000004,삼성증권,20220112,
KOSPI,00113207,대한전선,001440,특수관계인의유상증자참여,20220112000018,대한전선,20220112,공정
KOSPI,00110893,대신증권,003540,일괄신고추가서류(파생결합증권-주가연계증권),20220112000023,대신증권,20220112,
KOSPI,00104856,삼성증권,016360,일괄신고추가서류(파생결합증권-주가연계증권),20220112000025,삼성증권,20220112,
KOSPI,00113207,대한전선,001440,[기재정정]주요사항보고서(유상증자결정),20220112000027,대한전선,20220112,정
KOSPI,00110893,대신증권,003540,투자설명서(일괄신고),20220112000028,대신증권,20220112,
KOSPI,00131054,유진증권,001200,증권발행실적보고서,20220112000040,유진증권,20220112,
KOSPI,00137997,현대차증권,001500,일괄신고추가서류(파생결합증권-주가연계증권),20220112000047,현대차증권,20220112,
KOSPI,00110893,대신증권,003540,일괄신고추가서류(파생결합증권-주가연계증권),20220112000048,대신증권,20220112,
KOSPI,00110893,대신증권,003540,투자설명서(일괄신고),20220112000063,대신증권,20220112,
KOSPI,00104856,삼성증권,016360,일괄신고추가서류(파생결합증권-주가연계증권),20220112000075,삼성증권,20220112,
KOSPI,00111722,미래에셋증권,006800,일괄신고추가서류(파생결합증권-주가연계증권),20220112000082,미래에셋증권,20220112,
KOSPI,00104856,삼성증권,016360,일괄신고추가서류(파생결합증권-주가연계증권),20220112000084,삼성증권,20220112,
KOSPI,00104856,삼성증권,016360,투자설명서(일괄신고),20220112000089,삼성증권,20220112,
KOSPI,00104856,삼성증권,016360,투자설명서(일괄신고),20220112000091,삼성증권,20220112,
KOSPI,00111722,미래에셋증권,006800,투자설명서(일괄신고),20220112000093,미래에셋증권,20220112,
KOSPI,00104856,삼성증권,016360,투자설명서(일괄신고),20220112000096,삼성증권,20220112,
KOSPI,00120182,NH투자증권,005940,일괄신고추가서류(파생결합증권-주가연계증권),20220112000097,NH투자증권,20220112,
KOSPI,00137997,현대차증권,001500,일괄신고추가서류(파생결합사채-주가연계파생결합사채),20220112000098,현대차증권,20220112,
KOSPI,00136721,신영증권,001720,일괄신고추가서류(파생결합증권-주가연계증권),20220112000101,신영증권,20220112,
KOSPI,00137997,현대차증권,001500,투자설명서(일괄신고),20220112000103,현대차증권,20220112,
KOSPI,00104856,삼성증권,016360,투자설명서(일괄신고),20220112000104,삼성증권,20220112,
KOSPI,00104856,삼성증권,016360,증권발행실적보고서,20220112000107,삼성증권,20220112,
KOSPI,00111722,미래에셋증권,006800,일괄신고추가서류(파생결합증권-주가연계증권),20220112000117,미래에셋증권,20220112,
KOSPI,00120182,NH투자증권,005940,투자설명서(일괄신고),20220112000130,NH투자증권,20220112,
KOSPI,00137997,현대차증권,001500,투자설명서(일괄신고),20220112000146,현대차증권,20220112,
KOSPI,00111722,미래에셋증권,006800,투자설명서(일괄신고),20220112000162,미래에셋증권,20220112,
KOSPI,00117601,유안타증권,003470,일괄신고추가서류(파생결합증권-주가연계증권),20220112000163,유안타증권,20220112,
KOSPI,00120182,NH투자증권,005940,일괄신고추가서류(파생결합증권-주가연계증권),20220112000167,NH투자증권,20220112,
KOSPI,00120182,NH투자증권,005940,투자설명서(일괄신고),20220112000170,NH투자증권,20220112,
KOSPI,00117601,유안타증권,003470,투자설명서(일괄신고),20220112000172,유안타증권,20220112,
KOSPI,00136721,신영증권,001720,투자설명서(일괄신고),20220112000176,신영증권,20220112,
KOSPI,00115694,DB증권,016610,일괄신고추가서류(기타파생결합사채),20220112000178,DB증권,20220112,
KOSPI,00113359,교보증권,030610,일괄신고추가서류(파생결합증권-주가연계증권),20220112000179,교보증권,20220112,
KOSPI,00111722,미래에셋증권,006800,일괄신고추가서류(파생결합사채-주가연계파생결합사채),20220112000185,미래에셋증권,20220112,
KOSPI,00115694,DB증권,016610,일괄신고추가서류(파생결합사채-주가연계파생결합사채),20220112000187,DB증권,20220112,
KOSPI,00148610,한화투자증권,003530,일괄신고추가서류(파생결합증권-주가연계증권),20220112000188,한화투자증권,20220112,
KOSPI,00113359,교보증권,030610,투자설명서(일괄신고),20220112000189,교보증권,20220112,
KOSPI,00136721,신영증권,001720,일괄신고추가서류(파생결합증권-주가연계증권),20220112000191,신영증권,20220112,
KOSPI,00148610,한화투자증권,003530,투자설명서(일괄신고),20220112000193,한화투자증권,20220112,
KOSPI,00136721,신영증권,001720,투자설명서(일괄신고),20220112000202,신영증권,20220112,
KOSPI,00164779,SK하이닉스,000660,임원ㆍ주요주주특정증권등소유상황보고서,20220112000206,이종주,20220112,
KOSPI,00115694,DB증권,016610,투자설명서(일괄신고),20220112000209,DB증권,20220112,
KOSPI,00115694,DB증권,016610,투자설명서(일괄신고),20220112000211,DB증권,20220112,
KOSPI,00164478,현대건설,000720,임원ㆍ주요주주특정증권등소유상황보고서,20220112000212,국민연금공단,20220112,
KOSPI,00159102,DB손해보험,005830,임원ㆍ주요주주특정증권등소유상황보고서,20220112000219,국민연금공단,20220112,
KOSPI,00113359,교보증권,030610,일괄신고추가서류(파생결합증권-주가연계증권),20220112000226,교보증권,20220112,
KOSPI,00115694,DB증권,016610,일괄신고추가서류(파생결합증권-주가연계증권),20220112000228,DB증권,20220112,
KOSPI,00111722,미래에셋증권,006800,일괄신고추가서류(기타파생결합사채),20220112000232,미래에셋증권,20220112,
KOSPI,00115694,DB증권,016610,투자설명서(일괄신고),20220112000258,DB증권,20220112,
KOSPI,00161426,한미사이언스,008930,주식등의대량보유상황보고서(일반),20220112000268,송영숙,20220112,
KOSPI,00688996,KB금융,105560,주요사항보고서(상각형조건부자본증권발행결정),20220112000273,KB금융,20220112,정
KOSPI,00428729,대호에이엘,069460,[기재정정]주요사항보고서(전환사채권발행결정),20220112000275,대호에이엘,20220112,정
KOSPI,00113359,교보증권,030610,투자설명서(일괄신고),20220112000279,교보증권,20220112,
KOSPI,00145552,이수화학,005950,주식등의대량보유상황보고서(일반),20220112000284,이수,20220112,
KOSPI,00136721,신영증권,001720,일괄신고추가서류(파생결합증권-주가연계증권),20220112000299,신영증권,20220112,
KOSPI,00454946,그린케미칼,083420,임원ㆍ주요주주특정증권등소유상황보고서,20220112000300,신인균,20220112,
KOSPI,00113410,CJ대한통운,000120,임원ㆍ주요주주특정증권등소유상황보고서,20220112000301,정연석,20220112,
KOSPI,00131832,SK디스커버리,006120,신탁계약에의한취득상황보고서,20220112000302,SK디스커버리,20220112,
KOSPI,00113359,교보증권,030610,증권발행실적보고서,20220112000316,교보증권,20220112,
KOSPI,00117212,두산,000150,증권신고서(채무증권),20220112000320,두산,20220112,정
KOSPI,00136721,신영증권,001720,투자설명서(일괄신고),20220112000327,신영증권,20220112,
KOSPI,00131850,SK증권,001510,자기주식취득결과보고서,20220112000340,SK증권,20220112,
KOSPI,00136721,신영증권,001720,일괄신고추가서류(파생결합증권-주가연계증권),20220112000344,신영증권,20220112,
KOSPI,00111722,미래에셋증권,006800,투자설명서(일괄신고),20220112000350,미래에셋증권,20220112,
KOSPI,00136721,신영증권,001720,투자설명서(일괄신고),20220112000353,신영증권,20220112,
KOSPI,00117601,유안타증권,003470,증권발행실적보고서,20220112000354,유안타증권,20220112,
KOSPI,00106368,금호석유화학,011780,임원ㆍ주요주주특정증권등소유상황보고서,20220112000356,황이석,20220112,
KOSPI,00137997,현대차증권,001500,증권발행실적보고서,20220112000357,현대차증권,20220112,
KOSPI,00106368,금호석유화학,011780,임원ㆍ주요주주특정증권등소유상황보고서,20220112000359,백종훈,20220112,
KOSPI,00106368,금호석유화학,011780,주식등의대량보유상황보고서(일반),20220112000361,박찬구,20220112,
KOSPI,00162461,한화솔루션,009830,증권신고서(채무증권),20220112000377,한화솔루션,20220112,정
KOSPI,00148610,한화투자증권,003530,일괄신고추가서류(파생결합증권-주가연계증권),20220112000428,한화투자증권,20220112,
KOSPI,00111722,미래에셋증권,006800,일괄신고추가서류(파생결합사채-주가연계파생결합사채),20220112000433,미래에셋증권,20220112,
KOSPI,00148610,한화투자증권,003530,투자설명서(일괄신고),20220112000440,한화투자증권,20220112,
KOSPI,00791209,메타케어,118000,[기재정정]주식등의대량보유상황보고서(일반),20220112000464,그린러스크 투자조합,20220112,
KOSPI,00111722,미래에셋증권,006800,투자설명서(일괄신고),20220112000468,미래에셋증권,20220112,
KOSPI,00111722,미래에셋증권,006800,투자설명서(일괄신고),20220112000475,미래에셋증권,20220112,
KOSPI,00111722,미래에셋증권,006800,증권발행실적보고서,20220112000485,미래에셋증권,20220112,
KOSPI,00854997,에스디바이오센서,137310,[기재정정]단일판매ㆍ공급계약체결,20220112800003,에스디바이오센서,20220112,유정
KOSPI,01009789,코스맥스,192820,투자판단관련주요경영사항(특허권 취득),20220112800146,코스맥스,20220112,유
KOSPI,01437292,미래에셋맵스리츠,357250,부동산투자회사금전배당결정,20220112800152,미래에셋맵스리츠,20220112,유
KOSPI,01319899,SK바이오사이언스,302440,투자판단관련주요경영사항(노바백스 코로나19 백신 국내 품목허가 획득),20220112800153,SK바이오사이언스,20220112,유
KOSPI,00219574,코스맥스비티아이,044820,투자판단관련주요경영사항(자회사의 주요경영사항)(특허권 취득),20220112800154,코스맥스비티아이,20220112,유
KOSPI,01437292,미래에셋맵스리츠,357250,매출액또는손익구조30%(대규모법인은15%)이상변경,20220112800155,미래에셋맵스리츠,20220112,유
KOSPI,00162461,한화솔루션,009830,풍문또는보도에대한해명(미확정),20220112800175,한화솔루션,20220112,유
KOSPI,00153861,태영건설,009410,단일판매ㆍ공급계약체결,20220112800178,태영건설,20220112,유
KOSPI,00503668,LIG디펜스앤에어로스페이스,079550,선급금지급결정,20220112800179,LIG디펜스앤에어로스페이스,20220112,유
KOSPI,00127158,씨아이테크,004920,[기재정정]단일판매ㆍ공급계약체결,20220112800193,씨아이테크,20220112,유
KOSPI,00127158,씨아이테크,004920,[기재정정]단일판매ㆍ공급계약체결,20220112800195,씨아이테크,20220112,유정
KOSPI,01497869,티와이홀딩스,363280,단일판매ㆍ공급계약체결(자회사의 주요경영사항),20220112800201,티와이홀딩스,20220112,유
KOSPI,00155319,POSCO홀딩스,005490,영업(잠정)실적(공정공시),20220112800232,POSCO홀딩스,20220112,유정
KOSPI,00155319,POSCO홀딩스,005490,연결재무제표기준영업(잠정)실적(공정공시),20220112800233,POSCO홀딩스,20220112,유정
KOSPI,00670340,씨에스윈드,112610,단일판매ㆍ공급계약체결(자율공시),20220112800237,씨에스윈드,20220112,유
KOSPI,00500254,GS,078930,[기재정정]기타경영사항(자율공시),20220112800253,GS,20220112,유정
KOSPI,00141529,오뚜기,007310,최대주주등소유주식변동신고서,20220112800260,오뚜기,20220112,유
KOSPI,00266961,NAVER,035420,기업설명회(IR)개최(안내공시),20220112800261,NAVER,20220112,유
KOSPI,00266961,NAVER,035420,결산실적공시예고(안내공시),20220112800266,NAVER,20220112,유
KOSPI,01010110,더블유게임즈,192080,소송등의판결ㆍ결정,20220112800288,더블유게임즈,20220112,유
KOSPI,00120030,GS건설,006360,투자판단관련주요경영사항,20220112800289,GS건설,20220112,유
KOSPI,00111111,대양금속,009190,전환가액ㆍ신주인수권행사가액ㆍ교환가액의조정(안내공시),20220112800309,대양금속,20220112,유
KOSPI,00854997,에스디바이오센서,137310,기타안내사항(안내공시),20220112800314,에스디바이오센서,20220112,유
KOSPI,00145552,이수화학,005950,최대주주등소유주식변동신고서,20220112800336,이수화학,20220112,유
KOSPI,00152880,코오롱글로벌,003070,[기재정정]단일판매ㆍ공급계약체결(자율공시),20220112800366,코오롱글로벌,20220112,유정
KOSPI,00126380,삼성전자,005930,최대주주등소유주식변동신고서,20220112800390,삼성전자,20220112,유
KOSPI,00106368,금호석유화학,011780,최대주주등소유주식변동신고서,20220112800392,금호석유화학,20220112,유
KOSPI,00260383,대한유화,006650,최대주주등소유주식변동신고서,20220112800397,대한유화,20220112,유
KOSPI,00983271,NHN,181710,기업설명회(IR)개최(안내공시),20220112800411,NHN,20220112,유
KOSPI,00197759,미래산업,025560,최대주주변경,20220112800415,미래산업,20220112,유
KOSPI,00146214,일성아이에스,003120,최대주주등소유주식변동신고서,20220112800417,일성아이에스,20220112,유
KOSPI,00197759,미래산업,025560,최대주주등소유주식변동신고서(최대주주변경시),20220112800423,미래산업,20220112,유
KOSPI,01310269,IPARK현대산업개발,294870,타인에대한채무보증결정,20220112800434,IPARK현대산업개발,20220112,유
KOSPI,00109693,DL,000210,계열회사변경(자율공시),20220112800437,DL,20220112,유
KOSPI,01310269,IPARK현대산업개발,294870,타인에대한채무보증결정,20220112800439,IPARK현대산업개발,20220112,유
KOSPI,00102432,계룡건설산업,013580,[기재정정]단일판매ㆍ공급계약체결,20220112800444,계룡건설산업,20220112,유정
KOSPI,00791209,메타케어,118000,[기재정정]타법인주식및출자증권취득결정,20220112800445,메타케어,20220112,유
KOSPI,01437186,ESR켄달스퀘어리츠,365550,매출액또는손익구조30%(대규모법인은15%)이상변경,20220112800446,ESR켄달스퀘어리츠,20220112,유
KOSPI,00164636,HDC,012630,타인에대한채무보증결정(자회사의 주요경영사항),20220112800449,HDC,20220112,유
KOSPI,00164636,HDC,012630,타인에대한채무보증결정(자회사의 주요경영사항),20220112800451,HDC,20220112,유
KOSPI,01437186,ESR켄달스퀘어리츠,365550,부동산투자회사금전배당결정,20220112800462,ESR켄달스퀘어리츠,20220112,유
KOSPI,00500254,GS,078930,[기재정정]기타경영사항(자율공시),20220112800469,GS,20220112,유
KOSPI,00145437,아센디오,012170,기타안내사항(안내공시),20220112800472,아센디오,20220112,유
KOSPI,01310269,IPARK현대산업개발,294870,투자판단관련주요경영사항,20220112800494,IPARK현대산업개발,20220112,유
KOSPI,00164636,HDC,012630,투자판단관련주요경영사항(자회사의 주요경영사항),20220112800495,HDC,20220112,유
KOSPI,00148610,한화투자증권,003530,증권발행실적보고서,20220113000008,한화투자증권,20220113,
KOSPI,00102140,케이아이이,009140,임원ㆍ주요주주특정증권등소유상황보고서,20220113000029,김성완,20220113,
KOSPI,00120182,NH투자증권,005940,일괄신고추가서류(파생결합증권-주가연계증권),20220113000038,NH투자증권,20220113,
KOSPI,00113359,교보증권,030610,증권발행실적보고서,20220113000049,교보증권,20220113,
KOSPI,00120182,NH투자증권,005940,일괄신고추가서류(파생결합사채-주가연계파생결합사채),20220113000053,NH투자증권,20220113,
KOSPI,00791209,메타케어,118000,주식등의대량보유상황보고서(일반),20220113000062,그린러스크 투자조합,20220113,
KOSPI,00120182,NH투자증권,005940,투자설명서(일괄신고),20220113000067,NH투자증권,20220113,
KOSPI,00120182,NH투자증권,005940,투자설명서(일괄신고),20220113000071,NH투자증권,20220113,
KOSPI,00129387,SP삼화,000390,주식등의대량보유상황보고서(일반),20220113000089,김장연,20220113,
KOSPI,00104856,삼성증권,016360,일괄신고추가서류(파생결합증권-주가연계증권),20220113000140,삼성증권,20220113,
KOSPI,00120182,NH투자증권,005940,증권발행실적보고서,20220113000141,NH투자증권,20220113,
KOSPI,00120182,NH투자증권,005940,증권발행실적보고서,20220113000146,NH투자증권,20220113,
KOSPI,01262032,롯데이노베이트,286940,[기재정정]주요사항보고서(타법인주식및출자증권양수결정),20220113000154,롯데이노베이트,20220113,
KOSPI,00104856,삼성증권,016360,투자설명서(일괄신고),20220113000158,삼성증권,20220113,
KOSPI,00104856,삼성증권,016360,증권발행실적보고서,20220113000160,삼성증권,20220113,
KOSPI,01262032,롯데이노베이트,286940,합병등종료보고서(자산양수도),20220113000162,롯데이노베이트,20220113,
KOSPI,00104856,삼성증권,016360,증권발행실적보고서,20220113000163,삼성증권,20220113,
KOSPI,00111722,미래에셋증권,006800,일괄신고추가서류(파생결합증권-주가연계증권),20220113000165,미래에셋증권,20220113,
KOSPI,00111722,미래에셋증권,006800,일괄신고추가서류(파생결합사채-주가연계파생결합사채),20220113000168,미래에셋증권,20220113,
KOSPI,00113359,교보증권,030610,일괄신고추가서류(파생결합사채-주가연계파생결합사채),20220113000172,교보증권,20220113,
KOSPI,00266961,NAVER,035420,임원ㆍ주요주주특정증권등소유상황보고서,20220113000176,박태진,20220113,
KOSPI,00266961,NAVER,035420,임원ㆍ주요주주특정증권등소유상황보고서,20220113000179,구동현,20220113,
KOSPI,00432102,한국금융지주,071050,특수관계인에대한자금대여,20220113000180,한국금융지주,20220113,공
KOSPI,00296290,키움증권,039490,일괄신고추가서류(파생결합증권-주가연계증권),20220113000181,키움증권,20220113,
KOSPI,00104856,삼성증권,016360,일괄신고추가서류(파생결합증권-주가연계증권),20220113000183,삼성증권,20220113,
KOSPI,00113359,교보증권,030610,일괄신고추가서류(파생결합증권-주가연계증권),20220113000184,교보증권,20220113,
KOSPI,00104856,삼성증권,016360,투자설명서(일괄신고),20220113000191,삼성증권,20220113,
KOSPI,00296290,키움증권,039490,일괄신고추가서류(파생결합증권-주가연계증권),20220113000193,키움증권,20220113,
KOSPI,00104856,삼성증권,016360,증권발행실적보고서,20220113000197,삼성증권,20220113,
KOSPI,00118521,진원생명과학,011000,임원ㆍ주요주주특정증권등소유상황보고서,20220113000204,정문섭,20220113,
KOSPI,00147860,에스엠벡셀,010580,주주총회소집공고,20220113000205,에스엠벡셀,20220113,
KOSPI,00113359,교보증권,030610,투자설명서(일괄신고),20220113000208,교보증권,20220113,
KOSPI,00111722,미래에셋증권,006800,투자설명서(일괄신고),20220113000210,미래에셋증권,20220113,
KOSPI,00113359,교보증권,030610,투자설명서(일괄신고),20220113000211,교보증권,20220113,
KOSPI,00147860,에스엠벡셀,010580,의결권대리행사권유참고서류,20220113000212,에스엠벡셀,20220113,
KOSPI,00124151,부산주공,005030,주주총회소집공고,20220113000215,부산주공,20220113,
KOSPI,00118521,진원생명과학,011000,주식등의대량보유상황보고서(일반),20220113000217,박영근,20220113,
KOSPI,00111722,미래에셋증권,006800,일괄신고추가서류(파생결합증권-주식워런트증권),20220113000223,미래에셋증권,20220113,
KOSPI,00124151,부산주공,005030,의결권대리행사권유참고서류,20220113000224,부산주공,20220113,정
KOSPI,00113359,교보증권,030610,일괄신고추가서류(파생결합증권-주가연계증권),20220113000228,교보증권,20220113,
KOSPI,00296290,키움증권,039490,투자설명서(일괄신고),20220113000231,키움증권,20220113,
KOSPI,00296290,키움증권,039490,투자설명서(일괄신고),20220113000233,키움증권,20220113,
KOSPI,00413046,셀트리온,068270,주식등의대량보유상황보고서(일반),20220113000236,셀트리온홀딩스,20220113,
KOSPI,00120526,롯데쇼핑,023530,특수관계인으로부터부동산임차,20220113000238,롯데쇼핑,20220113,공
KOSPI,00111722,미래에셋증권,006800,일괄신고추가서류(파생결합증권-주식워런트증권),20220113000239,미래에셋증권,20220113,
KOSPI,00120526,롯데쇼핑,023530,특수관계인에대한출자,20220113000240,롯데쇼핑,20220113,공
KOSPI,00108746,DKME,015590,주식등의대량보유상황보고서(일반),20220113000241,크레오에스지,20220113,
KOSPI,00152880,코오롱글로벌,003070,주식등의대량보유상황보고서(일반),20220113000243,코오롱,20220113,
KOSPI,00113359,교보증권,030610,투자설명서(일괄신고),20220113000248,교보증권,20220113,
KOSPI,00111722,미래에셋증권,006800,일괄신고추가서류(파생결합증권-주식워런트증권),20220113000255,미래에셋증권,20220113,
KOSPI,00111722,미래에셋증권,006800,투자설명서(일괄신고),20220113000268,미래에셋증권,20220113,
KOSPI,00121534,MH에탄올,023150,임원ㆍ주요주주특정증권등소유상황보고서,20220113000269,김영종,20220113,
KOSPI,00382199,신한지주,055550,증권신고서(채무증권),20220113000273,신한지주,20220113,정
KOSPI,00795135,코오롱인더,120110,임원ㆍ주요주주특정증권등소유상황보고서,20220113000277,장희구,20220113,
KOSPI,00795135,코오롱인더,120110,주식등의대량보유상황보고서(일반),20220113000280,코오롱,20220113,
KOSPI,00111722,미래에셋증권,006800,일괄신고추가서류(파생결합증권-주식워런트증권),20220113000285,미래에셋증권,20220113,
KOSPI,00302926,현대로템,064350,[기재정정]증권신고서(채무증권),20220113000288,현대로템,20220113,정
KOSPI,00124151,부산주공,005030,[첨부정정]의결권대리행사권유참고서류,20220113000290,부산주공,20220113,
KOSPI,00111722,미래에셋증권,006800,투자설명서(일괄신고),20220113000294,미래에셋증권,20220113,
KOSPI,00137368,신풍,002870,주식등의대량보유상황보고서(일반),20220113000299,정학헌,20220113,
KOSPI,00302926,현대로템,064350,[발행조건확정]증권신고서(채무증권),20220113000303,현대로템,20220113,정
KOSPI,00111722,미래에셋증권,006800,투자설명서(일괄신고),20220113000305,미래에셋증권,20220113,
KOSPI,00111722,미래에셋증권,006800,투자설명서(일괄신고),20220113000306,미래에셋증권,20220113,
KOSPI,00137368,신풍,002870,임원ㆍ주요주주특정증권등소유상황보고서,20220113000309,정학헌,20220113,
KOSPI,00117188,효성,004800,임원ㆍ주요주주특정증권등소유상황보고서,20220113000310,김원일,20220113,
KOSPI,00111722,미래에셋증권,006800,투자설명서(일괄신고),20220113000312,미래에셋증권,20220113,
KOSPI,00111722,미래에셋증권,006800,일괄신고추가서류(파생결합증권-주식워런트증권),20220113000319,미래에셋증권,20220113,
KOSPI,00111722,미래에셋증권,006800,투자설명서(일괄신고),20220113000321,미래에셋증권,20220113,
KOSPI,00128412,삼진제약,005500,주식등의대량보유상황보고서(약식),20220113000322,하나제약,20220113,
KOSPI,00111722,미래에셋증권,006800,증권신고서(채무증권),20220113000343,미래에셋증권,20220113,정
KOSPI,00145880,현대제철,004020,증권신고서(채무증권),20220113000349,현대제철,20220113,정
KOSPI,00121932,미원상사,002840,임원ㆍ주요주주특정증권등소유상황보고서,20220113000352,미원상사우리사주,20220113,
KOSPI,00161116,HL D&I,014790,단일판매ㆍ공급계약체결,20220113800049,HL D&I,20220113,유정
KOSPI,00299002,HL홀딩스,060980,단일판매ㆍ공급계약체결(자회사의 주요경영사항),20220113800054,HL홀딩스,20220113,유정
KOSPI,00126362,삼성SDI,006400,결산실적공시예고(안내공시),20220113800136,삼성SDI,20220113,유
KOSPI,00126362,삼성SDI,006400,기업설명회(IR)개최(안내공시),20220113800137,삼성SDI,20220113,유
KOSPI,00706715,미원홀딩스,107590,최대주주등소유주식변동신고서,20220113800193,미원홀딩스,20220113,유
KOSPI,01234297,미원에스씨,268280,최대주주등소유주식변동신고서,20220113800205,미원에스씨,20220113,유
KOSPI,00121543,무학,033920,대표이사(대표집행임원)변경(안내공시),20220113800211,무학,20220113,유
KOSPI,00124540,대우건설,047040,단일판매ㆍ공급계약체결,20220113800217,대우건설,20220113,유
KOSPI,00124151,부산주공,005030,[기재정정]주주총회소집결의,20220113800245,부산주공,20220113,유
KOSPI,00124540,대우건설,047040,타인에대한채무보증결정,20220113800258,대우건설,20220113,유정
KOSPI,00118275,디아이,003160,타법인주식및출자증권취득결정,20220113800259,디아이,20220113,유정
KOSPI,00124540,대우건설,047040,타인에대한채무보증결정,20220113800268,대우건설,20220113,유정
KOSPI,00149655,삼성물산,028260,결산실적공시예고(안내공시),20220113800276,삼성물산,20220113,유
KOSPI,00118521,진원생명과학,011000,최대주주등소유주식변동신고서,20220113800280,진원생명과학,20220113,유
KOSPI,00105952,LS,006260,단일판매ㆍ공급계약체결(자회사의 주요경영사항),20220113800301,LS,20220113,유정
KOSPI,00149655,삼성물산,028260,[기재정정]단일판매ㆍ공급계약체결,20220113800305,삼성물산,20220113,유정
KOSPI,00144164,SK가스,018670,기타경영사항(자율공시)(종속회사의주요경영사항),20220113800324,SK가스,20220113,유
KOSPI,00131832,SK디스커버리,006120,기타경영사항(자율공시)(종속회사의주요경영사항),20220113800341,SK디스커버리,20220113,유
KOSPI,00163512,한진,002320,대표이사(대표집행임원)변경(안내공시),20220113800364,한진,20220113,유
KOSPI,00137368,신풍,002870,최대주주등소유주식변동신고서,20220113800366,신풍,20220113,유
KOSPI,00117300,TCC스틸,002710,최대주주등소유주식변동신고서,20220113800372,TCC스틸,20220113,유
KOSPI,00121932,미원상사,002840,[기재정정]최대주주등소유주식변동신고서,20220113800375,미원상사,20220113,유
KOSPI,00116824,동아쏘시오홀딩스,000640,기업설명회(IR)개최(안내공시),20220113800384,동아쏘시오홀딩스,20220113,유
KOSPI,00162063,한신공영,004960,타인에대한채무보증결정,20220113800394,한신공영,20220113,유
KOSPI,00122694,범양건영,002410,[기재정정]단일판매ㆍ공급계약체결,20220113800409,범양건영,20220113,유
KOSPI,00296290,키움증권,039490,최대주주등소유주식변동신고서,20220113800417,키움증권,20220113,유
KOSPI,00148540,CJ,001040,유상증자결정(종속회사의주요경영사항),20220113800419,CJ,20220113,유
KOSPI,00161693,한샘,009240,최대주주등소유주식변동신고서,20220113800421,한샘,20220113,유
KOSPI,00152880,코오롱글로벌,003070,[기재정정]단일판매ㆍ공급계약체결,20220113800427,코오롱글로벌,20220113,유정
KOSPI,00148540,CJ,001040,[기재정정]타법인주식및출자증권취득결정(자회사의 주요경영사항),20220113800451,CJ,20220113,유
KOSPI,00152862,코오롱,002020,[기재정정]단일판매ㆍ공급계약체결(자회사의 주요경영사항),20220113800454,코오롱,20220113,유정
KOSPI,00104856,삼성증권,016360,증권발행실적보고서,20220114000048,삼성증권,20220114,
KOSPI,00117601,유안타증권,003470,증권발행실적보고서,20220114000052,유안타증권,20220114,
KOSPI,00111722,미래에셋증권,006800,일괄신고추가서류(파생결합증권-주가연계증권),20220114000084,미래에셋증권,20220114,
KOSPI,00296290,키움증권,039490,증권발행실적보고서,20220114000095,키움증권,20220114,
KOSPI,00760971,크래프톤,259960,주식등의대량보유상황보고서(일반),20220114000105,장병규,20220114,
KOSPI,00296290,키움증권,039490,증권발행실적보고서,20220114000107,키움증권,20220114,
KOSPI,00296290,키움증권,039490,증권발행실적보고서,20220114000110,키움증권,20220114,
KOSPI,00525934,LX세미콘,108320,주식등의대량보유상황보고서(약식),20220114000113,LSVAssetManagement,20220114,
KOSPI,00115065,동남합성,023450,임원ㆍ주요주주특정증권등소유상황보고서,20220114000129,미원홀딩스,20220114,
KOSPI,00160047,한국앤컴퍼니,000240,주식등의대량보유상황보고서(일반),20220114000133,조현범,20220114,
KOSPI,00173795,신흥,004080,주식등의대량보유상황보고서(일반),20220114000143,이용익,20220114,
KOSPI,00164779,SK하이닉스,000660,동일인등출자계열회사와의상품ㆍ용역거래변경,20220114000144,SK하이닉스,20220114,공
KOSPI,00148610,한화투자증권,003530,증권발행실적보고서,20220114000151,한화투자증권,20220114,
KOSPI,00111722,미래에셋증권,006800,투자설명서(일괄신고),20220114000184,미래에셋증권,20220114,
KOSPI,00111722,미래에셋증권,006800,증권발행실적보고서,20220114000209,미래에셋증권,20220114,
KOSPI,00111722,미래에셋증권,006800,증권발행실적보고서,20220114000212,미래에셋증권,20220114,
KOSPI,00111722,미래에셋증권,006800,증권발행실적보고서,20220114000213,미래에셋증권,20220114,
KOSPI,00111722,미래에셋증권,006800,증권발행실적보고서,20220114000216,미래에셋증권,20220114,
KOSPI,00111722,미래에셋증권,006800,증권발행실적보고서,20220114000218,미래에셋증권,20220114,
KOSPI,00111722,미래에셋증권,006800,증권발행실적보고서,20220114000272,미래에셋증권,20220114,
KOSPI,00104856,삼성증권,016360,일괄신고추가서류(파생결합증권-주가연계증권),20220114000274,삼성증권,20220114,
KOSPI,00104856,삼성증권,016360,일괄신고추가서류(파생결합사채-주가연계파생결합사채),20220114000275,삼성증권,20220114,
KOSPI,00115694,DB증권,016610,일괄신고추가서류(파생결합사채-주가연계파생결합사채),20220114000277,DB증권,20220114,
KOSPI,00148610,한화투자증권,003530,일괄신고추가서류(파생결합증권-주가연계증권),20220114000279,한화투자증권,20220114,
KOSPI,00111722,미래에셋증권,006800,일괄신고추가서류(파생결합증권-주가연계증권),20220114000281,미래에셋증권,20220114,
KOSPI,00111722,미래에셋증권,006800,증권발행실적보고서,20220114000285,미래에셋증권,20220114,
KOSPI,00111722,미래에셋증권,006800,투자설명서(일괄신고),20220114000292,미래에셋증권,20220114,
KOSPI,00115694,DB증권,016610,투자설명서(일괄신고),20220114000293,DB증권,20220114,
KOSPI,00148610,한화투자증권,003530,투자설명서(일괄신고),20220114000297,한화투자증권,20220114,
KOSPI,00104856,삼성증권,016360,일괄신고추가서류(파생결합증권-주가연계증권),20220114000299,삼성증권,20220114,
KOSPI,00111722,미래에셋증권,006800,일괄신고추가서류(파생결합증권-주가연계증권),20220114000304,미래에셋증권,20220114,
KOSPI,00115694,DB증권,016610,증권발행실적보고서,20220114000307,DB증권,20220114,
KOSPI,00111722,미래에셋증권,006800,투자설명서(일괄신고),20220114000311,미래에셋증권,20220114,
KOSPI,00113359,교보증권,030610,증권발행실적보고서,20220114000319,교보증권,20220114,
KOSPI,00115694,DB증권,016610,증권발행실적보고서,20220114000322,DB증권,20220114,
KOSPI,00104856,삼성증권,016360,투자설명서(일괄신고),20220114000323,삼성증권,20220114,
KOSPI,00115694,DB증권,016610,증권발행실적보고서,20220114000327,DB증권,20220114,
KOSPI,00120182,NH투자증권,005940,증권발행실적보고서,20220114000329,NH투자증권,20220114,
KOSPI,00111722,미래에셋증권,006800,일괄신고추가서류(파생결합증권-주가연계증권),20220114000331,미래에셋증권,20220114,
KOSPI,00104856,삼성증권,016360,투자설명서(일괄신고),20220114000335,삼성증권,20220114,
KOSPI,00120182,NH투자증권,005940,증권발행실적보고서,20220114000337,NH투자증권,20220114,
KOSPI,00104856,삼성증권,016360,투자설명서(일괄신고),20220114000341,삼성증권,20220114,
KOSPI,00111722,미래에셋증권,006800,투자설명서(일괄신고),20220114000351,미래에셋증권,20220114,
KOSPI,00117601,유안타증권,003470,증권발행실적보고서,20220114000354,유안타증권,20220114,
KOSPI,00136721,신영증권,001720,일괄신고추가서류(파생결합증권-주가연계증권),20220114000376,신영증권,20220114,
KOSPI,00137997,현대차증권,001500,증권발행실적보고서,20220114000378,현대차증권,20220114,
KOSPI,00684802,에이플러스에셋,244920,임원ㆍ주요주주특정증권등소유상황보고서,20220114000380,예창오,20220114,
KOSPI,00120182,NH투자증권,005940,증권발행실적보고서,20220114000386,NH투자증권,20220114,
KOSPI,00156859,다올투자증권,030210,임원ㆍ주요주주특정증권등소유상황보고서,20220114000394,김형남,20220114,
KOSPI,01515323,LG에너지솔루션,373220,[기재정정]주요사항보고서(유상증자결정),20220114000396,LG에너지솔루션,20220114,
KOSPI,01515323,LG에너지솔루션,373220,[발행조건확정]증권신고서(지분증권),20220114000401,LG에너지솔루션,20220114,
KOSPI,01515323,LG에너지솔루션,373220,[기재정정]투자설명서,20220114000408,LG에너지솔루션,20220114,
KOSPI,00197759,미래산업,025560,임원ㆍ주요주주특정증권등소유상황보고서,20220114000430,디모아,20220114,
KOSPI,00197759,미래산업,025560,주식등의대량보유상황보고서(일반),20220114000435,디모아,20220114,
KOSPI,00117498,스틱인베스트먼트,026890,임원ㆍ주요주주특정증권등소유상황보고서,20220114000439,박기수,20220114,
KOSPI,00117498,스틱인베스트먼트,026890,임원ㆍ주요주주특정증권등소유상황보고서,20220114000440,배선한,20220114,
KOSPI,00117601,유안타증권,003470,일괄신고추가서류(기타파생결합사채),20220114000442,유안타증권,20220114,
KOSPI,00120182,NH투자증권,005940,일괄신고추가서류(파생결합증권-주가연계증권),20220114000443,NH투자증권,20220114,
KOSPI,00547583,하나금융지주,086790,[기재정정]주요사항보고서(상각형조건부자본증권발행결정),20220114000445,하나금융지주,20220114,정
KOSPI,00197759,미래산업,025560,주식등의대량보유상황보고서(일반),20220114000446,광림,20220114,
KOSPI,00136721,신영증권,001720,투자설명서(일괄신고),20220114000447,신영증권,20220114,
KOSPI,00117601,유안타증권,003470,투자설명서(일괄신고),20220114000449,유안타증권,20220114,
KOSPI,00197759,미래산업,025560,임원ㆍ주요주주특정증권등소유상황보고서,20220114000451,광림,20220114,
KOSPI,00178754,동아지질,028100,임원ㆍ주요주주특정증권등소유상황보고서,20220114000452,도버홀딩스,20220114,
KOSPI,00164724,현대엘리베이터,017800,주식등의대량보유상황보고서(일반),20220114000457,현정은,20220114,
KOSPI,00120182,NH투자증권,005940,투자설명서(일괄신고),20220114000465,NH투자증권,20220114,
KOSPI,00136721,신영증권,001720,증권발행실적보고서,20220114000471,신영증권,20220114,
KOSPI,00136721,신영증권,001720,증권발행실적보고서,20220114000474,신영증권,20220114,
KOSPI,00136721,신영증권,001720,증권발행실적보고서,20220114000477,신영증권,20220114,
KOSPI,00117601,유안타증권,003470,일괄신고추가서류(기타파생결합사채),20220114000481,유안타증권,20220114,
KOSPI,00113359,교보증권,030610,일괄신고추가서류(기타파생결합사채),20220114000492,교보증권,20220114,
KOSPI,00635134,CJ제일제당,097950,증권신고서(채무증권),20220114000497,CJ제일제당,20220114,정
KOSPI,00111722,미래에셋증권,006800,일괄신고추가서류(파생결합사채-주가연계파생결합사채),20220114000504,미래에셋증권,20220114,
KOSPI,01159233,솔루엠,248070,주식등의대량보유상황보고서(일반),20220114000510,전성호,20220114,
KOSPI,00113359,교보증권,030610,투자설명서(일괄신고),20220114000514,교보증권,20220114,
KOSPI,00104856,삼성증권,016360,임원ㆍ주요주주특정증권등소유상황보고서,20220114000517,삼성생명,20220114,
KOSPI,01159233,솔루엠,248070,임원ㆍ주요주주특정증권등소유상황보고서,20220114000519,이제호,20220114,
KOSPI,00126292,삼성카드,029780,임원ㆍ주요주주특정증권등소유상황보고서,20220114000522,삼성생명,20220114,
KOSPI,01159233,솔루엠,248070,임원ㆍ주요주주특정증권등소유상황보고서,20220114000525,서보일,20220114,
KOSPI,00139214,삼성화재해상보험,000810,임원ㆍ주요주주특정증권등소유상황보고서,20220114000529,삼성생명,20220114,
KOSPI,00117601,유안타증권,003470,투자설명서(일괄신고),20220114000534,유안타증권,20220114,
KOSPI,01428203,케이씨씨글라스,344820,증권신고서(채무증권),20220114000535,케이씨씨글라스,20220114,정
KOSPI,00111722,미래에셋증권,006800,투자설명서(일괄신고),20220114000551,미래에셋증권,20220114,
KOSPI,00108038,엔피씨,004250,주요사항보고서(유형자산양도결정),20220114000553,엔피씨,20220114,정
KOSPI,00111722,미래에셋증권,006800,증권발행실적보고서,20220114000556,미래에셋증권,20220114,
KOSPI,00547583,하나금융지주,086790,증권신고서(채무증권),20220114000557,하나금융지주,20220114,정
KOSPI,00157399,한솔테크닉스,004710,합병등종료보고서(자산양수도),20220114000559,한솔테크닉스,20220114,
KOSPI,00111722,미래에셋증권,006800,증권발행실적보고서,20220114000560,미래에셋증권,20220114,
KOSPI,00545716,롯데렌탈,089860,증권신고서(채무증권),20220114000562,롯데렌탈,20220114,정
KOSPI,00176914,다우기술,023590,[기재정정]특수관계인에대한출자,20220114000563,다우기술,20220114,공
KOSPI,00105952,LS,006260,주식등의대량보유상황보고서(일반),20220114000570,구자열,20220114,
KOSPI,00161693,한샘,009240,주식등의대량보유상황보고서(일반),20220114000571,하임,20220114,
KOSPI,00129420,까뮤이앤씨,013700,주식등의대량보유상황보고서(일반),20220114000572,베이스,20220114,
KOSPI,00168331,온타이드,005320,[기재정정]분기보고서 (2021.09),20220114000574,온타이드,20220114,
KOSPI,00111722,미래에셋증권,006800,증권발행실적보고서,20220114000576,미래에셋증권,20220114,
KOSPI,00231363,LG유플러스,032640,증권신고서(채무증권),20220114000585,LG유플러스,20220114,정
KOSPI,00164830,HD한국조선해양,009540,투자판단관련주요경영사항,20220114800010,HD한국조선해양,20220114,유
KOSPI,01205709,HD현대,267250,투자판단관련주요경영사항(자회사의 주요경영사항),20220114800017,HD현대,20220114,유
KOSPI,00161383,한미반도체,042700,단일판매ㆍ공급계약체결(자율공시),20220114800054,한미반도체,20220114,유
KOSPI,00992871,종근당,185750,공정거래자율준수프로그램운영현황(안내공시),20220114800062,종근당,20220114,유정
KOSPI,00992871,종근당,185750,[기재정정]공정거래자율준수프로그램운영현황(안내공시),20220114800083,종근당,20220114,유
KOSPI,00450010,씨티알모빌리티,308170,최대주주등소유주식변동신고서,20220114800107,씨티알모빌리티,20220114,유
KOSPI,00173795,신흥,004080,최대주주등소유주식변동신고서,20220114800109,신흥,20220114,유
KOSPI,00115065,동남합성,023450,최대주주등소유주식변동신고서,20220114800110,동남합성,20220114,유
KOSPI,01316236,효성화학,298000,단일판매ㆍ공급계약체결,20220114800120,효성화학,20220114,유정
KOSPI,00261285,한국가스공사,036460,영업(잠정)실적(공정공시),20220114800128,한국가스공사,20220114,유
KOSPI,00413523,한미글로벌,053690,단일판매ㆍ공급계약체결,20220114800139,한미글로벌,20220114,유정
KOSPI,00116824,동아쏘시오홀딩스,000640,투자유의안내(동아쏘시오홀딩스 2WR의 신주인수권행사기간 만료 및 상장폐지 예고),20220114800147,유가증권시장본부,20220114,유
KOSPI,00153861,태영건설,009410,[기재정정]단일판매ㆍ공급계약체결,20220114800165,태영건설,20220114,유정
KOSPI,00153861,태영건설,009410,[기재정정]단일판매ㆍ공급계약체결,20220114800166,태영건설,20220114,유정
KOSPI,00427483,대웅제약,069620,투자판단관련주요경영사항,20220114800175,대웅제약,20220114,유
KOSPI,00427483,대웅제약,069620,투자판단관련주요경영사항,20220114800179,대웅제약,20220114,유
KOSPI,00159786,유니드,014830,최대주주등소유주식변동신고서,20220114800190,유니드,20220114,유
KOSPI,00198697,일진디스플,020760,전환가액ㆍ신주인수권행사가액ㆍ교환가액의조정(안내공시),20220114800191,일진디스플,20220114,유
KOSPI,00111810,대웅,003090,투자판단관련주요경영사항(자회사의 주요경영사항),20220114800198,대웅,20220114,유
KOSPI,00111810,대웅,003090,투자판단관련주요경영사항(자회사의 주요경영사항),20220114800199,대웅,20220114,유
KOSPI,00139214,삼성화재해상보험,000810,기업설명회(IR)개최(안내공시),20220114800201,삼성화재해상보험,20220114,유
KOSPI,00155319,POSCO홀딩스,005490,기업설명회(IR)개최(안내공시),20220114800220,POSCO홀딩스,20220114,유
KOSPI,01133217,카카오뱅크,323410,결산실적공시예고(안내공시),20220114800221,카카오뱅크,20220114,유
KOSPI,01133217,카카오뱅크,323410,기업설명회(IR)개최(안내공시),20220114800240,카카오뱅크,20220114,유
KOSPI,00631518,SK이노베이션,096770,기업설명회(IR)개최(안내공시),20220114800261,SK이노베이션,20220114,유
KOSPI,01386916,SK아이이테크놀로지,361610,기업설명회(IR)개최(안내공시),20220114800263,SK아이이테크놀로지,20220114,유
KOSPI,00148276,제일기획,030000,최대주주등소유주식변동신고서,20220114800296,제일기획,20220114,유
KOSPI,00503668,LIG디펜스앤에어로스페이스,079550,선급금지급결정,20220114800297,LIG디펜스앤에어로스페이스,20220114,유
KOSPI,00128980,삼호개발,010960,[기재정정]단일판매ㆍ공급계약체결,20220114800306,삼호개발,20220114,유정
KOSPI,00939331,한국콜마,161890,최대주주등소유주식변동신고서,20220114800317,한국콜마,20220114,유
KOSPI,00165413,롯데케미칼,011170,기업설명회(IR)개최(안내공시),20220114800322,롯데케미칼,20220114,유
KOSPI,00148540,CJ,001040,유상증자결정(종속회사의주요경영사항),20220114800364,CJ,20220114,유
KOSPI,00103130,MDS스피어,009810,타법인주식및출자증권취득결정,20220114800365,MDS스피어,20220114,유
KOSPI,00156859,다올투자증권,030210,최대주주등소유주식변동신고서,20220114800367,다올투자증권,20220114,유
KOSPI,00148540,CJ,001040,타법인주식및출자증권취득결정(종속회사의주요경영사항),20220114800374,CJ,20220114,유
KOSPI,01205851,HD현대일렉트릭,267260,타인에대한채무보증결정,20220114800388,HD현대일렉트릭,20220114,유
KOSPI,00124504,포스코인터내셔널,047050,기업설명회(IR)개최(안내공시),20220114800398,포스코인터내셔널,20220114,유
KOSPI,00159698,지역난방공사,071320,단기차입금증가결정,20220114800407,지역난방공사,20220114,유
KOSPI,00356361,LG화학,051910,[기재정정]유상증자결정(종속회사의주요경영사항),20220114800415,LG화학,20220114,유
KOSPI,00356361,LG화학,051910,[기재정정]타법인주식및출자증권처분결정,20220114800422,LG화학,20220114,유
KOSPI,00120021,LG,003550,[기재정정]타법인주식및출자증권처분결정(자회사의 주요경영사항),20220114800423,LG,20220114,유
KOSPI,01316236,효성화학,298000,타법인주식및출자증권취득결정,20220114800427,효성화학,20220114,유
KOSPI,00117498,스틱인베스트먼트,026890,임시주주총회결과,20220114800464,스틱인베스트먼트,20220114,유
KOSPI,00122694,범양건영,002410,타법인주식및출자증권취득결정(종속회사의주요경영사항),20220114800465,범양건영,20220114,유정
KOSPI,00117498,스틱인베스트먼트,026890,최대주주등소유주식변동신고서,20220114800470,스틱인베스트먼트,20220114,유
KOSPI,00186559,아이티센씨티에스,031820,대표이사(대표집행임원)변경(안내공시),20220114800480,아이티센씨티에스,20220114,유
KOSPI,00122579,BYC,001460,최대주주등소유주식변동신고서,20220114800487,BYC,20220114,유
KOSPI,00191472,KPX케미칼,025000,최대주주등소유주식변동신고서(최대주주변경시),20220114800533,KPX케미칼,20220114,유
KOSPI,00118275,디아이,003160,[기재정정]타법인주식및출자증권취득결정,20220114800554,디아이,20220114,유정
KOSPI,01159233,솔루엠,248070,최대주주등소유주식변동신고서,20220114800555,솔루엠,20220114,유
KOSPI,00162461,한화솔루션,009830,[기재정정]타법인주식및출자증권취득결정,20220114800587,한화솔루션,20220114,유
KOSPI,00555874,제주항공,089590,[기재정정]신규시설투자등,20220114800590,제주항공,20220114,유정
KOSPI,00164830,HD한국조선해양,009540,투자판단관련주요경영사항,20220114800597,HD한국조선해양,20220114,유
KOSPI,00125080,AK홀딩스,006840,[기재정정]신규시설투자등(자회사의 주요경영사항),20220114800602,AK홀딩스,20220114,유정
KOSPI,01415892,제이알글로벌리츠,348950,[기재정정]타법인주식및출자증권취득결정(종속회사의주요경영사항),20220114800610,제이알글로벌리츠,20220114,유
KOSPI,00105952,LS,006260,최대주주등소유주식변동신고서,20220114800613,LS,20220114,유
KOSPI,01205709,HD현대,267250,투자판단관련주요경영사항(자회사의 주요경영사항),20220114800615,HD현대,20220114,유
KOSPI,00161693,한샘,009240,최대주주등소유주식변동신고서,20220114800623,한샘,20220114,유
KOSPI,00129420,까뮤이앤씨,013700,최대주주등소유주식변동신고서,20220114800627,까뮤이앤씨,20220114,유
KOSPI,00365387,AJ네트웍스,095570,감자결정(종속회사의주요경영사항),20220114800628,AJ네트웍스,20220114,유
KOSPI,00191472,KPX케미칼,025000,최대주주변경,20220114800675,KPX케미칼,20220114,유
KOSPI,00113526,대한항공,003490,증권신고서(채무증권),20220114000596,대한항공,20220117,정
KOSPI,00105855,엘에스일렉트릭,010120,[첨부추가]증권신고서(채무증권),20220114000597,엘에스일렉트릭,20220117,정
KOSPI,00360595,현대글로비스,086280,임원ㆍ주요주주특정증권등소유상황보고서,20220117000034,국민연금공단,20220117,
KOSPI,00203315,콘텐트리중앙,036420,임원ㆍ주요주주특정증권등소유상황보고서,20220117000035,국민연금공단,20220117,
KOSPI,00113207,대한전선,001440,임원ㆍ주요주주특정증권등소유상황보고서,20220117000036,이기원,20220117,
KOSPI,00113207,대한전선,001440,임원ㆍ주요주주특정증권등소유상황보고서,20220117000037,이찬열,20220117,
KOSPI,00760971,크래프톤,259960,임원ㆍ주요주주특정증권등소유상황보고서,20220117000038,배동근,20220117,
KOSPI,00164478,현대건설,000720,임원ㆍ주요주주특정증권등소유상황보고서,20220117000039,국민연금공단,20220117,
KOSPI,00113207,대한전선,001440,임원ㆍ주요주주특정증권등소유상황보고서,20220117000040,김영택,20220117,
KOSPI,00130684,서울도시가스,017390,주식등의대량보유상황보고서(일반),20220117000041,김영민,20220117,
KOSPI,00137997,현대차증권,001500,증권발행실적보고서,20220117000042,현대차증권,20220117,
KOSPI,00113207,대한전선,001440,임원ㆍ주요주주특정증권등소유상황보고서,20220117000043,백승호,20220117,
KOSPI,00130684,서울도시가스,017390,임원ㆍ주요주주특정증권등소유상황보고서,20220117000044,신영호,20220117,
KOSPI,00113207,대한전선,001440,임원ㆍ주요주주특정증권등소유상황보고서,20220117000046,임익순,20220117,
KOSPI,00115694,DB증권,016610,증권발행실적보고서,20220117000050,DB증권,20220117,
KOSPI,00190321,케이티,030200,주식등의대량보유상황보고서(약식),20220117000051,신한은행,20220117,
KOSPI,00203315,콘텐트리중앙,036420,임원ㆍ주요주주특정증권등소유상황보고서,20220117000052,국민연금공단,20220117,
KOSPI,00104856,삼성증권,016360,증권발행실적보고서,20220117000055,삼성증권,20220117,
KOSPI,00155276,포스코퓨처엠,003670,임원ㆍ주요주주특정증권등소유상황보고서,20220117000056,김주현,20220117,
KOSPI,00413046,셀트리온,068270,임원ㆍ주요주주특정증권등소유상황보고서,20220117000062,기우성,20220117,
KOSPI,00111722,미래에셋증권,006800,증권발행실적보고서,20220117000064,미래에셋증권,20220117,
KOSPI,00148610,한화투자증권,003530,증권발행실적보고서,20220117000070,한화투자증권,20220117,
KOSPI,00148610,한화투자증권,003530,증권발행실적보고서,20220117000074,한화투자증권,20220117,
KOSPI,00111722,미래에셋증권,006800,증권발행실적보고서,20220117000075,미래에셋증권,20220117,
KOSPI,00111722,미래에셋증권,006800,증권발행실적보고서,20220117000079,미래에셋증권,20220117,
KOSPI,00111722,미래에셋증권,006800,증권발행실적보고서,20220117000084,미래에셋증권,20220117,
KOSPI,00111722,미래에셋증권,006800,증권발행실적보고서,20220117000087,미래에셋증권,20220117,
KOSPI,00353878,다스코,058730,주요사항보고서(자기주식취득신탁계약체결결정),20220117000091,다스코,20220117,
KOSPI,00110893,대신증권,003540,증권발행실적보고서,20220117000094,대신증권,20220117,
KOSPI,00120182,NH투자증권,005940,증권발행실적보고서,20220117000096,NH투자증권,20220117,
KOSPI,00120182,NH투자증권,005940,증권발행실적보고서,20220117000098,NH투자증권,20220117,
KOSPI,00156859,다올투자증권,030210,임원ㆍ주요주주특정증권등소유상황보고서,20220117000107,장정욱,20220117,
KOSPI,00111722,미래에셋증권,006800,증권발행실적보고서,20220117000108,미래에셋증권,20220117,
KOSPI,00706715,미원홀딩스,107590,임원ㆍ주요주주특정증권등소유상황보고서,20220117000109,신동호,20220117,
KOSPI,00115694,DB증권,016610,증권발행실적보고서,20220117000114,DB증권,20220117,
KOSPI,00104856,삼성증권,016360,증권발행실적보고서,20220117000128,삼성증권,20220117,
KOSPI,00248974,하나제약,293480,주식등의대량보유상황보고서(일반),20220117000132,조동훈,20220117,
KOSPI,00170558,코웨이,021240,증권신고서(채무증권),20220117000133,코웨이,20220117,정
KOSPI,00164636,HDC,012630,주식등의대량보유상황보고서(일반),20220117000141,정몽규,20220117,
KOSPI,00360595,현대글로비스,086280,특수관계인으로부터기타유가증권매수,20220117000144,현대글로비스,20220117,공
KOSPI,00120182,NH투자증권,005940,일괄신고추가서류(파생결합사채-주가연계파생결합사채),20220117000151,NH투자증권,20220117,
KOSPI,01310269,IPARK현대산업개발,294870,주식등의대량보유상황보고서(일반),20220117000152,HDC,20220117,
KOSPI,01310269,IPARK현대산업개발,294870,임원ㆍ주요주주특정증권등소유상황보고서,20220117000154,HDC,20220117,
KOSPI,00120182,NH투자증권,005940,투자설명서(일괄신고),20220117000155,NH투자증권,20220117,
KOSPI,00148993,하이트진로홀딩스,000140,증권신고서(채무증권),20220117000171,하이트진로홀딩스,20220117,정
KOSPI,00159786,유니드,014830,주식등의대량보유상황보고서(일반),20220117000174,유니드글로벌상사,20220117,
KOSPI,00226316,호전실업,111110,주식등의대량보유상황보고서(약식),20220117000179,포커스자산운용,20220117,
KOSPI,00108038,엔피씨,004250,임원ㆍ주요주주특정증권등소유상황보고서,20220117000192,박두식,20220117,
KOSPI,00159616,두산에너빌리티,034020,임원ㆍ주요주주특정증권등소유상황보고서,20220117000194,두산,20220117,
KOSPI,00113207,대한전선,001440,[기재정정]증권신고서(지분증권),20220117000201,대한전선,20220117,정
KOSPI,00190321,케이티,030200,증권신고서(채무증권),20220117000205,케이티,20220117,정
KOSPI,00983040,한진칼,180640,주식등의대량보유상황보고서(일반),20220117000206,조원태,20220117,
KOSPI,00136721,신영증권,001720,일괄신고추가서류(기타파생결합증권),20220117000207,신영증권,20220117,
KOSPI,00120571,롯데칠성음료,005300,주요사항보고서(자기주식처분결정),20220117000210,롯데칠성음료,20220117,
KOSPI,00159616,두산에너빌리티,034020,임원ㆍ주요주주특정증권등소유상황보고서,20220117000211,황현상,20220117,
KOSPI,00159616,두산에너빌리티,034020,임원ㆍ주요주주특정증권등소유상황보고서,20220117000214,김덕수,20220117,
KOSPI,00117212,두산,000150,[기재정정]증권신고서(채무증권),20220117000219,두산,20220117,정
KOSPI,00136721,신영증권,001720,투자설명서(일괄신고),20220117000221,신영증권,20220117,
KOSPI,00117212,두산,000150,[발행조건확정]증권신고서(채무증권),20220117000224,두산,20220117,정
KOSPI,00163512,한진,002320,[기재정정]증권신고서(채무증권),20220117000226,한진,20220117,정
KOSPI,00120571,롯데칠성음료,005300,특수관계인에대한주식의처분,20220117000227,롯데칠성음료,20220117,공
KOSPI,00163512,한진,002320,[발행조건확정]증권신고서(채무증권),20220117000228,한진,20220117,정
KOSPI,00120562,롯데지주,004990,특수관계인으로부터주식의취득,20220117000229,롯데지주,20220117,공정
KOSPI,00159616,두산에너빌리티,034020,임원ㆍ주요주주특정증권등소유상황보고서,20220117000230,박칠규,20220117,
KOSPI,00120562,롯데지주,004990,[기재정정]특수관계인으로부터주식의취득,20220117000231,롯데지주,20220117,공
KOSPI,00339391,한화시스템,272210,단일판매ㆍ공급계약체결,20220117800067,한화시스템,20220117,유정
KOSPI,01093007,LS에코에너지,229640,연결재무제표기준영업(잠정)실적(공정공시),20220117800133,LS에코에너지,20220117,유
KOSPI,00102140,케이아이이,009140,최대주주등소유주식변동신고서,20220117800210,케이아이이,20220117,유
KOSPI,00683469,일진전기,103590,단일판매ㆍ공급계약체결(자율공시),20220117800243,일진전기,20220117,유정
KOSPI,00126566,한화에어로스페이스,012450,기타경영사항(자율공시)(종속회사의주요경영사항),20220117800264,한화에어로스페이스,20220117,유
KOSPI,00127158,씨아이테크,004920,장래사업ㆍ경영계획(공정공시),20220117800274,씨아이테크,20220117,유
KOSPI,00164830,HD한국조선해양,009540,단일판매ㆍ공급계약체결(자회사의 주요경영사항),20220117800279,HD한국조선해양,20220117,유
KOSPI,00130684,서울도시가스,017390,최대주주등소유주식변동신고서,20220117800280,서울도시가스,20220117,유
KOSPI,01276594,신한알파리츠,293940,기타경영사항(자율공시),20220117800281,신한알파리츠,20220117,유
KOSPI,01205709,HD현대,267250,단일판매ㆍ공급계약체결(자회사의 주요경영사항),20220117800293,HD현대,20220117,유
KOSPI,00148948,조비,001550,단일판매ㆍ공급계약체결,20220117800294,조비,20220117,유
KOSPI,00760971,크래프톤,259960,최대주주등소유주식변동신고서,20220117800318,크래프톤,20220117,유
KOSPI,01032413,해성디에스,195870,연결재무제표기준영업(잠정)실적(공정공시),20220117800324,해성디에스,20220117,유
KOSPI,00356370,LG생활건강,051900,풍문또는보도에대한해명,20220117800327,LG생활건강,20220117,유
KOSPI,00190321,케이티,030200,타법인주식및출자증권취득결정,20220117800336,케이티,20220117,유
KOSPI,01032413,해성디에스,195870,매출액또는손익구조30%(대규모법인은15%)이상변경,20220117800341,해성디에스,20220117,유
KOSPI,00152880,코오롱글로벌,003070,단일판매ㆍ공급계약체결,20220117800360,코오롱글로벌,20220117,유정
KOSPI,00854997,에스디바이오센서,137310,단일판매ㆍ공급계약체결,20220117800376,에스디바이오센서,20220117,유정
KOSPI,00178754,동아지질,028100,[기재정정]단일판매ㆍ공급계약체결,20220117800382,동아지질,20220117,유정
KOSPI,00111704,한화오션,042660,단일판매ㆍ공급계약체결,20220117800383,한화오션,20220117,유정
KOSPI,00152862,코오롱,002020,단일판매ㆍ공급계약체결(자회사의 주요경영사항),20220117800387,코오롱,20220117,유정
KOSPI,01093007,LS에코에너지,229640,매출액또는손익구조30%(대규모법인은15%)이상변경,20220117800406,LS에코에너지,20220117,유
KOSPI,00356361,LG화학,051910,기업설명회(IR)개최(안내공시),20220117800430,LG화학,20220117,유정
KOSPI,00503668,LIG디펜스앤에어로스페이스,079550,단일판매ㆍ공급계약체결,20220117800450,LIG디펜스앤에어로스페이스,20220117,유
KOSPI,00248974,하나제약,293480,최대주주등소유주식변동신고서,20220117800462,하나제약,20220117,유
KOSPI,00105855,엘에스일렉트릭,010120,결산실적공시예고(안내공시),20220117800500,엘에스일렉트릭,20220117,유
KOSPI,00164636,HDC,012630,최대주주등소유주식변동신고서,20220117800539,HDC,20220117,유
KOSPI,01310269,IPARK현대산업개발,294870,최대주주등소유주식변동신고서,20220117800541,IPARK현대산업개발,20220117,유
KOSPI,01319899,SK바이오사이언스,302440,결산실적공시예고(안내공시),20220117800549,SK바이오사이언스,20220117,유
KOSPI,01319899,SK바이오사이언스,302440,기업설명회(IR)개최(안내공시),20220117800557,SK바이오사이언스,20220117,유
KOSPI,00122694,범양건영,002410,[기재정정]단일판매ㆍ공급계약체결(자율공시),20220117800580,범양건영,20220117,유정
KOSPI,00162063,한신공영,004960,[기재정정]타인에대한채무보증결정,20220117800588,한신공영,20220117,유
KOSPI,00113997,롯데에너지머티리얼즈,020150,기타경영사항(자율공시)(종속회사의주요경영사항),20220117800590,롯데에너지머티리얼즈,20220117,유정
KOSPI,00145437,아센디오,012170,전환가액ㆍ신주인수권행사가액ㆍ교환가액의조정(안내공시),20220117800612,아센디오,20220117,유
KOSPI,00258801,카카오,035720,풍문또는보도에대한해명(미확정),20220117800623,카카오,20220117,유
KOSPI,00108038,엔피씨,004250,최대주주등소유주식변동신고서,20220117800625,엔피씨,20220117,유
KOSPI,00128032,삼일제약,000520,최대주주등소유주식변동신고서,20220117800631,삼일제약,20220117,유
KOSPI,00106368,금호석유화학,011780,최대주주등소유주식변동신고서,20220117800661,금호석유화학,20220117,유
KOSPI,00115977,아이에스동서,010780,타법인주식및출자증권취득결정,20220117800671,아이에스동서,20220117,유
KOSPI,01524093,DL이앤씨,375500,소송등의판결ㆍ결정(자율공시:일정금액미만의청구),20220117800672,DL이앤씨,20220117,유
KOSPI,00115612,동부건설,005960,[기재정정]단일판매ㆍ공급계약체결,20220117800689,동부건설,20220117,유정
KOSPI,00143262,우진아이엔에스,010400,단일판매ㆍ공급계약체결,20220117800721,우진아이엔에스,20220117,유정
KOSPI,00356370,LG생활건강,051900,불성실공시법인지정예고,20220117800726,유가증권시장본부,20220117,유
KOSPI,00159616,두산에너빌리티,034020,임원ㆍ주요주주특정증권등소유상황보고서,20220117000237,신동규,20220118,
KOSPI,00120182,NH투자증권,005940,증권발행실적보고서,20220118000007,NH투자증권,20220118,
KOSPI,00190321,케이티,030200,주식등의대량보유상황보고서(일반),20220118000009,"NTTDoCoMo,Inc.",20220118,
KOSPI,00120182,NH투자증권,005940,증권발행실적보고서,20220118000011,NH투자증권,20220118,
KOSPI,00198697,일진디스플,020760,[기재정정]주요사항보고서(유상증자결정),20220118000013,일진디스플,20220118,정
KOSPI,00113207,대한전선,001440,임원ㆍ주요주주특정증권등소유상황보고서,20220118000015,하성호,20220118,
KOSPI,00198697,일진디스플,020760,[발행조건확정]증권신고서(지분증권),20220118000016,일진디스플,20220118,정
KOSPI,00113207,대한전선,001440,임원ㆍ주요주주특정증권등소유상황보고서,20220118000017,남정세,20220118,
KOSPI,00137997,현대차증권,001500,일괄신고추가서류(파생결합사채-주가연계파생결합사채),20220118000018,현대차증권,20220118,
KOSPI,00198697,일진디스플,020760,[기재정정]투자설명서,20220118000019,일진디스플,20220118,정
KOSPI,00113207,대한전선,001440,임원ㆍ주요주주특정증권등소유상황보고서,20220118000020,이춘원,20220118,
KOSPI,00113207,대한전선,001440,임원ㆍ주요주주특정증권등소유상황보고서,20220118000023,김현주,20220118,
KOSPI,00120182,NH투자증권,005940,증권발행실적보고서,20220118000024,NH투자증권,20220118,
KOSPI,00155276,포스코퓨처엠,003670,임원ㆍ주요주주특정증권등소유상황보고서,20220118000026,정석조,20220118,
KOSPI,00104856,삼성증권,016360,일괄신고추가서류(파생결합사채-주가연계파생결합사채),20220118000034,삼성증권,20220118,
KOSPI,00296290,키움증권,039490,일괄신고추가서류(파생결합증권-주가연계증권),20220118000038,키움증권,20220118,
KOSPI,00104856,삼성증권,016360,투자설명서(일괄신고),20220118000041,삼성증권,20220118,
KOSPI,00296290,키움증권,039490,투자설명서(일괄신고),20220118000042,키움증권,20220118,
KOSPI,00113207,대한전선,001440,임원ㆍ주요주주특정증권등소유상황보고서,20220118000044,김윤수,20220118,
KOSPI,00113207,대한전선,001440,임원ㆍ주요주주특정증권등소유상황보고서,20220118000049,나형균,20220118,
KOSPI,00118044,동원수산,030720,주식등의대량보유상황보고서(일반),20220118000065,왕기철,20220118,
KOSPI,00137997,현대차증권,001500,투자설명서(일괄신고),20220118000075,현대차증권,20220118,
KOSPI,00119672,두올,016740,주식등의대량보유상황보고서(약식),20220118000097,한국투자신탁운용,20220118,
KOSPI,00117601,유안타증권,003470,일괄신고추가서류(기타파생결합사채),20220118000098,유안타증권,20220118,
KOSPI,00117601,유안타증권,003470,투자설명서(일괄신고),20220118000101,유안타증권,20220118,
KOSPI,00111722,미래에셋증권,006800,증권발행실적보고서,20220118000121,미래에셋증권,20220118,
KOSPI,00111722,미래에셋증권,006800,증권발행실적보고서,20220118000127,미래에셋증권,20220118,
KOSPI,00117601,유안타증권,003470,증권발행실적보고서,20220118000129,유안타증권,20220118,
KOSPI,00111722,미래에셋증권,006800,일괄신고추가서류(파생결합증권-주가연계증권),20220118000148,미래에셋증권,20220118,
KOSPI,01478712,대덕전자,353200,임원ㆍ주요주주특정증권등소유상황보고서,20220118000153,김동희,20220118,
KOSPI,00102140,케이아이이,009140,주식등의대량보유상황보고서(일반),20220118000161,김효조,20220118,
KOSPI,00113207,대한전선,001440,임원ㆍ주요주주특정증권등소유상황보고서,20220118000173,곽대식,20220118,
KOSPI,00161426,한미사이언스,008930,임원ㆍ주요주주특정증권등소유상황보고서,20220118000174,임주현,20220118,
KOSPI,00161426,한미사이언스,008930,주식등의대량보유상황보고서(일반),20220118000175,송영숙,20220118,
KOSPI,00104856,삼성증권,016360,증권발행실적보고서,20220118000180,삼성증권,20220118,
KOSPI,00104856,삼성증권,016360,증권발행실적보고서,20220118000184,삼성증권,20220118,
KOSPI,00104856,삼성증권,016360,증권발행실적보고서,20220118000185,삼성증권,20220118,
KOSPI,00113359,교보증권,030610,일괄신고추가서류(파생결합증권-주가연계증권),20220118000198,교보증권,20220118,
KOSPI,00136721,신영증권,001720,증권발행실적보고서,20220118000200,신영증권,20220118,
KOSPI,00136721,신영증권,001720,증권발행실적보고서,20220118000206,신영증권,20220118,
KOSPI,00113359,교보증권,030610,투자설명서(일괄신고),20220118000210,교보증권,20220118,
KOSPI,00113207,대한전선,001440,주식등의대량보유상황보고서(일반),20220118000218,호반산업,20220118,
KOSPI,00120571,롯데칠성음료,005300,주식등의대량보유상황보고서(일반),20220118000227,롯데지주,20220118,
KOSPI,00165413,롯데케미칼,011170,주식등의대량보유상황보고서(일반),20220118000228,롯데물산,20220118,
KOSPI,00365387,AJ네트웍스,095570,[기재정정]주요사항보고서(회사분할결정),20220118000236,AJ네트웍스,20220118,정
KOSPI,00113359,교보증권,030610,일괄신고추가서류(파생결합증권-주가연계증권),20220118000239,교보증권,20220118,
KOSPI,00113359,교보증권,030610,투자설명서(일괄신고),20220118000244,교보증권,20220118,
KOSPI,00122472,PKC,001340,주식등의대량보유상황보고서(일반),20220118000248,상원아이엠엘,20220118,
KOSPI,00136721,신영증권,001720,일괄신고추가서류(파생결합증권-주가연계증권),20220118000257,신영증권,20220118,
KOSPI,00148920,조광페인트,004910,주요사항보고서(전환사채권발행결정),20220118000259,조광페인트,20220118,정
KOSPI,00111722,미래에셋증권,006800,투자설명서(일괄신고),20220118000272,미래에셋증권,20220118,
KOSPI,00136721,신영증권,001720,투자설명서(일괄신고),20220118000273,신영증권,20220118,
KOSPI,00117601,유안타증권,003470,일괄신고추가서류(파생결합증권-주가연계증권),20220118000282,유안타증권,20220118,
KOSPI,00148920,조광페인트,004910,주요사항보고서(교환사채권발행결정),20220118000283,조광페인트,20220118,정
KOSPI,00136721,신영증권,001720,일괄신고추가서류(파생결합사채-주가연계파생결합사채),20220118000285,신영증권,20220118,
KOSPI,00136721,신영증권,001720,일괄신고추가서류(기타파생결합사채),20220118000289,신영증권,20220118,
KOSPI,00117601,유안타증권,003470,투자설명서(일괄신고),20220118000297,유안타증권,20220118,
KOSPI,00111722,미래에셋증권,006800,증권발행실적보고서,20220118000300,미래에셋증권,20220118,
KOSPI,00156859,다올투자증권,030210,신탁계약에의한취득상황보고서,20220118000306,다올투자증권,20220118,
KOSPI,01258507,롯데웰푸드,280360,주식등의대량보유상황보고서(일반),20220118000309,롯데알미늄,20220118,
KOSPI,00117601,유안타증권,003470,일괄신고추가서류(파생결합증권-주가연계증권),20220118000312,유안타증권,20220118,
KOSPI,00136721,신영증권,001720,일괄신고추가서류(파생결합증권-주가연계증권),20220118000314,신영증권,20220118,
KOSPI,00117601,유안타증권,003470,투자설명서(일괄신고),20220118000317,유안타증권,20220118,
KOSPI,00113359,교보증권,030610,일괄신고추가서류(파생결합증권-주가연계증권),20220118000322,교보증권,20220118,
KOSPI,00113359,교보증권,030610,투자설명서(일괄신고),20220118000324,교보증권,20220118,
KOSPI,00146214,일성아이에스,003120,임원ㆍ주요주주특정증권등소유상황보고서,20220118000326,윤덕근,20220118,
KOSPI,00156150,엑시큐어하이트론,019490,[기재정정]의결권대리행사권유참고서류,20220118000335,엑시큐어하이트론,20220118,
KOSPI,00111722,미래에셋증권,006800,특수관계인에대한자금대여,20220118000336,미래에셋증권,20220118,공
KOSPI,00111722,미래에셋증권,006800,특수관계인과의수익증권거래,20220118000337,미래에셋증권,20220118,공
KOSPI,00120526,롯데쇼핑,023530,주식등의대량보유상황보고서(일반),20220118000338,신동빈,20220118,
KOSPI,00136721,신영증권,001720,투자설명서(일괄신고),20220118000340,신영증권,20220118,
KOSPI,00136721,신영증권,001720,투자설명서(일괄신고),20220118000342,신영증권,20220118,
KOSPI,00136721,신영증권,001720,투자설명서(일괄신고),20220118000345,신영증권,20220118,
KOSPI,00136721,신영증권,001720,증권발행실적보고서,20220118000348,신영증권,20220118,
KOSPI,00117601,유안타증권,003470,일괄신고추가서류(파생결합증권-주가연계증권),20220118000351,유안타증권,20220118,
KOSPI,00120182,NH투자증권,005940,일괄신고추가서류(파생결합증권-주가연계증권),20220118000355,NH투자증권,20220118,
KOSPI,00109754,대림바스,005750,주식등의대량보유상황보고서(일반),20220118000359,이해영,20220118,
KOSPI,00159616,두산에너빌리티,034020,임원ㆍ주요주주특정증권등소유상황보고서,20220118000362,김재이,20220118,
KOSPI,00113359,교보증권,030610,일괄신고추가서류(파생결합증권-주가연계증권),20220118000368,교보증권,20220118,
KOSPI,00120182,NH투자증권,005940,투자설명서(일괄신고),20220118000369,NH투자증권,20220118,
KOSPI,00121941,대상,001680,증권신고서(채무증권),20220118000370,대상,20220118,정
KOSPI,00120076,LX인터내셔널,001120,증권신고서(채무증권),20220118000371,LX인터내셔널,20220118,정
KOSPI,00113359,교보증권,030610,투자설명서(일괄신고),20220118000372,교보증권,20220118,
KOSPI,00120562,롯데지주,004990,증권신고서(채무증권),20220118000373,롯데지주,20220118,철
KOSPI,00159616,두산에너빌리티,034020,임원ㆍ주요주주특정증권등소유상황보고서,20220118000375,이동수,20220118,
KOSPI,00302926,현대로템,064350,[발행조건확정]증권신고서(채무증권),20220118000377,현대로템,20220118,
KOSPI,00162461,한화솔루션,009830,[기재정정]증권신고서(채무증권),20220118000379,한화솔루션,20220118,정
KOSPI,00117601,유안타증권,003470,투자설명서(일괄신고),20220118000383,유안타증권,20220118,
KOSPI,00162461,한화솔루션,009830,[발행조건확정]증권신고서(채무증권),20220118000384,한화솔루션,20220118,정
KOSPI,00159616,두산에너빌리티,034020,임원ㆍ주요주주특정증권등소유상황보고서,20220118000388,장록재,20220118,
KOSPI,00120562,롯데지주,004990,풍문또는보도에대한해명(미확정),20220118800028,롯데지주,20220118,유
KOSPI,00855163,미원화학,134380,최대주주등소유주식변동신고서,20220118800061,미원화학,20220118,유
KOSPI,00121932,미원상사,002840,최대주주등소유주식변동신고서,20220118800077,미원상사,20220118,유정
KOSPI,01325979,세아제강,306200,최대주주등소유주식변동신고서,20220118800088,세아제강,20220118,유
KOSPI,00198697,일진디스플,020760,유상증자신주발행가액(안내공시),20220118800092,일진디스플,20220118,유
KOSPI,00178754,동아지질,028100,[기재정정]단일판매ㆍ공급계약체결,20220118800121,동아지질,20220118,유정
KOSPI,00137359,신풍제약,019170,투자판단관련주요경영사항(COVID-19 치료제 피라맥스정의 임상 3상 시험계획 영국 승인 신청),20220118800123,신풍제약,20220118,유정
KOSPI,00105873,LG디스플레이,034220,결산실적공시예고(안내공시),20220118800139,LG디스플레이,20220118,유
KOSPI,00145880,현대제철,004020,기업설명회(IR)개최(안내공시),20220118800140,현대제철,20220118,유
KOSPI,00145880,현대제철,004020,기업설명회(IR)개최(안내공시),20220118800141,현대제철,20220118,유
KOSPI,00126292,삼성카드,029780,기업설명회(IR)개최(안내공시),20220118800148,삼성카드,20220118,유
KOSPI,00129387,SP삼화,000390,결산실적공시예고(안내공시),20220118800163,SP삼화,20220118,유
KOSPI,00109806,삼일씨엔에스,004440,[기재정정]단일판매ㆍ공급계약체결,20220118800205,삼일씨엔에스,20220118,유정
KOSPI,00102140,케이아이이,009140,최대주주등소유주식변동신고서,20220118800216,케이아이이,20220118,유
KOSPI,00136271,신성이엔지,011930,투자판단관련주요경영사항(고효율 태양광 모듈 관련 특허 취득),20220118800220,신성이엔지,20220118,유
KOSPI,00162586,한올바이오파마,009420,영업(잠정)실적(공정공시),20220118800226,한올바이오파마,20220118,유
KOSPI,00161426,한미사이언스,008930,최대주주등소유주식변동신고서,20220118800232,한미사이언스,20220118,유
KOSPI,00164742,현대자동차,005380,기업설명회(IR)개최(안내공시),20220118800236,현대자동차,20220118,유
KOSPI,00162586,한올바이오파마,009420,매출액또는손익구조30%(대규모법인은15%)이상변경,20220118800241,한올바이오파마,20220118,유
KOSPI,00107987,남해화학,025860,단일판매ㆍ공급계약체결,20220118800248,남해화학,20220118,유정
KOSPI,00136721,신영증권,001720,최대주주등소유주식변동신고서,20220118800255,신영증권,20220118,유
KOSPI,00877059,삼성바이오로직스,207940,결산실적공시예고(안내공시),20220118800257,삼성바이오로직스,20220118,유
KOSPI,00365387,AJ네트웍스,095570,타인에대한채무보증결정,20220118800282,AJ네트웍스,20220118,유
KOSPI,00365387,AJ네트웍스,095570,타법인주식및출자증권처분결정,20220118800284,AJ네트웍스,20220118,유
KOSPI,00365387,AJ네트웍스,095570,현금ㆍ현물배당결정,20220118800286,AJ네트웍스,20220118,유
KOSPI,01258507,롯데웰푸드,280360,최대주주등소유주식변동신고서,20220118800310,롯데웰푸드,20220118,유
KOSPI,00122472,PKC,001340,최대주주등소유주식변동신고서,20220118800380,PKC,20220118,유
KOSPI,00296290,키움증권,039490,최대주주등소유주식변동신고서,20220118800383,키움증권,20220118,유
KOSPI,00108746,DKME,015590,매출액또는손익구조30%(대규모법인은15%)이상변경,20220118800417,DKME,20220118,유정
KOSPI,00128032,삼일제약,000520,최대주주등소유주식변동신고서,20220118800424,삼일제약,20220118,유
KOSPI,00956930,동아에스티,170900,투자판단관련주요경영사항,20220118800430,동아에스티,20220118,유
KOSPI,00116824,동아쏘시오홀딩스,000640,투자판단관련주요경영사항(자회사의 주요경영사항),20220118800453,동아쏘시오홀딩스,20220118,유
KOSPI,00116949,DN오토모티브,007340,타법인주식및출자증권취득결정,20220118800456,DN오토모티브,20220118,유
KOSPI,00116949,DN오토모티브,007340,투자판단관련주요경영사항,20220118800462,DN오토모티브,20220118,유
KOSPI,00116949,DN오토모티브,007340,유상증자결정(종속회사의주요경영사항),20220118800464,DN오토모티브,20220118,유
KOSPI,00113207,대한전선,001440,최대주주등소유주식변동신고서,20220118800471,대한전선,20220118,유
KOSPI,01430475,코람코라이프인프라리츠,357120,부동산투자회사부동산개발사업투자ㆍ운용,20220118800488,코람코라이프인프라리츠,20220118,유정
KOSPI,00390055,종근당바이오,063160,투자판단관련주요경영사항,20220118800499,종근당바이오,20220118,유
KOSPI,00149354,종근당홀딩스,001630,투자판단관련주요경영사항(자회사의 주요경영사항),20220118800502,종근당홀딩스,20220118,유
KOSPI,00109806,삼일씨엔에스,004440,[기재정정]단일판매ㆍ공급계약체결,20220118800511,삼일씨엔에스,20220118,유정
KOSPI,01430475,코람코라이프인프라리츠,357120,주주총회소집결의,20220118800512,코람코라이프인프라리츠,20220118,유
KOSPI,01430475,코람코라이프인프라리츠,357120,부동산투자회사금전배당결정,20220118800513,코람코라이프인프라리츠,20220118,유
KOSPI,00148920,조광페인트,004910,자기주식처분결정,20220118800521,조광페인트,20220118,유
KOSPI,00148920,조광페인트,004910,주요사항보고서(자기주식처분결정),20220118000390,조광페인트,20220119,정
KOSPI,00302926,현대로템,064350,투자설명서,20220119000007,현대로템,20220119,
KOSPI,00104856,삼성증권,016360,일괄신고추가서류(파생결합증권-주가연계증권),20220119000039,삼성증권,20220119,
KOSPI,00111722,미래에셋증권,006800,일괄신고추가서류(파생결합증권-주가연계증권),20220119000040,미래에셋증권,20220119,
KOSPI,00104856,삼성증권,016360,투자설명서(일괄신고),20220119000041,삼성증권,20220119,
KOSPI,00113359,교보증권,030610,증권발행실적보고서,20220119000048,교보증권,20220119,
KOSPI,00104856,삼성증권,016360,일괄신고추가서류(파생결합증권-주가연계증권),20220119000049,삼성증권,20220119,
KOSPI,00137997,현대차증권,001500,일괄신고추가서류(파생결합증권-주가연계증권),20220119000050,현대차증권,20220119,
KOSPI,00110893,대신증권,003540,일괄신고추가서류(파생결합증권-주가연계증권),20220119000051,대신증권,20220119,
KOSPI,00137997,현대차증권,001500,일괄신고추가서류(파생결합사채-주가연계파생결합사채),20220119000052,현대차증권,20220119,
KOSPI,00120182,NH투자증권,005940,일괄신고추가서류(파생결합증권-주가연계증권),20220119000053,NH투자증권,20220119,
KOSPI,00120182,NH투자증권,005940,일괄신고추가서류(파생결합사채-주가연계파생결합사채),20220119000056,NH투자증권,20220119,
KOSPI,00120182,NH투자증권,005940,투자설명서(일괄신고),20220119000059,NH투자증권,20220119,
KOSPI,00104856,삼성증권,016360,투자설명서(일괄신고),20220119000061,삼성증권,20220119,
KOSPI,00137809,SHD,001770,주식등의대량보유상황보고서(약식),20220119000063,승일,20220119,
KOSPI,00120182,NH투자증권,005940,일괄신고추가서류(파생결합사채-주가연계파생결합사채),20220119000067,NH투자증권,20220119,
KOSPI,00137997,현대차증권,001500,일괄신고추가서류(파생결합증권-주가연계증권),20220119000068,현대차증권,20220119,
KOSPI,00117230,TYM,002900,신탁계약에의한취득상황보고서,20220119000069,TYM,20220119,
KOSPI,00137997,현대차증권,001500,투자설명서(일괄신고),20220119000070,현대차증권,20220119,
KOSPI,00350312,HDC랩스,039570,주요사항보고서(자기주식취득결정),20220119000086,HDC랩스,20220119,
KOSPI,00120182,NH투자증권,005940,투자설명서(일괄신고),20220119000088,NH투자증권,20220119,
KOSPI,00631518,SK이노베이션,096770,임원ㆍ주요주주특정증권등소유상황보고서,20220119000093,임수길,20220119,
KOSPI,00120182,NH투자증권,005940,투자설명서(일괄신고),20220119000095,NH투자증권,20220119,
KOSPI,00110893,대신증권,003540,투자설명서(일괄신고),20220119000100,대신증권,20220119,
KOSPI,00110893,대신증권,003540,일괄신고추가서류(파생결합증권-주가연계증권),20220119000105,대신증권,20220119,
KOSPI,00120182,NH투자증권,005940,증권발행실적보고서,20220119000110,NH투자증권,20220119,
KOSPI,00110893,대신증권,003540,투자설명서(일괄신고),20220119000113,대신증권,20220119,
KOSPI,00120182,NH투자증권,005940,증권발행실적보고서,20220119000115,NH투자증권,20220119,
KOSPI,00137997,현대차증권,001500,투자설명서(일괄신고),20220119000132,현대차증권,20220119,
KOSPI,00110893,대신증권,003540,일괄신고추가서류(파생결합사채-주가연계파생결합사채),20220119000136,대신증권,20220119,
KOSPI,00120182,NH투자증권,005940,일괄신고추가서류(파생결합증권-주가연계증권),20220119000142,NH투자증권,20220119,
KOSPI,00115694,DB증권,016610,일괄신고추가서류(기타파생결합사채),20220119000143,DB증권,20220119,
KOSPI,00104856,삼성증권,016360,일괄신고추가서류(파생결합증권-주가연계증권),20220119000145,삼성증권,20220119,
KOSPI,00120182,NH투자증권,005940,투자설명서(일괄신고),20220119000147,NH투자증권,20220119,
KOSPI,00137997,현대차증권,001500,투자설명서(일괄신고),20220119000149,현대차증권,20220119,
KOSPI,00104856,삼성증권,016360,증권발행실적보고서,20220119000150,삼성증권,20220119,
KOSPI,00104856,삼성증권,016360,증권발행실적보고서,20220119000152,삼성증권,20220119,
KOSPI,00110893,대신증권,003540,투자설명서(일괄신고),20220119000155,대신증권,20220119,
KOSPI,00104856,삼성증권,016360,투자설명서(일괄신고),20220119000156,삼성증권,20220119,
KOSPI,00111722,미래에셋증권,006800,일괄신고추가서류(파생결합증권-주가연계증권),20220119000157,미래에셋증권,20220119,
KOSPI,00161046,한독,002390,주식등의대량보유상황보고서(일반),20220119000181,김영진,20220119,
KOSPI,00111722,미래에셋증권,006800,증권발행실적보고서,20220119000182,미래에셋증권,20220119,
KOSPI,00111722,미래에셋증권,006800,증권발행실적보고서,20220119000183,미래에셋증권,20220119,
KOSPI,00136721,신영증권,001720,일괄신고추가서류(파생결합증권-주가연계증권),20220119000193,신영증권,20220119,
KOSPI,00149646,기업은행,024110,임원ㆍ주요주주특정증권등소유상황보고서,20220119000194,감성한,20220119,
KOSPI,00131054,유진증권,001200,일괄신고추가서류(파생결합증권-주가연계증권),20220119000195,유진증권,20220119,
KOSPI,00111722,미래에셋증권,006800,투자설명서(일괄신고),20220119000197,미래에셋증권,20220119,
KOSPI,00111722,미래에셋증권,006800,투자설명서(일괄신고),20220119000201,미래에셋증권,20220119,
KOSPI,00149646,기업은행,024110,임원ㆍ주요주주특정증권등소유상황보고서,20220119000202,서치길,20220119,
KOSPI,00149646,기업은행,024110,임원ㆍ주요주주특정증권등소유상황보고서,20220119000208,김재홍,20220119,
KOSPI,00131054,유진증권,001200,투자설명서(일괄신고),20220119000210,유진증권,20220119,
KOSPI,00149646,기업은행,024110,임원ㆍ주요주주특정증권등소유상황보고서,20220119000212,임문택,20220119,
KOSPI,00302926,현대로템,064350,증권발행실적보고서,20220119000214,현대로템,20220119,
KOSPI,00149646,기업은행,024110,임원ㆍ주요주주특정증권등소유상황보고서,20220119000215,최광진,20220119,
KOSPI,00120182,NH투자증권,005940,일괄신고추가서류(파생결합증권-주가연계증권),20220119000216,NH투자증권,20220119,
KOSPI,00136721,신영증권,001720,투자설명서(일괄신고),20220119000218,신영증권,20220119,
KOSPI,00149646,기업은행,024110,임원ㆍ주요주주특정증권등소유상황보고서,20220119000221,권용대,20220119,
KOSPI,00159616,두산에너빌리티,034020,임원ㆍ주요주주특정증권등소유상황보고서,20220119000222,허남열,20220119,
KOSPI,00120182,NH투자증권,005940,투자설명서(일괄신고),20220119000223,NH투자증권,20220119,
KOSPI,00115694,DB증권,016610,투자설명서(일괄신고),20220119000226,DB증권,20220119,
KOSPI,00191472,KPX케미칼,025000,임원ㆍ주요주주특정증권등소유상황보고서,20220119000229,KPX홀딩스,20220119,
KOSPI,00104856,삼성증권,016360,일괄신고추가서류(파생결합증권-주가연계증권),20220119000230,삼성증권,20220119,
KOSPI,00258801,카카오,035720,임원ㆍ주요주주특정증권등소유상황보고서,20220119000232,김택수,20220119,
KOSPI,00111722,미래에셋증권,006800,일괄신고추가서류(파생결합사채-주가연계파생결합사채),20220119000234,미래에셋증권,20220119,
KOSPI,00104856,삼성증권,016360,투자설명서(일괄신고),20220119000239,삼성증권,20220119,
KOSPI,00382199,신한지주,055550,[기재정정]주요사항보고서(상각형조건부자본증권발행결정),20220119000243,신한지주,20220119,
KOSPI,00120182,NH투자증권,005940,일괄신고추가서류(파생결합증권-주가연계증권),20220119000245,NH투자증권,20220119,
KOSPI,00115694,DB증권,016610,일괄신고추가서류(파생결합사채-주가연계파생결합사채),20220119000248,DB증권,20220119,
KOSPI,00148610,한화투자증권,003530,일괄신고추가서류(파생결합증권-주가연계증권),20220119000249,한화투자증권,20220119,
KOSPI,00113359,교보증권,030610,일괄신고추가서류(파생결합증권-주가연계증권),20220119000250,교보증권,20220119,
KOSPI,00148610,한화투자증권,003530,투자설명서(일괄신고),20220119000251,한화투자증권,20220119,
KOSPI,00161860,한성기업,003680,주식등의대량보유상황보고서(일반),20220119000260,임우근,20220119,
KOSPI,00111722,미래에셋증권,006800,일괄신고추가서류(파생결합증권-주가연계증권),20220119000262,미래에셋증권,20220119,
KOSPI,00120182,NH투자증권,005940,투자설명서(일괄신고),20220119000263,NH투자증권,20220119,
KOSPI,00104856,삼성증권,016360,일괄신고추가서류(파생결합증권-주가연계증권),20220119000266,삼성증권,20220119,
KOSPI,00115694,DB증권,016610,투자설명서(일괄신고),20220119000268,DB증권,20220119,
KOSPI,00111722,미래에셋증권,006800,일괄신고추가서류(기타파생결합사채),20220119000270,미래에셋증권,20220119,
KOSPI,00111722,미래에셋증권,006800,투자설명서(일괄신고),20220119000275,미래에셋증권,20220119,
KOSPI,00113207,대한전선,001440,[기재정정]증권신고서(지분증권),20220119000278,대한전선,20220119,정
KOSPI,00104856,삼성증권,016360,투자설명서(일괄신고),20220119000280,삼성증권,20220119,
KOSPI,00117601,유안타증권,003470,증권발행실적보고서,20220119000282,유안타증권,20220119,
KOSPI,00191472,KPX케미칼,025000,주식등의대량보유상황보고서(일반),20220119000283,KPX홀딩스,20220119,
KOSPI,00148610,한화투자증권,003530,일괄신고추가서류(파생결합증권-주가연계증권),20220119000287,한화투자증권,20220119,
KOSPI,00111722,미래에셋증권,006800,일괄신고추가서류(파생결합증권-주가연계증권),20220119000289,미래에셋증권,20220119,
KOSPI,00148610,한화투자증권,003530,투자설명서(일괄신고),20220119000290,한화투자증권,20220119,
KOSPI,00104856,삼성증권,016360,일괄신고추가서류(파생결합증권-주가연계증권),20220119000291,삼성증권,20220119,
KOSPI,00111722,미래에셋증권,006800,투자설명서(일괄신고),20220119000293,미래에셋증권,20220119,
KOSPI,00117027,알루코,001780,임원ㆍ주요주주특정증권등소유상황보고서,20220119000294,박세라,20220119,
KOSPI,00159616,두산에너빌리티,034020,임원ㆍ주요주주특정증권등소유상황보고서,20220119000297,이정원,20220119,
KOSPI,00117212,두산,000150,특수관계인에대한출자,20220119000298,두산,20220119,공
KOSPI,00104856,삼성증권,016360,투자설명서(일괄신고),20220119000299,삼성증권,20220119,
KOSPI,00117027,알루코,001780,임원ㆍ주요주주특정증권등소유상황보고서,20220119000300,박진우,20220119,
KOSPI,00104856,삼성증권,016360,일괄신고추가서류(파생결합증권-주가연계증권),20220119000303,삼성증권,20220119,
KOSPI,00111722,미래에셋증권,006800,투자설명서(일괄신고),20220119000305,미래에셋증권,20220119,
KOSPI,00113359,교보증권,030610,투자설명서(일괄신고),20220119000306,교보증권,20220119,
KOSPI,00113359,교보증권,030610,일괄신고추가서류(파생결합증권-주가연계증권),20220119000311,교보증권,20220119,
KOSPI,00104856,삼성증권,016360,일괄신고추가서류(파생결합증권-주가연계증권),20220119000315,삼성증권,20220119,
KOSPI,00122737,팬오션,028670,임원ㆍ주요주주특정증권등소유상황보고서,20220119000316,하림지주,20220119,
KOSPI,00113359,교보증권,030610,투자설명서(일괄신고),20220119000317,교보증권,20220119,
KOSPI,00104856,삼성증권,016360,투자설명서(일괄신고),20220119000319,삼성증권,20220119,
KOSPI,00382199,신한지주,055550,[기재정정]증권신고서(채무증권),20220119000321,신한지주,20220119,정
KOSPI,00117027,알루코,001780,임원ㆍ주요주주특정증권등소유상황보고서,20220119000325,알루텍,20220119,
KOSPI,00136721,신영증권,001720,일괄신고추가서류(파생결합증권-주가연계증권),20220119000332,신영증권,20220119,
KOSPI,00382199,신한지주,055550,[발행조건확정]증권신고서(채무증권),20220119000333,신한지주,20220119,
KOSPI,00117601,유안타증권,003470,일괄신고추가서류(파생결합증권-주가연계증권),20220119000335,유안타증권,20220119,
KOSPI,00136721,신영증권,001720,투자설명서(일괄신고),20220119000341,신영증권,20220119,
KOSPI,00469799,이엔플러스,074610,[기재정정]주요사항보고서(유상증자결정),20220119000342,이엔플러스,20220119,정
KOSPI,00469799,이엔플러스,074610,[기재정정]주요사항보고서(유상증자결정),20220119000348,이엔플러스,20220119,정
KOSPI,00117601,유안타증권,003470,투자설명서(일괄신고),20220119000353,유안타증권,20220119,
KOSPI,00104856,삼성증권,016360,투자설명서(일괄신고),20220119000356,삼성증권,20220119,
KOSPI,00159616,두산에너빌리티,034020,특수관계인의유상증자참여,20220119000357,두산에너빌리티,20220119,공
KOSPI,00106395,금호전기,001210,임원ㆍ주요주주특정증권등소유상황보고서,20220119000362,김영달,20220119,
KOSPI,00104856,삼성증권,016360,일괄신고추가서류(파생결합증권-주가연계증권),20220119000364,삼성증권,20220119,
KOSPI,00111722,미래에셋증권,006800,투자설명서(일괄신고),20220119000365,미래에셋증권,20220119,
KOSPI,01180118,코람코더원리츠,417310,증권신고서(집합투자증권-회사형)(㈜코람코더원위탁관리부동산투자회사),20220119000372,코람코더원리츠,20220119,정
KOSPI,00117212,두산,000150,[기재정정]증권신고서(채무증권),20220119000373,두산,20220119,정
KOSPI,00121969,에쓰씨엔지니어링,023960,[첨부정정]주요사항보고서(타법인주식및출자증권양도결정),20220119000375,에쓰씨엔지니어링,20220119,정
KOSPI,00104856,삼성증권,016360,투자설명서(일괄신고),20220119000377,삼성증권,20220119,
KOSPI,00121969,에쓰씨엔지니어링,023960,합병등종료보고서(자산양수도),20220119000379,에쓰씨엔지니어링,20220119,
KOSPI,00136721,신영증권,001720,일괄신고추가서류(파생결합증권-주가연계증권),20220119000384,신영증권,20220119,
KOSPI,00145880,현대제철,004020,[기재정정]증권신고서(채무증권),20220119000387,현대제철,20220119,정
KOSPI,00136721,신영증권,001720,투자설명서(일괄신고),20220119000390,신영증권,20220119,
KOSPI,00136721,신영증권,001720,일괄신고추가서류(파생결합증권-주가연계증권),20220119000392,신영증권,20220119,
KOSPI,00111722,미래에셋증권,006800,[기재정정]증권신고서(채무증권),20220119000393,미래에셋증권,20220119,정
KOSPI,00136721,신영증권,001720,투자설명서(일괄신고),20220119000399,신영증권,20220119,
KOSPI,00113526,대한항공,003490,임원ㆍ주요주주특정증권등소유상황보고서,20220119000400,이승범,20220119,
KOSPI,00111722,미래에셋증권,006800,[발행조건확정]증권신고서(채무증권),20220119000402,미래에셋증권,20220119,정
KOSPI,00113526,대한항공,003490,임원ㆍ주요주주특정증권등소유상황보고서,20220119000403,곽주호,20220119,
KOSPI,00113526,대한항공,003490,임원ㆍ주요주주특정증권등소유상황보고서,20220119000404,권오준,20220119,
KOSPI,00113526,대한항공,003490,임원ㆍ주요주주특정증권등소유상황보고서,20220119000406,박병률,20220119,
KOSPI,00113526,대한항공,003490,임원ㆍ주요주주특정증권등소유상황보고서,20220119000408,유종석,20220119,
KOSPI,00113526,대한항공,003490,임원ㆍ주요주주특정증권등소유상황보고서,20220119000409,최정호,20220119,
KOSPI,00159616,두산에너빌리티,034020,[기재정정]주요사항보고서(유상증자결정),20220119000410,두산에너빌리티,20220119,정
KOSPI,00145880,현대제철,004020,[발행조건확정]증권신고서(채무증권),20220119000411,현대제철,20220119,정
KOSPI,00159616,두산에너빌리티,034020,[기재정정]증권신고서(지분증권),20220119000413,두산에너빌리티,20220119,정
KOSPI,00159616,두산에너빌리티,034020,[기재정정]투자설명서,20220119000417,두산에너빌리티,20220119,정
KOSPI,00159616,두산에너빌리티,034020,투자판단관련주요경영사항,20220119800005,두산에너빌리티,20220119,유
KOSPI,00117212,두산,000150,투자판단관련주요경영사항(자회사의 주요경영사항),20220119800014,두산,20220119,유
KOSPI,00361008,한화엔진,082740,단일판매ㆍ공급계약체결,20220119800048,한화엔진,20220119,유
KOSPI,00161383,한미반도체,042700,연결재무제표기준영업(잠정)실적(공정공시),20220119800049,한미반도체,20220119,유
KOSPI,00155276,포스코퓨처엠,003670,기업설명회(IR)개최(안내공시),20220119800089,포스코퓨처엠,20220119,유
KOSPI,00155276,포스코퓨처엠,003670,결산실적공시예고(안내공시),20220119800090,포스코퓨처엠,20220119,유
KOSPI,00136271,신성이엔지,011930,신규시설투자등,20220119800116,신성이엔지,20220119,유
KOSPI,00121932,미원상사,002840,최대주주등소유주식변동신고서,20220119800155,미원상사,20220119,유
KOSPI,00139889,SKC,011790,[기재정정]타법인주식및출자증권취득결정(자율공시),20220119800164,SKC,20220119,유
KOSPI,00767460,PI첨단소재,178920,결산실적공시예고(안내공시),20220119800182,PI첨단소재,20220119,유
KOSPI,00390055,종근당바이오,063160,투자판단관련주요경영사항,20220119800244,종근당바이오,20220119,유
KOSPI,00149354,종근당홀딩스,001630,투자판단관련주요경영사항(자회사의 주요경영사항),20220119800257,종근당홀딩스,20220119,유
KOSPI,00144395,동서,026960,결산실적공시예고(안내공시),20220119800278,동서,20220119,유
KOSPI,00153861,태영건설,009410,타인에대한채무보증결정,20220119800288,태영건설,20220119,유
KOSPI,01497869,티와이홀딩스,363280,타인에대한채무보증결정(자회사의 주요경영사항),20220119800315,티와이홀딩스,20220119,유
KOSPI,00128980,삼호개발,010960,[기재정정]단일판매ㆍ공급계약체결,20220119800316,삼호개발,20220119,유정
KOSPI,00258801,카카오,035720,결산실적공시예고(안내공시),20220119800328,카카오,20220119,유
KOSPI,00258801,카카오,035720,기업설명회(IR)개최(안내공시),20220119800330,카카오,20220119,유
KOSPI,00148540,CJ,001040,[기재정정]타법인주식및출자증권취득결정(종속회사의주요경영사항),20220119800356,CJ,20220119,유
KOSPI,00204208,마니커,027740,대표이사(대표집행임원)변경(안내공시),20220119800358,마니커,20220119,유
KOSPI,00162461,한화솔루션,009830,기업설명회(IR)개최(안내공시),20220119800374,한화솔루션,20220119,유
KOSPI,00302926,현대로템,064350,[기재정정]단일판매ㆍ공급계약체결,20220119800380,현대로템,20220119,유정
KOSPI,00126089,DH오토넥스,000300,최대주주등소유주식변동신고서,20220119800388,DH오토넥스,20220119,유
KOSPI,00983271,NHN,181710,결산실적공시예고(안내공시),20220119800403,NHN,20220119,유
KOSPI,00983271,NHN,181710,기업설명회(IR)개최(안내공시),20220119800407,NHN,20220119,유
KOSPI,00131832,SK디스커버리,006120,단일판매ㆍ공급계약체결(자회사의 주요경영사항),20220119800414,SK디스커버리,20220119,유정
KOSPI,00108977,대구백화점,006370,불성실공시법인지정,20220119800430,유가증권시장본부,20220119,유
KOSPI,01390344,HD현대중공업,329180,영업(잠정)실적(공정공시),20220119800443,HD현대중공업,20220119,유
KOSPI,00117212,두산,000150,타법인주식및출자증권취득결정,20220119800446,두산,20220119,유정
KOSPI,00164830,HD한국조선해양,009540,영업(잠정)실적(공정공시)(자회사의 주요경영사항),20220119800447,HD한국조선해양,20220119,유
KOSPI,00113535,대한해운,005880,금전대여결정,20220119800452,대한해운,20220119,유
KOSPI,00113535,대한해운,005880,소송등의제기ㆍ신청(일정금액이상의청구),20220119800456,대한해운,20220119,유
KOSPI,00222532,LG헬로비전,037560,결산실적공시예고(안내공시),20220119800459,LG헬로비전,20220119,유
KOSPI,01159233,솔루엠,248070,타인에대한채무보증결정,20220119800495,솔루엠,20220119,유
KOSPI,01319899,SK바이오사이언스,302440,[기재정정]단일판매ㆍ공급계약체결,20220119800500,SK바이오사이언스,20220119,유정
KOSPI,01319899,SK바이오사이언스,302440,[기재정정]단일판매ㆍ공급계약체결,20220119800506,SK바이오사이언스,20220119,유정
KOSPI,00159500,한국종합기술,023350,[기재정정]거래처와의거래중단,20220119800551,한국종합기술,20220119,유정
KOSPI,00162461,한화솔루션,009830,불성실공시법인지정,20220119800595,유가증권시장본부,20220119,유
KOSPI,00117212,두산,000150,[기재정정]주요사항보고서(유상증자결정)(자회사의 주요경영사항),20220119800608,두산,20220119,유정
KOSPI,00136864,신원,009270,주식등의대량보유상황보고서(일반),20220120000017,티앤엠커뮤니케이션즈,20220120,
KOSPI,00148610,한화투자증권,003530,증권발행실적보고서,20220120000032,한화투자증권,20220120,
KOSPI,00104856,삼성증권,016360,일괄신고추가서류(파생결합사채-주가연계파생결합사채),20220120000070,삼성증권,20220120,
KOSPI,00111722,미래에셋증권,006800,일괄신고추가서류(파생결합증권-주가연계증권),20220120000071,미래에셋증권,20220120,
KOSPI,00111722,미래에셋증권,006800,투자설명서(일괄신고),20220120000074,미래에셋증권,20220120,
KOSPI,00545716,롯데렌탈,089860,[기재정정]증권신고서(채무증권),20220120000095,롯데렌탈,20220120,정
KOSPI,00545716,롯데렌탈,089860,[발행조건확정]증권신고서(채무증권),20220120000096,롯데렌탈,20220120,정
KOSPI,00104856,삼성증권,016360,투자설명서(일괄신고),20220120000098,삼성증권,20220120,
KOSPI,00104856,삼성증권,016360,증권발행실적보고서,20220120000099,삼성증권,20220120,
KOSPI,00115694,DB증권,016610,일괄신고추가서류(기타파생결합사채),20220120000104,DB증권,20220120,
KOSPI,00296290,키움증권,039490,일괄신고추가서류(파생결합증권-주가연계증권),20220120000105,키움증권,20220120,
KOSPI,00115694,DB증권,016610,투자설명서(일괄신고),20220120000110,DB증권,20220120,
KOSPI,00142883,우신시스템,017370,주식등의대량보유상황보고서(일반),20220120000112,허우영,20220120,
KOSPI,00296290,키움증권,039490,투자설명서(일괄신고),20220120000129,키움증권,20220120,
KOSPI,00137997,현대차증권,001500,증권발행실적보고서,20220120000138,현대차증권,20220120,
KOSPI,00106669,세아베스틸지주,001430,주요사항보고서(회사분할결정),20220120000139,세아베스틸지주,20220120,정
KOSPI,00110893,대신증권,003540,증권발행실적보고서,20220120000186,대신증권,20220120,
KOSPI,00108977,대구백화점,006370,주요사항보고서(유형자산양도결정),20220120000193,대구백화점,20220120,정
KOSPI,00113562,롯데손해보험,000400,주주총회소집공고,20220120000218,롯데손해보험,20220120,
KOSPI,00113562,롯데손해보험,000400,의결권대리행사권유참고서류,20220120000219,롯데손해보험,20220120,
KOSPI,00108746,DKME,015590,임원ㆍ주요주주특정증권등소유상황보고서,20220120000238,권경훈,20220120,
KOSPI,00136721,신영증권,001720,일괄신고서(파생결합증권-주가연계증권),20220120000239,신영증권,20220120,정
KOSPI,00108746,DKME,015590,주식등의대량보유상황보고서(일반),20220120000240,크레오에스지,20220120,
KOSPI,00136721,신영증권,001720,일괄신고서(기타파생결합증권),20220120000242,신영증권,20220120,정
KOSPI,00113207,대한전선,001440,투자설명서,20220120000249,대한전선,20220120,정
KOSPI,00106641,기아,000270,임원ㆍ주요주주특정증권등소유상황보고서,20220120000255,신동수,20220120,
KOSPI,00635134,CJ제일제당,097950,[기재정정]증권신고서(채무증권),20220120000257,CJ제일제당,20220120,정
KOSPI,00635134,CJ제일제당,097950,[발행조건확정]증권신고서(채무증권),20220120000261,CJ제일제당,20220120,정
KOSPI,00164742,현대자동차,005380,특수관계인으로부터기타유가증권매수,20220120000272,현대자동차,20220120,공
KOSPI,00161693,한샘,009240,자기주식취득결과보고서,20220120000275,한샘,20220120,
KOSPI,00120571,롯데칠성음료,005300,임원ㆍ주요주주특정증권등소유상황보고서,20220120000284,롯데지주,20220120,
KOSPI,00231363,LG유플러스,032640,[기재정정]증권신고서(채무증권),20220120000291,LG유플러스,20220120,정
KOSPI,00159616,두산에너빌리티,034020,임원ㆍ주요주주특정증권등소유상황보고서,20220120000292,강석주,20220120,
KOSPI,00296290,키움증권,039490,일괄신고추가서류(파생결합증권-주가연계증권),20220120000295,키움증권,20220120,
KOSPI,00159616,두산에너빌리티,034020,임원ㆍ주요주주특정증권등소유상황보고서,20220120000296,강홍규,20220120,
KOSPI,00113359,교보증권,030610,일괄신고추가서류(파생결합증권-주가연계증권),20220120000297,교보증권,20220120,
KOSPI,00111722,미래에셋증권,006800,일괄신고추가서류(파생결합사채-주가연계파생결합사채),20220120000299,미래에셋증권,20220120,
KOSPI,00159616,두산에너빌리티,034020,임원ㆍ주요주주특정증권등소유상황보고서,20220120000301,공성필,20220120,
KOSPI,00159616,두산에너빌리티,034020,임원ㆍ주요주주특정증권등소유상황보고서,20220120000303,김동철,20220120,
KOSPI,00231363,LG유플러스,032640,[발행조건확정]증권신고서(채무증권),20220120000304,LG유플러스,20220120,정
KOSPI,00159616,두산에너빌리티,034020,임원ㆍ주요주주특정증권등소유상황보고서,20220120000308,김용규,20220120,
KOSPI,00159616,두산에너빌리티,034020,임원ㆍ주요주주특정증권등소유상황보고서,20220120000310,김정일,20220120,
KOSPI,00159616,두산에너빌리티,034020,임원ㆍ주요주주특정증권등소유상황보고서,20220120000312,김종두,20220120,
KOSPI,00126256,삼성생명,032830,임원ㆍ주요주주특정증권등소유상황보고서,20220120000313,고상희,20220120,
KOSPI,00296290,키움증권,039490,투자설명서(일괄신고),20220120000317,키움증권,20220120,
KOSPI,00159616,두산에너빌리티,034020,임원ㆍ주요주주특정증권등소유상황보고서,20220120000319,김종봉,20220120,
KOSPI,00159616,두산에너빌리티,034020,임원ㆍ주요주주특정증권등소유상황보고서,20220120000320,나기용,20220120,
KOSPI,00113359,교보증권,030610,투자설명서(일괄신고),20220120000321,교보증권,20220120,
KOSPI,00159616,두산에너빌리티,034020,임원ㆍ주요주주특정증권등소유상황보고서,20220120000322,노학준,20220120,
KOSPI,00159616,두산에너빌리티,034020,임원ㆍ주요주주특정증권등소유상황보고서,20220120000325,박홍욱,20220120,
KOSPI,00159616,두산에너빌리티,034020,임원ㆍ주요주주특정증권등소유상황보고서,20220120000327,손승우,20220120,
KOSPI,00159616,두산에너빌리티,034020,임원ㆍ주요주주특정증권등소유상황보고서,20220120000329,송용진,20220120,
KOSPI,00105855,엘에스일렉트릭,010120,[기재정정]증권신고서(채무증권),20220120000330,엘에스일렉트릭,20220120,정
KOSPI,00111722,미래에셋증권,006800,투자설명서(일괄신고),20220120000331,미래에셋증권,20220120,
KOSPI,00159616,두산에너빌리티,034020,임원ㆍ주요주주특정증권등소유상황보고서,20220120000332,신봉식,20220120,
KOSPI,00113359,교보증권,030610,일괄신고추가서류(파생결합증권-주가연계증권),20220120000333,교보증권,20220120,
KOSPI,00105855,엘에스일렉트릭,010120,[발행조건확정]증권신고서(채무증권),20220120000335,엘에스일렉트릭,20220120,정
KOSPI,00159616,두산에너빌리티,034020,임원ㆍ주요주주특정증권등소유상황보고서,20220120000336,육심균,20220120,
KOSPI,00159616,두산에너빌리티,034020,임원ㆍ주요주주특정증권등소유상황보고서,20220120000341,김건주,20220120,
KOSPI,01428203,케이씨씨글라스,344820,[기재정정]증권신고서(채무증권),20220120000342,케이씨씨글라스,20220120,정
KOSPI,01428203,케이씨씨글라스,344820,[발행조건확정]증권신고서(채무증권),20220120000347,케이씨씨글라스,20220120,정
KOSPI,00113359,교보증권,030610,투자설명서(일괄신고),20220120000353,교보증권,20220120,
KOSPI,00159616,두산에너빌리티,034020,임원ㆍ주요주주특정증권등소유상황보고서,20220120000358,김봉준,20220120,
KOSPI,00181712,SK,034730,특수관계인과의내부거래,20220120000359,SK,20220120,공
KOSPI,00121969,에쓰씨엔지니어링,023960,[첨부정정]주요사항보고서(타법인주식및출자증권양도결정),20220120000363,에쓰씨엔지니어링,20220120,
KOSPI,00159616,두산에너빌리티,034020,임원ㆍ주요주주특정증권등소유상황보고서,20220120000365,김재갑,20220120,
KOSPI,00113526,대한항공,003490,[기재정정]증권신고서(채무증권),20220120000368,대한항공,20220120,정
KOSPI,00159616,두산에너빌리티,034020,임원ㆍ주요주주특정증권등소유상황보고서,20220120000374,김종석,20220120,
KOSPI,00111722,미래에셋증권,006800,증권발행실적보고서,20220120000388,미래에셋증권,20220120,
KOSPI,00113526,대한항공,003490,[발행조건확정]증권신고서(채무증권),20220120000390,대한항공,20220120,정
KOSPI,00159616,두산에너빌리티,034020,임원ㆍ주요주주특정증권등소유상황보고서,20220120000393,류제욱,20220120,
KOSPI,00111722,미래에셋증권,006800,증권발행실적보고서,20220120000394,미래에셋증권,20220120,
KOSPI,00148920,조광페인트,004910,[기재정정]주요사항보고서(전환사채권발행결정),20220120000395,조광페인트,20220120,
KOSPI,00111722,미래에셋증권,006800,증권발행실적보고서,20220120000398,미래에셋증권,20220120,
KOSPI,00547583,하나금융지주,086790,[기재정정]주요사항보고서(상각형조건부자본증권발행결정),20220120000406,하나금융지주,20220120,
KOSPI,00148920,조광페인트,004910,[기재정정]주요사항보고서(교환사채권발행결정),20220120000407,조광페인트,20220120,
KOSPI,00125080,AK홀딩스,006840,특수관계인에대한담보제공,20220120000411,AK홀딩스,20220120,공
KOSPI,00159616,두산에너빌리티,034020,임원ㆍ주요주주특정증권등소유상황보고서,20220120000415,서승산,20220120,
KOSPI,00159616,두산에너빌리티,034020,임원ㆍ주요주주특정증권등소유상황보고서,20220120000423,두산,20220120,
KOSPI,00148920,조광페인트,004910,[기재정정]주요사항보고서(자기주식처분결정),20220120000425,조광페인트,20220120,
KOSPI,00547583,하나금융지주,086790,[기재정정]증권신고서(채무증권),20220120000431,하나금융지주,20220120,정
KOSPI,00163512,한진,002320,[발행조건확정]증권신고서(채무증권),20220120000434,한진,20220120,정
KOSPI,00159616,두산에너빌리티,034020,임원ㆍ주요주주특정증권등소유상황보고서,20220120000436,양윤호,20220120,
KOSPI,00547583,하나금융지주,086790,[발행조건확정]증권신고서(채무증권),20220120000437,하나금융지주,20220120,
KOSPI,00164636,HDC,012630,주식등의대량보유상황보고서(일반),20220120000445,정몽규,20220120,
KOSPI,00138279,S-Oil,010950,기업설명회(IR)개최(안내공시),20220120800058,S-Oil,20220120,유
KOSPI,00670340,씨에스윈드,112610,단일판매ㆍ공급계약체결(자율공시),20220120800071,씨에스윈드,20220120,유
KOSPI,00767460,PI첨단소재,178920,기업설명회(IR)개최(안내공시),20220120800077,PI첨단소재,20220120,유
KOSPI,00767460,PI첨단소재,178920,기업설명회(IR)개최(안내공시),20220120800079,PI첨단소재,20220120,유
KOSPI,00767460,PI첨단소재,178920,기업설명회(IR)개최(안내공시),20220120800081,PI첨단소재,20220120,유
KOSPI,01412822,솔루스첨단소재,336370,임시주주총회결과,20220120800083,솔루스첨단소재,20220120,유
KOSPI,00129420,까뮤이앤씨,013700,단일판매ㆍ공급계약체결,20220120800089,까뮤이앤씨,20220120,유정
KOSPI,00155276,포스코퓨처엠,003670,[기재정정]타법인주식및출자증권취득결정,20220120800091,포스코퓨처엠,20220120,유정
KOSPI,00155276,포스코퓨처엠,003670,[기재정정]타법인주식및출자증권취득결정,20220120800092,포스코퓨처엠,20220120,유정
KOSPI,00646732,진양홀딩스,100250,[기재정정]유형자산처분결정(자회사의 주요경영사항),20220120800100,진양홀딩스,20220120,유정
KOSPI,00587466,KPX홀딩스,092230,[기재정정]유형자산처분결정(자회사의 주요경영사항),20220120800101,KPX홀딩스,20220120,유정
KOSPI,00148948,조비,001550,매출액또는손익구조30%(대규모법인은15%)이상변경,20220120800109,조비,20220120,유정
KOSPI,00148276,제일기획,030000,결산실적공시예고(안내공시),20220120800127,제일기획,20220120,유
KOSPI,00125530,삼립,005610,연결재무제표기준영업(잠정)실적(공정공시),20220120800133,삼립,20220120,유
KOSPI,00125530,삼립,005610,장래사업ㆍ경영계획(공정공시),20220120800134,삼립,20220120,유
KOSPI,00116268,동성제약,002210,최대주주등소유주식변동신고서,20220120800135,동성제약,20220120,유
KOSPI,00109161,태경케미컬,006890,매출액또는손익구조30%(대규모법인은15%)이상변경,20220120800155,태경케미컬,20220120,유
KOSPI,00164478,현대건설,000720,결산실적공시예고(안내공시),20220120800169,현대건설,20220120,유
KOSPI,00109161,태경케미컬,006890,현금ㆍ현물배당결정,20220120800176,태경케미컬,20220120,유
KOSPI,00356370,LG생활건강,051900,결산실적공시예고(안내공시),20220120800180,LG생활건강,20220120,유
KOSPI,00377610,세아홀딩스,058650,주요사항보고서(회사분할결정)(자회사의 주요경영사항),20220120800184,세아홀딩스,20220120,유정
KOSPI,00115612,동부건설,005960,[기재정정]단일판매ㆍ공급계약체결,20220120800196,동부건설,20220120,유정
KOSPI,00120030,GS건설,006360,결산실적공시예고(안내공시),20220120800240,GS건설,20220120,유
KOSPI,00126308,삼성E&A,028050,결산실적공시예고(안내공시),20220120800243,삼성E&A,20220120,유
KOSPI,00126308,삼성E&A,028050,기업설명회(IR)개최(안내공시),20220120800246,삼성E&A,20220120,유
KOSPI,00382199,신한지주,055550,최대주주등소유주식변동신고서,20220120800247,신한지주,20220120,유
KOSPI,01205851,HD현대일렉트릭,267260,타인에대한채무보증결정,20220120800248,HD현대일렉트릭,20220120,유
KOSPI,01205851,HD현대일렉트릭,267260,타인에대한채무보증결정,20220120800258,HD현대일렉트릭,20220120,유
KOSPI,00106641,기아,000270,기업설명회(IR)개최(안내공시),20220120800265,기아,20220120,유
KOSPI,00103662,광명전기,017040,[기재정정]단일판매ㆍ공급계약체결,20220120800267,광명전기,20220120,유정
KOSPI,00127857,삼익악기,002450,[기재정정]유형자산처분결정(종속회사의주요경영사항),20220120800278,삼익악기,20220120,유
KOSPI,00120571,롯데칠성음료,005300,최대주주등소유주식변동신고서,20220120800334,롯데칠성음료,20220120,유
KOSPI,01436628,이지스레지던스리츠,350520,매출액또는손익구조30%(대규모법인은15%)이상변경,20220120800337,이지스레지던스리츠,20220120,유
KOSPI,00161125,한온시스템,018880,풍문또는보도에대한해명(미확정),20220120800352,한온시스템,20220120,유
KOSPI,00161125,한온시스템,018880,결산실적공시예고(안내공시),20220120800370,한온시스템,20220120,유
KOSPI,00360595,현대글로비스,086280,기업설명회(IR)개최(안내공시),20220120800374,현대글로비스,20220120,유
KOSPI,00161125,한온시스템,018880,기업설명회(IR)개최(안내공시),20220120800376,한온시스템,20220120,유
KOSPI,00360595,현대글로비스,086280,기업설명회(IR)개최(안내공시),20220120800377,현대글로비스,20220120,유
KOSPI,00162063,한신공영,004960,타인에대한채무보증결정,20220120800405,한신공영,20220120,유
KOSPI,00126478,삼성중공업,010140,기업설명회(IR)개최(안내공시),20220120800425,삼성중공업,20220120,유
KOSPI,00125080,AK홀딩스,006840,[기재정정]타인에대한담보제공결정,20220120800484,AK홀딩스,20220120,유정
KOSPI,00121969,에쓰씨엔지니어링,023960,기타경영사항(자율공시),20220120800499,에쓰씨엔지니어링,20220120,유
KOSPI,00122737,팬오션,028670,최대주주등소유주식변동신고서,20220120800504,팬오션,20220120,유
KOSPI,00121969,에쓰씨엔지니어링,023960,최대주주등소유주식변동신고서,20220120800513,에쓰씨엔지니어링,20220120,유
KOSPI,00706715,미원홀딩스,107590,매출액또는손익구조30%(대규모법인은15%)이상변동(자회사의 주요경영사항),20220120800515,미원홀딩스,20220120,유
KOSPI,00164636,HDC,012630,최대주주등소유주식변동신고서,20220120800540,HDC,20220120,유
KOSPI,00525934,LX세미콘,108320,결산실적공시예고,20220120900306,LX세미콘,20220120,코
KOSPI,00480367,SK오션플랜트,100090,[기재정정]단일판매ㆍ공급계약체결,20220120900570,SK오션플랜트,20220120,코정
KOSPI,00106395,금호전기,001210,주요사항보고서(전환사채권발행결정),20220121000001,금호전기,20220121,정
KOSPI,00106395,금호전기,001210,주요사항보고서(타법인주식및출자증권양수결정),20220121000002,금호전기,20220121,정
KOSPI,00159023,SK텔레콤,017670,주요사항보고서(자기주식처분결정),20220121000003,SK텔레콤,20220121,
KOSPI,00106395,금호전기,001210,주요사항보고서(유상증자결정),20220121000004,금호전기,20220121,정
KOSPI,00163512,한진,002320,투자설명서,20220121000006,한진,20220121,정
KOSPI,00120562,롯데지주,004990,철회신고서,20220121000031,롯데지주,20220121,
KOSPI,00260392,대원전선,006340,임원ㆍ주요주주특정증권등소유상황보고서,20220121000038,갑도물산,20220121,
KOSPI,00121039,명문제약,017180,주식등의대량보유상황보고서(일반),20220121000056,우석민,20220121,
KOSPI,01325979,세아제강,306200,동일인등출자계열회사와의상품ㆍ용역거래변경,20220121000070,세아제강,20220121,공
KOSPI,00117601,유안타증권,003470,증권발행실적보고서,20220121000076,유안타증권,20220121,
KOSPI,00120182,NH투자증권,005940,증권발행실적보고서,20220121000078,NH투자증권,20220121,
KOSPI,00117498,스틱인베스트먼트,026890,임원ㆍ주요주주특정증권등소유상황보고서,20220121000096,김재범,20220121,
KOSPI,00117498,스틱인베스트먼트,026890,임원ㆍ주요주주특정증권등소유상황보고서,20220121000097,박기수,20220121,
KOSPI,00117498,스틱인베스트먼트,026890,임원ㆍ주요주주특정증권등소유상황보고서,20220121000099,서동규,20220121,
KOSPI,00148610,한화투자증권,003530,증권발행실적보고서,20220121000107,한화투자증권,20220121,
KOSPI,00111722,미래에셋증권,006800,일괄신고추가서류(파생결합증권-주가연계증권),20220121000117,미래에셋증권,20220121,
KOSPI,00104856,삼성증권,016360,일괄신고추가서류(파생결합사채-주가연계파생결합사채),20220121000118,삼성증권,20220121,
KOSPI,00104856,삼성증권,016360,일괄신고추가서류(파생결합증권-주가연계증권),20220121000123,삼성증권,20220121,
KOSPI,00296290,키움증권,039490,증권발행실적보고서,20220121000129,키움증권,20220121,
KOSPI,00296290,키움증권,039490,증권발행실적보고서,20220121000134,키움증권,20220121,
KOSPI,00296290,키움증권,039490,증권발행실적보고서,20220121000138,키움증권,20220121,
KOSPI,00102140,케이아이이,009140,주요사항보고서(자기주식취득신탁계약해지결정),20220121000153,케이아이이,20220121,
KOSPI,00102140,케이아이이,009140,신탁계약해지결과보고서,20220121000154,케이아이이,20220121,
KOSPI,00652423,인바이오젠,101140,주식등의대량보유상황보고서(약식),20220121000157,노미컬 투자조합,20220121,
KOSPI,00104856,삼성증권,016360,투자설명서(일괄신고),20220121000165,삼성증권,20220121,
KOSPI,00104856,삼성증권,016360,투자설명서(일괄신고),20220121000166,삼성증권,20220121,
KOSPI,00104856,삼성증권,016360,증권발행실적보고서,20220121000168,삼성증권,20220121,
KOSPI,00854997,에스디바이오센서,137310,임원ㆍ주요주주특정증권등소유상황보고서,20220121000169,최성환,20220121,
KOSPI,00679314,동성케미컬,102260,임원ㆍ주요주주특정증권등소유상황보고서,20220121000175,조성원,20220121,
KOSPI,00113359,교보증권,030610,증권발행실적보고서,20220121000178,교보증권,20220121,
KOSPI,00128032,삼일제약,000520,임원ㆍ주요주주특정증권등소유상황보고서,20220121000181,허준범,20220121,
KOSPI,00122348,방림,003610,주식등의대량보유상황보고서(일반),20220121000183,서재희,20220121,
KOSPI,00111722,미래에셋증권,006800,일괄신고추가서류(파생결합증권-주가연계증권),20220121000196,미래에셋증권,20220121,
KOSPI,00113359,교보증권,030610,증권발행실적보고서,20220121000249,교보증권,20220121,
KOSPI,00113359,교보증권,030610,증권발행실적보고서,20220121000257,교보증권,20220121,
KOSPI,00140131,키다리스튜디오,020120,주식매수선택권부여에관한신고,20220121000271,키다리스튜디오,20220121,정
KOSPI,00104856,삼성증권,016360,증권발행실적보고서,20220121000278,삼성증권,20220121,
KOSPI,00115694,DB증권,016610,증권발행실적보고서,20220121000288,DB증권,20220121,
KOSPI,00115694,DB증권,016610,증권발행실적보고서,20220121000289,DB증권,20220121,
KOSPI,00140131,키다리스튜디오,020120,주요사항보고서(유상증자결정),20220121000292,키다리스튜디오,20220121,
KOSPI,00113359,교보증권,030610,증권발행실적보고서,20220121000298,교보증권,20220121,
KOSPI,00120182,NH투자증권,005940,증권발행실적보고서,20220121000313,NH투자증권,20220121,
KOSPI,00120182,NH투자증권,005940,일괄신고추가서류(파생결합증권-주가연계증권),20220121000318,NH투자증권,20220121,
KOSPI,00111722,미래에셋증권,006800,일괄신고추가서류(파생결합증권-주가연계증권),20220121000322,미래에셋증권,20220121,
KOSPI,00113359,교보증권,030610,일괄신고추가서류(기타파생결합사채),20220121000325,교보증권,20220121,
KOSPI,00137997,현대차증권,001500,증권발행실적보고서,20220121000338,현대차증권,20220121,
KOSPI,00428729,대호에이엘,069460,[기재정정]주요사항보고서(전환사채권발행결정),20220121000342,대호에이엘,20220121,정
KOSPI,00110893,대신증권,003540,증권발행실적보고서,20220121000345,대신증권,20220121,
KOSPI,00132725,SB성보,003080,[연장결정]주요사항보고서(자기주식취득신탁계약체결결정),20220121000352,SB성보,20220121,정
KOSPI,00117601,유안타증권,003470,증권발행실적보고서,20220121000358,유안타증권,20220121,
KOSPI,00117601,유안타증권,003470,증권발행실적보고서,20220121000365,유안타증권,20220121,
KOSPI,00159616,두산에너빌리티,034020,임원ㆍ주요주주특정증권등소유상황보고서,20220121000372,이현호,20220121,
KOSPI,00163716,한창,005110,주식등의대량보유상황보고서(일반),20220121000377,매지움,20220121,
KOSPI,00152385,에이프로젠,007460,[기재정정]주요사항보고서(회사합병결정),20220121000383,에이프로젠,20220121,정
KOSPI,00148993,하이트진로홀딩스,000140,[발행조건확정]증권신고서(채무증권),20220121000384,하이트진로홀딩스,20220121,정
KOSPI,00120182,NH투자증권,005940,투자설명서(일괄신고),20220121000388,NH투자증권,20220121,
KOSPI,00152385,에이프로젠,007460,[기재정정]주요사항보고서(전환사채권발행결정),20220121000393,에이프로젠,20220121,정
KOSPI,00106395,금호전기,001210,[기재정정]주요사항보고서(타법인주식및출자증권양수결정),20220121000398,금호전기,20220121,정
KOSPI,00111722,미래에셋증권,006800,투자설명서(일괄신고),20220121000399,미래에셋증권,20220121,
KOSPI,00104856,삼성증권,016360,증권발행실적보고서,20220121000409,삼성증권,20220121,
KOSPI,00111722,미래에셋증권,006800,투자설명서(일괄신고),20220121000410,미래에셋증권,20220121,
KOSPI,00113359,교보증권,030610,투자설명서(일괄신고),20220121000415,교보증권,20220121,
KOSPI,00159616,두산에너빌리티,034020,임원ㆍ주요주주특정증권등소유상황보고서,20220121000418,김동길,20220121,
KOSPI,00111722,미래에셋증권,006800,투자설명서(일괄신고),20220121000422,미래에셋증권,20220121,
KOSPI,00159616,두산에너빌리티,034020,임원ㆍ주요주주특정증권등소유상황보고서,20220121000423,문홍곤,20220121,
KOSPI,00120182,NH투자증권,005940,일괄신고추가서류(파생결합증권-주가연계증권),20220121000426,NH투자증권,20220121,
KOSPI,00117601,유안타증권,003470,일괄신고추가서류(기타파생결합사채),20220121000429,유안타증권,20220121,
KOSPI,00159616,두산에너빌리티,034020,임원ㆍ주요주주특정증권등소유상황보고서,20220121000430,박상현,20220121,
KOSPI,00159616,두산에너빌리티,034020,임원ㆍ주요주주특정증권등소유상황보고서,20220121000432,박영길,20220121,
KOSPI,00159616,두산에너빌리티,034020,임원ㆍ주요주주특정증권등소유상황보고서,20220121000439,박지원,20220121,
KOSPI,00983271,NHN,181710,[기재정정]임원ㆍ주요주주특정증권등소유상황보고서,20220121000441,이동수,20220121,
KOSPI,00159616,두산에너빌리티,034020,임원ㆍ주요주주특정증권등소유상황보고서,20220121000444,이동수,20220121,
KOSPI,00159616,두산에너빌리티,034020,임원ㆍ주요주주특정증권등소유상황보고서,20220121000446,이상언,20220121,
KOSPI,00159616,두산에너빌리티,034020,임원ㆍ주요주주특정증권등소유상황보고서,20220121000452,이종문,20220121,
KOSPI,00159616,두산에너빌리티,034020,임원ㆍ주요주주특정증권등소유상황보고서,20220121000453,이종욱,20220121,
KOSPI,00159616,두산에너빌리티,034020,임원ㆍ주요주주특정증권등소유상황보고서,20220121000460,이희범,20220121,
KOSPI,00117601,유안타증권,003470,투자설명서(일괄신고),20220121000461,유안타증권,20220121,
KOSPI,00170558,코웨이,021240,[기재정정]증권신고서(채무증권),20220121000462,코웨이,20220121,정
KOSPI,00136378,신세계,004170,독립이사의선임ㆍ해임또는중도퇴임에관한신고,20220121000463,신세계,20220121,
KOSPI,00117027,알루코,001780,임원ㆍ주요주주특정증권등소유상황보고서,20220121000465,박도봉,20220121,
KOSPI,00121969,에쓰씨엔지니어링,023960,주식등의대량보유상황보고서(일반),20220121000467,우앤컴퍼니,20220121,
KOSPI,00170558,코웨이,021240,[발행조건확정]증권신고서(채무증권),20220121000470,코웨이,20220121,정
KOSPI,00983271,NHN,181710,[기재정정]주식매수선택권부여에관한신고,20220121000476,NHN,20220121,정
KOSPI,00120182,NH투자증권,005940,투자설명서(일괄신고),20220121000481,NH투자증권,20220121,
KOSPI,00106395,금호전기,001210,[첨부정정]주요사항보고서(전환사채권발행결정),20220121000482,금호전기,20220121,
KOSPI,00983271,NHN,181710,[기재정정]주식매수선택권부여에관한신고,20220121000484,NHN,20220121,정
KOSPI,00106395,금호전기,001210,[첨부정정]주요사항보고서(유상증자결정),20220121000485,금호전기,20220121,정
KOSPI,00160232,KSS해운,044450,임원ㆍ주요주주특정증권등소유상황보고서,20220121000487,케이에스에스해운우리사주조합,20220121,
KOSPI,00117027,알루코,001780,주식등의대량보유상황보고서(일반),20220121000488,케이피티유,20220121,
KOSPI,01515323,LG에너지솔루션,373220,증권발행실적보고서,20220121000496,LG에너지솔루션,20220121,
KOSPI,00121534,MH에탄올,023150,주식등의대량보유상황보고서(일반),20220121000500,최동호,20220121,
KOSPI,00111722,미래에셋증권,006800,증권발행실적보고서,20220121000501,미래에셋증권,20220121,
KOSPI,00190321,케이티,030200,[기재정정]증권신고서(채무증권),20220121000505,케이티,20220121,정
KOSPI,00160588,한화,000880,주식등의대량보유상황보고서(일반),20220121000506,김승연,20220121,
KOSPI,00159616,두산에너빌리티,034020,임원ㆍ주요주주특정증권등소유상황보고서,20220121000510,이희직,20220121,
KOSPI,00117601,유안타증권,003470,일괄신고추가서류(기타파생결합사채),20220121000512,유안타증권,20220121,
KOSPI,00111722,미래에셋증권,006800,증권발행실적보고서,20220121000513,미래에셋증권,20220121,
KOSPI,00190321,케이티,030200,[발행조건확정]증권신고서(채무증권),20220121000516,케이티,20220121,정
KOSPI,00111722,미래에셋증권,006800,증권발행실적보고서,20220121000525,미래에셋증권,20220121,
KOSPI,00136721,신영증권,001720,일괄신고추가서류(파생결합증권-주가연계증권),20220121000526,신영증권,20220121,
KOSPI,00117601,유안타증권,003470,투자설명서(일괄신고),20220121000527,유안타증권,20220121,
KOSPI,00136721,신영증권,001720,일괄신고추가서류(기타파생결합증권),20220121000530,신영증권,20220121,
KOSPI,00296290,키움증권,039490,특수관계인에대한출자,20220121000540,키움증권,20220121,공
KOSPI,00159616,두산에너빌리티,034020,임원ㆍ주요주주특정증권등소유상황보고서,20220121000552,임광재,20220121,
KOSPI,00163512,한진,002320,[기재정정]증권신고서(채무증권),20220121000557,한진,20220121,
KOSPI,00163512,한진,002320,[기재정정]투자설명서,20220121000561,한진,20220121,
KOSPI,00367844,자이에스앤디,317400,[기재정정]주요사항보고서(유상증자결정),20220121000566,자이에스앤디,20220121,
KOSPI,00163512,한진,002320,증권발행실적보고서,20220121000571,한진,20220121,
KOSPI,00159616,두산에너빌리티,034020,임원ㆍ주요주주특정증권등소유상황보고서,20220121000576,장세영,20220121,
KOSPI,00111722,미래에셋증권,006800,증권발행실적보고서,20220121000581,미래에셋증권,20220121,
KOSPI,00126380,삼성전자,005930,임원ㆍ주요주주특정증권등소유상황보고서,20220121000583,권영재,20220121,
KOSPI,00148610,한화투자증권,003530,일괄신고추가서류(파생결합증권-주가연계증권),20220121000588,한화투자증권,20220121,
KOSPI,00136721,신영증권,001720,일괄신고추가서류(파생결합사채-주가연계파생결합사채),20220121000591,신영증권,20220121,
KOSPI,00136721,신영증권,001720,일괄신고추가서류(기타파생결합사채),20220121000593,신영증권,20220121,
KOSPI,00159616,두산에너빌리티,034020,임원ㆍ주요주주특정증권등소유상황보고서,20220121000595,전하용,20220121,
KOSPI,00148610,한화투자증권,003530,임원ㆍ주요주주특정증권등소유상황보고서,20220121000602,SONU CATHERINE HEYJUNG,20220121,
KOSPI,00148610,한화투자증권,003530,투자설명서(일괄신고),20220121000606,한화투자증권,20220121,
KOSPI,00159616,두산에너빌리티,034020,임원ㆍ주요주주특정증권등소유상황보고서,20220121000612,정영칠,20220121,
KOSPI,00136721,신영증권,001720,투자설명서(일괄신고),20220121000613,신영증권,20220121,
KOSPI,01524093,DL이앤씨,375500,동일인등출자계열회사와의상품ㆍ용역거래변경,20220121000614,DL이앤씨,20220121,공
KOSPI,01524093,DL이앤씨,375500,특수관계인에대한자금대여,20220121000615,DL이앤씨,20220121,공
KOSPI,00136721,신영증권,001720,투자설명서(일괄신고),20220121000618,신영증권,20220121,
KOSPI,00162461,한화솔루션,009830,[발행조건확정]증권신고서(채무증권),20220121000619,한화솔루션,20220121,
KOSPI,00136721,신영증권,001720,투자설명서(일괄신고),20220121000622,신영증권,20220121,
KOSPI,00117212,두산,000150,[발행조건확정]증권신고서(채무증권),20220121000624,두산,20220121,
KOSPI,00159616,두산에너빌리티,034020,임원ㆍ주요주주특정증권등소유상황보고서,20220121000625,정태진,20220121,
KOSPI,00136721,신영증권,001720,투자설명서(일괄신고),20220121000626,신영증권,20220121,
KOSPI,00105271,케이씨씨,002380,주식등의대량보유상황보고서(일반),20220121000627,정몽진,20220121,
KOSPI,00135777,신대양제지,016590,주식등의대량보유상황보고서(일반),20220121000637,권혁홍,20220121,
KOSPI,00159616,두산에너빌리티,034020,임원ㆍ주요주주특정증권등소유상황보고서,20220121000638,정호원,20220121,
KOSPI,00111722,미래에셋증권,006800,증권발행실적보고서,20220121000639,미래에셋증권,20220121,
KOSPI,00181712,SK,034730,주요사항보고서(자기주식처분결정)(자회사의 주요경영사항),20220121800005,SK,20220121,유
KOSPI,00706715,미원홀딩스,107590,최대주주등소유주식변동신고서,20220121800076,미원홀딩스,20220121,유
KOSPI,00260392,대원전선,006340,최대주주등소유주식변동신고서,20220121800080,대원전선,20220121,유
KOSPI,00661847,화인베스틸,133820,매출액또는손익구조30%(대규모법인은15%)이상변경,20220121800083,화인베스틸,20220121,유
KOSPI,00362441,현대오토에버,307950,결산실적공시예고(안내공시),20220121800087,현대오토에버,20220121,유
KOSPI,00362441,현대오토에버,307950,기업설명회(IR)개최(안내공시),20220121800089,현대오토에버,20220121,유
KOSPI,00231363,LG유플러스,032640,기업설명회(IR)개최(안내공시),20220121800097,LG유플러스,20220121,유
KOSPI,00120562,롯데지주,004990,풍문또는보도에대한해명(미확정),20220121800100,롯데지주,20220121,유
KOSPI,00117498,스틱인베스트먼트,026890,최대주주등소유주식변동신고서,20220121800114,스틱인베스트먼트,20220121,유
KOSPI,00367844,자이에스앤디,317400,결산실적공시예고(안내공시),20220121800180,자이에스앤디,20220121,유
KOSPI,00367844,자이에스앤디,317400,임시주주총회결과,20220121800184,자이에스앤디,20220121,유
KOSPI,00122348,방림,003610,최대주주등소유주식변동신고서,20220121800199,방림,20220121,유
KOSPI,00101664,경보제약,214390,매출액또는손익구조30%(대규모법인은15%)이상변경,20220121800224,경보제약,20220121,유
KOSPI,00135795,신도리코,029530,임시주주총회결과,20220121800225,신도리코,20220121,유
KOSPI,00129387,SP삼화,000390,매출액또는손익구조30%(대규모법인은15%)이상변경,20220121800227,SP삼화,20220121,유
KOSPI,00173795,신흥,004080,최대주주등소유주식변동신고서,20220121800236,신흥,20220121,유
KOSPI,00153861,태영건설,009410,금전대여결정,20220121800247,태영건설,20220121,유
KOSPI,00149354,종근당홀딩스,001630,매출액또는손익구조30%(대규모법인은15%)이상변경(자회사의 주요경영사항),20220121800250,종근당홀딩스,20220121,유
KOSPI,00135795,신도리코,029530,대표이사(대표집행임원)변경(안내공시),20220121800251,신도리코,20220121,유
KOSPI,00135795,신도리코,029530,최대주주등소유주식변동신고서,20220121800256,신도리코,20220121,유
KOSPI,01497869,티와이홀딩스,363280,금전대여결정(자회사의 주요경영사항),20220121800276,티와이홀딩스,20220121,유
KOSPI,00140131,키다리스튜디오,020120,유상증자결정(종속회사의주요경영사항),20220121800286,키다리스튜디오,20220121,유
KOSPI,00854997,에스디바이오센서,137310,단일판매ㆍ공급계약체결,20220121800293,에스디바이오센서,20220121,유정
KOSPI,00414850,효성 ITX,094280,결산실적공시예고(안내공시),20220121800299,효성 ITX,20220121,유
KOSPI,00109189,대덕,008060,[기재정정]현금ㆍ현물배당결정(자회사의 주요경영사항),20220121800312,대덕,20220121,유정
KOSPI,00156859,다올투자증권,030210,결산실적공시예고(안내공시),20220121800323,다올투자증권,20220121,유
KOSPI,00111704,한화오션,042660,[기재정정]단일판매ㆍ공급계약체결,20220121800328,한화오션,20220121,유정
KOSPI,00120562,롯데지주,004990,타법인주식및출자증권취득결정,20220121800329,롯데지주,20220121,유
KOSPI,00111704,한화오션,042660,[기재정정]단일판매ㆍ공급계약체결,20220121800331,한화오션,20220121,유
KOSPI,01316227,효성티앤씨,298020,타인에대한채무보증결정,20220121800342,효성티앤씨,20220121,유
KOSPI,00133511,SG세계물산,004060,금전대여결정,20220121800354,SG세계물산,20220121,유
KOSPI,00117601,유안타증권,003470,기타경영사항(자율공시),20220121800365,유안타증권,20220121,유
KOSPI,00159971,KC그린홀딩스,009440,타인에대한채무보증결정,20220121800376,KC그린홀딩스,20220121,유
KOSPI,00152385,에이프로젠,007460,[기재정정]주주총회소집결의,20220121800391,에이프로젠,20220121,유정
KOSPI,00539274,대상홀딩스,084690,회사합병결정(자회사의 주요경영사항)(자회사의 주요경영사항),20220121800394,대상홀딩스,20220121,유
KOSPI,00163716,한창,005110,타인에대한담보제공결정,20220121800426,한창,20220121,유
KOSPI,00146214,일성아이에스,003120,매출액또는손익구조30%(대규모법인은15%)이상변경,20220121800430,일성아이에스,20220121,유
KOSPI,00406046,HD현대마린엔진,071970,기타경영사항(자율공시),20220121800439,HD현대마린엔진,20220121,유
KOSPI,00146232,일성건설,013360,[기재정정]단일판매ㆍ공급계약체결,20220121800443,일성건설,20220121,유정
KOSPI,00128980,삼호개발,010960,[기재정정]단일판매ㆍ공급계약체결,20220121800475,삼호개발,20220121,유정
KOSPI,00347734,진양화학,051630,매출액또는손익구조30%(대규모법인은15%)이상변경,20220121800480,진양화학,20220121,유정
KOSPI,00128980,삼호개발,010960,[기재정정]단일판매ㆍ공급계약체결,20220121800483,삼호개발,20220121,유정
KOSPI,00120182,NH투자증권,005940,매출액또는손익구조30%(대규모법인은15%)이상변경,20220121800498,NH투자증권,20220121,유
KOSPI,00106395,금호전기,001210,유상증자또는주식관련사채등의발행결과(자율공시),20220121800556,금호전기,20220121,유
KOSPI,00303873,CJ CGV,079160,타인에대한채무보증결정,20220121800565,CJ CGV,20220121,유
KOSPI,00131850,SK증권,001510,결산실적공시예고(안내공시),20220121800577,SK증권,20220121,유
KOSPI,00116949,DN오토모티브,007340,기타경영사항(자율공시)(종속회사의주요경영사항),20220121800604,DN오토모티브,20220121,유
KOSPI,00149345,조흥,002600,매출액또는손익구조30%(대규모법인은15%)이상변경,20220121800611,조흥,20220121,유
KOSPI,00296290,키움증권,039490,최대주주등소유주식변동신고서,20220121800638,키움증권,20220121,유
KOSPI,00159616,두산에너빌리티,034020,소송등의판결ㆍ결정(일정금액이상의청구),20220121800663,두산에너빌리티,20220121,유
KOSPI,00117212,두산,000150,소송등의판결ㆍ결정(일정금액이상의청구)(자회사의 주요경영사항),20220121800664,두산,20220121,유
KOSPI,01524093,DL이앤씨,375500,소송등의판결ㆍ결정(일정금액이상의청구),20220121800669,DL이앤씨,20220121,유
KOSPI,00148610,한화투자증권,003530,최대주주등소유주식변동신고서,20220121800674,한화투자증권,20220121,유
KOSPI,00124540,대우건설,047040,소송등의판결ㆍ결정(일정금액이상의청구),20220121800685,대우건설,20220121,유
KOSPI,00125974,삼부토건,001470,임시주주총회결과,20220121800698,삼부토건,20220121,유
KOSPI,00111722,미래에셋증권,006800,결산실적공시예고(안내공시),20220121800701,미래에셋증권,20220121,유
KOSPI,00106313,금호건설,002990,소송등의판결ㆍ결정(일정금액이상의청구),20220121800712,금호건설,20220121,유
KOSPI,00109514,티웨이홀딩스,004870,전환가액ㆍ신주인수권행사가액ㆍ교환가액의조정(안내공시),20220121800782,티웨이홀딩스,20220121,유
KOSPI,00159616,두산에너빌리티,034020,임원ㆍ주요주주특정증권등소유상황보고서,20220121000643,최재혁,20220124,
KOSPI,00159616,두산에너빌리티,034020,임원ㆍ주요주주특정증권등소유상황보고서,20220121000647,조창열,20220124,
KOSPI,00159616,두산에너빌리티,034020,임원ㆍ주요주주특정증권등소유상황보고서,20220121000649,진종욱,20220124,
KOSPI,00159616,두산에너빌리티,034020,임원ㆍ주요주주특정증권등소유상황보고서,20220121000650,최용길,20220124,
KOSPI,00159616,두산에너빌리티,034020,임원ㆍ주요주주특정증권등소유상황보고서,20220121000651,최진영,20220124,
KOSPI,00159616,두산에너빌리티,034020,임원ㆍ주요주주특정증권등소유상황보고서,20220121000652,하종완,20220124,
KOSPI,00159616,두산에너빌리티,034020,임원ㆍ주요주주특정증권등소유상황보고서,20220121000653,홍성명,20220124,
KOSPI,00162461,한화솔루션,009830,투자설명서,20220124000005,한화솔루션,20220124,
KOSPI,00117212,두산,000150,투자설명서,20220124000006,두산,20220124,
KOSPI,00159616,두산에너빌리티,034020,임원ㆍ주요주주특정증권등소유상황보고서,20220124000017,이광열,20220124,
KOSPI,00148610,한화투자증권,003530,증권발행실적보고서,20220124000018,한화투자증권,20220124,
KOSPI,00104856,삼성증권,016360,일괄신고추가서류(파생결합증권-주가연계증권),20220124000038,삼성증권,20220124,
KOSPI,00117601,유안타증권,003470,증권발행실적보고서,20220124000061,유안타증권,20220124,
KOSPI,00120182,NH투자증권,005940,증권발행실적보고서,20220124000068,NH투자증권,20220124,
KOSPI,00111421,휴니드테크놀러지스,005870,주식등의대량보유상황보고서(일반),20220124000069,김유진,20220124,
KOSPI,00104856,삼성증권,016360,투자설명서(일괄신고),20220124000070,삼성증권,20220124,
KOSPI,01310269,IPARK현대산업개발,294870,임원ㆍ주요주주특정증권등소유상황보고서,20220124000073,국민연금공단,20220124,
KOSPI,01323032,KG모빌리티플랫폼,381970,독립이사의선임ㆍ해임또는중도퇴임에관한신고,20220124000075,KG모빌리티플랫폼,20220124,
KOSPI,00113359,교보증권,030610,증권발행실적보고서,20220124000077,교보증권,20220124,
KOSPI,00140946,한솔로지스틱스,009180,주식등의대량보유상황보고서(일반),20220124000078,한솔홀딩스,20220124,
KOSPI,00104856,삼성증권,016360,증권발행실적보고서,20220124000085,삼성증권,20220124,
KOSPI,00120182,NH투자증권,005940,일괄신고추가서류(파생결합사채-주가연계파생결합사채),20220124000100,NH투자증권,20220124,
KOSPI,00120182,NH투자증권,005940,증권발행실적보고서,20220124000105,NH투자증권,20220124,
KOSPI,00120182,NH투자증권,005940,증권발행실적보고서,20220124000113,NH투자증권,20220124,
KOSPI,00120182,NH투자증권,005940,투자설명서(일괄신고),20220124000118,NH투자증권,20220124,
KOSPI,00111722,미래에셋증권,006800,증권발행실적보고서,20220124000139,미래에셋증권,20220124,
KOSPI,00162461,한화솔루션,009830,증권발행실적보고서,20220124000147,한화솔루션,20220124,
KOSPI,00147222,전방,000950,주식등의대량보유상황보고서(일반),20220124000154,삼영엔지니어링,20220124,
KOSPI,00110893,대신증권,003540,증권발행실적보고서,20220124000155,대신증권,20220124,
KOSPI,00296290,키움증권,039490,일괄신고추가서류(파생결합증권-주가연계증권),20220124000158,키움증권,20220124,
KOSPI,00162461,한화솔루션,009830,특수관계인에대한채권매도,20220124000159,한화솔루션,20220124,공
KOSPI,00296290,키움증권,039490,투자설명서(일괄신고),20220124000161,키움증권,20220124,
KOSPI,00117212,두산,000150,증권발행실적보고서,20220124000162,두산,20220124,
KOSPI,00148896,OCI홀딩스,010060,임원ㆍ주요주주특정증권등소유상황보고서,20220124000171,정재태,20220124,
KOSPI,00136271,신성이엔지,011930,주식등의대량보유상황보고서(일반),20220124000172,이완근,20220124,
KOSPI,00148610,한화투자증권,003530,주식등의대량보유상황보고서(일반),20220124000173,한화자산운용,20220124,
KOSPI,00108913,대교,019680,주요사항보고서(자기주식처분결정),20220124000211,대교,20220124,
KOSPI,00159616,두산에너빌리티,034020,임원ㆍ주요주주특정증권등소유상황보고서,20220124000214,황현상,20220124,
KOSPI,00141477,영흥,012160,주요사항보고서(전환사채권발행결정),20220124000219,영흥,20220124,
KOSPI,00133618,우양피앤엘,002420,주요사항보고서(유상증자결정),20220124000220,우양피앤엘,20220124,
KOSPI,00104856,삼성증권,016360,임원ㆍ주요주주특정증권등소유상황보고서,20220124000221,삼성생명,20220124,
KOSPI,00126292,삼성카드,029780,임원ㆍ주요주주특정증권등소유상황보고서,20220124000222,삼성생명,20220124,
KOSPI,00160588,한화,000880,증권신고서(채무증권),20220124000223,한화,20220124,정
KOSPI,00120076,LX인터내셔널,001120,[기재정정]증권신고서(채무증권),20220124000225,LX인터내셔널,20220124,정
KOSPI,00139214,삼성화재해상보험,000810,임원ㆍ주요주주특정증권등소유상황보고서,20220124000226,삼성생명,20220124,
KOSPI,00120076,LX인터내셔널,001120,[발행조건확정]증권신고서(채무증권),20220124000230,LX인터내셔널,20220124,정
KOSPI,00152880,코오롱글로벌,003070,특수관계인에대한자금대여,20220124000240,코오롱글로벌,20220124,공
KOSPI,00104856,삼성증권,016360,증권신고서(채무증권),20220124000241,삼성증권,20220124,정
KOSPI,00121941,대상,001680,[기재정정]증권신고서(채무증권),20220124000248,대상,20220124,정
KOSPI,00121941,대상,001680,[발행조건확정]증권신고서(채무증권),20220124000256,대상,20220124,정
KOSPI,00111722,미래에셋증권,006800,증권발행실적보고서,20220124000297,미래에셋증권,20220124,
KOSPI,00111722,미래에셋증권,006800,[발행조건확정]증권신고서(채무증권),20220124000302,미래에셋증권,20220124,
KOSPI,00145880,현대제철,004020,[발행조건확정]증권신고서(채무증권),20220124000304,현대제철,20220124,
KOSPI,00767460,PI첨단소재,178920,영업(잠정)실적(공정공시),20220124800094,PI첨단소재,20220124,유
KOSPI,00113225,대한제강,084010,매출액또는손익구조30%(대규모법인은15%)이상변경,20220124800098,대한제강,20220124,유
KOSPI,00137809,SHD,001770,매출액또는손익구조30%(대규모법인은15%)이상변경,20220124800154,SHD,20220124,유
KOSPI,00767460,PI첨단소재,178920,매출액또는손익구조30%(대규모법인은15%)이상변경,20220124800270,PI첨단소재,20220124,유
KOSPI,00151128,모토닉,009680,현금ㆍ현물배당결정,20220124800311,모토닉,20220124,유
KOSPI,00854997,에스디바이오센서,137310,단일판매ㆍ공급계약체결(자율공시),20220124800321,에스디바이오센서,20220124,유
KOSPI,00124540,대우건설,047040,결산실적공시예고(안내공시),20220124800328,대우건설,20220124,유
KOSPI,00148276,제일기획,030000,최대주주등소유주식변동신고서,20220124800329,제일기획,20220124,유
KOSPI,01323032,KG모빌리티플랫폼,381970,임시주주총회결과,20220124800333,KG모빌리티플랫폼,20220124,유
KOSPI,00112378,KR모터스,000040,전환가액ㆍ신주인수권행사가액ㆍ교환가액의조정(안내공시),20220124800356,KR모터스,20220124,유
KOSPI,00129989,코스모신소재,005070,매출액또는손익구조30%(대규모법인은15%)이상변경,20220124800366,코스모신소재,20220124,유
KOSPI,00500254,GS,078930,최대주주등소유주식변동신고서,20220124800380,GS,20220124,유
KOSPI,00158501,에스원,012750,결산실적공시예고(안내공시),20220124800388,에스원,20220124,유
KOSPI,00877059,삼성바이오로직스,207940,연결재무제표기준영업(잠정)실적(공정공시),20220124800427,삼성바이오로직스,20220124,유
KOSPI,00877059,삼성바이오로직스,207940,매출액또는손익구조30%(대규모법인은15%)이상변경,20220124800430,삼성바이오로직스,20220124,유
KOSPI,00432102,한국금융지주,071050,지주회사의자회사편입,20220124800439,한국금융지주,20220124,유정
KOSPI,00147222,전방,000950,최대주주등소유주식변동신고서,20220124800449,전방,20220124,유
KOSPI,00877059,삼성바이오로직스,207940,수시공시의무관련사항(공정공시),20220124800450,삼성바이오로직스,20220124,유
KOSPI,00120076,LX인터내셔널,001120,결산실적공시예고(안내공시),20220124800452,LX인터내셔널,20220124,유
KOSPI,00633835,HJ중공업,097230,[기재정정]단일판매ㆍ공급계약체결,20220124800459,HJ중공업,20220124,유정
KOSPI,00194947,한전산업,130660,[기재정정]단일판매ㆍ공급계약체결,20220124800467,한전산업,20220124,유정
KOSPI,00878696,에스케이바이오팜,326030,단일판매ㆍ공급계약체결,20220124800468,에스케이바이오팜,20220124,유정
KOSPI,00261443,NC,036570,기업설명회(IR)개최(안내공시),20220124800471,NC,20220124,유
KOSPI,00261443,NC,036570,결산실적공시예고(안내공시),20220124800472,NC,20220124,유
KOSPI,00144395,동서,026960,현금ㆍ현물배당결정,20220124800480,동서,20220124,유
KOSPI,00759513,LX하우시스,108670,결산실적공시예고(안내공시),20220124800481,LX하우시스,20220124,유
KOSPI,00144395,동서,026960,매출액또는손익구조30%(대규모법인15%)미만변경(자율공시),20220124800496,동서,20220124,유
KOSPI,00877059,삼성바이오로직스,207940,최대주주등소유주식변동신고서,20220124800498,삼성바이오로직스,20220124,유
KOSPI,00136271,신성이엔지,011930,최대주주등소유주식변동신고서,20220124800502,신성이엔지,20220124,유
KOSPI,00160232,KSS해운,044450,결산실적공시예고(안내공시),20220124800514,KSS해운,20220124,유
KOSPI,00108746,DKME,015590,단일판매ㆍ공급계약체결,20220124800529,DKME,20220124,유정
KOSPI,00161693,한샘,009240,최대주주등소유주식변동신고서,20220124800530,한샘,20220124,유
KOSPI,00432102,한국금융지주,071050,[기재정정]지주회사의자회사편입,20220124800535,한국금융지주,20220124,유
KOSPI,00153861,태영건설,009410,타인에대한채무보증결정,20220124800540,태영건설,20220124,유
KOSPI,00124090,한국특강,007280,매출액또는손익구조30%(대규모법인은15%)이상변경,20220124800546,한국특강,20220124,유정
KOSPI,00115065,동남합성,023450,최대주주등소유주식변동신고서,20220124800549,동남합성,20220124,유
KOSPI,00688996,KB금융,105560,최대주주등소유주식변동신고서,20220124800550,KB금융,20220124,유
KOSPI,00162063,한신공영,004960,타인에대한채무보증결정,20220124800553,한신공영,20220124,유
KOSPI,00248974,하나제약,293480,[기재정정]신규시설투자등,20220124800574,하나제약,20220124,유
KOSPI,00128980,삼호개발,010960,[기재정정]단일판매ㆍ공급계약체결(자율공시),20220124800582,삼호개발,20220124,유정
KOSPI,00122825,프리티,006490,최대주주등소유주식변동신고서,20220124800590,프리티,20220124,유
KOSPI,01524093,DL이앤씨,375500,결산실적공시예고(안내공시),20220124800592,DL이앤씨,20220124,유
KOSPI,01497869,티와이홀딩스,363280,타인에대한채무보증결정(자회사의 주요경영사항),20220124800596,티와이홀딩스,20220124,유
KOSPI,00435312,하이스틸,071090,매출액또는손익구조30%(대규모법인은15%)이상변경,20220124800609,하이스틸,20220124,유
KOSPI,00160302,코스모화학,005420,영업(잠정)실적(공정공시),20220124800611,코스모화학,20220124,유
KOSPI,00120030,GS건설,006360,기타경영사항(자율공시),20220124800620,GS건설,20220124,유
KOSPI,00122481,태경비케이,014580,대표이사(대표집행임원)변경(안내공시),20220124800624,태경비케이,20220124,유
KOSPI,00120030,GS건설,006360,소송등의판결ㆍ결정(일정금액이상의청구),20220124800627,GS건설,20220124,유
KOSPI,00120030,GS건설,006360,투자판단관련주요경영사항,20220124800633,GS건설,20220124,유
KOSPI,00109693,DL,000210,결산실적공시예고(안내공시),20220124800639,DL,20220124,유
KOSPI,00797364,KC코트렐,119650,[기재정정]단일판매ㆍ공급계약체결,20220124800647,KC코트렐,20220124,유정
KOSPI,01524093,DL이앤씨,375500,투자판단관련주요경영사항,20220124800660,DL이앤씨,20220124,유
KOSPI,00260383,대한유화,006650,단기차입금증가결정,20220124800666,대한유화,20220124,유
KOSPI,00133858,세방전지,004490,매출액또는손익구조30%(대규모법인은15%)이상변경,20220124800669,세방전지,20220124,유정
KOSPI,00260383,대한유화,006650,매출액또는손익구조30%(대규모법인은15%)이상변경,20220124800680,대한유화,20220124,유
KOSPI,00162461,한화솔루션,009830,[기재정정]타법인주식및출자증권처분결정,20220124800682,한화솔루션,20220124,유
KOSPI,00162461,한화솔루션,009830,[기재정정]타법인주식및출자증권취득결정(종속회사의주요경영사항),20220124800698,한화솔루션,20220124,유
KOSPI,00162461,한화솔루션,009830,[기재정정]유상증자결정(종속회사의주요경영사항),20220124800699,한화솔루션,20220124,유
KOSPI,00162461,한화솔루션,009830,[기재정정]타법인주식및출자증권취득결정,20220124800702,한화솔루션,20220124,유
KOSPI,00159971,KC그린홀딩스,009440,[기재정정]단일판매ㆍ공급계약체결(자회사의 주요경영사항),20220124800705,KC그린홀딩스,20220124,유정
KOSPI,00149655,삼성물산,028260,최대주주등소유주식변동신고서,20220124800712,삼성물산,20220124,유
KOSPI,00160588,한화,000880,[기재정정]유상증자결정(종속회사의주요경영사항),20220124800716,한화,20220124,유
KOSPI,01316227,효성티앤씨,298020,재해발생,20220124800746,효성티앤씨,20220124,유정
KOSPI,00111722,미래에셋증권,006800,투자설명서,20220125000003,미래에셋증권,20220125,
KOSPI,00382199,신한지주,055550,투자설명서,20220125000005,신한지주,20220125,
KOSPI,00145880,현대제철,004020,투자설명서,20220125000008,현대제철,20220125,
KOSPI,00126955,삼양식품,003230,주식등의대량보유상황보고서(약식),20220125000013,엠디유니콘제일차,20220125,
KOSPI,00120182,NH투자증권,005940,증권발행실적보고서,20220125000025,NH투자증권,20220125,
KOSPI,00120182,NH투자증권,005940,증권발행실적보고서,20220125000035,NH투자증권,20220125,
KOSPI,00110893,대신증권,003540,증권발행실적보고서,20220125000049,대신증권,20220125,
KOSPI,00136721,신영증권,001720,증권발행실적보고서,20220125000072,신영증권,20220125,
KOSPI,00136721,신영증권,001720,증권발행실적보고서,20220125000075,신영증권,20220125,
KOSPI,00136721,신영증권,001720,증권발행실적보고서,20220125000079,신영증권,20220125,
KOSPI,00136721,신영증권,001720,증권발행실적보고서,20220125000083,신영증권,20220125,
KOSPI,00136721,신영증권,001720,증권발행실적보고서,20220125000086,신영증권,20220125,
KOSPI,00159023,SK텔레콤,017670,임원ㆍ주요주주특정증권등소유상황보고서,20220125000089,박정호,20220125,
KOSPI,00136721,신영증권,001720,증권발행실적보고서,20220125000091,신영증권,20220125,
KOSPI,00159023,SK텔레콤,017670,임원ㆍ주요주주특정증권등소유상황보고서,20220125000094,유영상,20220125,
KOSPI,00136721,신영증권,001720,증권발행실적보고서,20220125000098,신영증권,20220125,
KOSPI,00159023,SK텔레콤,017670,임원ㆍ주요주주특정증권등소유상황보고서,20220125000099,강종렬,20220125,
KOSPI,00159023,SK텔레콤,017670,임원ㆍ주요주주특정증권등소유상황보고서,20220125000102,DAVIS ERIC HARTMAN,20220125,
KOSPI,00159023,SK텔레콤,017670,임원ㆍ주요주주특정증권등소유상황보고서,20220125000103,구현철,20220125,
KOSPI,00159023,SK텔레콤,017670,임원ㆍ주요주주특정증권등소유상황보고서,20220125000105,권영상,20220125,
KOSPI,00159023,SK텔레콤,017670,임원ㆍ주요주주특정증권등소유상황보고서,20220125000107,김대성,20220125,
KOSPI,00159023,SK텔레콤,017670,임원ㆍ주요주주특정증권등소유상황보고서,20220125000111,김성준,20220125,
KOSPI,00159023,SK텔레콤,017670,임원ㆍ주요주주특정증권등소유상황보고서,20220125000114,김영준,20220125,
KOSPI,00159023,SK텔레콤,017670,임원ㆍ주요주주특정증권등소유상황보고서,20220125000120,김정훈,20220125,
KOSPI,00159023,SK텔레콤,017670,임원ㆍ주요주주특정증권등소유상황보고서,20220125000123,김지원,20220125,
KOSPI,00104856,삼성증권,016360,증권발행실적보고서,20220125000124,삼성증권,20220125,
KOSPI,00159023,SK텔레콤,017670,임원ㆍ주요주주특정증권등소유상황보고서,20220125000130,김지형,20220125,
KOSPI,00136721,신영증권,001720,증권발행실적보고서,20220125000134,신영증권,20220125,
KOSPI,00159023,SK텔레콤,017670,임원ㆍ주요주주특정증권등소유상황보고서,20220125000135,김진우,20220125,
KOSPI,00113207,대한전선,001440,[기재정정]주요사항보고서(유상증자결정),20220125000142,대한전선,20220125,정
KOSPI,00159023,SK텔레콤,017670,임원ㆍ주요주주특정증권등소유상황보고서,20220125000146,김진원,20220125,
KOSPI,00113207,대한전선,001440,[발행조건확정]증권신고서(지분증권),20220125000147,대한전선,20220125,정
KOSPI,00113225,대한제강,084010,주요사항보고서(자기주식취득신탁계약체결결정),20220125000152,대한제강,20220125,
KOSPI,00159023,SK텔레콤,017670,임원ㆍ주요주주특정증권등소유상황보고서,20220125000153,김태완,20220125,
KOSPI,00113207,대한전선,001440,[기재정정]투자설명서,20220125000155,대한전선,20220125,정
KOSPI,00159023,SK텔레콤,017670,임원ㆍ주요주주특정증권등소유상황보고서,20220125000157,김혁,20220125,
KOSPI,00159023,SK텔레콤,017670,임원ㆍ주요주주특정증권등소유상황보고서,20220125000159,김희섭,20220125,
KOSPI,00159023,SK텔레콤,017670,임원ㆍ주요주주특정증권등소유상황보고서,20220125000162,류수정,20220125,
KOSPI,00120182,NH투자증권,005940,일괄신고추가서류(파생결합사채-주가연계파생결합사채),20220125000163,NH투자증권,20220125,
KOSPI,00159023,SK텔레콤,017670,임원ㆍ주요주주특정증권등소유상황보고서,20220125000164,류정환,20220125,
KOSPI,00159023,SK텔레콤,017670,임원ㆍ주요주주특정증권등소유상황보고서,20220125000165,문갑인,20220125,
KOSPI,00159023,SK텔레콤,017670,임원ㆍ주요주주특정증권등소유상황보고서,20220125000167,박명순,20220125,
KOSPI,00159023,SK텔레콤,017670,임원ㆍ주요주주특정증권등소유상황보고서,20220125000168,박용주,20220125,
KOSPI,00159023,SK텔레콤,017670,임원ㆍ주요주주특정증권등소유상황보고서,20220125000170,박종관,20220125,
KOSPI,00159023,SK텔레콤,017670,임원ㆍ주요주주특정증권등소유상황보고서,20220125000173,성석함,20220125,
KOSPI,00159023,SK텔레콤,017670,임원ㆍ주요주주특정증권등소유상황보고서,20220125000174,성진수,20220125,
KOSPI,00159023,SK텔레콤,017670,임원ㆍ주요주주특정증권등소유상황보고서,20220125000175,신상욱,20220125,
KOSPI,00159023,SK텔레콤,017670,임원ㆍ주요주주특정증권등소유상황보고서,20220125000176,신용식,20220125,
KOSPI,00159023,SK텔레콤,017670,임원ㆍ주요주주특정증권등소유상황보고서,20220125000177,심상수,20220125,
KOSPI,00159023,SK텔레콤,017670,임원ㆍ주요주주특정증권등소유상황보고서,20220125000179,안정열,20220125,
KOSPI,00159023,SK텔레콤,017670,임원ㆍ주요주주특정증권등소유상황보고서,20220125000180,양맹석,20220125,
KOSPI,00159023,SK텔레콤,017670,임원ㆍ주요주주특정증권등소유상황보고서,20220125000182,여지영,20220125,
KOSPI,00159023,SK텔레콤,017670,임원ㆍ주요주주특정증권등소유상황보고서,20220125000184,염성진,20220125,
KOSPI,00159023,SK텔레콤,017670,임원ㆍ주요주주특정증권등소유상황보고서,20220125000185,예희강,20220125,
KOSPI,00159023,SK텔레콤,017670,임원ㆍ주요주주특정증권등소유상황보고서,20220125000186,오경식,20220125,
KOSPI,00159023,SK텔레콤,017670,임원ㆍ주요주주특정증권등소유상황보고서,20220125000187,오세현,20220125,
KOSPI,00159023,SK텔레콤,017670,임원ㆍ주요주주특정증권등소유상황보고서,20220125000188,류재호,20220125,
KOSPI,00159023,SK텔레콤,017670,임원ㆍ주요주주특정증권등소유상황보고서,20220125000189,윤성은,20220125,
KOSPI,00159023,SK텔레콤,017670,임원ㆍ주요주주특정증권등소유상황보고서,20220125000190,윤재웅,20220125,
KOSPI,00159023,SK텔레콤,017670,임원ㆍ주요주주특정증권등소유상황보고서,20220125000191,윤형식,20220125,
KOSPI,00159023,SK텔레콤,017670,임원ㆍ주요주주특정증권등소유상황보고서,20220125000193,이갑재,20220125,
KOSPI,00159023,SK텔레콤,017670,임원ㆍ주요주주특정증권등소유상황보고서,20220125000194,이관우,20220125,
KOSPI,00159023,SK텔레콤,017670,임원ㆍ주요주주특정증권등소유상황보고서,20220125000195,이규식,20220125,
KOSPI,00159023,SK텔레콤,017670,임원ㆍ주요주주특정증권등소유상황보고서,20220125000196,이기윤,20220125,
KOSPI,00159023,SK텔레콤,017670,임원ㆍ주요주주특정증권등소유상황보고서,20220125000197,이동기,20220125,
KOSPI,00159023,SK텔레콤,017670,임원ㆍ주요주주특정증권등소유상황보고서,20220125000198,이상구,20220125,
KOSPI,00159023,SK텔레콤,017670,임원ㆍ주요주주특정증권등소유상황보고서,20220125000199,이상헌,20220125,
KOSPI,00159023,SK텔레콤,017670,임원ㆍ주요주주특정증권등소유상황보고서,20220125000200,이승열,20220125,
KOSPI,00159023,SK텔레콤,017670,임원ㆍ주요주주특정증권등소유상황보고서,20220125000202,이종민,20220125,
KOSPI,00159023,SK텔레콤,017670,임원ㆍ주요주주특정증권등소유상황보고서,20220125000203,이준호,20220125,
KOSPI,00159023,SK텔레콤,017670,임원ㆍ주요주주특정증권등소유상황보고서,20220125000204,이중호,20220125,
KOSPI,00159023,SK텔레콤,017670,임원ㆍ주요주주특정증권등소유상황보고서,20220125000206,이현아,20220125,
KOSPI,00159023,SK텔레콤,017670,임원ㆍ주요주주특정증권등소유상황보고서,20220125000207,임봉호,20220125,
KOSPI,00159023,SK텔레콤,017670,임원ㆍ주요주주특정증권등소유상황보고서,20220125000208,임정연,20220125,
KOSPI,00111722,미래에셋증권,006800,일괄신고추가서류(파생결합증권-주가연계증권),20220125000209,미래에셋증권,20220125,
KOSPI,00159023,SK텔레콤,017670,임원ㆍ주요주주특정증권등소유상황보고서,20220125000220,임형도,20220125,
KOSPI,00159023,SK텔레콤,017670,임원ㆍ주요주주특정증권등소유상황보고서,20220125000221,장홍성,20220125,
KOSPI,00159023,SK텔레콤,017670,임원ㆍ주요주주특정증권등소유상황보고서,20220125000223,정대덕,20220125,
KOSPI,00159023,SK텔레콤,017670,임원ㆍ주요주주특정증권등소유상황보고서,20220125000225,정도희,20220125,
KOSPI,00159023,SK텔레콤,017670,임원ㆍ주요주주특정증권등소유상황보고서,20220125000226,정창권,20220125,
KOSPI,00159023,SK텔레콤,017670,임원ㆍ주요주주특정증권등소유상황보고서,20220125000229,조동환,20220125,
KOSPI,00117601,유안타증권,003470,증권발행실적보고서,20220125000230,유안타증권,20220125,
KOSPI,00159023,SK텔레콤,017670,임원ㆍ주요주주특정증권등소유상황보고서,20220125000242,조영록,20220125,
KOSPI,00145880,현대제철,004020,특수관계인에대한채권매도,20220125000243,현대제철,20220125,공
KOSPI,00159023,SK텔레콤,017670,임원ㆍ주요주주특정증권등소유상황보고서,20220125000248,조익환,20220125,
KOSPI,00159023,SK텔레콤,017670,임원ㆍ주요주주특정증권등소유상황보고서,20220125000255,채종근,20220125,
KOSPI,00159023,SK텔레콤,017670,임원ㆍ주요주주특정증권등소유상황보고서,20220125000260,최낙훈,20220125,
KOSPI,00159023,SK텔레콤,017670,임원ㆍ주요주주특정증권등소유상황보고서,20220125000267,최용진,20220125,
KOSPI,00159023,SK텔레콤,017670,임원ㆍ주요주주특정증권등소유상황보고서,20220125000278,최일규,20220125,
KOSPI,00118044,동원수산,030720,임원ㆍ주요주주특정증권등소유상황보고서,20220125000285,오환용,20220125,
KOSPI,00120182,NH투자증권,005940,투자설명서(일괄신고),20220125000292,NH투자증권,20220125,
KOSPI,00159023,SK텔레콤,017670,임원ㆍ주요주주특정증권등소유상황보고서,20220125000293,최정환,20220125,
KOSPI,00159023,SK텔레콤,017670,임원ㆍ주요주주특정증권등소유상황보고서,20220125000296,최화식,20220125,
KOSPI,00159023,SK텔레콤,017670,임원ㆍ주요주주특정증권등소유상황보고서,20220125000298,최환석,20220125,
KOSPI,00111722,미래에셋증권,006800,투자설명서(일괄신고),20220125000299,미래에셋증권,20220125,
KOSPI,00159023,SK텔레콤,017670,임원ㆍ주요주주특정증권등소유상황보고서,20220125000301,하민용,20220125,
KOSPI,00159023,SK텔레콤,017670,임원ㆍ주요주주특정증권등소유상황보고서,20220125000305,하성호,20220125,
KOSPI,00159023,SK텔레콤,017670,임원ㆍ주요주주특정증권등소유상황보고서,20220125000307,하형일,20220125,
KOSPI,00159023,SK텔레콤,017670,임원ㆍ주요주주특정증권등소유상황보고서,20220125000311,한명진,20220125,
KOSPI,00159023,SK텔레콤,017670,임원ㆍ주요주주특정증권등소유상황보고서,20220125000313,허근만,20220125,
KOSPI,00159023,SK텔레콤,017670,임원ㆍ주요주주특정증권등소유상황보고서,20220125000314,홍승태,20220125,
KOSPI,00104856,삼성증권,016360,증권발행실적보고서,20220125000316,삼성증권,20220125,
KOSPI,00111722,미래에셋증권,006800,증권발행실적보고서,20220125000327,미래에셋증권,20220125,
KOSPI,00111722,미래에셋증권,006800,증권발행실적보고서,20220125000330,미래에셋증권,20220125,
KOSPI,00111722,미래에셋증권,006800,증권발행실적보고서,20220125000333,미래에셋증권,20220125,
KOSPI,00117498,스틱인베스트먼트,026890,주식등의대량보유상황보고서(일반),20220125000363,도용환,20220125,
KOSPI,00414850,효성 ITX,094280,주식등의대량보유상황보고서(일반),20220125000372,조현준,20220125,
KOSPI,00164779,SK하이닉스,000660,동일인등출자계열회사와의상품ㆍ용역거래,20220125000381,SK하이닉스,20220125,공
KOSPI,00126380,삼성전자,005930,임원ㆍ주요주주특정증권등소유상황보고서,20220125000385,김찬무,20220125,
KOSPI,00104856,삼성증권,016360,증권발행실적보고서,20220125000390,삼성증권,20220125,
KOSPI,00398792,SNT모티브,064960,주요사항보고서(자기주식취득신탁계약체결결정),20220125000419,SNT모티브,20220125,정
KOSPI,00983040,한진칼,180640,주식등의대량보유상황보고서(일반),20220125000420,그레이스홀딩스,20220125,
KOSPI,00164742,현대자동차,005380,약관에의한금융거래시계열금융회사의거래상대방의공시,20220125000434,현대자동차,20220125,공
KOSPI,00120182,NH투자증권,005940,일괄신고추가서류(파생결합증권-주가연계증권),20220125000436,NH투자증권,20220125,
KOSPI,00136378,신세계,004170,증권신고서(채무증권),20220125000437,신세계,20220125,정
KOSPI,00113535,대한해운,005880,임원ㆍ주요주주특정증권등소유상황보고서,20220125000439,길기수,20220125,
KOSPI,00121932,미원상사,002840,임원ㆍ주요주주특정증권등소유상황보고서,20220125000442,미원상사우리사주,20220125,
KOSPI,00148984,시알홀딩스,000480,임원ㆍ주요주주특정증권등소유상황보고서,20220125000445,이인옥,20220125,
KOSPI,00111111,대양금속,009190,[기재정정]주요사항보고서(전환사채권발행결정),20220125000446,대양금속,20220125,정
KOSPI,00120182,NH투자증권,005940,일괄신고추가서류(파생결합증권-주가연계증권),20220125000458,NH투자증권,20220125,정
KOSPI,00382199,신한지주,055550,증권발행실적보고서,20220125000473,신한지주,20220125,
KOSPI,00406046,HD현대마린엔진,071970,합병등종료보고서(자산양수도),20220125000477,HD현대마린엔진,20220125,
KOSPI,00145880,현대제철,004020,증권발행실적보고서,20220125000480,현대제철,20220125,
KOSPI,00131054,유진증권,001200,일괄신고추가서류(파생결합증권-주가연계증권),20220125000486,유진증권,20220125,
KOSPI,00121932,미원상사,002840,임원ㆍ주요주주특정증권등소유상황보고서,20220125000489,미성종합물산,20220125,
KOSPI,00117601,유안타증권,003470,일괄신고추가서류(파생결합증권-주가연계증권),20220125000491,유안타증권,20220125,
KOSPI,00120182,NH투자증권,005940,투자설명서(일괄신고),20220125000492,NH투자증권,20220125,
KOSPI,00172228,엔케이,085310,주식등의대량보유상황보고서(일반),20220125000509,박윤소,20220125,
KOSPI,00131054,유진증권,001200,투자설명서(일괄신고),20220125000512,유진증권,20220125,
KOSPI,00120182,NH투자증권,005940,투자설명서(일괄신고),20220125000514,NH투자증권,20220125,
KOSPI,00172228,엔케이,085310,임원ㆍ주요주주특정증권등소유상황보고서,20220125000519,더세이프티,20220125,
KOSPI,00117601,유안타증권,003470,투자설명서(일괄신고),20220125000534,유안타증권,20220125,
KOSPI,00111722,미래에셋증권,006800,증권발행실적보고서,20220125000538,미래에셋증권,20220125,
KOSPI,00117601,유안타증권,003470,일괄신고추가서류(파생결합증권-주가연계증권),20220125000562,유안타증권,20220125,
KOSPI,00117601,유안타증권,003470,투자설명서(일괄신고),20220125000568,유안타증권,20220125,
KOSPI,00120182,NH투자증권,005940,[기재정정]일괄신고추가서류(파생결합증권-주가연계증권),20220125000580,NH투자증권,20220125,
KOSPI,00162461,한화솔루션,009830,주요사항보고서(자기주식처분결정),20220125000589,한화솔루션,20220125,
KOSPI,00111722,미래에셋증권,006800,일괄신고추가서류(파생결합증권-주가연계증권),20220125000592,미래에셋증권,20220125,
KOSPI,00113359,교보증권,030610,일괄신고추가서류(파생결합증권-주가연계증권),20220125000593,교보증권,20220125,
KOSPI,00111722,미래에셋증권,006800,투자설명서(일괄신고),20220125000594,미래에셋증권,20220125,
KOSPI,00113359,교보증권,030610,투자설명서(일괄신고),20220125000596,교보증권,20220125,
KOSPI,01428203,케이씨씨글라스,344820,[발행조건확정]증권신고서(채무증권),20220125000598,케이씨씨글라스,20220125,
KOSPI,00854997,에스디바이오센서,137310,임원ㆍ주요주주특정증권등소유상황보고서,20220125000600,이선영,20220125,
KOSPI,00854997,에스디바이오센서,137310,임원ㆍ주요주주특정증권등소유상황보고서,20220125000606,이은혜,20220125,
KOSPI,00545716,롯데렌탈,089860,[발행조건확정]증권신고서(채무증권),20220125000610,롯데렌탈,20220125,
KOSPI,00635134,CJ제일제당,097950,[발행조건확정]증권신고서(채무증권),20220125000611,CJ제일제당,20220125,
KOSPI,00105855,엘에스일렉트릭,010120,[발행조건확정]증권신고서(채무증권),20220125000612,엘에스일렉트릭,20220125,
KOSPI,00231363,LG유플러스,032640,[발행조건확정]증권신고서(채무증권),20220125000617,LG유플러스,20220125,정
KOSPI,00113359,교보증권,030610,일괄신고추가서류(파생결합증권-주가연계증권),20220125000622,교보증권,20220125,
KOSPI,00113526,대한항공,003490,[발행조건확정]증권신고서(채무증권),20220125000623,대한항공,20220125,
KOSPI,00113359,교보증권,030610,투자설명서(일괄신고),20220125000625,교보증권,20220125,
KOSPI,00113359,교보증권,030610,일괄신고추가서류(파생결합증권-주가연계증권),20220125000628,교보증권,20220125,
KOSPI,00113359,교보증권,030610,투자설명서(일괄신고),20220125000630,교보증권,20220125,
KOSPI,00854997,에스디바이오센서,137310,임원ㆍ주요주주특정증권등소유상황보고서,20220125000632,최형길,20220125,정
KOSPI,00113207,대한전선,001440,유상증자신주발행가액(안내공시),20220125800074,대한전선,20220125,유
KOSPI,00174527,HS화성,002460,단일판매ㆍ공급계약체결,20220125800096,HS화성,20220125,유
KOSPI,00162416,한양증권,001750,결산실적공시예고(안내공시),20220125800097,한양증권,20220125,유
KOSPI,00115612,동부건설,005960,[기재정정]단일판매ㆍ공급계약체결,20220125800106,동부건설,20220125,유
KOSPI,00139889,SKC,011790,기업설명회(IR)개최(안내공시),20220125800123,SKC,20220125,유정
KOSPI,00113058,한화생명,088350,[기재정정]투자판단관련주요경영사항,20220125800131,한화생명,20220125,유
KOSPI,00148896,OCI홀딩스,010060,기업설명회(IR)개최(안내공시),20220125800145,OCI홀딩스,20220125,유
KOSPI,00116301,NI스틸,008260,매출액또는손익구조30%(대규모법인은15%)이상변경,20220125800159,NI스틸,20220125,유정
KOSPI,00159102,DB손해보험,005830,기업설명회(IR)개최(안내공시),20220125800260,DB손해보험,20220125,유
KOSPI,00125150,SGC에너지,005090,[기재정정]타인에대한채무보증결정,20220125800272,SGC에너지,20220125,유
KOSPI,00125150,SGC에너지,005090,매출액또는손익구조30%(대규모법인은15%)이상변경,20220125800275,SGC에너지,20220125,유
KOSPI,00125150,SGC에너지,005090,연결재무제표기준영업실적등에대한전망(공정공시),20220125800277,SGC에너지,20220125,유
KOSPI,00159786,유니드,014830,매출액또는손익구조30%(대규모법인은15%)이상변경,20220125800278,유니드,20220125,유
KOSPI,00125150,SGC에너지,005090,기업설명회(IR)개최(안내공시),20220125800279,SGC에너지,20220125,유
KOSPI,00164742,현대자동차,005380,연결재무제표기준영업(잠정)실적(공정공시),20220125800285,현대자동차,20220125,유
KOSPI,00164742,현대자동차,005380,매출액또는손익구조30%(대규모법인은15%)이상변경,20220125800288,현대자동차,20220125,유
KOSPI,00140946,한솔로지스틱스,009180,매출액또는손익구조30%(대규모법인은15%)이상변경,20220125800289,한솔로지스틱스,20220125,유
KOSPI,00110893,대신증권,003540,결산실적공시예고(안내공시),20220125800294,대신증권,20220125,유
KOSPI,00164742,현대자동차,005380,장래사업ㆍ경영계획(공정공시),20220125800297,현대자동차,20220125,유정
KOSPI,00164742,현대자동차,005380,현금ㆍ현물배당결정,20220125800298,현대자동차,20220125,유
KOSPI,00194947,한전산업,130660,[기재정정]단일판매ㆍ공급계약체결,20220125800330,한전산업,20220125,유정
KOSPI,00153861,태영건설,009410,소송등의판결ㆍ결정(일정금액이상의청구),20220125800335,태영건설,20220125,유
KOSPI,00125150,SGC에너지,005090,[기재정정]타인에대한채무보증결정,20220125800346,SGC에너지,20220125,유정
KOSPI,01497869,티와이홀딩스,363280,소송등의판결ㆍ결정(일정금액이상의청구)(자회사의 주요경영사항),20220125800368,티와이홀딩스,20220125,유
KOSPI,00144720,와이투솔루션,011690,유상증자또는주식관련사채등의발행결과(자율공시),20220125800369,와이투솔루션,20220125,유
KOSPI,00136378,신세계,004170,결산실적공시예고(안내공시),20220125800371,신세계,20220125,유
KOSPI,00157681,롯데정밀화학,004000,결산실적공시예고(안내공시),20220125800380,롯데정밀화학,20220125,유
KOSPI,00648721,SNT에너지,100840,매출액또는손익구조30%(대규모법인은15%)이상변경,20220125800387,SNT에너지,20220125,유
KOSPI,00398792,SNT모티브,064960,매출액또는손익구조30%(대규모법인은15%)이상변경,20220125800390,SNT모티브,20220125,유
KOSPI,00134477,SNT다이내믹스,003570,매출액또는손익구조30%(대규모법인은15%)이상변경,20220125800391,SNT다이내믹스,20220125,유
KOSPI,00173102,모나리자,012690,매출액또는손익구조30%(대규모법인은15%)이상변경,20220125800394,모나리자,20220125,유
KOSPI,00225159,SNT홀딩스,036530,매출액또는손익구조30%(대규모법인은15%)이상변경(자회사의 주요경영사항),20220125800403,SNT홀딩스,20220125,유
KOSPI,00164478,현대건설,000720,단일판매ㆍ공급계약체결,20220125800407,현대건설,20220125,유
KOSPI,00225159,SNT홀딩스,036530,매출액또는손익구조30%(대규모법인은15%)이상변경(자회사의 주요경영사항),20220125800414,SNT홀딩스,20220125,유
KOSPI,00225159,SNT홀딩스,036530,매출액또는손익구조30%(대규모법인은15%)이상변경(자회사의 주요경영사항),20220125800416,SNT홀딩스,20220125,유
KOSPI,00138242,KG모빌리티,003620,자본잠식50%이상또는매출액50억원미만사실발생,20220125800433,KG모빌리티,20220125,유
KOSPI,00120030,GS건설,006360,단일판매ㆍ공급계약체결,20220125800434,GS건설,20220125,유정
KOSPI,00157991,한국석유공업,004090,최대주주등소유주식변동신고서,20220125800441,한국석유공업,20220125,유
KOSPI,00148984,시알홀딩스,000480,최대주주등소유주식변동신고서,20220125800446,시알홀딩스,20220125,유
KOSPI,00113535,대한해운,005880,최대주주등소유주식변동신고서,20220125800514,대한해운,20220125,유
KOSPI,00164742,현대자동차,005380,공정거래자율준수프로그램운영현황(안내공시),20220125800516,현대자동차,20220125,유
KOSPI,00155319,POSCO홀딩스,005490,결산실적공시예고(안내공시),20220125800523,POSCO홀딩스,20220125,유
KOSPI,00225159,SNT홀딩스,036530,주요사항보고서(자기주식취득신탁계약체결결정)(자회사의 주요경영사항),20220125800525,SNT홀딩스,20220125,유정
KOSPI,00138242,KG모빌리티,003620,투자유의안내,20220125800532,유가증권시장본부,20220125,유
KOSPI,00106623,현대위아,011210,기업설명회(IR)개최(안내공시),20220125800539,현대위아,20220125,유
KOSPI,00106623,현대위아,011210,기업설명회(IR)개최(안내공시),20220125800546,현대위아,20220125,유
KOSPI,00123107,보락,002760,최대주주등소유주식변동신고서,20220125800556,보락,20220125,유
KOSPI,00105606,금호에이치티,214330,전환가액ㆍ신주인수권행사가액ㆍ교환가액의조정(안내공시),20220125800564,금호에이치티,20220125,유정
KOSPI,00165680,호텔신라,008770,결산실적공시예고(안내공시),20220125800572,호텔신라,20220125,유
KOSPI,00105606,금호에이치티,214330,[기재정정]타법인주식및출자증권처분결정,20220125800628,금호에이치티,20220125,유정
KOSPI,00156150,엑시큐어하이트론,019490,임시주주총회결과,20220125800630,엑시큐어하이트론,20220125,유
KOSPI,00855163,미원화학,134380,최대주주등소유주식변동신고서,20220125800633,미원화학,20220125,유
KOSPI,00162461,한화솔루션,009830,타법인주식및출자증권취득결정,20220125800635,한화솔루션,20220125,유
KOSPI,00128032,삼일제약,000520,매출액또는손익구조30%(대규모법인은15%)이상변경,20220125800638,삼일제약,20220125,유정
KOSPI,00162461,한화솔루션,009830,타법인주식및출자증권처분결정,20220125800640,한화솔루션,20220125,유
KOSPI,00162586,한올바이오파마,009420,기업설명회(IR)개최(안내공시),20220125800645,한올바이오파마,20220125,유
KOSPI,00115612,동부건설,005960,매출액또는손익구조30%(대규모법인은15%)이상변경,20220125800648,동부건설,20220125,유정
KOSPI,00226316,호전실업,111110,전환가액ㆍ신주인수권행사가액ㆍ교환가액의조정(안내공시),20220125800666,호전실업,20220125,유
KOSPI,00120571,롯데칠성음료,005300,결산실적공시예고(안내공시),20220125800668,롯데칠성음료,20220125,유
KOSPI,00120571,롯데칠성음료,005300,기업설명회(IR)개최(안내공시),20220125800677,롯데칠성음료,20220125,유
KOSPI,00152880,코오롱글로벌,003070,타인에대한채무보증결정,20220125800680,코오롱글로벌,20220125,유
KOSPI,00152862,코오롱,002020,타인에대한채무보증결정(자회사의 주요경영사항),20220125800681,코오롱,20220125,유
KOSPI,00162461,한화솔루션,009830,타법인주식및출자증권처분결정,20220125800684,한화솔루션,20220125,유정
KOSPI,00404701,한국자산신탁,123890,최대주주등소유주식변동신고서,20220125800689,한국자산신탁,20220125,유
KOSPI,01415892,제이알글로벌리츠,348950,최대주주변경,20220125800700,제이알글로벌리츠,20220125,유
KOSPI,00356361,LG화학,051910,기타경영사항(자율공시)(종속회사의주요경영사항),20220125800703,LG화학,20220125,유
KOSPI,00356361,LG화학,051910,유상증자결정(종속회사의주요경영사항),20220125800706,LG화학,20220125,유정
KOSPI,00356361,LG화학,051910,기타경영사항(자율공시)(종속회사의주요경영사항),20220125800712,LG화학,20220125,유
KOSPI,00356361,LG화학,051910,유상증자결정(종속회사의주요경영사항),20220125800717,LG화학,20220125,유정
KOSPI,00109806,삼일씨엔에스,004440,[기재정정]단일판매ㆍ공급계약체결,20220125800747,삼일씨엔에스,20220125,유정
KOSPI,00149947,JW중외제약,001060,벌금등의부과,20220125800755,JW중외제약,20220125,유
KOSPI,00632304,JW홀딩스,096760,벌금등의부과(자회사의 주요경영사항),20220125800756,JW홀딩스,20220125,유
KOSPI,00164788,현대모비스,012330,약관에의한금융거래시계열금융회사의거래상대방의공시,20220126000001,현대모비스,20220126,공
KOSPI,00547583,하나금융지주,086790,투자설명서,20220126000005,하나금융지주,20220126,
KOSPI,00113526,대한항공,003490,투자설명서,20220126000006,대한항공,20220126,
KOSPI,00635134,CJ제일제당,097950,투자설명서,20220126000009,CJ제일제당,20220126,
KOSPI,00105855,엘에스일렉트릭,010120,투자설명서,20220126000010,엘에스일렉트릭,20220126,
KOSPI,01428203,케이씨씨글라스,344820,투자설명서,20220126000011,케이씨씨글라스,20220126,
KOSPI,00545716,롯데렌탈,089860,투자설명서,20220126000012,롯데렌탈,20220126,
KOSPI,00153339,태경산업,015890,주식등의대량보유상황보고서(약식),20220126000014,아이베스트투자,20220126,
KOSPI,00854997,에스디바이오센서,137310,[기재정정]임원ㆍ주요주주특정증권등소유상황보고서,20220126000031,최형길,20220126,
KOSPI,00231363,LG유플러스,032640,투자설명서,20220126000036,LG유플러스,20220126,
KOSPI,01205851,HD현대일렉트릭,267260,주식등의대량보유상황보고서(약식),20220126000044,Legal&GeneralInvestmentManagementLtd.,20220126,
KOSPI,00104856,삼성증권,016360,일괄신고추가서류(파생결합증권-주가연계증권),20220126000058,삼성증권,20220126,
KOSPI,00148610,한화투자증권,003530,증권발행실적보고서,20220126000059,한화투자증권,20220126,
KOSPI,00104856,삼성증권,016360,일괄신고추가서류(파생결합사채-주가연계파생결합사채),20220126000061,삼성증권,20220126,
KOSPI,00111722,미래에셋증권,006800,일괄신고추가서류(파생결합증권-주가연계증권),20220126000062,미래에셋증권,20220126,
KOSPI,00104856,삼성증권,016360,투자설명서(일괄신고),20220126000069,삼성증권,20220126,
KOSPI,00104856,삼성증권,016360,투자설명서(일괄신고),20220126000070,삼성증권,20220126,
KOSPI,00117601,유안타증권,003470,증권발행실적보고서,20220126000073,유안타증권,20220126,
KOSPI,00104856,삼성증권,016360,일괄신고추가서류(파생결합증권-주가연계증권),20220126000081,삼성증권,20220126,
KOSPI,00111722,미래에셋증권,006800,투자설명서(일괄신고),20220126000087,미래에셋증권,20220126,
KOSPI,00137997,현대차증권,001500,일괄신고추가서류(파생결합증권-주가연계증권),20220126000127,현대차증권,20220126,
KOSPI,00137997,현대차증권,001500,일괄신고추가서류(파생결합사채-주가연계파생결합사채),20220126000128,현대차증권,20220126,
KOSPI,00120182,NH투자증권,005940,일괄신고추가서류(파생결합증권-주가연계증권),20220126000132,NH투자증권,20220126,
KOSPI,00120182,NH투자증권,005940,투자설명서(일괄신고),20220126000145,NH투자증권,20220126,
KOSPI,00103006,고려제강,002240,임원ㆍ주요주주특정증권등소유상황보고서,20220126000146,홍석표,20220126,
KOSPI,00103006,고려제강,002240,임원ㆍ주요주주특정증권등소유상황보고서,20220126000147,홍영철,20220126,
KOSPI,00110893,대신증권,003540,일괄신고추가서류(파생결합증권-주가연계증권),20220126000158,대신증권,20220126,
KOSPI,00104856,삼성증권,016360,일괄신고추가서류(파생결합사채-주가연계파생결합사채),20220126000160,삼성증권,20220126,
KOSPI,00115694,DB증권,016610,일괄신고추가서류(파생결합증권-주가연계증권),20220126000162,DB증권,20220126,
KOSPI,00104856,삼성증권,016360,일괄신고추가서류(파생결합증권-주가연계증권),20220126000164,삼성증권,20220126,
KOSPI,00148610,한화투자증권,003530,일괄신고추가서류(파생결합증권-주가연계증권),20220126000166,한화투자증권,20220126,
KOSPI,00110893,대신증권,003540,투자설명서(일괄신고),20220126000168,대신증권,20220126,
KOSPI,00111722,미래에셋증권,006800,일괄신고추가서류(파생결합증권-주가연계증권),20220126000170,미래에셋증권,20220126,
KOSPI,00115694,DB증권,016610,일괄신고추가서류(파생결합사채-주가연계파생결합사채),20220126000172,DB증권,20220126,
KOSPI,00111722,미래에셋증권,006800,일괄신고추가서류(파생결합사채-주가연계파생결합사채),20220126000174,미래에셋증권,20220126,
KOSPI,00104856,삼성증권,016360,일괄신고추가서류(파생결합증권-주가연계증권),20220126000176,삼성증권,20220126,
KOSPI,00115694,DB증권,016610,일괄신고추가서류(기타파생결합사채),20220126000180,DB증권,20220126,
KOSPI,00104856,삼성증권,016360,투자설명서(일괄신고),20220126000181,삼성증권,20220126,
KOSPI,00148610,한화투자증권,003530,투자설명서(일괄신고),20220126000186,한화투자증권,20220126,
KOSPI,00110893,대신증권,003540,일괄신고추가서류(파생결합증권-주가연계증권),20220126000187,대신증권,20220126,
KOSPI,00104856,삼성증권,016360,투자설명서(일괄신고),20220126000194,삼성증권,20220126,
KOSPI,00110893,대신증권,003540,투자설명서(일괄신고),20220126000195,대신증권,20220126,
KOSPI,00111722,미래에셋증권,006800,증권발행실적보고서,20220126000199,미래에셋증권,20220126,
KOSPI,00104856,삼성증권,016360,투자설명서(일괄신고),20220126000200,삼성증권,20220126,
KOSPI,00111722,미래에셋증권,006800,증권발행실적보고서,20220126000201,미래에셋증권,20220126,
KOSPI,00104856,삼성증권,016360,투자설명서(일괄신고),20220126000204,삼성증권,20220126,
KOSPI,00137997,현대차증권,001500,투자설명서(일괄신고),20220126000205,현대차증권,20220126,
KOSPI,00111722,미래에셋증권,006800,투자설명서(일괄신고),20220126000208,미래에셋증권,20220126,
KOSPI,00145163,파미셀,005690,주식등의대량보유상황보고서(일반),20220126000219,김현수,20220126,
KOSPI,00117601,유안타증권,003470,일괄신고추가서류(파생결합증권-주가연계증권),20220126000229,유안타증권,20220126,
KOSPI,00136721,신영증권,001720,일괄신고추가서류(파생결합증권-주가연계증권),20220126000231,신영증권,20220126,
KOSPI,00104856,삼성증권,016360,일괄신고추가서류(파생결합증권-주가연계증권),20220126000236,삼성증권,20220126,
KOSPI,00148610,한화투자증권,003530,일괄신고추가서류(파생결합증권-주가연계증권),20220126000240,한화투자증권,20220126,
KOSPI,00111722,미래에셋증권,006800,일괄신고추가서류(파생결합증권-주가연계증권),20220126000242,미래에셋증권,20220126,
KOSPI,00113359,교보증권,030610,일괄신고추가서류(파생결합증권-주가연계증권),20220126000245,교보증권,20220126,
KOSPI,00110893,대신증권,003540,일괄신고추가서류(파생결합증권-주가연계증권),20220126000249,대신증권,20220126,
KOSPI,00117601,유안타증권,003470,투자설명서(일괄신고),20220126000250,유안타증권,20220126,
KOSPI,00148610,한화투자증권,003530,투자설명서(일괄신고),20220126000258,한화투자증권,20220126,
KOSPI,00104856,삼성증권,016360,투자설명서(일괄신고),20220126000260,삼성증권,20220126,
KOSPI,00110893,대신증권,003540,투자설명서(일괄신고),20220126000262,대신증권,20220126,
KOSPI,00106641,기아,000270,약관에의한금융거래시계열금융회사의거래상대방의공시,20220126000271,기아,20220126,공
KOSPI,00137997,현대차증권,001500,투자설명서(일괄신고),20220126000276,현대차증권,20220126,
KOSPI,00115694,DB증권,016610,투자설명서(일괄신고),20220126000280,DB증권,20220126,
KOSPI,00115694,DB증권,016610,투자설명서(일괄신고),20220126000286,DB증권,20220126,
KOSPI,00115694,DB증권,016610,투자설명서(일괄신고),20220126000290,DB증권,20220126,
KOSPI,00684714,풍산,103140,임원ㆍ주요주주특정증권등소유상황보고서,20220126000291,곽원신,20220126,
KOSPI,00120182,NH투자증권,005940,일괄신고추가서류(파생결합증권-주가연계증권),20220126000292,NH투자증권,20220126,
KOSPI,00111722,미래에셋증권,006800,투자설명서(일괄신고),20220126000297,미래에셋증권,20220126,
KOSPI,00113359,교보증권,030610,투자설명서(일괄신고),20220126000301,교보증권,20220126,
KOSPI,00120182,NH투자증권,005940,투자설명서(일괄신고),20220126000302,NH투자증권,20220126,
KOSPI,01133217,카카오뱅크,323410,임원ㆍ주요주주특정증권등소유상황보고서,20220126000310,이지운,20220126,
KOSPI,00104856,삼성증권,016360,증권발행실적보고서,20220126000314,삼성증권,20220126,
KOSPI,00117601,유안타증권,003470,일괄신고추가서류(파생결합증권-주가연계증권),20220126000317,유안타증권,20220126,
KOSPI,00104856,삼성증권,016360,증권발행실적보고서,20220126000319,삼성증권,20220126,
KOSPI,00117601,유안타증권,003470,투자설명서(일괄신고),20220126000327,유안타증권,20220126,
KOSPI,00125743,현대비앤지스틸,004560,동일인등출자계열회사와의상품ㆍ용역거래변경,20220126000333,현대비앤지스틸,20220126,공
KOSPI,00120182,NH투자증권,005940,일괄신고추가서류(파생결합증권-주가연계증권),20220126000336,NH투자증권,20220126,
KOSPI,00120182,NH투자증권,005940,투자설명서(일괄신고),20220126000343,NH투자증권,20220126,
KOSPI,00195229,미스토홀딩스,081660,주식등의대량보유상황보고서(일반),20220126000346,피에몬테,20220126,
KOSPI,00104856,삼성증권,016360,일괄신고추가서류(파생결합증권-주가연계증권),20220126000347,삼성증권,20220126,
KOSPI,00148610,한화투자증권,003530,일괄신고추가서류(파생결합증권-주가연계증권),20220126000353,한화투자증권,20220126,
KOSPI,00111722,미래에셋증권,006800,일괄신고추가서류(파생결합증권-주가연계증권),20220126000354,미래에셋증권,20220126,
KOSPI,00113359,교보증권,030610,일괄신고추가서류(파생결합증권-주가연계증권),20220126000356,교보증권,20220126,
KOSPI,00111722,미래에셋증권,006800,일괄신고추가서류(기타파생결합사채),20220126000360,미래에셋증권,20220126,
KOSPI,00104856,삼성증권,016360,투자설명서(일괄신고),20220126000362,삼성증권,20220126,
KOSPI,00545716,롯데렌탈,089860,증권발행실적보고서,20220126000366,롯데렌탈,20220126,
KOSPI,00148610,한화투자증권,003530,투자설명서(일괄신고),20220126000368,한화투자증권,20220126,
KOSPI,00113359,교보증권,030610,투자설명서(일괄신고),20220126000369,교보증권,20220126,
KOSPI,00113359,교보증권,030610,일괄신고추가서류(파생결합증권-주가연계증권),20220126000373,교보증권,20220126,
KOSPI,00203315,콘텐트리중앙,036420,주식등의대량보유상황보고서(일반),20220126000379,중앙홀딩스,20220126,
KOSPI,00113526,대한항공,003490,증권발행실적보고서,20220126000388,대한항공,20220126,
KOSPI,00113359,교보증권,030610,투자설명서(일괄신고),20220126000390,교보증권,20220126,
KOSPI,00111722,미래에셋증권,006800,투자설명서(일괄신고),20220126000393,미래에셋증권,20220126,
KOSPI,00154462,아모레퍼시픽홀딩스,002790,주식등의대량보유상황보고서(일반),20220126000395,서경배,20220126,
KOSPI,00117230,TYM,002900,[기재정정]주요사항보고서(회사합병결정),20220126000396,TYM,20220126,
KOSPI,01009789,코스맥스,192820,주식등의대량보유상황보고서(일반),20220126000397,코스맥스비티아이,20220126,
KOSPI,00148920,조광페인트,004910,자기주식처분결과보고서,20220126000400,조광페인트,20220126,
KOSPI,01316245,효성중공업,298040,특수관계인에대한자금대여,20220126000402,효성중공업,20220126,공
KOSPI,01009789,코스맥스,192820,주식등의대량보유상황보고서(약식),20220126000406,베어링자산운용,20220126,
KOSPI,00652423,인바이오젠,101140,[기재정정]주요사항보고서(전환사채권발행결정),20220126000407,인바이오젠,20220126,정
KOSPI,00219574,코스맥스비티아이,044820,주식등의대량보유상황보고서(일반),20220126000408,이경수,20220126,
KOSPI,01428203,케이씨씨글라스,344820,증권발행실적보고서,20220126000411,케이씨씨글라스,20220126,
KOSPI,00136721,신영증권,001720,투자설명서(일괄신고),20220126000413,신영증권,20220126,
KOSPI,00105855,엘에스일렉트릭,010120,증권발행실적보고서,20220126000416,엘에스일렉트릭,20220126,
KOSPI,00117601,유안타증권,003470,일괄신고추가서류(파생결합증권-주가연계증권),20220126000418,유안타증권,20220126,
KOSPI,00113359,교보증권,030610,증권발행실적보고서,20220126000419,교보증권,20220126,
KOSPI,00120182,NH투자증권,005940,일괄신고추가서류(파생결합증권-주가연계증권),20220126000422,NH투자증권,20220126,
KOSPI,00113359,교보증권,030610,증권발행실적보고서,20220126000425,교보증권,20220126,
KOSPI,00162586,한올바이오파마,009420,주식매수선택권부여에관한신고,20220126000427,한올바이오파마,20220126,
KOSPI,01316227,효성티앤씨,298020,동일인등출자계열회사와의상품ㆍ용역거래변경,20220126000428,효성티앤씨,20220126,공
KOSPI,01316227,효성티앤씨,298020,동일인등출자계열회사와의상품ㆍ용역거래변경,20220126000430,효성티앤씨,20220126,공
KOSPI,00203315,콘텐트리중앙,036420,임원ㆍ주요주주특정증권등소유상황보고서,20220126000434,국민연금공단,20220126,
KOSPI,00120182,NH투자증권,005940,투자설명서(일괄신고),20220126000436,NH투자증권,20220126,
KOSPI,00113359,교보증권,030610,증권발행실적보고서,20220126000437,교보증권,20220126,
KOSPI,00111722,미래에셋증권,006800,일괄신고추가서류(파생결합사채-주가연계파생결합사채),20220126000443,미래에셋증권,20220126,
KOSPI,00164636,HDC,012630,주식등의대량보유상황보고서(일반),20220126000444,정몽규,20220126,
KOSPI,00111722,미래에셋증권,006800,일괄신고추가서류(파생결합증권-주가연계증권),20220126000447,미래에셋증권,20220126,
KOSPI,00113359,교보증권,030610,일괄신고추가서류(파생결합증권-주가연계증권),20220126000448,교보증권,20220126,
KOSPI,00117601,유안타증권,003470,투자설명서(일괄신고),20220126000450,유안타증권,20220126,
KOSPI,00111722,미래에셋증권,006800,일괄신고추가서류(기타파생결합사채),20220126000454,미래에셋증권,20220126,
KOSPI,00547583,하나금융지주,086790,증권발행실적보고서,20220126000460,하나금융지주,20220126,
KOSPI,00113359,교보증권,030610,투자설명서(일괄신고),20220126000461,교보증권,20220126,
KOSPI,00111722,미래에셋증권,006800,투자설명서(일괄신고),20220126000463,미래에셋증권,20220126,
KOSPI,01316254,HS효성첨단소재,298050,동일인등출자계열회사와의상품ㆍ용역거래변경,20220126000464,HS효성첨단소재,20220126,공
KOSPI,01316254,HS효성첨단소재,298050,동일인등출자계열회사와의상품ㆍ용역거래변경,20220126000467,HS효성첨단소재,20220126,공
KOSPI,00139454,애경산업,018250,동일인등출자계열회사와의상품ㆍ용역거래변경,20220126000473,애경산업,20220126,공
KOSPI,00635134,CJ제일제당,097950,증권발행실적보고서,20220126000477,CJ제일제당,20220126,
KOSPI,01515323,LG에너지솔루션,373220,최대주주등의주식보유변동,20220126000479,LG에너지솔루션,20220126,공
KOSPI,00156150,엑시큐어하이트론,019490,독립이사의선임ㆍ해임또는중도퇴임에관한신고,20220126000480,엑시큐어하이트론,20220126,
KOSPI,00117601,유안타증권,003470,증권발행실적보고서,20220126000486,유안타증권,20220126,
KOSPI,00111722,미래에셋증권,006800,투자설명서(일괄신고),20220126000490,미래에셋증권,20220126,
KOSPI,00117601,유안타증권,003470,일괄신고추가서류(파생결합증권-주가연계증권),20220126000492,유안타증권,20220126,
KOSPI,00231363,LG유플러스,032640,증권발행실적보고서,20220126000495,LG유플러스,20220126,
KOSPI,00120182,NH투자증권,005940,일괄신고추가서류(파생결합증권-주가연계증권),20220126000499,NH투자증권,20220126,
KOSPI,00159616,두산에너빌리티,034020,임원ㆍ주요주주특정증권등소유상황보고서,20220126000502,이종욱,20220126,
KOSPI,00117601,유안타증권,003470,투자설명서(일괄신고),20220126000504,유안타증권,20220126,
KOSPI,00139454,애경산업,018250,주식등의대량보유상황보고서(일반),20220126000505,AK홀딩스,20220126,
KOSPI,00111999,대원제약,003220,임원ㆍ주요주주특정증권등소유상황보고서,20220126000506,윤병호,20220126,
KOSPI,00120182,NH투자증권,005940,투자설명서(일괄신고),20220126000508,NH투자증권,20220126,
KOSPI,00120182,NH투자증권,005940,일괄신고추가서류(파생결합증권-주가연계증권),20220126000510,NH투자증권,20220126,
KOSPI,00111722,미래에셋증권,006800,투자설명서(일괄신고),20220126000511,미래에셋증권,20220126,
KOSPI,00120182,NH투자증권,005940,투자설명서(일괄신고),20220126000513,NH투자증권,20220126,
KOSPI,00143651,웅진,016880,주식등의대량보유상황보고서(일반),20220126000515,윤형덕,20220126,
KOSPI,00111722,미래에셋증권,006800,투자설명서(일괄신고),20220126000520,미래에셋증권,20220126,
KOSPI,00190321,케이티,030200,[발행조건확정]증권신고서(채무증권),20220126000521,케이티,20220126,
KOSPI,00148993,하이트진로홀딩스,000140,[발행조건확정]증권신고서(채무증권),20220126000522,하이트진로홀딩스,20220126,
KOSPI,00170558,코웨이,021240,[발행조건확정]증권신고서(채무증권),20220126000526,코웨이,20220126,
KOSPI,00111722,미래에셋증권,006800,투자설명서(일괄신고),20220126000527,미래에셋증권,20220126,
KOSPI,00164788,현대모비스,012330,매출액또는손익구조30%(대규모법인은15%)이상변경,20220126800002,현대모비스,20220126,유
KOSPI,00164788,현대모비스,012330,공정거래자율준수프로그램운영현황(안내공시),20220126800004,현대모비스,20220126,유
KOSPI,00164788,현대모비스,012330,기업설명회(IR)개최(안내공시),20220126800007,현대모비스,20220126,유
KOSPI,00164788,현대모비스,012330,연결재무제표기준영업(잠정)실적(공정공시),20220126800094,현대모비스,20220126,유
KOSPI,00339391,한화시스템,272210,[기재정정]단일판매ㆍ공급계약체결,20220126800111,한화시스템,20220126,유
KOSPI,00106395,금호전기,001210,전환가액ㆍ신주인수권행사가액ㆍ교환가액의조정(안내공시),20220126800132,금호전기,20220126,유
KOSPI,00105606,금호에이치티,214330,[기재정정]전환가액ㆍ신주인수권행사가액ㆍ교환가액의조정(안내공시),20220126800141,금호에이치티,20220126,유
KOSPI,00124504,포스코인터내셔널,047050,연결재무제표기준영업(잠정)실적(공정공시),20220126800160,포스코인터내셔널,20220126,유
KOSPI,00124504,포스코인터내셔널,047050,매출액또는손익구조30%(대규모법인은15%)이상변경,20220126800168,포스코인터내셔널,20220126,유
KOSPI,00137997,현대차증권,001500,공정거래자율준수프로그램운영현황(안내공시),20220126800173,현대차증권,20220126,유
KOSPI,00350312,HDC랩스,039570,단일판매ㆍ공급계약체결,20220126800187,HDC랩스,20220126,유
KOSPI,01510489,프레스티지바이오파마,950210,유상증자결정(종속회사의주요경영사항),20220126800188,프레스티지바이오파마,20220126,유정
KOSPI,00137997,현대차증권,001500,매출액또는손익구조30%(대규모법인은15%)이상변경,20220126800196,현대차증권,20220126,유
KOSPI,00155276,포스코퓨처엠,003670,영업(잠정)실적(공정공시),20220126800209,포스코퓨처엠,20220126,유
KOSPI,00155276,포스코퓨처엠,003670,연결재무제표기준영업(잠정)실적(공정공시),20220126800210,포스코퓨처엠,20220126,유
KOSPI,00155276,포스코퓨처엠,003670,매출액또는손익구조30%(대규모법인은15%)이상변경,20220126800211,포스코퓨처엠,20220126,유
KOSPI,00155276,포스코퓨처엠,003670,현금ㆍ현물배당결정,20220126800212,포스코퓨처엠,20220126,유
KOSPI,00260408,팜스코,036580,매출액또는손익구조30%(대규모법인은15%)이상변경,20220126800234,팜스코,20220126,유
KOSPI,00367844,자이에스앤디,317400,영업(잠정)실적(공정공시),20220126800241,자이에스앤디,20220126,유
KOSPI,00367844,자이에스앤디,317400,매출액또는손익구조30%(대규모법인은15%)이상변경,20220126800242,자이에스앤디,20220126,유
KOSPI,00367844,자이에스앤디,317400,영업실적등에대한전망(공정공시),20220126800243,자이에스앤디,20220126,유
KOSPI,00126371,삼성전기,009150,연결재무제표기준영업(잠정)실적(공정공시),20220126800251,삼성전기,20220126,유
KOSPI,00126371,삼성전기,009150,현금ㆍ현물배당결정,20220126800284,삼성전기,20220126,유
KOSPI,00126371,삼성전기,009150,매출액또는손익구조30%(대규모법인은15%)이상변경,20220126800304,삼성전기,20220126,유
KOSPI,01437186,ESR켄달스퀘어리츠,365550,주주총회소집결의,20220126800315,ESR켄달스퀘어리츠,20220126,유
KOSPI,00106641,기아,000270,연결재무제표기준영업(잠정)실적(공정공시),20220126800318,기아,20220126,유
KOSPI,00156859,다올투자증권,030210,매출액또는손익구조30%(대규모법인은15%)이상변경,20220126800321,다올투자증권,20220126,유정
KOSPI,00106641,기아,000270,장래사업ㆍ경영계획(공정공시),20220126800331,기아,20220126,유
KOSPI,00106641,기아,000270,매출액또는손익구조30%(대규모법인은15%)이상변경,20220126800334,기아,20220126,유
KOSPI,00414850,효성 ITX,094280,연결재무제표기준영업(잠정)실적(공정공시),20220126800347,효성 ITX,20220126,유
KOSPI,00156859,다올투자증권,030210,연결재무제표기준영업(잠정)실적(공정공시),20220126800363,다올투자증권,20220126,유
KOSPI,00106641,기아,000270,현금ㆍ현물배당결정,20220126800369,기아,20220126,유
KOSPI,00106641,기아,000270,공정거래자율준수프로그램운영현황(안내공시),20220126800371,기아,20220126,유
KOSPI,00164478,현대건설,000720,매출액또는손익구조30%(대규모법인은15%)이상변경,20220126800373,현대건설,20220126,유
KOSPI,00164478,현대건설,000720,연결재무제표기준영업(잠정)실적(공정공시),20220126800374,현대건설,20220126,유
KOSPI,00108241,농심,004370,현금ㆍ현물배당결정,20220126800388,농심,20220126,유
KOSPI,00459871,농심홀딩스,072710,현금ㆍ현물배당결정(자회사의 주요경영사항),20220126800389,농심홀딩스,20220126,유
KOSPI,00164478,현대건설,000720,영업실적등에대한전망(공정공시),20220126800395,현대건설,20220126,유
KOSPI,00139889,SKC,011790,[기재정정]기업설명회(IR)개최(안내공시),20220126800396,SKC,20220126,유
KOSPI,00163673,한진중공업홀딩스,003480,[기재정정]유상증자결정(자회사의 주요경영사항),20220126800412,한진중공업홀딩스,20220126,유정
KOSPI,00163673,한진중공업홀딩스,003480,현금ㆍ현물배당결정(자회사의 주요경영사항),20220126800416,한진중공업홀딩스,20220126,유
KOSPI,00108241,농심,004370,주주총회소집결의,20220126800430,농심,20220126,유정
KOSPI,00114093,덕성,004830,대표이사(대표집행임원)변경(안내공시),20220126800435,덕성,20220126,유
KOSPI,01310269,IPARK현대산업개발,294870,타인에대한채무보증결정,20220126800437,IPARK현대산업개발,20220126,유
KOSPI,01310269,IPARK현대산업개발,294870,타인에대한채무보증결정,20220126800440,IPARK현대산업개발,20220126,유
KOSPI,00115065,동남합성,023450,영업(잠정)실적(공정공시),20220126800458,동남합성,20220126,유
KOSPI,00105961,LG이노텍,011070,연결재무제표기준영업(잠정)실적(공정공시),20220126800459,LG이노텍,20220126,유
KOSPI,00164636,HDC,012630,타인에대한채무보증결정(자회사의 주요경영사항),20220126800460,HDC,20220126,유
KOSPI,01325979,세아제강,306200,주주총회소집결의,20220126800469,세아제강,20220126,유
KOSPI,00164636,HDC,012630,타인에대한채무보증결정(자회사의 주요경영사항),20220126800470,HDC,20220126,유
KOSPI,01325979,세아제강,306200,현금ㆍ현물배당결정,20220126800471,세아제강,20220126,유
KOSPI,01325979,세아제강,306200,매출액또는손익구조30%(대규모법인은15%)이상변경,20220126800474,세아제강,20220126,유
KOSPI,00105873,LG디스플레이,034220,연결재무제표기준영업(잠정)실적(공정공시),20220126800479,LG디스플레이,20220126,유
KOSPI,00105873,LG디스플레이,034220,매출액또는손익구조30%(대규모법인은15%)이상변경,20220126800484,LG디스플레이,20220126,유
KOSPI,00133511,SG세계물산,004060,금전대여결정,20220126800486,SG세계물산,20220126,유
KOSPI,00103006,고려제강,002240,최대주주등소유주식변동신고서(최대주주변경시),20220126800487,고려제강,20220126,유
KOSPI,00124197,세아제강지주,003030,현금ㆍ현물배당결정(자회사의 주요경영사항),20220126800488,세아제강지주,20220126,유
KOSPI,00149655,삼성물산,028260,[기재정정]단일판매ㆍ공급계약체결,20220126800490,삼성물산,20220126,유정
KOSPI,00124504,포스코인터내셔널,047050,현금ㆍ현물배당결정,20220126800493,포스코인터내셔널,20220126,유
KOSPI,00120030,GS건설,006360,단일판매ㆍ공급계약체결,20220126800494,GS건설,20220126,유정
KOSPI,00124197,세아제강지주,003030,매출액또는손익구조30%(대규모법인은15%)이상변경(자회사의 주요경영사항),20220126800497,세아제강지주,20220126,유
KOSPI,00120030,GS건설,006360,연결재무제표기준영업(잠정)실적(공정공시),20220126800500,GS건설,20220126,유
KOSPI,00120030,GS건설,006360,매출액또는손익구조30%(대규모법인은15%)이상변경,20220126800502,GS건설,20220126,유
KOSPI,00149655,삼성물산,028260,[기재정정]단일판매ㆍ공급계약체결,20220126800503,삼성물산,20220126,유정
KOSPI,00120030,GS건설,006360,연결재무제표기준영업실적등에대한전망(공정공시),20220126800505,GS건설,20220126,유
KOSPI,00105873,LG디스플레이,034220,수시공시의무관련사항(공정공시),20220126800506,LG디스플레이,20220126,유
KOSPI,00130772,SBS,034120,매출액또는손익구조30%(대규모법인은15%)이상변경,20220126800507,SBS,20220126,유정
KOSPI,00148610,한화투자증권,003530,결산실적공시예고(안내공시),20220126800513,한화투자증권,20220126,유
KOSPI,00105873,LG디스플레이,034220,현금ㆍ현물배당결정,20220126800514,LG디스플레이,20220126,유
KOSPI,00105961,LG이노텍,011070,현금ㆍ현물배당결정,20220126800515,LG이노텍,20220126,유
KOSPI,00163716,한창,005110,[기재정정]금전대여결정,20220126800520,한창,20220126,유정
KOSPI,00105961,LG이노텍,011070,수시공시의무관련사항(공정공시),20220126800522,LG이노텍,20220126,유
KOSPI,00105961,LG이노텍,011070,매출액또는손익구조30%(대규모법인은15%)이상변경,20220126800526,LG이노텍,20220126,유
KOSPI,00111458,대영포장,014160,매출액또는손익구조30%(대규모법인은15%)이상변경,20220126800531,대영포장,20220126,유
KOSPI,00105961,LG이노텍,011070,신규시설투자등,20220126800533,LG이노텍,20220126,유
KOSPI,00360595,현대글로비스,086280,연결재무제표기준영업(잠정)실적(공정공시),20220126800545,현대글로비스,20220126,유
KOSPI,00117188,효성,004800,타인에대한채무보증결정,20220126800568,효성,20220126,유
KOSPI,00117188,효성,004800,매출액또는손익구조30%(대규모법인은15%)이상변경,20220126800571,효성,20220126,유
KOSPI,00148920,조광페인트,004910,유상증자또는주식관련사채등의발행결과(자율공시),20220126800574,조광페인트,20220126,유
KOSPI,01497869,티와이홀딩스,363280,매출액또는손익구조30%(대규모법인은15%)이상변경(자회사의 주요경영사항),20220126800575,티와이홀딩스,20220126,유정
KOSPI,00103006,고려제강,002240,최대주주변경,20220126800579,고려제강,20220126,유
KOSPI,00360595,현대글로비스,086280,매출액또는손익구조30%(대규모법인은15%)이상변경,20220126800588,현대글로비스,20220126,유
KOSPI,00360595,현대글로비스,086280,현금ㆍ현물배당결정,20220126800600,현대글로비스,20220126,유
KOSPI,00117188,효성,004800,연결재무제표기준영업(잠정)실적(공정공시),20220126800603,효성,20220126,유
KOSPI,00688996,KB금융,105560,기업설명회(IR)개최(안내공시),20220126800607,KB금융,20220126,유
KOSPI,00688996,KB금융,105560,결산실적공시예고(안내공시),20220126800610,KB금융,20220126,유
KOSPI,00138729,아세아제지,002310,매출액또는손익구조30%(대규모법인은15%)이상변경,20220126800624,아세아제지,20220126,유정
KOSPI,00117188,효성,004800,기업설명회(IR)개최(안내공시),20220126800635,효성,20220126,유
KOSPI,01316245,효성중공업,298040,연결재무제표기준영업(잠정)실적(공정공시),20220126800654,효성중공업,20220126,유
KOSPI,01316245,효성중공업,298040,매출액또는손익구조30%(대규모법인은15%)이상변경,20220126800656,효성중공업,20220126,유
KOSPI,00154462,아모레퍼시픽홀딩스,002790,최대주주등소유주식변동신고서,20220126800658,아모레퍼시픽홀딩스,20220126,유
KOSPI,00203315,콘텐트리중앙,036420,기타경영사항(자율공시),20220126800660,콘텐트리중앙,20220126,유
KOSPI,00583424,아모레퍼시픽,090430,결산실적공시예고(안내공시),20220126800666,아모레퍼시픽,20220126,유
KOSPI,00149655,삼성물산,028260,연결재무제표기준영업(잠정)실적(공정공시),20220126800668,삼성물산,20220126,유
KOSPI,01316245,효성중공업,298040,기업설명회(IR)개최(안내공시),20220126800669,효성중공업,20220126,유
KOSPI,00936787,애경케미칼,161000,현금ㆍ현물배당결정,20220126800670,애경케미칼,20220126,유
KOSPI,00125080,AK홀딩스,006840,현금ㆍ현물배당결정(자회사의 주요경영사항),20220126800671,AK홀딩스,20220126,유
KOSPI,00149655,삼성물산,028260,현금ㆍ현물배당결정,20220126800672,삼성물산,20220126,유
KOSPI,00154462,아모레퍼시픽홀딩스,002790,결산실적공시예고(안내공시),20220126800677,아모레퍼시픽홀딩스,20220126,유
KOSPI,00149655,삼성물산,028260,연결재무제표기준영업실적등에대한전망(공정공시),20220126800679,삼성물산,20220126,유정
KOSPI,00117188,효성,004800,매출액또는손익구조30%(대규모법인은15%)이상변경(자회사의 주요경영사항),20220126800680,효성,20220126,유
KOSPI,00131850,SK증권,001510,매출액또는손익구조30%(대규모법인은15%)이상변경,20220126800683,SK증권,20220126,유정
KOSPI,00152039,SG글로벌,001380,매출액또는손익구조30%(대규모법인은15%)이상변경,20220126800696,SG글로벌,20220126,유
KOSPI,00131850,SK증권,001510,타법인주식및출자증권취득결정,20220126800697,SK증권,20220126,유정
KOSPI,01316227,효성티앤씨,298020,연결재무제표기준영업(잠정)실적(공정공시),20220126800712,효성티앤씨,20220126,유
KOSPI,00401731,LG전자,066570,매출액또는손익구조30%(대규모법인은15%)이상변경,20220126800714,LG전자,20220126,유
KOSPI,00128980,삼호개발,010960,[기재정정]단일판매ㆍ공급계약체결,20220126800725,삼호개발,20220126,유정
KOSPI,00117230,TYM,002900,[기재정정]회사합병결정(종속회사의주요경영사항),20220126800728,TYM,20220126,유
KOSPI,00135777,신대양제지,016590,대표이사(대표집행임원)변경(안내공시),20220126800740,신대양제지,20220126,유
KOSPI,00120021,LG,003550,매출액또는손익구조30%(대규모법인은15%)이상변경(자회사의 주요경영사항),20220126800741,LG,20220126,유
KOSPI,00164636,HDC,012630,최대주주등소유주식변동신고서,20220126800749,HDC,20220126,유
KOSPI,00111458,대영포장,014160,대표이사(대표집행임원)변경(안내공시),20220126800753,대영포장,20220126,유
KOSPI,01316227,효성티앤씨,298020,기업설명회(IR)개최(안내공시),20220126800759,효성티앤씨,20220126,유
KOSPI,00222532,LG헬로비전,037560,현금ㆍ현물배당결정,20220126800772,LG헬로비전,20220126,유
KOSPI,01234297,미원에스씨,268280,매출액또는손익구조30%(대규모법인은15%)이상변경,20220126800773,미원에스씨,20220126,유정
KOSPI,01316254,HS효성첨단소재,298050,매출액또는손익구조30%(대규모법인은15%)이상변경,20220126800775,HS효성첨단소재,20220126,유
KOSPI,00129679,녹십자,006280,공정거래자율준수프로그램운영현황(안내공시),20220126800776,녹십자,20220126,유
KOSPI,01316254,HS효성첨단소재,298050,연결재무제표기준영업(잠정)실적(공정공시),20220126800777,HS효성첨단소재,20220126,유
KOSPI,01316236,효성화학,298000,매출액또는손익구조30%(대규모법인은15%)이상변경,20220126800779,효성화학,20220126,유
KOSPI,00631518,SK이노베이션,096770,매출액또는손익구조30%(대규모법인은15%)이상변경(자회사의 주요경영사항),20220126800780,SK이노베이션,20220126,유
KOSPI,00401731,LG전자,066570,수시공시의무관련사항(공정공시),20220126800782,LG전자,20220126,유
KOSPI,01497869,티와이홀딩스,363280,타법인주식및출자증권취득결정(자회사의 주요경영사항),20220126800786,티와이홀딩스,20220126,유
KOSPI,00936787,애경케미칼,161000,매출액또는손익구조30%(대규모법인은15%)이상변경,20220126800787,애경케미칼,20220126,유
KOSPI,01316236,효성화학,298000,연결재무제표기준영업(잠정)실적(공정공시),20220126800788,효성화학,20220126,유
KOSPI,00222532,LG헬로비전,037560,매출액또는손익구조30%(대규모법인은15%)이상변경,20220126800789,LG헬로비전,20220126,유
KOSPI,01316227,효성티앤씨,298020,매출액또는손익구조30%(대규모법인은15%)이상변경,20220126800792,효성티앤씨,20220126,유
KOSPI,00401731,LG전자,066570,현금ㆍ현물배당결정,20220126800796,LG전자,20220126,유
KOSPI,00120021,LG,003550,현금ㆍ현물배당결정(자회사의 주요경영사항),20220126800797,LG,20220126,유
KOSPI,00706715,미원홀딩스,107590,매출액또는손익구조30%(대규모법인은15%)이상변경(자회사의 주요경영사항),20220126800798,미원홀딩스,20220126,유정
KOSPI,00222532,LG헬로비전,037560,연결재무제표기준영업(잠정)실적(공정공시),20220126800799,LG헬로비전,20220126,유
KOSPI,00855163,미원화학,134380,최대주주등소유주식변동신고서,20220126800802,미원화학,20220126,유
KOSPI,00222532,LG헬로비전,037560,수시공시의무관련사항(공정공시),20220126800805,LG헬로비전,20220126,유
KOSPI,00181712,SK,034730,매출액또는손익구조30%(대규모법인은15%)이상변경(자회사의 주요경영사항),20220126800809,SK,20220126,유
KOSPI,00125080,AK홀딩스,006840,매출액또는손익구조30%(대규모법인은15%)이상변경(자회사의 주요경영사항),20220126800816,AK홀딩스,20220126,유
KOSPI,00159218,한전KPS,051600,[기재정정]단일판매ㆍ공급계약체결,20220126800824,한전KPS,20220126,유정
KOSPI,00105952,LS,006260,매출액또는손익구조30%(대규모법인은15%)이상변경(자회사의 주요경영사항),20220126800826,LS,20220126,유
KOSPI,01316254,HS효성첨단소재,298050,기업설명회(IR)개최(안내공시),20220126800834,HS효성첨단소재,20220126,유
KOSPI,00103176,흥국화재,000540,매출액또는손익구조30%(대규모법인은15%)이상변경,20220126800837,흥국화재,20220126,유정
KOSPI,00164478,현대건설,000720,[기재정정]단일판매ㆍ공급계약체결,20220126800839,현대건설,20220126,유정
KOSPI,00178754,동아지질,028100,[기재정정]단일판매ㆍ공급계약체결,20220126800846,동아지질,20220126,유정
KOSPI,00138792,아시아나항공,020560,[기재정정]벌금등의부과,20220126800852,아시아나항공,20220126,유정
KOSPI,01316236,효성화학,298000,기업설명회(IR)개최(안내공시),20220126800862,효성화학,20220126,유
KOSPI,00149655,삼성물산,028260,매출액또는손익구조30%(대규모법인은15%)이상변경,20220126800871,삼성물산,20220126,유
KOSPI,00121932,미원상사,002840,최대주주등소유주식변동신고서,20220126800882,미원상사,20220126,유
KOSPI,00861076,케이탑리츠,145270,최대주주등소유주식변동신고서,20220126800884,케이탑리츠,20220126,유
KOSPI,01394377,이지스밸류플러스리츠,334890,타법인주식및출자증권취득결정(자율공시),20220126800889,이지스밸류플러스리츠,20220126,유
KOSPI,00113058,한화생명,088350,결산실적공시예고(안내공시),20220126800890,한화생명,20220126,유정
KOSPI,01394377,이지스밸류플러스리츠,334890,유상증자결정(자율공시)(종속회사의주요경영사항),20220126800897,이지스밸류플러스리츠,20220126,유정
KOSPI,00170558,코웨이,021240,투자설명서,20220127000006,코웨이,20220127,
KOSPI,00148993,하이트진로홀딩스,000140,투자설명서,20220127000019,하이트진로홀딩스,20220127,
KOSPI,00190321,케이티,030200,투자설명서,20220127000022,케이티,20220127,
KOSPI,00131054,유진증권,001200,증권발행실적보고서,20220127000026,유진증권,20220127,
KOSPI,00104856,삼성증권,016360,일괄신고추가서류(파생결합증권-주가연계증권),20220127000037,삼성증권,20220127,
KOSPI,00115694,DB증권,016610,일괄신고추가서류(파생결합사채-주가연계파생결합사채),20220127000040,DB증권,20220127,
KOSPI,00104856,삼성증권,016360,투자설명서(일괄신고),20220127000041,삼성증권,20220127,
KOSPI,01105153,두산로보틱스,454910,최대주주등의주식보유변동,20220127000046,두산로보틱스,20220127,공
KOSPI,00148610,한화투자증권,003530,증권발행실적보고서,20220127000049,한화투자증권,20220127,
KOSPI,00115694,DB증권,016610,투자설명서(일괄신고),20220127000062,DB증권,20220127,
KOSPI,00878915,iM금융지주,139130,주식등의대량보유상황보고서(약식),20220127000072,국민연금공단,20220127,
KOSPI,00126362,삼성SDI,006400,특수관계인과의보험거래,20220127000073,삼성SDI,20220127,공
KOSPI,00126362,삼성SDI,006400,동일인등출자계열회사와의상품ㆍ용역거래,20220127000075,삼성SDI,20220127,공
KOSPI,00296290,키움증권,039490,일괄신고추가서류(파생결합사채-주가연계파생결합사채),20220127000079,키움증권,20220127,
KOSPI,00163716,한창,005110,주식등의대량보유상황보고서(일반),20220127000080,매지움,20220127,
KOSPI,01234297,미원에스씨,268280,임원ㆍ주요주주특정증권등소유상황보고서,20220127000083,조성서,20220127,
KOSPI,00296290,키움증권,039490,투자설명서(일괄신고),20220127000091,키움증권,20220127,
KOSPI,00163345,DB,012030,임원ㆍ주요주주특정증권등소유상황보고서,20220127000092,강운식,20220127,
KOSPI,00159023,SK텔레콤,017670,자기주식처분결과보고서,20220127000107,SK텔레콤,20220127,
KOSPI,00136271,신성이엔지,011930,임원ㆍ주요주주특정증권등소유상황보고서,20220127000109,김수재,20220127,
KOSPI,00120182,NH투자증권,005940,일괄신고추가서류(파생결합사채-주가연계파생결합사채),20220127000137,NH투자증권,20220127,
KOSPI,00296290,키움증권,039490,일괄신고추가서류(파생결합증권-주가연계증권),20220127000148,키움증권,20220127,
KOSPI,00173944,우진,105840,주식등의대량보유상황보고서(일반),20220127000153,이재원,20220127,
KOSPI,00296290,키움증권,039490,투자설명서(일괄신고),20220127000156,키움증권,20220127,
KOSPI,00120182,NH투자증권,005940,투자설명서(일괄신고),20220127000158,NH투자증권,20220127,
KOSPI,00450010,씨티알모빌리티,308170,주요사항보고서(회사합병결정),20220127000160,씨티알모빌리티,20220127,정
KOSPI,00679314,동성케미컬,102260,주요사항보고서(자기주식취득신탁계약체결결정),20220127000161,동성케미컬,20220127,
KOSPI,00159193,한국전력공사,015760,독립이사의선임ㆍ해임또는중도퇴임에관한신고,20220127000163,한국전력공사,20220127,
KOSPI,00171265,파라다이스,034230,주식등의대량보유상황보고서(일반),20220127000170,파라다이스글로벌,20220127,
KOSPI,00101628,경방,000050,자기주식취득결과보고서,20220127000179,경방,20220127,
KOSPI,00296290,키움증권,039490,일괄신고추가서류(파생결합증권-주가연계증권),20220127000197,키움증권,20220127,
KOSPI,00117601,유안타증권,003470,일괄신고추가서류(파생결합증권-주가연계증권),20220127000207,유안타증권,20220127,
KOSPI,01350869,우리금융지주,316140,독립이사의선임ㆍ해임또는중도퇴임에관한신고,20220127000217,우리금융지주,20220127,
KOSPI,00117601,유안타증권,003470,투자설명서(일괄신고),20220127000225,유안타증권,20220127,
KOSPI,00111722,미래에셋증권,006800,주요사항보고서(자기주식취득결정),20220127000239,미래에셋증권,20220127,
KOSPI,01415892,제이알글로벌리츠,348950,주식등의대량보유상황보고서(약식),20220127000245,미래에셋자산운용,20220127,
KOSPI,00135050,팜젠사이언스,004720,임원ㆍ주요주주특정증권등소유상황보고서,20220127000248,배정익,20220127,
KOSPI,00111722,미래에셋증권,006800,특수관계인에대한출자,20220127000257,미래에셋증권,20220127,공
KOSPI,01261893,케이씨텍,281820,임원ㆍ주요주주특정증권등소유상황보고서,20220127000259,서태욱,20220127,
KOSPI,00296290,키움증권,039490,투자설명서(일괄신고),20220127000267,키움증권,20220127,
KOSPI,00113410,CJ대한통운,000120,임원ㆍ주요주주특정증권등소유상황보고서,20220127000268,윤상현,20220127,
KOSPI,00113526,대한항공,003490,특수관계인에대한출자,20220127000270,대한항공,20220127,공
KOSPI,00113359,교보증권,030610,임원ㆍ주요주주특정증권등소유상황보고서,20220127000275,이찬우,20220127,
KOSPI,00113410,CJ대한통운,000120,임원ㆍ주요주주특정증권등소유상황보고서,20220127000281,강원석,20220127,
KOSPI,00120526,롯데쇼핑,023530,[기재정정]주요사항보고서(회사합병결정),20220127000288,롯데쇼핑,20220127,
KOSPI,00148993,하이트진로홀딩스,000140,증권발행실적보고서,20220127000294,하이트진로홀딩스,20220127,
KOSPI,00684802,에이플러스에셋,244920,임원ㆍ주요주주특정증권등소유상황보고서,20220127000296,이용국,20220127,
KOSPI,00170558,코웨이,021240,증권발행실적보고서,20220127000298,코웨이,20220127,
KOSPI,00117498,스틱인베스트먼트,026890,임원ㆍ주요주주특정증권등소유상황보고서,20220127000299,이상현,20220127,
KOSPI,00190321,케이티,030200,증권발행실적보고서,20220127000301,케이티,20220127,
KOSPI,00161693,한샘,009240,임원ㆍ주요주주특정증권등소유상황보고서,20220127000313,김진태,20220127,
KOSPI,00117601,유안타증권,003470,일괄신고추가서류(파생결합증권-주가연계증권),20220127000318,유안타증권,20220127,
KOSPI,00103662,광명전기,017040,주식등의대량보유상황보고서(일반),20220127000330,이재광,20220127,
KOSPI,00164742,현대자동차,005380,특수관계인으로부터기타유가증권매수,20220127000334,현대자동차,20220127,공
KOSPI,00173795,신흥,004080,임원ㆍ주요주주특정증권등소유상황보고서,20220127000337,이용익,20220127,
KOSPI,00117601,유안타증권,003470,투자설명서(일괄신고),20220127000339,유안타증권,20220127,
KOSPI,00106395,금호전기,001210,[기재정정]주요사항보고서(유상증자결정),20220127000340,금호전기,20220127,정
KOSPI,00161693,한샘,009240,주식등의대량보유상황보고서(일반),20220127000342,하임,20220127,
KOSPI,00117179,디와이,013570,주식등의대량보유상황보고서(일반),20220127000343,조병호,20220127,
KOSPI,00117179,디와이,013570,임원ㆍ주요주주특정증권등소유상황보고서,20220127000344,조병호,20220127,
KOSPI,01394377,이지스밸류플러스리츠,334890,반기보고서 (2021.11),20220127000351,이지스밸류플러스리츠,20220127,
KOSPI,00508344,SK디앤디,210980,[기재정정]특수관계인과의내부거래,20220127000361,SK디앤디,20220127,공
KOSPI,00652423,인바이오젠,101140,[기재정정]주요사항보고서(유상증자결정),20220127000363,인바이오젠,20220127,정
KOSPI,00138792,아시아나항공,020560,특수관계인에대한자금대여,20220127000364,아시아나항공,20220127,공
KOSPI,00111722,미래에셋증권,006800,증권발행실적보고서,20220127000366,미래에셋증권,20220127,
KOSPI,00111722,미래에셋증권,006800,증권발행실적보고서,20220127000370,미래에셋증권,20220127,
KOSPI,00159616,두산에너빌리티,034020,주식등의대량보유상황보고서(일반),20220127000372,두산,20220127,
KOSPI,00111722,미래에셋증권,006800,증권발행실적보고서,20220127000375,미래에셋증권,20220127,
KOSPI,00106395,금호전기,001210,임원ㆍ주요주주특정증권등소유상황보고서,20220127000378,정규용,20220127,
KOSPI,00111722,미래에셋증권,006800,증권발행실적보고서,20220127000380,미래에셋증권,20220127,
KOSPI,00108038,엔피씨,004250,임원ㆍ주요주주특정증권등소유상황보고서,20220127000382,박두식,20220127,
KOSPI,00124540,대우건설,047040,주주총회소집공고,20220127000389,대우건설,20220127,정
KOSPI,00124540,대우건설,047040,의결권대리행사권유참고서류,20220127000391,대우건설,20220127,정
KOSPI,00159616,두산에너빌리티,034020,임원ㆍ주요주주특정증권등소유상황보고서,20220127000393,강석주,20220127,
KOSPI,00500254,GS,078930,주식등의대량보유상황보고서(일반),20220127000394,허창수,20220127,
KOSPI,00121941,대상,001680,[발행조건확정]증권신고서(채무증권),20220127000401,대상,20220127,
KOSPI,00120076,LX인터내셔널,001120,[발행조건확정]증권신고서(채무증권),20220127000413,LX인터내셔널,20220127,
KOSPI,00266961,NAVER,035420,타법인주식및출자증권취득결정,20220127800001,NAVER,20220127,유정
KOSPI,00266961,NAVER,035420,매출액또는손익구조30%(대규모법인은15%)이상변경,20220127800002,NAVER,20220127,유
KOSPI,00266961,NAVER,035420,연결재무제표기준영업(잠정)실적(공정공시),20220127800004,NAVER,20220127,유정
KOSPI,00266961,NAVER,035420,영업(잠정)실적(공정공시),20220127800005,NAVER,20220127,유
KOSPI,00266961,NAVER,035420,현금ㆍ현물배당결정,20220127800009,NAVER,20220127,유
KOSPI,00266961,NAVER,035420,수시공시의무관련사항(공정공시),20220127800010,NAVER,20220127,유정
KOSPI,00860332,메리츠금융지주,138040,매출액또는손익구조30%(대규모법인은15%)이상변경(자회사의 주요경영사항),20220127800013,메리츠금융지주,20220127,유
KOSPI,00266961,NAVER,035420,[기재정정]연결재무제표기준영업(잠정)실적(공정공시),20220127800045,NAVER,20220127,유
KOSPI,00302926,현대로템,064350,매출액또는손익구조30%(대규모법인은15%)이상변경,20220127800055,현대로템,20220127,유
KOSPI,00126380,삼성전자,005930,[기재정정]연결재무제표기준영업(잠정)실적(공정공시),20220127800059,삼성전자,20220127,유
KOSPI,00126380,삼성전자,005930,연결재무제표기준영업(잠정)실적(공정공시),20220127800060,삼성전자,20220127,유
KOSPI,00164830,HD한국조선해양,009540,단일판매ㆍ공급계약체결(자회사의 주요경영사항),20220127800064,HD한국조선해양,20220127,유
KOSPI,00124540,대우건설,047040,연결재무제표기준영업(잠정)실적(공정공시),20220127800065,대우건설,20220127,유
KOSPI,00124540,대우건설,047040,매출액또는손익구조30%(대규모법인은15%)이상변경,20220127800067,대우건설,20220127,유
KOSPI,00302926,현대로템,064350,연결재무제표기준영업(잠정)실적(공정공시),20220127800068,현대로템,20220127,유
KOSPI,00126380,삼성전자,005930,현금ㆍ현물배당결정,20220127800072,삼성전자,20220127,유
KOSPI,01205709,HD현대,267250,단일판매ㆍ공급계약체결(자회사의 주요경영사항),20220127800074,HD현대,20220127,유
KOSPI,00126380,삼성전자,005930,매출액또는손익구조30%(대규모법인은15%)이상변경,20220127800077,삼성전자,20220127,유
KOSPI,00124540,대우건설,047040,연결재무제표기준영업실적등에대한전망(공정공시),20220127800081,대우건설,20220127,유
KOSPI,00126186,삼성에스디에스,018260,연결재무제표기준영업(잠정)실적(공정공시),20220127800082,삼성에스디에스,20220127,유
KOSPI,00126186,삼성에스디에스,018260,매출액또는손익구조30%(대규모법인은15%)이상변경,20220127800087,삼성에스디에스,20220127,유
KOSPI,00138279,S-Oil,010950,연결재무제표기준영업(잠정)실적(공정공시),20220127800088,S-Oil,20220127,유
KOSPI,00138279,S-Oil,010950,매출액또는손익구조30%(대규모법인은15%)이상변경,20220127800091,S-Oil,20220127,유정
KOSPI,00937324,한국타이어앤테크놀로지,161390,기업설명회(IR)개최(안내공시),20220127800101,한국타이어앤테크놀로지,20220127,유
KOSPI,00302926,현대로템,064350,기업설명회(IR)개최(안내공시),20220127800102,현대로템,20220127,유
KOSPI,00126186,삼성에스디에스,018260,현금ㆍ현물배당결정,20220127800126,삼성에스디에스,20220127,유
KOSPI,00124540,대우건설,047040,단일판매ㆍ공급계약체결,20220127800143,대우건설,20220127,유정
KOSPI,00159698,지역난방공사,071320,영업(잠정)실적(공정공시),20220127800167,지역난방공사,20220127,유
KOSPI,00153621,참엔지니어링,009310,단일판매ㆍ공급계약체결,20220127800172,참엔지니어링,20220127,유정
KOSPI,00126308,삼성E&A,028050,연결재무제표기준영업(잠정)실적(공정공시),20220127800189,삼성E&A,20220127,유
KOSPI,00126308,삼성E&A,028050,매출액또는손익구조30%(대규모법인은15%)이상변경,20220127800191,삼성E&A,20220127,유
KOSPI,00126308,삼성E&A,028050,연결재무제표기준영업실적등에대한전망(공정공시),20220127800192,삼성E&A,20220127,유
KOSPI,00126308,삼성E&A,028050,장래사업ㆍ경영계획(공정공시),20220127800193,삼성E&A,20220127,유
KOSPI,01510489,프레스티지바이오파마,950210,투자판단관련주요경영사항,20220127800201,프레스티지바이오파마,20220127,유
KOSPI,00160232,KSS해운,044450,연결재무제표기준영업(잠정)실적(공정공시),20220127800202,KSS해운,20220127,유정
KOSPI,00160232,KSS해운,044450,단일판매ㆍ공급계약체결,20220127800204,KSS해운,20220127,유
KOSPI,00706715,미원홀딩스,107590,매출액또는손익구조30%(대규모법인은15%)이상변경,20220127800210,미원홀딩스,20220127,유정
KOSPI,00121932,미원상사,002840,최대주주등소유주식변동신고서,20220127800214,미원상사,20220127,유
KOSPI,01234297,미원에스씨,268280,최대주주등소유주식변동신고서,20220127800215,미원에스씨,20220127,유
KOSPI,00163345,DB,012030,최대주주등소유주식변동신고서,20220127800230,DB,20220127,유
KOSPI,00126362,삼성SDI,006400,연결재무제표기준영업(잠정)실적(공정공시),20220127800234,삼성SDI,20220127,유
KOSPI,00145880,현대제철,004020,영업(잠정)실적(공정공시),20220127800240,현대제철,20220127,유
KOSPI,00646732,진양홀딩스,100250,매출액또는손익구조30%(대규모법인은15%)이상변경(자회사의 주요경영사항),20220127800241,진양홀딩스,20220127,유
KOSPI,00145880,현대제철,004020,연결재무제표기준영업(잠정)실적(공정공시),20220127800242,현대제철,20220127,유
KOSPI,01535150,SK리츠,395400,매출액또는손익구조30%(대규모법인은15%)이상변경,20220127800243,SK리츠,20220127,유
KOSPI,00145880,현대제철,004020,영업실적등에대한전망(공정공시),20220127800244,현대제철,20220127,유
KOSPI,00646732,진양홀딩스,100250,현금ㆍ현물배당결정(자회사의 주요경영사항),20220127800245,진양홀딩스,20220127,유
KOSPI,00587466,KPX홀딩스,092230,현금ㆍ현물배당결정(자회사의 주요경영사항),20220127800246,KPX홀딩스,20220127,유
KOSPI,00126362,삼성SDI,006400,현금ㆍ현물배당결정,20220127800247,삼성SDI,20220127,유
KOSPI,00126362,삼성SDI,006400,수시공시의무관련사항(공정공시),20220127800248,삼성SDI,20220127,유
KOSPI,00126362,삼성SDI,006400,매출액또는손익구조30%(대규모법인은15%)이상변경,20220127800249,삼성SDI,20220127,유
KOSPI,00587466,KPX홀딩스,092230,매출액또는손익구조30%(대규모법인은15%)이상변경(자회사의 주요경영사항),20220127800255,KPX홀딩스,20220127,유
KOSPI,00141413,영화금속,012280,전환가액ㆍ신주인수권행사가액ㆍ교환가액의조정(안내공시),20220127800256,영화금속,20220127,유
KOSPI,00631518,SK이노베이션,096770,타인에대한채무보증결정(자회사의 주요경영사항),20220127800259,SK이노베이션,20220127,유
KOSPI,00181712,SK,034730,타인에대한채무보증결정(자회사의 주요경영사항),20220127800260,SK,20220127,유
KOSPI,00631518,SK이노베이션,096770,타인에대한채무보증결정(자회사의 주요경영사항),20220127800261,SK이노베이션,20220127,유
KOSPI,00181712,SK,034730,타인에대한채무보증결정(자회사의 주요경영사항),20220127800262,SK,20220127,유
KOSPI,01394377,이지스밸류플러스리츠,334890,[기재정정]유상증자결정(자율공시)(종속회사의주요경영사항),20220127800264,이지스밸류플러스리츠,20220127,유
KOSPI,00136271,신성이엔지,011930,최대주주등소유주식변동신고서,20220127800275,신성이엔지,20220127,유
KOSPI,00706715,미원홀딩스,107590,최대주주등소유주식변동신고서,20220127800277,미원홀딩스,20220127,유
KOSPI,00194947,한전산업,130660,[기재정정]단일판매ㆍ공급계약체결,20220127800281,한전산업,20220127,유정
KOSPI,00194947,한전산업,130660,[기재정정]단일판매ㆍ공급계약체결,20220127800300,한전산업,20220127,유정
KOSPI,00194947,한전산업,130660,[기재정정]단일판매ㆍ공급계약체결(자율공시),20220127800313,한전산업,20220127,유정
KOSPI,01535150,SK리츠,395400,부동산투자회사금전배당결정,20220127800322,SK리츠,20220127,유
KOSPI,01386916,SK아이이테크놀로지,361610,연결재무제표기준영업(잠정)실적(공정공시),20220127800325,SK아이이테크놀로지,20220127,유
KOSPI,01205709,HD현대,267250,매출액또는손익구조30%(대규모법인은15%)이상변경(자회사의 주요경영사항),20220127800330,HD현대,20220127,유
KOSPI,00146232,일성건설,013360,단일판매ㆍ공급계약체결,20220127800336,일성건설,20220127,유정
KOSPI,00401731,LG전자,066570,[기재정정]연결재무제표기준영업(잠정)실적(공정공시),20220127800351,LG전자,20220127,유
KOSPI,00145880,현대제철,004020,공정거래자율준수프로그램운영현황(안내공시),20220127800356,현대제철,20220127,유
KOSPI,00828497,한미약품,128940,공정거래자율준수프로그램운영현황(안내공시),20220127800360,한미약품,20220127,유
KOSPI,00145880,현대제철,004020,매출액또는손익구조30%(대규모법인은15%)이상변경,20220127800361,현대제철,20220127,유
KOSPI,00828497,한미약품,128940,매출액또는손익구조30%(대규모법인은15%)이상변경,20220127800363,한미약품,20220127,유
KOSPI,00161426,한미사이언스,008930,매출액또는손익구조30%(대규모법인은15%)이상변경,20220127800365,한미사이언스,20220127,유
KOSPI,00160232,KSS해운,044450,매출액또는손익구조30%(대규모법인은15%)이상변경,20220127800366,KSS해운,20220127,유정
KOSPI,01497869,티와이홀딩스,363280,지주회사의자회사탈퇴,20220127800368,티와이홀딩스,20220127,유
KOSPI,01350869,우리금융지주,316140,임시주주총회결과,20220127800371,우리금융지주,20220127,유
KOSPI,00646732,진양홀딩스,100250,매출액또는손익구조30%(대규모법인은15%)이상변경(자회사의 주요경영사항),20220127800374,진양홀딩스,20220127,유
KOSPI,00646732,진양홀딩스,100250,현금ㆍ현물배당결정(자회사의 주요경영사항),20220127800375,진양홀딩스,20220127,유
KOSPI,00587466,KPX홀딩스,092230,현금ㆍ현물배당결정(자회사의 주요경영사항),20220127800376,KPX홀딩스,20220127,유
KOSPI,00145880,현대제철,004020,현금ㆍ현물배당결정,20220127800381,현대제철,20220127,유
KOSPI,00161426,한미사이언스,008930,매출액또는손익구조30%(대규모법인은15%)이상변경(자회사의 주요경영사항),20220127800383,한미사이언스,20220127,유
KOSPI,00339391,한화시스템,272210,[기재정정]투자판단관련주요경영사항('MCRC 성능개량사업' 우선협상대상자 선정),20220127800390,한화시스템,20220127,유정
KOSPI,00587466,KPX홀딩스,092230,매출액또는손익구조30%(대규모법인은15%)이상변경(자회사의 주요경영사항),20220127800400,KPX홀딩스,20220127,유
KOSPI,00166227,화승인더스트리,006060,타인에대한채무보증결정,20220127800401,화승인더스트리,20220127,유
KOSPI,00148276,제일기획,030000,연결재무제표기준영업(잠정)실적(공정공시),20220127800402,제일기획,20220127,유
KOSPI,00148276,제일기획,030000,매출액또는손익구조30%(대규모법인은15%)이상변경,20220127800406,제일기획,20220127,유
KOSPI,01562589,LX홀딩스,383800,현금ㆍ현물배당결정(자회사의 주요경영사항),20220127800418,LX홀딩스,20220127,유
KOSPI,01562589,LX홀딩스,383800,매출액또는손익구조30%(대규모법인은15%)이상변동(자회사의 주요경영사항),20220127800420,LX홀딩스,20220127,유
KOSPI,00148276,제일기획,030000,현금ㆍ현물배당결정,20220127800428,제일기획,20220127,유
KOSPI,00111722,미래에셋증권,006800,매출액또는손익구조30%(대규모법인은15%)이상변경,20220127800432,미래에셋증권,20220127,유정
KOSPI,01524093,DL이앤씨,375500,연결재무제표기준영업(잠정)실적(공정공시),20220127800437,DL이앤씨,20220127,유
KOSPI,00111722,미래에셋증권,006800,주식소각결정,20220127800438,미래에셋증권,20220127,유
KOSPI,00266961,NAVER,035420,[기재정정]타법인주식및출자증권취득결정,20220127800439,NAVER,20220127,유
KOSPI,00126478,삼성중공업,010140,매출액또는손익구조30%(대규모법인은15%)이상변경,20220127800440,삼성중공업,20220127,유
KOSPI,01524093,DL이앤씨,375500,연결재무제표기준영업실적등에대한전망(공정공시),20220127800443,DL이앤씨,20220127,유정
KOSPI,00759513,LX하우시스,108670,연결재무제표기준영업(잠정)실적(공정공시),20220127800445,LX하우시스,20220127,유
KOSPI,00128555,삼천리,004690,최대주주등소유주식변동신고서,20220127800446,삼천리,20220127,유
KOSPI,00356370,LG생활건강,051900,연결재무제표기준영업(잠정)실적(공정공시),20220127800447,LG생활건강,20220127,유
KOSPI,00126478,삼성중공업,010140,연결재무제표기준영업실적등에대한전망(공정공시),20220127800448,삼성중공업,20220127,유
KOSPI,00759513,LX하우시스,108670,매출액또는손익구조30%(대규모법인은15%)이상변경,20220127800461,LX하우시스,20220127,유
KOSPI,00191588,삼원강재,023000,현금ㆍ현물배당결정,20220127800472,삼원강재,20220127,유
KOSPI,00191588,삼원강재,023000,주주총회소집결의,20220127800474,삼원강재,20220127,유정
KOSPI,00111722,미래에셋증권,006800,현금ㆍ현물배당결정,20220127800483,미래에셋증권,20220127,유
KOSPI,00878696,에스케이바이오팜,326030,단일판매ㆍ공급계약체결,20220127800484,에스케이바이오팜,20220127,유
KOSPI,01562589,LX홀딩스,383800,매출액또는손익구조30%(대규모법인은15%)이상변경(자회사의 주요경영사항),20220127800486,LX홀딩스,20220127,유
KOSPI,01168383,일동제약,249420,타인에대한채무보증결정,20220127800490,일동제약,20220127,유
KOSPI,00759513,LX하우시스,108670,현금ㆍ현물배당결정,20220127800493,LX하우시스,20220127,유
KOSPI,01562589,LX홀딩스,383800,현금ㆍ현물배당결정(자회사의 주요경영사항),20220127800494,LX홀딩스,20220127,유
KOSPI,00109693,DL,000210,연결재무제표기준영업(잠정)실적(공정공시),20220127800513,DL,20220127,유
KOSPI,00105101,INVENI,015360,[기재정정]타법인주식및출자증권취득결정,20220127800515,INVENI,20220127,유
KOSPI,00109693,DL,000210,매출액또는손익구조30%(대규모법인은15%)이상변경,20220127800516,DL,20220127,유정
KOSPI,00382199,신한지주,055550,결산실적공시예고(안내공시),20220127800517,신한지주,20220127,유
KOSPI,00382199,신한지주,055550,기업설명회(IR)개최(안내공시),20220127800520,신한지주,20220127,유
KOSPI,00661847,화인베스틸,133820,최대주주등소유주식변동신고서,20220127800521,화인베스틸,20220127,유
KOSPI,00146083,일동홀딩스,000230,타인에대한채무보증결정(자회사의 주요경영사항),20220127800534,일동홀딩스,20220127,유
KOSPI,00139214,삼성화재해상보험,000810,매출액또는손익구조30%(대규모법인은15%)이상변경,20220127800536,삼성화재해상보험,20220127,유정
KOSPI,00113526,대한항공,003490,매출액또는손익구조30%(대규모법인은15%)이상변경,20220127800539,대한항공,20220127,유
KOSPI,00113526,대한항공,003490,영업(잠정)실적(공정공시),20220127800544,대한항공,20220127,유
KOSPI,00113410,CJ대한통운,000120,기업설명회(IR)개최(안내공시),20220127800549,CJ대한통운,20220127,유정
KOSPI,00131832,SK디스커버리,006120,단일판매ㆍ공급계약체결(자회사의 주요경영사항),20220127800551,SK디스커버리,20220127,유
KOSPI,00356370,LG생활건강,051900,현금ㆍ현물배당결정,20220127800554,LG생활건강,20220127,유
KOSPI,00109693,DL,000210,연결재무제표기준영업실적등에대한전망(공정공시),20220127800559,DL,20220127,유정
KOSPI,00139214,삼성화재해상보험,000810,현금ㆍ현물배당결정,20220127800571,삼성화재해상보험,20220127,유
KOSPI,00349097,케이티스카이라이프,053210,기업설명회(IR)개최(안내공시),20220127800574,케이티스카이라이프,20220127,유
KOSPI,00983040,한진칼,180640,매출액또는손익구조30%(대규모법인은15%)이상변경(자회사의 주요경영사항),20220127800577,한진칼,20220127,유
KOSPI,00349097,케이티스카이라이프,053210,기업설명회(IR)개최(안내공시),20220127800580,케이티스카이라이프,20220127,유
KOSPI,00635134,CJ제일제당,097950,결산실적공시예고(안내공시),20220127800581,CJ제일제당,20220127,유
KOSPI,00117498,스틱인베스트먼트,026890,최대주주등소유주식변동신고서,20220127800586,스틱인베스트먼트,20220127,유
KOSPI,00113526,대한항공,003490,기업설명회(IR)개최(안내공시),20220127800587,대한항공,20220127,유
KOSPI,00120562,롯데지주,004990,[기재정정]주요사항보고서(회사합병결정)(자회사의 주요경영사항),20220127800589,롯데지주,20220127,유
KOSPI,00113526,대한항공,003490,기업설명회(IR)개최(안내공시),20220127800591,대한항공,20220127,유
KOSPI,00635134,CJ제일제당,097950,기업설명회(IR)개최(안내공시),20220127800592,CJ제일제당,20220127,유
KOSPI,00190321,케이티,030200,대표이사(대표집행임원)변경(안내공시),20220127800600,케이티,20220127,유
KOSPI,00115676,KG스틸,016380,매출액또는손익구조30%(대규모법인은15%)이상변경,20220127800605,KG스틸,20220127,유
KOSPI,00123107,보락,002760,최대주주등소유주식변동신고서,20220127800613,보락,20220127,유
KOSPI,00413046,셀트리온,068270,[기재정정]단일판매ㆍ공급계약체결,20220127800634,셀트리온,20220127,유
KOSPI,01568413,F&F,383220,타인에대한채무보증결정,20220127800645,F&F,20220127,유
KOSPI,00244455,케이티앤지,033780,기업설명회(IR)개최(안내공시),20220127800652,케이티앤지,20220127,유
KOSPI,00128980,삼호개발,010960,[기재정정]단일판매ㆍ공급계약체결,20220127800669,삼호개발,20220127,유정
KOSPI,00128980,삼호개발,010960,[기재정정]단일판매ㆍ공급계약체결,20220127800673,삼호개발,20220127,유정
KOSPI,00508344,SK디앤디,210980,단기차입금증가결정,20220127800675,SK디앤디,20220127,유
KOSPI,00117179,디와이,013570,최대주주등소유주식변동신고서,20220127800684,디와이,20220127,유
KOSPI,00176914,다우기술,023590,최대주주등소유주식변동신고서,20220127800686,다우기술,20220127,유
KOSPI,00113359,교보증권,030610,최대주주등소유주식변동신고서,20220127800698,교보증권,20220127,유
KOSPI,01524093,DL이앤씨,375500,금전대여결정,20220127800701,DL이앤씨,20220127,유
KOSPI,00128032,삼일제약,000520,최대주주등소유주식변동신고서,20220127800703,삼일제약,20220127,유
KOSPI,00126487,F&F 홀딩스,007700,타인에대한채무보증결정(자회사의 주요경영사항),20220127800706,F&F 홀딩스,20220127,유
KOSPI,01262032,롯데이노베이트,286940,연결재무제표기준영업(잠정)실적(공정공시),20220127800707,롯데이노베이트,20220127,유
KOSPI,00860332,메리츠금융지주,138040,현금ㆍ현물배당결정(자회사의 주요경영사항),20220127800710,메리츠금융지주,20220127,유
KOSPI,00155124,평화홀딩스,010770,단기차입금증가결정(자회사의 주요경영사항),20220127800711,평화홀딩스,20220127,유정
KOSPI,00164724,현대엘리베이터,017800,[기재정정]타인에대한채무보증결정,20220127800713,현대엘리베이터,20220127,유정
KOSPI,00131832,SK디스커버리,006120,단기차입금증가결정(자회사의 주요경영사항),20220127800718,SK디스커버리,20220127,유
KOSPI,00124540,대우건설,047040,주주총회소집결의,20220127800735,대우건설,20220127,유정
KOSPI,00155124,평화홀딩스,010770,[기재정정]단기차입금증가결정(자회사의 주요경영사항),20220127800736,평화홀딩스,20220127,유
KOSPI,00105873,LG디스플레이,034220,기업설명회(IR)개최(안내공시),20220127800742,LG디스플레이,20220127,유
KOSPI,01159233,솔루엠,248070,타인에대한채무보증결정,20220127800747,솔루엠,20220127,유
KOSPI,00108038,엔피씨,004250,최대주주등소유주식변동신고서,20220127800756,엔피씨,20220127,유
KOSPI,00109693,DL,000210,유상증자결정(종속회사의주요경영사항),20220127800763,DL,20220127,유
KOSPI,00109693,DL,000210,유상증자결정(종속회사의주요경영사항),20220127800766,DL,20220127,유
KOSPI,00138792,아시아나항공,020560,금전대여결정,20220127800767,아시아나항공,20220127,유
KOSPI,00126292,삼성카드,029780,현금ㆍ현물배당결정,20220127800768,삼성카드,20220127,유
KOSPI,00135917,한화손해보험,000370,매출액또는손익구조30%(대규모법인은15%)이상변경,20220127800769,한화손해보험,20220127,유정
KOSPI,00126292,삼성카드,029780,매출액또는손익구조30%(대규모법인은15%)이상변경,20220127800774,삼성카드,20220127,유
KOSPI,01262032,롯데이노베이트,286940,현금ㆍ현물배당결정,20220127800776,롯데이노베이트,20220127,유
KOSPI,00500254,GS,078930,최대주주등소유주식변동신고서,20220127800787,GS,20220127,유
KOSPI,00453488,다이나믹디자인,145210,채무면제결정,20220127800813,다이나믹디자인,20220127,유
KOSPI,00453488,다이나믹디자인,145210,채무면제결정,20220127800817,다이나믹디자인,20220127,유
KOSPI,00155212,포스코DX,022100,매출액또는손익구조30%(대규모법인은15%)이상변동,20220127900352,포스코DX,20220127,코
KOSPI,00155212,포스코DX,022100,연결재무제표기준영업(잠정)실적(공정공시),20220127900353,포스코DX,20220127,코
KOSPI,00155212,포스코DX,022100,현금ㆍ현물배당결정,20220127900358,포스코DX,20220127,코
KOSPI,00525934,LX세미콘,108320,현금ㆍ현물배당결정,20220127900388,LX세미콘,20220127,코
KOSPI,00525934,LX세미콘,108320,매출액또는손익구조30%(대규모법인은15%)이상변동,20220127900391,LX세미콘,20220127,코
KOSPI,00525934,LX세미콘,108320,연결재무제표기준영업(잠정)실적(공정공시),20220127900397,LX세미콘,20220127,코
KOSPI,00155212,포스코DX,022100,공정거래자율준수프로그램운영현황,20220127900664,포스코DX,20220127,코
KOSPI,00120182,NH투자증권,005940,증권발행실적보고서,20220128000002,NH투자증권,20220128,정
KOSPI,00877059,삼성바이오로직스,207940,주요사항보고서(타법인주식및출자증권양수결정),20220128000003,삼성바이오로직스,20220128,정
KOSPI,00121941,대상,001680,투자설명서,20220128000004,대상,20220128,
KOSPI,00120076,LX인터내셔널,001120,투자설명서,20220128000005,LX인터내셔널,20220128,
KOSPI,00877059,삼성바이오로직스,207940,주요사항보고서(유상증자결정),20220128000006,삼성바이오로직스,20220128,정
KOSPI,00115065,동남합성,023450,임원ㆍ주요주주특정증권등소유상황보고서,20220128000063,미원홀딩스,20220128,
KOSPI,00161693,한샘,009240,주식등의대량보유상황보고서(일반),20220128000094,하임,20220128,
KOSPI,00120182,NH투자증권,005940,[기재정정]증권발행실적보고서,20220128000098,NH투자증권,20220128,
KOSPI,00117601,유안타증권,003470,증권발행실적보고서,20220128000102,유안타증권,20220128,
KOSPI,00148610,한화투자증권,003530,증권발행실적보고서,20220128000110,한화투자증권,20220128,
KOSPI,00110893,대신증권,003540,증권발행실적보고서,20220128000120,대신증권,20220128,
KOSPI,00110893,대신증권,003540,증권발행실적보고서,20220128000121,대신증권,20220128,
KOSPI,00122551,백산,035150,[기재정정]합병등종료보고서(합병),20220128000129,백산,20220128,
KOSPI,00108913,대교,019680,자기주식처분결과보고서,20220128000134,대교,20220128,
KOSPI,00148939,조광피혁,004700,임원ㆍ주요주주특정증권등소유상황보고서,20220128000151,박영옥,20220128,
KOSPI,00108913,대교,019680,신탁계약에의한취득상황보고서,20220128000152,대교,20220128,
KOSPI,01205709,HD현대,267250,임원ㆍ주요주주특정증권등소유상황보고서,20220128000188,조진호,20220128,
KOSPI,00141529,오뚜기,007310,임원ㆍ주요주주특정증권등소유상황보고서,20220128000196,김종현,20220128,
KOSPI,00296290,키움증권,039490,증권발행실적보고서,20220128000229,키움증권,20220128,
KOSPI,00296290,키움증권,039490,증권발행실적보고서,20220128000231,키움증권,20220128,
KOSPI,00296290,키움증권,039490,증권발행실적보고서,20220128000238,키움증권,20220128,
KOSPI,00111722,미래에셋증권,006800,일괄신고추가서류(파생결합증권-주가연계증권),20220128000239,미래에셋증권,20220128,
KOSPI,00104856,삼성증권,016360,일괄신고추가서류(파생결합증권-주가연계증권),20220128000252,삼성증권,20220128,
KOSPI,00104856,삼성증권,016360,투자설명서(일괄신고),20220128000273,삼성증권,20220128,
KOSPI,00155319,POSCO홀딩스,005490,특수관계인에대한증여,20220128000274,POSCO홀딩스,20220128,공
KOSPI,00125530,삼립,005610,주식등의대량보유상황보고서(일반),20220128000276,상미당홀딩스,20220128,
KOSPI,00155319,POSCO홀딩스,005490,특수관계인에대한증여,20220128000289,POSCO홀딩스,20220128,공
KOSPI,00226316,호전실업,111110,주식등의대량보유상황보고서(일반),20220128000292,박진호,20220128,
KOSPI,00155319,POSCO홀딩스,005490,특수관계인에대한증여,20220128000294,POSCO홀딩스,20220128,공
KOSPI,00296290,키움증권,039490,증권발행실적보고서,20220128000296,키움증권,20220128,
KOSPI,00111722,미래에셋증권,006800,투자설명서(일괄신고),20220128000303,미래에셋증권,20220128,
KOSPI,00113359,교보증권,030610,증권발행실적보고서,20220128000308,교보증권,20220128,
KOSPI,00106623,현대위아,011210,약관에의한금융거래시계열금융회사의거래상대방의공시,20220128000313,현대위아,20220128,공
KOSPI,00113359,교보증권,030610,증권발행실적보고서,20220128000314,교보증권,20220128,
KOSPI,00115694,DB증권,016610,증권발행실적보고서,20220128000323,DB증권,20220128,
KOSPI,00104856,삼성증권,016360,증권발행실적보고서,20220128000324,삼성증권,20220128,
KOSPI,00155319,POSCO홀딩스,005490,주요사항보고서(자기주식처분결정),20220128000327,POSCO홀딩스,20220128,정
KOSPI,00115694,DB증권,016610,증권발행실적보고서,20220128000338,DB증권,20220128,
KOSPI,00404701,한국자산신탁,123890,주식등의대량보유상황보고서(일반),20220128000344,엠디엠,20220128,
KOSPI,00148610,한화투자증권,003530,증권발행실적보고서,20220128000349,한화투자증권,20220128,
KOSPI,00111722,미래에셋증권,006800,일괄신고추가서류(파생결합증권-주가연계증권),20220128000351,미래에셋증권,20220128,
KOSPI,01430475,코람코라이프인프라리츠,357120,주주총회소집공고,20220128000354,코람코라이프인프라리츠,20220128,정
KOSPI,01430475,코람코라이프인프라리츠,357120,의결권대리행사권유참고서류,20220128000361,코람코라이프인프라리츠,20220128,정
KOSPI,00115694,DB증권,016610,증권발행실적보고서,20220128000363,DB증권,20220128,
KOSPI,00404701,한국자산신탁,123890,임원ㆍ주요주주특정증권등소유상황보고서,20220128000364,문주현,20220128,
KOSPI,00141626,오리엔트바이오,002630,주요사항보고서(타법인주식및출자증권양도결정),20220128000371,오리엔트바이오,20220128,정
KOSPI,00152862,코오롱,002020,주식등의대량보유상황보고서(일반),20220128000377,이웅열,20220128,
KOSPI,00158501,에스원,012750,동일인등출자계열회사와의상품ㆍ용역거래변경,20220128000378,에스원,20220128,공
KOSPI,00115694,DB증권,016610,증권발행실적보고서,20220128000379,DB증권,20220128,
KOSPI,00106368,금호석유화학,011780,주식등의대량보유상황보고서(일반),20220128000382,박찬구,20220128,
KOSPI,00113359,교보증권,030610,증권발행실적보고서,20220128000392,교보증권,20220128,
KOSPI,00137997,현대차증권,001500,증권발행실적보고서,20220128000400,현대차증권,20220128,
KOSPI,00113359,교보증권,030610,증권발행실적보고서,20220128000403,교보증권,20220128,
KOSPI,00160588,한화,000880,[기재정정]증권신고서(채무증권),20220128000407,한화,20220128,정
KOSPI,00120182,NH투자증권,005940,일괄신고추가서류(파생결합증권-주가연계증권),20220128000410,NH투자증권,20220128,
KOSPI,00160588,한화,000880,[발행조건확정]증권신고서(채무증권),20220128000420,한화,20220128,정
KOSPI,00120182,NH투자증권,005940,증권발행실적보고서,20220128000433,NH투자증권,20220128,
KOSPI,00120182,NH투자증권,005940,증권발행실적보고서,20220128000437,NH투자증권,20220128,
KOSPI,00146861,자화전자,033240,주식등의대량보유상황보고서(일반),20220128000439,김상면,20220128,
KOSPI,00120182,NH투자증권,005940,증권발행실적보고서,20220128000442,NH투자증권,20220128,
KOSPI,00160588,한화,000880,특수관계인에대한채권매도,20220128000445,한화,20220128,공
KOSPI,00115694,DB증권,016610,증권발행실적보고서,20220128000458,DB증권,20220128,
KOSPI,00104856,삼성증권,016360,증권발행실적보고서,20220128000485,삼성증권,20220128,
KOSPI,00111722,미래에셋증권,006800,투자설명서(일괄신고),20220128000487,미래에셋증권,20220128,
KOSPI,00104856,삼성증권,016360,증권발행실적보고서,20220128000488,삼성증권,20220128,
KOSPI,00104856,삼성증권,016360,증권발행실적보고서,20220128000495,삼성증권,20220128,
KOSPI,00296290,키움증권,039490,일괄신고추가서류(파생결합증권-주가연계증권),20220128000501,키움증권,20220128,
KOSPI,00120182,NH투자증권,005940,투자설명서(일괄신고),20220128000506,NH투자증권,20220128,
KOSPI,00140131,키다리스튜디오,020120,임원ㆍ주요주주특정증권등소유상황보고서,20220128000507,손국환,20220128,
KOSPI,00155531,풍산홀딩스,005810,임원ㆍ주요주주특정증권등소유상황보고서,20220128000513,서정국,20220128,
KOSPI,00796994,조선선재,120030,신탁계약에의한취득상황보고서,20220128000515,조선선재,20220128,
KOSPI,00136864,신원,009270,주식등의대량보유상황보고서(일반),20220128000517,티앤엠커뮤니케이션즈,20220128,
KOSPI,00132211,SUN&L,002820,[기재정정]합병등종료보고서(합병),20220128000518,SUN&L,20220128,
KOSPI,00111722,미래에셋증권,006800,일괄신고추가서류(파생결합증권-주가연계증권),20220128000523,미래에셋증권,20220128,
KOSPI,00120562,롯데지주,004990,주식등의대량보유상황보고서(일반),20220128000528,신동빈,20220128,
KOSPI,00121941,대상,001680,증권발행실적보고서,20220128000540,대상,20220128,
KOSPI,00149354,종근당홀딩스,001630,신탁계약에의한취득상황보고서,20220128000541,종근당홀딩스,20220128,
KOSPI,00126487,F&F 홀딩스,007700,[기재정정]합병등종료보고서(합병),20220128000542,F&F 홀딩스,20220128,
KOSPI,00106313,금호건설,002990,주식등의대량보유상황보고서(일반),20220128000545,금호고속,20220128,
KOSPI,00123107,보락,002760,임원ㆍ주요주주특정증권등소유상황보고서,20220128000549,정효이,20220128,
KOSPI,00670340,씨에스윈드,112610,주식등의대량보유상황보고서(일반),20220128000551,김성권,20220128,
KOSPI,00296290,키움증권,039490,주요사항보고서(자기주식취득결정),20220128000553,키움증권,20220128,
KOSPI,00117601,유안타증권,003470,증권발행실적보고서,20220128000565,유안타증권,20220128,
KOSPI,00296290,키움증권,039490,투자설명서(일괄신고),20220128000566,키움증권,20220128,
KOSPI,00137997,현대차증권,001500,증권발행실적보고서,20220128000574,현대차증권,20220128,
KOSPI,00164742,현대자동차,005380,특수관계인으로부터기타유가증권매수,20220128000578,현대자동차,20220128,공
KOSPI,00104856,삼성증권,016360,특수관계인과의수익증권거래,20220128000581,삼성증권,20220128,공
KOSPI,00104856,삼성증권,016360,특수관계인과의수익증권거래,20220128000586,삼성증권,20220128,공
KOSPI,00158963,유나이티드,033270,주식등의대량보유상황보고서(일반),20220128000589,강덕영,20220128,
KOSPI,00877059,삼성바이오로직스,207940,증권신고서(지분증권),20220128000590,삼성바이오로직스,20220128,정
KOSPI,00120076,LX인터내셔널,001120,증권발행실적보고서,20220128000593,LX인터내셔널,20220128,
KOSPI,00111722,미래에셋증권,006800,투자설명서(일괄신고),20220128000594,미래에셋증권,20220128,
KOSPI,00120182,NH투자증권,005940,증권발행실적보고서,20220128000599,NH투자증권,20220128,
KOSPI,00165680,호텔신라,008770,특수관계인에대한채권매도,20220128000603,호텔신라,20220128,공
KOSPI,00155319,POSCO홀딩스,005490,[기재정정]주요사항보고서(자기주식처분결정),20220128000604,POSCO홀딩스,20220128,정
KOSPI,00939331,한국콜마,161890,임원ㆍ주요주주특정증권등소유상황보고서,20220128000606,윤동한,20220128,
KOSPI,00416654,유엔젤,072130,주식등의대량보유상황보고서(일반),20220128000608,박지향,20220128,
KOSPI,00415628,세진중공업,075580,주요사항보고서(자기주식처분결정),20220128000612,세진중공업,20220128,
KOSPI,00117601,유안타증권,003470,증권발행실적보고서,20220128000616,유안타증권,20220128,
KOSPI,00120182,NH투자증권,005940,증권발행실적보고서,20220128000617,NH투자증권,20220128,
KOSPI,00113359,교보증권,030610,증권발행실적보고서,20220128000621,교보증권,20220128,정
KOSPI,00415628,세진중공업,075580,주식등의대량보유상황보고서(일반),20220128000625,윤지원,20220128,
KOSPI,00111722,미래에셋증권,006800,일괄신고추가서류(파생결합사채-주가연계파생결합사채),20220128000633,미래에셋증권,20220128,
KOSPI,00113359,교보증권,030610,[기재정정]증권발행실적보고서,20220128000639,교보증권,20220128,정
KOSPI,00106641,기아,000270,[기재정정]특수관계인과의내부거래,20220128000644,기아,20220128,공
KOSPI,00113359,교보증권,030610,[기재정정]증권발행실적보고서,20220128000646,교보증권,20220128,
KOSPI,00126380,삼성전자,005930,주식등의대량보유상황보고서(일반),20220128000648,삼성물산,20220128,
KOSPI,00120182,NH투자증권,005940,증권발행실적보고서,20220128000651,NH투자증권,20220128,
KOSPI,00136721,신영증권,001720,증권발행실적보고서,20220128000652,신영증권,20220128,
KOSPI,00136721,신영증권,001720,증권발행실적보고서,20220128000656,신영증권,20220128,
KOSPI,00159616,두산에너빌리티,034020,임원ㆍ주요주주특정증권등소유상황보고서,20220128000657,손승우,20220128,
KOSPI,00131850,SK증권,001510,임원ㆍ주요주주특정증권등소유상황보고서,20220128000660,이주아,20220128,
KOSPI,00360595,현대글로비스,086280,[기재정정]특수관계인과의내부거래,20220128000662,현대글로비스,20220128,공
KOSPI,00126256,삼성생명,032830,특수관계인과의수익증권거래,20220128000663,삼성생명,20220128,공
KOSPI,00136721,신영증권,001720,증권발행실적보고서,20220128000665,신영증권,20220128,
KOSPI,00159616,두산에너빌리티,034020,임원ㆍ주요주주특정증권등소유상황보고서,20220128000669,양윤호,20220128,
KOSPI,00136721,신영증권,001720,증권발행실적보고서,20220128000672,신영증권,20220128,
KOSPI,00164788,현대모비스,012330,[기재정정]특수관계인과의내부거래,20220128000677,현대모비스,20220128,공
KOSPI,00136721,신영증권,001720,증권발행실적보고서,20220128000679,신영증권,20220128,
KOSPI,00159616,두산에너빌리티,034020,임원ㆍ주요주주특정증권등소유상황보고서,20220128000681,이희직,20220128,
KOSPI,00126256,삼성생명,032830,특수관계인에대한자금대여,20220128000683,삼성생명,20220128,공
KOSPI,01180118,코람코더원리츠,417310,[기재정정]증권신고서(집합투자증권-회사형)(㈜코람코더원위탁관리부동산투자회사),20220128000684,코람코더원리츠,20220128,정
KOSPI,00117601,유안타증권,003470,일괄신고추가서류(기타파생결합사채),20220128000687,유안타증권,20220128,
KOSPI,00104856,삼성증권,016360,증권발행실적보고서,20220128000690,삼성증권,20220128,
KOSPI,00108913,대교,019680,임원ㆍ주요주주특정증권등소유상황보고서,20220128000693,김주현,20220128,정
KOSPI,00104856,삼성증권,016360,증권발행실적보고서,20220128000694,삼성증권,20220128,
KOSPI,00413046,셀트리온,068270,주식등의대량보유상황보고서(일반),20220128000695,셀트리온홀딩스,20220128,
KOSPI,00126256,삼성생명,032830,특수관계인과의수익증권거래,20220128000697,삼성생명,20220128,공
KOSPI,00111722,미래에셋증권,006800,증권발행실적보고서,20220128000698,미래에셋증권,20220128,
KOSPI,00111722,미래에셋증권,006800,투자설명서(일괄신고),20220128000701,미래에셋증권,20220128,
KOSPI,00854997,에스디바이오센서,137310,임원ㆍ주요주주특정증권등소유상황보고서,20220128000702,박해준,20220128,
KOSPI,00117601,유안타증권,003470,투자설명서(일괄신고),20220128000704,유안타증권,20220128,
KOSPI,00104856,삼성증권,016360,[기재정정]증권신고서(채무증권),20220128000715,삼성증권,20220128,정
KOSPI,00111722,미래에셋증권,006800,증권발행실적보고서,20220128000717,미래에셋증권,20220128,
KOSPI,00111722,미래에셋증권,006800,증권발행실적보고서,20220128000720,미래에셋증권,20220128,
KOSPI,00111722,미래에셋증권,006800,일괄신고추가서류(기타파생결합사채),20220128000723,미래에셋증권,20220128,
KOSPI,00111722,미래에셋증권,006800,증권발행실적보고서,20220128000724,미래에셋증권,20220128,
KOSPI,00104856,삼성증권,016360,[발행조건확정]증권신고서(채무증권),20220128000725,삼성증권,20220128,정
KOSPI,00104856,삼성증권,016360,임원ㆍ주요주주특정증권등소유상황보고서,20220128000726,삼성생명,20220128,
KOSPI,00126292,삼성카드,029780,임원ㆍ주요주주특정증권등소유상황보고서,20220128000728,삼성생명,20220128,
KOSPI,00413523,한미글로벌,053690,주식등의대량보유상황보고서(일반),20220128000730,김종훈,20220128,
KOSPI,00139214,삼성화재해상보험,000810,임원ㆍ주요주주특정증권등소유상황보고서,20220128000732,삼성생명,20220128,
KOSPI,00111722,미래에셋증권,006800,증권발행실적보고서,20220128000736,미래에셋증권,20220128,
KOSPI,00413523,한미글로벌,053690,임원ㆍ주요주주특정증권등소유상황보고서,20220128000737,한찬건,20220128,
KOSPI,00111722,미래에셋증권,006800,증권발행실적보고서,20220128000738,미래에셋증권,20220128,
KOSPI,00111722,미래에셋증권,006800,투자설명서(일괄신고),20220128000746,미래에셋증권,20220128,
KOSPI,00111722,미래에셋증권,006800,증권발행실적보고서,20220128000752,미래에셋증권,20220128,정
KOSPI,00151298,DSR제강,069730,임원ㆍ주요주주특정증권등소유상황보고서,20220128000753,홍하종,20220128,
KOSPI,00151298,DSR제강,069730,임원ㆍ주요주주특정증권등소유상황보고서,20220128000757,홍하종,20220128,
KOSPI,00111722,미래에셋증권,006800,증권발행실적보고서,20220128000758,미래에셋증권,20220128,
KOSPI,00151298,DSR제강,069730,임원ㆍ주요주주특정증권등소유상황보고서,20220128000759,홍하종,20220128,
KOSPI,00151298,DSR제강,069730,임원ㆍ주요주주특정증권등소유상황보고서,20220128000760,홍하종,20220128,
KOSPI,00111722,미래에셋증권,006800,[기재정정]증권발행실적보고서,20220128000761,미래에셋증권,20220128,
KOSPI,00164779,SK하이닉스,000660,현금ㆍ현물배당결정,20220128800002,SK하이닉스,20220128,유
KOSPI,01596425,SK스퀘어,402340,현금ㆍ현물배당결정(자회사의 주요경영사항),20220128800003,SK스퀘어,20220128,유
KOSPI,00231363,LG유플러스,032640,매출액또는손익구조30%(대규모법인은15%)이상변경,20220128800006,LG유플러스,20220128,유
KOSPI,00164779,SK하이닉스,000660,매출액또는손익구조30%(대규모법인은15%)이상변경,20220128800008,SK하이닉스,20220128,유
KOSPI,00164779,SK하이닉스,000660,수시공시의무관련사항(공정공시),20220128800009,SK하이닉스,20220128,유
KOSPI,00231363,LG유플러스,032640,현금ㆍ현물배당결정,20220128800010,LG유플러스,20220128,유
KOSPI,00120021,LG,003550,현금ㆍ현물배당결정(자회사의 주요경영사항),20220128800011,LG,20220128,유
KOSPI,00120021,LG,003550,매출액또는손익구조30%(대규모법인은15%)이상변경(자회사의 주요경영사항),20220128800012,LG,20220128,유
KOSPI,01596425,SK스퀘어,402340,매출액또는손익구조30%(대규모법인은15%)이상변경(자회사의 주요경영사항),20220128800013,SK스퀘어,20220128,유
KOSPI,00231363,LG유플러스,032640,수시공시의무관련사항(공정공시),20220128800014,LG유플러스,20220128,유
KOSPI,00164779,SK하이닉스,000660,타법인주식및출자증권취득결정,20220128800015,SK하이닉스,20220128,유정
KOSPI,00164779,SK하이닉스,000660,[기재정정]금전대여결정,20220128800016,SK하이닉스,20220128,유
KOSPI,01596425,SK스퀘어,402340,타법인주식및출자증권취득결정(자회사의 주요경영사항),20220128800017,SK스퀘어,20220128,유정
KOSPI,00164779,SK하이닉스,000660,[첨부추가]연결재무제표기준영업(잠정)실적(공정공시),20220128800072,SK하이닉스,20220128,유
KOSPI,01316254,HS효성첨단소재,298050,최대주주등소유주식변동신고서,20220128800116,HS효성첨단소재,20220128,유
KOSPI,01258507,롯데웰푸드,280360,지속가능경영보고서등관련사항(자율공시),20220128800117,롯데웰푸드,20220128,유정
KOSPI,00225159,SNT홀딩스,036530,매출액또는손익구조30%(대규모법인은15%)이상변경,20220128800132,SNT홀딩스,20220128,유
KOSPI,00631518,SK이노베이션,096770,연결재무제표기준영업(잠정)실적(공정공시),20220128800136,SK이노베이션,20220128,유
KOSPI,00106313,금호건설,002990,단일판매ㆍ공급계약체결,20220128800142,금호건설,20220128,유정
KOSPI,00126292,삼성카드,029780,연결재무제표기준영업(잠정)실적(공정공시),20220128800144,삼성카드,20220128,유
KOSPI,00101664,경보제약,214390,투자판단관련주요경영사항(특허권 취득),20220128800186,경보제약,20220128,유
KOSPI,00149354,종근당홀딩스,001630,투자판단관련주요경영사항(자회사의 주요경영사항)(특허권 취득),20220128800189,종근당홀딩스,20220128,유
KOSPI,00878696,에스케이바이오팜,326030,기업설명회(IR)개최(안내공시),20220128800191,에스케이바이오팜,20220128,유
KOSPI,00203315,콘텐트리중앙,036420,결산실적공시예고(안내공시),20220128800192,콘텐트리중앙,20220128,유
KOSPI,00231363,LG유플러스,032640,연결재무제표기준영업(잠정)실적(공정공시),20220128800208,LG유플러스,20220128,유
KOSPI,00231363,LG유플러스,032640,영업(잠정)실적(공정공시),20220128800210,LG유플러스,20220128,유
KOSPI,00231363,LG유플러스,032640,영업실적등에대한전망(공정공시),20220128800213,LG유플러스,20220128,유
KOSPI,00102751,고려산업,002140,타인에대한채무보증결정,20220128800220,고려산업,20220128,유
KOSPI,00161693,한샘,009240,최대주주등소유주식변동신고서,20220128800228,한샘,20220128,유
KOSPI,00166573,환인제약,016580,공정거래자율준수프로그램운영현황(안내공시),20220128800235,환인제약,20220128,유
KOSPI,00203315,콘텐트리중앙,036420,기업설명회(IR)개최(안내공시),20220128800236,콘텐트리중앙,20220128,유
KOSPI,00453488,다이나믹디자인,145210,불성실공시법인지정,20220128800257,유가증권시장본부,20220128,유
KOSPI,01244601,카카오페이,377300,결산실적공시예고(안내공시),20220128800269,카카오페이,20220128,유
KOSPI,00203315,콘텐트리중앙,036420,기업설명회(IR)개최(안내공시),20220128800270,콘텐트리중앙,20220128,유
KOSPI,01244601,카카오페이,377300,기업설명회(IR)개최(안내공시),20220128800271,카카오페이,20220128,유
KOSPI,00160861,한농화성,011500,매출액또는손익구조30%(대규모법인은15%)이상변경,20220128800273,한농화성,20220128,유
KOSPI,00141477,영흥,012160,전환가액ㆍ신주인수권행사가액ㆍ교환가액의조정(안내공시),20220128800274,영흥,20220128,유
KOSPI,01244601,카카오페이,377300,기업설명회(IR)개최(안내공시),20220128800275,카카오페이,20220128,유
KOSPI,01596425,SK스퀘어,402340,금전대여결정(자회사의 주요경영사항)(기재정정),20220128800286,SK스퀘어,20220128,유
KOSPI,00160375,진양폴리우레탄,010640,매출액또는손익구조30%(대규모법인은15%)이상변경,20220128800302,진양폴리우레탄,20220128,유정
KOSPI,00390055,종근당바이오,063160,매출액또는손익구조30%(대규모법인은15%)이상변경,20220128800305,종근당바이오,20220128,유
KOSPI,00149354,종근당홀딩스,001630,매출액또는손익구조30%(대규모법인은15%)이상변경(자회사의 주요경영사항),20220128800319,종근당홀딩스,20220128,유
KOSPI,00104388,국도화학,007690,연결재무제표기준영업(잠정)실적(공정공시),20220128800347,국도화학,20220128,유
KOSPI,00104388,국도화학,007690,매출액또는손익구조30%(대규모법인은15%)이상변경,20220128800348,국도화학,20220128,유
KOSPI,00104388,국도화학,007690,주주총회소집결의,20220128800350,국도화학,20220128,유
KOSPI,00120076,LX인터내셔널,001120,연결재무제표기준영업(잠정)실적(공정공시),20220128800360,LX인터내셔널,20220128,유
KOSPI,00121941,대상,001680,[기재정정]타법인주식및출자증권취득결정(자율공시),20220128800362,대상,20220128,유정
KOSPI,00120076,LX인터내셔널,001120,매출액또는손익구조30%(대규모법인은15%)이상변경,20220128800364,LX인터내셔널,20220128,유
KOSPI,00545716,롯데렌탈,089860,결산실적공시예고(안내공시),20220128800365,롯데렌탈,20220128,유
KOSPI,00111704,한화오션,042660,소송등의판결ㆍ결정(자율공시:일정금액미만의청구),20220128800366,한화오션,20220128,유
KOSPI,00545716,롯데렌탈,089860,기업설명회(IR)개최(안내공시),20220128800367,롯데렌탈,20220128,유
KOSPI,01562589,LX홀딩스,383800,매출액또는손익구조30%(대규모법인은15%)이상변경(자회사의 주요경영사항),20220128800371,LX홀딩스,20220128,유
KOSPI,00120076,LX인터내셔널,001120,현금ㆍ현물배당결정,20220128800373,LX인터내셔널,20220128,유
KOSPI,01562589,LX홀딩스,383800,현금ㆍ현물배당결정(자회사의 주요경영사항),20220128800374,LX홀딩스,20220128,유
KOSPI,00362441,현대오토에버,307950,연결재무제표기준영업(잠정)실적(공정공시),20220128800375,현대오토에버,20220128,유
KOSPI,00362441,현대오토에버,307950,연결재무제표기준영업실적등에대한전망(공정공시),20220128800377,현대오토에버,20220128,유
KOSPI,00362441,현대오토에버,307950,매출액또는손익구조30%(대규모법인은15%)이상변경,20220128800380,현대오토에버,20220128,유
KOSPI,00362441,현대오토에버,307950,현금ㆍ현물배당결정,20220128800382,현대오토에버,20220128,유
KOSPI,00135962,신라교역,004970,최대주주등소유주식변동신고서,20220128800387,신라교역,20220128,유
KOSPI,00152385,에이프로젠,007460,전환가액ㆍ신주인수권행사가액ㆍ교환가액의조정(안내공시),20220128800389,에이프로젠,20220128,유
KOSPI,00159616,두산에너빌리티,034020,투자판단관련주요경영사항,20220128800392,두산에너빌리티,20220128,유
KOSPI,00117212,두산,000150,투자판단관련주요경영사항(자회사의 주요경영사항),20220128800406,두산,20220128,유
KOSPI,00362441,현대오토에버,307950,기업설명회(IR)개최(안내공시),20220128800423,현대오토에버,20220128,유
KOSPI,00164478,현대건설,000720,[기재정정]유상증자결정(종속회사의주요경영사항),20220128800449,현대건설,20220128,유
KOSPI,00670340,씨에스윈드,112610,최대주주등소유주식변동신고서,20220128800451,씨에스윈드,20220128,유
KOSPI,00141477,영흥,012160,유상증자또는주식관련사채등의발행결과(자율공시),20220128800461,영흥,20220128,유
KOSPI,00106623,현대위아,011210,연결재무제표기준영업(잠정)실적(공정공시),20220128800463,현대위아,20220128,유
KOSPI,01316227,효성티앤씨,298020,최대주주등소유주식변동신고서,20220128800465,효성티앤씨,20220128,유
KOSPI,00106623,현대위아,011210,매출액또는손익구조30%(대규모법인은15%)이상변경,20220128800468,현대위아,20220128,유
KOSPI,01205842,HD건설기계,267270,기업설명회(IR)개최(안내공시),20220128800469,HD건설기계,20220128,유
KOSPI,00118026,동원산업,006040,불성실공시법인지정,20220128800474,유가증권시장본부,20220128,유
KOSPI,00854997,에스디바이오센서,137310,불성실공시법인지정,20220128800475,유가증권시장본부,20220128,유
KOSPI,00158501,에스원,012750,연결재무제표기준영업(잠정)실적(공정공시),20220128800476,에스원,20220128,유
KOSPI,00362441,현대오토에버,307950,공정거래자율준수프로그램운영현황(안내공시),20220128800478,현대오토에버,20220128,유
KOSPI,00128980,삼호개발,010960,[기재정정]단일판매ㆍ공급계약체결,20220128800479,삼호개발,20220128,유정
KOSPI,00155258,포스코스틸리온,058430,현금ㆍ현물배당결정,20220128800480,포스코스틸리온,20220128,유
KOSPI,00155258,포스코스틸리온,058430,매출액또는손익구조30%(대규모법인은15%)이상변경,20220128800486,포스코스틸리온,20220128,유
KOSPI,00106623,현대위아,011210,공정거래자율준수프로그램운영현황(안내공시),20220128800488,현대위아,20220128,유
KOSPI,00164478,현대건설,000720,단일판매ㆍ공급계약체결,20220128800490,현대건설,20220128,유정
KOSPI,00109693,DL,000210,기업설명회(IR)개최(안내공시),20220128800492,DL,20220128,유
KOSPI,01316236,효성화학,298000,최대주주등소유주식변동신고서,20220128800496,효성화학,20220128,유
KOSPI,00103130,MDS스피어,009810,[기재정정]타법인주식및출자증권취득결정,20220128800498,MDS스피어,20220128,유정
KOSPI,00878915,iM금융지주,139130,결산실적공시예고(안내공시),20220128800499,iM금융지주,20220128,유
KOSPI,00878915,iM금융지주,139130,기업설명회(IR)개최(안내공시),20220128800500,iM금융지주,20220128,유
KOSPI,00158501,에스원,012750,현금ㆍ현물배당결정,20220128800501,에스원,20220128,유
KOSPI,00163196,한일철강,002220,매출액또는손익구조30%(대규모법인은15%)이상변경,20220128800511,한일철강,20220128,유
KOSPI,00990165,아세아시멘트,183190,매출액또는손익구조30%(대규모법인은15%)이상변경,20220128800513,아세아시멘트,20220128,유정
KOSPI,00147860,에스엠벡셀,010580,임시주주총회결과,20220128800522,에스엠벡셀,20220128,유
KOSPI,00117188,효성,004800,최대주주등소유주식변동신고서,20220128800526,효성,20220128,유
KOSPI,01412725,두산퓨얼셀,336260,결산실적공시예고(안내공시),20220128800540,두산퓨얼셀,20220128,유
KOSPI,01412725,두산퓨얼셀,336260,기업설명회(IR)개최(안내공시),20220128800555,두산퓨얼셀,20220128,유
KOSPI,00114552,도화엔지니어링,002150,영업(잠정)실적(공정공시),20220128800556,도화엔지니어링,20220128,유
KOSPI,00133335,성창기업지주,000180,매출액또는손익구조30%(대규모법인은15%)이상변경,20220128800558,성창기업지주,20220128,유정
KOSPI,00113535,대한해운,005880,[기재정정]타인에대한채무보증결정,20220128800559,대한해운,20220128,유정
KOSPI,00116949,DN오토모티브,007340,[기재정정]타법인주식및출자증권취득결정(종속회사의주요경영사항),20220128800569,DN오토모티브,20220128,유
KOSPI,00164830,HD한국조선해양,009540,기업설명회(IR)개최(안내공시),20220128800577,HD한국조선해양,20220128,유
KOSPI,00141626,오리엔트바이오,002630,타법인주식및출자증권취득결정,20220128800578,오리엔트바이오,20220128,유
KOSPI,00134963,송원산업,004430,매출액또는손익구조30%(대규모법인은15%)이상변경,20220128800579,송원산업,20220128,유
KOSPI,00134963,송원산업,004430,연결재무제표기준영업(잠정)실적(공정공시),20220128800581,송원산업,20220128,유
KOSPI,00126308,삼성E&A,028050,최대주주등소유주식변동신고서,20220128800584,삼성E&A,20220128,유
KOSPI,01205851,HD현대일렉트릭,267260,기업설명회(IR)개최(안내공시),20220128800588,HD현대일렉트릭,20220128,유
KOSPI,01390344,HD현대중공업,329180,기업설명회(IR)개최(안내공시),20220128800589,HD현대중공업,20220128,유
KOSPI,00646732,진양홀딩스,100250,매출액또는손익구조30%(대규모법인은15%)이상변경,20220128800592,진양홀딩스,20220128,유
KOSPI,01515323,LG에너지솔루션,373220,최대주주등소유주식변동신고서,20220128800596,LG에너지솔루션,20220128,유
KOSPI,00646732,진양홀딩스,100250,현금ㆍ현물배당결정,20220128800598,진양홀딩스,20220128,유
KOSPI,00587466,KPX홀딩스,092230,현금ㆍ현물배당결정(자회사의 주요경영사항),20220128800599,KPX홀딩스,20220128,유
KOSPI,01562589,LX홀딩스,383800,결산실적공시예고(안내공시),20220128800604,LX홀딩스,20220128,유
KOSPI,00106368,금호석유화학,011780,최대주주등소유주식변동신고서,20220128800605,금호석유화학,20220128,유
KOSPI,00106368,금호석유화학,011780,결산실적공시예고(안내공시),20220128800608,금호석유화학,20220128,유
KOSPI,00105855,엘에스일렉트릭,010120,연결재무제표기준영업(잠정)실적(공정공시),20220128800616,엘에스일렉트릭,20220128,유
KOSPI,00219486,신세계I&C,035510,매출액또는손익구조30%(대규모법인은15%)이상변경,20220128800618,신세계I&C,20220128,유정
KOSPI,00587466,KPX홀딩스,092230,매출액또는손익구조30%(대규모법인은15%)이상변경(자회사의 주요경영사항),20220128800622,KPX홀딩스,20220128,유
KOSPI,01363818,롯데리츠,330590,주주총회소집결의,20220128800623,롯데리츠,20220128,유정
KOSPI,01363818,롯데리츠,330590,부동산투자회사금전배당결정,20220128800627,롯데리츠,20220128,유
KOSPI,01363818,롯데리츠,330590,매출액또는손익구조30%(대규모법인은15%)이상변경,20220128800629,롯데리츠,20220128,유
KOSPI,00219486,신세계I&C,035510,현금ㆍ현물배당결정,20220128800633,신세계I&C,20220128,유
KOSPI,00124726,빙그레,005180,매출액또는손익구조30%(대규모법인은15%)이상변경,20220128800634,빙그레,20220128,유정
KOSPI,00105855,엘에스일렉트릭,010120,매출액또는손익구조30%(대규모법인은15%)이상변경,20220128800642,엘에스일렉트릭,20220128,유
KOSPI,00219486,신세계I&C,035510,영업(잠정)실적(공정공시),20220128800652,신세계I&C,20220128,유정
KOSPI,00164779,SK하이닉스,000660,유상증자결정(종속회사의주요경영사항),20220128800654,SK하이닉스,20220128,유정
KOSPI,01316227,효성티앤씨,298020,[기재정정]재해발생,20220128800666,효성티앤씨,20220128,유
KOSPI,00139889,SKC,011790,횡령ㆍ배임사실확인,20220128800668,SKC,20220128,유
KOSPI,00115384,동방아그로,007590,단일판매ㆍ공급계약체결,20220128800685,동방아그로,20220128,유
KOSPI,00131832,SK디스커버리,006120,현금ㆍ현물배당결정(자회사의 주요경영사항),20220128800688,SK디스커버리,20220128,유
KOSPI,00105855,엘에스일렉트릭,010120,기업설명회(IR)개최(안내공시),20220128800697,엘에스일렉트릭,20220128,유
KOSPI,00105952,LS,006260,매출액또는손익구조30%(대규모법인은15%)이상변경(자회사의 주요경영사항),20220128800699,LS,20220128,유
KOSPI,00131780,SK네트웍스,001740,횡령ㆍ배임사실확인,20220128800701,SK네트웍스,20220128,유
KOSPI,00137207,유니켐,011330,최대주주등소유주식변동신고서,20220128800707,유니켐,20220128,유
KOSPI,01205709,HD현대,267250,기업설명회(IR)개최(안내공시),20220128800708,HD현대,20220128,유
KOSPI,00309503,한국항공우주,047810,거래처와의거래중단,20220128800711,한국항공우주,20220128,유
KOSPI,00148832,제주은행,006220,결산실적공시예고(안내공시),20220128800712,제주은행,20220128,유
KOSPI,00106313,금호건설,002990,최대주주등소유주식변동신고서,20220128800714,금호건설,20220128,유
KOSPI,00155319,POSCO홀딩스,005490,현금ㆍ현물배당결정,20220128800721,POSCO홀딩스,20220128,유
KOSPI,00106313,금호건설,002990,결산실적공시예고(안내공시),20220128800724,금호건설,20220128,유
KOSPI,00173795,신흥,004080,최대주주등소유주식변동신고서,20220128800735,신흥,20220128,유
KOSPI,00132725,SB성보,003080,매출액또는손익구조30%(대규모법인은15%)이상변경,20220128800766,SB성보,20220128,유
KOSPI,00155319,POSCO홀딩스,005490,매출액또는손익구조30%(대규모법인은15%)이상변경,20220128800768,POSCO홀딩스,20220128,유
KOSPI,00131832,SK디스커버리,006120,매출액또는손익구조30%(대규모법인은15%)이상변경(자회사의 주요경영사항),20220128800782,SK디스커버리,20220128,유
KOSPI,00155276,포스코퓨처엠,003670,단일판매ㆍ공급계약체결,20220128800791,포스코퓨처엠,20220128,유
KOSPI,00164973,현대해상,001450,결산실적공시예고(안내공시),20220128800794,현대해상,20220128,유
KOSPI,00155319,POSCO홀딩스,005490,영업실적등에대한전망(공정공시),20220128800796,POSCO홀딩스,20220128,유정
KOSPI,00155276,포스코퓨처엠,003670,단일판매ㆍ공급계약체결,20220128800798,포스코퓨처엠,20220128,유
KOSPI,00155319,POSCO홀딩스,005490,연결재무제표기준영업실적등에대한전망(공정공시),20220128800803,POSCO홀딩스,20220128,유정
KOSPI,00164973,현대해상,001450,기업설명회(IR)개최(안내공시),20220128800805,현대해상,20220128,유
KOSPI,00120030,GS건설,006360,[기재정정]단일판매ㆍ공급계약체결,20220128800807,GS건설,20220128,유정
KOSPI,00155319,POSCO홀딩스,005490,영업(잠정)실적(공정공시),20220128800820,POSCO홀딩스,20220128,유
KOSPI,00113207,대한전선,001440,영업(잠정)실적(공정공시),20220128800824,대한전선,20220128,유
KOSPI,00360595,현대글로비스,086280,기업설명회(IR)개최(안내공시),20220128800828,현대글로비스,20220128,유
KOSPI,00155319,POSCO홀딩스,005490,연결재무제표기준영업(잠정)실적(공정공시),20220128800831,POSCO홀딩스,20220128,유
KOSPI,00155319,POSCO홀딩스,005490,주주총회소집결의,20220128800834,POSCO홀딩스,20220128,유정
KOSPI,00123772,부국증권,001270,매출액또는손익구조30%(대규모법인은15%)이상변경,20220128800838,부국증권,20220128,유
KOSPI,01010110,더블유게임즈,192080,결산실적공시예고(안내공시),20220128800842,더블유게임즈,20220128,유
KOSPI,00149655,삼성물산,028260,타법인주식및출자증권취득결정(종속회사의주요경영사항),20220128800846,삼성물산,20220128,유정
KOSPI,00149655,삼성물산,028260,유상증자결정(종속회사의주요경영사항),20220128800860,삼성물산,20220128,유정
KOSPI,00110893,대신증권,003540,최대주주등소유주식변동신고서,20220128800863,대신증권,20220128,유
KOSPI,00124151,부산주공,005030,임시주주총회결과,20220128800869,부산주공,20220128,유정
KOSPI,00534598,한컴라이프케어,372910,매출액또는손익구조30%(대규모법인은15%)이상변경,20220128800871,한컴라이프케어,20220128,유
KOSPI,00860332,메리츠금융지주,138040,최대주주등소유주식변동신고서,20220128800874,메리츠금융지주,20220128,유
KOSPI,00860332,메리츠금융지주,138040,결산실적공시예고(안내공시),20220128800876,메리츠금융지주,20220128,유
KOSPI,00165680,호텔신라,008770,공정거래자율준수프로그램운영현황(안내공시),20220128800899,호텔신라,20220128,유
KOSPI,00469799,이엔플러스,074610,[기재정정]투자판단관련주요경영사항,20220128800900,이엔플러스,20220128,유정
KOSPI,00113058,한화생명,088350,기업설명회(IR)개최(안내공시),20220128800901,한화생명,20220128,유
KOSPI,01010110,더블유게임즈,192080,기업설명회(IR)개최(안내공시),20220128800904,더블유게임즈,20220128,유
KOSPI,00165680,호텔신라,008770,현금ㆍ현물배당결정,20220128800906,호텔신라,20220128,유
KOSPI,00126256,삼성생명,032830,매출액또는손익구조30%(대규모법인은15%)이상변경,20220128800909,삼성생명,20220128,유
KOSPI,00540605,이월드,084680,매출액또는손익구조30%(대규모법인은15%)이상변경,20220128800911,이월드,20220128,유정
KOSPI,00162416,한양증권,001750,매출액또는손익구조30%(대규모법인은15%)이상변경,20220128800919,한양증권,20220128,유
KOSPI,00126256,삼성생명,032830,현금ㆍ현물배당결정,20220128800920,삼성생명,20220128,유
KOSPI,00120526,롯데쇼핑,023530,결산실적공시예고(안내공시),20220128800924,롯데쇼핑,20220128,유
KOSPI,00547583,하나금융지주,086790,결산실적공시예고(안내공시),20220128800933,하나금융지주,20220128,유
KOSPI,00104856,삼성증권,016360,매출액또는손익구조30%(대규모법인은15%)이상변경,20220128800945,삼성증권,20220128,유정
KOSPI,00104856,삼성증권,016360,현금ㆍ현물배당결정,20220128800950,삼성증권,20220128,유
KOSPI,00160375,진양폴리우레탄,010640,현금ㆍ현물배당결정,20220128800951,진양폴리우레탄,20220128,유
KOSPI,00150439,진양산업,003780,현금ㆍ현물배당결정,20220128800955,진양산업,20220128,유정
KOSPI,00547583,하나금융지주,086790,기업설명회(IR)개최(안내공시),20220128800961,하나금융지주,20220128,유
KOSPI,00190321,케이티,030200,기업설명회(IR)개최(안내공시),20220128800968,케이티,20220128,유
KOSPI,00122579,BYC,001460,최대주주등소유주식변동신고서,20220128800970,BYC,20220128,유
KOSPI,01133217,카카오뱅크,323410,기타안내사항(안내공시),20220128800997,카카오뱅크,20220128,유
KOSPI,00360595,현대글로비스,086280,[기재정정]타법인주식및출자증권처분결정,20220128800999,현대글로비스,20220128,유
KOSPI,01510489,프레스티지바이오파마,950210,[기재정정]유상증자결정(종속회사의주요경영사항),20220128801017,프레스티지바이오파마,20220128,유
KOSPI,00258801,카카오,035720,[기재정정]회사합병결정(종속회사의주요경영사항),20220128801023,카카오,20220128,유
KOSPI,00155276,포스코퓨처엠,003670,[기재정정]타법인주식및출자증권취득결정,20220128801024,포스코퓨처엠,20220128,유정
KOSPI,00565154,이노션,214320,결산실적공시예고(안내공시),20220128801031,이노션,20220128,유
KOSPI,00124151,부산주공,005030,[기재정정]임시주주총회결과,20220128801058,부산주공,20220128,유
KOSPI,00858364,BNK금융지주,138930,결산실적공시예고(안내공시),20220128801066,BNK금융지주,20220128,유
KOSPI,00983040,한진칼,180640,매출액또는손익구조30%(대규모법인은15%)이상변경,20220128801071,한진칼,20220128,유정
KOSPI,00858364,BNK금융지주,138930,기업설명회(IR)개최(안내공시),20220128801072,BNK금융지주,20220128,유
KOSPI,00155319,POSCO홀딩스,005490,임시주주총회결과,20220128801074,POSCO홀딩스,20220128,유
KOSPI,00904672,넷마블,251270,결산실적공시예고(안내공시),20220128801075,넷마블,20220128,유
KOSPI,00904672,넷마블,251270,기업설명회(IR)개최(안내공시),20220128801077,넷마블,20220128,유
KOSPI,00403632,현대퓨처넷,126560,결산실적공시예고(안내공시),20220128801080,현대퓨처넷,20220128,유
KOSPI,00413523,한미글로벌,053690,최대주주등소유주식변동신고서,20220128801093,한미글로벌,20220128,유
KOSPI,00155276,포스코퓨처엠,003670,[기재정정]타법인주식및출자증권취득결정,20220128801108,포스코퓨처엠,20220128,유정
KOSPI,00878915,iM금융지주,139130,최대주주등소유주식변동신고서,20220128801140,iM금융지주,20220128,유
KOSPI,00155355,풀무원,017810,매출액또는손익구조30%(대규모법인은15%)이상변경,20220128801148,풀무원,20220128,유정
KOSPI,00155355,풀무원,017810,매출액또는손익구조30%(대규모법인은15%)이상변경(자회사의 주요경영사항),20220128801149,풀무원,20220128,유
KOSPI,00125974,삼부토건,001470,대표이사(대표집행임원)변경(안내공시),20220128801153,삼부토건,20220128,유
KOSPI,00165680,호텔신라,008770,연결재무제표기준영업(잠정)실적(공정공시),20220128801155,호텔신라,20220128,유
KOSPI,00165680,호텔신라,008770,매출액또는손익구조30%(대규모법인은15%)이상변경,20220128801157,호텔신라,20220128,유
KOSPI,00149646,기업은행,024110,결산실적공시예고(안내공시),20220128801169,기업은행,20220128,유
KOSPI,01316236,효성화학,298000,타인에대한채무보증결정,20220128801173,효성화학,20220128,유
KOSPI,01316236,효성화학,298000,타인에대한채무보증결정,20220128801175,효성화학,20220128,유
KOSPI,01316236,효성화학,298000,타인에대한채무보증결정,20220128801181,효성화학,20220128,유
KOSPI,00113058,한화생명,088350,[기재정정]결산실적공시예고(안내공시),20220128801192,한화생명,20220128,유
KOSPI,00151298,DSR제강,069730,임원ㆍ주요주주특정증권등소유상황보고서,20220128000763,홍하종,20220203,
KOSPI,00113359,교보증권,030610,증권발행실적보고서,20220203000025,교보증권,20220203,
KOSPI,00104856,삼성증권,016360,증권발행실적보고서,20220203000035,삼성증권,20220203,
KOSPI,00104856,삼성증권,016360,일괄신고추가서류(파생결합증권-주가연계증권),20220203000051,삼성증권,20220203,
KOSPI,00409672,티비에이치글로벌,084870,주식등의대량보유상황보고서(일반),20220203000059,우종완,20220203,
KOSPI,00104856,삼성증권,016360,투자설명서(일괄신고),20220203000061,삼성증권,20220203,
KOSPI,00108913,대교,019680,[기재정정]임원ㆍ주요주주특정증권등소유상황보고서,20220203000074,김주현,20220203,
KOSPI,00117601,유안타증권,003470,증권발행실적보고서,20220203000080,유안타증권,20220203,
KOSPI,00137997,현대차증권,001500,일괄신고추가서류(파생결합사채-주가연계파생결합사채),20220203000086,현대차증권,20220203,
KOSPI,00126380,삼성전자,005930,[기재정정]임원ㆍ주요주주특정증권등소유상황보고서,20220203000098,김진교,20220203,
KOSPI,00256955,테이팩스,055490,주식등의대량보유상황보고서(약식),20220203000100,한국투자밸류자산운용,20220203,
KOSPI,00156859,다올투자증권,030210,임원ㆍ주요주주특정증권등소유상황보고서,20220203000112,장정욱,20220203,
KOSPI,00102140,케이아이이,009140,임원ㆍ주요주주특정증권등소유상황보고서,20220203000118,김성은,20220203,
KOSPI,00111722,미래에셋증권,006800,증권발행실적보고서,20220203000142,미래에셋증권,20220203,
KOSPI,00137997,현대차증권,001500,투자설명서(일괄신고),20220203000146,현대차증권,20220203,
KOSPI,00173078,명신산업,009900,주식등의대량보유상황보고서(일반),20220203000147,엠에스오토텍,20220203,
KOSPI,01391033,NH프라임리츠,338100,주주총회소집공고,20220203000172,NH프라임리츠,20220203,
KOSPI,01391033,NH프라임리츠,338100,의결권대리행사권유참고서류,20220203000178,NH프라임리츠,20220203,
KOSPI,00148984,시알홀딩스,000480,임원ㆍ주요주주특정증권등소유상황보고서,20220203000188,이인옥,20220203,
KOSPI,00115694,DB증권,016610,증권발행실적보고서,20220203000190,DB증권,20220203,
KOSPI,00136721,신영증권,001720,임원ㆍ주요주주특정증권등소유상황보고서,20220203000206,원종석,20220203,
KOSPI,00148984,시알홀딩스,000480,[기재정정]합병등종료보고서(합병),20220203000210,시알홀딩스,20220203,
KOSPI,00136721,신영증권,001720,증권발행실적보고서,20220203000213,신영증권,20220203,
KOSPI,00121932,미원상사,002840,주식등의대량보유상황보고서(일반),20220203000216,김정돈,20220203,정
KOSPI,00136721,신영증권,001720,증권발행실적보고서,20220203000221,신영증권,20220203,
KOSPI,00136378,신세계,004170,[기재정정]증권신고서(채무증권),20220203000241,신세계,20220203,정
KOSPI,00136378,신세계,004170,[발행조건확정]증권신고서(채무증권),20220203000247,신세계,20220203,정
KOSPI,00104856,삼성증권,016360,증권발행실적보고서,20220203000260,삼성증권,20220203,
KOSPI,00164742,현대자동차,005380,특수관계인으로부터기타유가증권매수,20220203000276,현대자동차,20220203,공
KOSPI,00106119,금양,001570,주식등의대량보유상황보고서(일반),20220203000285,류광지,20220203,
KOSPI,00545716,롯데렌탈,089860,특수관계인과의리스거래,20220203000286,롯데렌탈,20220203,공
KOSPI,00160843,DB하이텍,000990,[기재정정]동일인등출자계열회사와의상품ㆍ용역거래,20220203000297,DB하이텍,20220203,공
KOSPI,00156150,엑시큐어하이트론,019490,독립이사의선임ㆍ해임또는중도퇴임에관한신고,20220203000305,엑시큐어하이트론,20220203,
KOSPI,00106119,금양,001570,임원ㆍ주요주주특정증권등소유상황보고서,20220203000312,남장식,20220203,
KOSPI,00110893,대신증권,003540,일괄신고추가서류(파생결합사채-주가연계파생결합사채),20220203000317,대신증권,20220203,
KOSPI,00110893,대신증권,003540,일괄신고추가서류(파생결합증권-주가연계증권),20220203000318,대신증권,20220203,
KOSPI,00110893,대신증권,003540,투자설명서(일괄신고),20220203000328,대신증권,20220203,
KOSPI,00110893,대신증권,003540,투자설명서(일괄신고),20220203000329,대신증권,20220203,
KOSPI,00164636,HDC,012630,주식등의대량보유상황보고서(일반),20220203000342,정몽규,20220203,
KOSPI,00106395,금호전기,001210,임원ㆍ주요주주특정증권등소유상황보고서,20220203000366,정규용,20220203,
KOSPI,00126566,한화에어로스페이스,012450,기타경영사항(자율공시)(종속회사의주요경영사항),20220203800002,한화에어로스페이스,20220203,유
KOSPI,00155319,POSCO홀딩스,005490,[기재정정]영업실적등에대한전망(공정공시),20220203800067,POSCO홀딩스,20220203,유
KOSPI,00155319,POSCO홀딩스,005490,[기재정정]연결재무제표기준영업실적등에대한전망(공정공시),20220203800068,POSCO홀딩스,20220203,유정
KOSPI,00164742,현대자동차,005380,생산재개(자율공시),20220203800072,현대자동차,20220203,유
KOSPI,00155319,POSCO홀딩스,005490,[기재정정]영업(잠정)실적(공정공시),20220203800073,POSCO홀딩스,20220203,유
KOSPI,00155319,POSCO홀딩스,005490,[기재정정]연결재무제표기준영업(잠정)실적(공정공시),20220203800076,POSCO홀딩스,20220203,유
KOSPI,00164788,현대모비스,012330,생산재개(자율공시),20220203800152,현대모비스,20220203,유
KOSPI,00486705,아주스틸,139990,기업설명회(IR)개최(안내공시),20220203800172,아주스틸,20220203,유
KOSPI,00118521,진원생명과학,011000,단일판매ㆍ공급계약체결,20220203800174,진원생명과학,20220203,유정
KOSPI,00145464,이구산업,025820,매출액또는손익구조30%(대규모법인은15%)이상변경,20220203800176,이구산업,20220203,유정
KOSPI,00113191,코리안리,003690,결산실적공시예고(안내공시),20220203800180,코리안리,20220203,유
KOSPI,00409672,티비에이치글로벌,084870,최대주주등소유주식변동신고서,20220203800219,티비에이치글로벌,20220203,유
KOSPI,00339391,한화시스템,272210,최대주주등소유주식변동신고서,20220203800242,한화시스템,20220203,유
KOSPI,00670340,씨에스윈드,112610,단일판매ㆍ공급계약체결,20220203800248,씨에스윈드,20220203,유
KOSPI,00101433,경농,002100,단일판매ㆍ공급계약체결,20220203800257,경농,20220203,유정
KOSPI,00139454,애경산업,018250,결산실적공시예고(안내공시),20220203800258,애경산업,20220203,유
KOSPI,00111704,한화오션,042660,단일판매ㆍ공급계약체결,20220203800269,한화오션,20220203,유정
KOSPI,00111704,한화오션,042660,단일판매ㆍ공급계약체결,20220203800273,한화오션,20220203,유
KOSPI,00106395,금호전기,001210,전환가액ㆍ신주인수권행사가액ㆍ교환가액의조정(안내공시),20220203800306,금호전기,20220203,유
KOSPI,00106395,금호전기,001210,전환가액ㆍ신주인수권행사가액ㆍ교환가액의조정(안내공시),20220203800308,금호전기,20220203,유
KOSPI,00106395,금호전기,001210,전환가액ㆍ신주인수권행사가액ㆍ교환가액의조정(안내공시),20220203800309,금호전기,20220203,유
KOSPI,00122348,방림,003610,최대주주등소유주식변동신고서,20220203800312,방림,20220203,유
KOSPI,00361008,한화엔진,082740,결산실적공시예고(안내공시),20220203800319,한화엔진,20220203,유
KOSPI,00151298,DSR제강,069730,최대주주등소유주식변동신고서,20220203800339,DSR제강,20220203,유
KOSPI,00102140,케이아이이,009140,최대주주등소유주식변동신고서(최대주주변경시),20220203800346,케이아이이,20220203,유
KOSPI,00503668,LIG디펜스앤에어로스페이스,079550,최대주주등소유주식변동신고서,20220203800358,LIG디펜스앤에어로스페이스,20220203,유
KOSPI,00157681,롯데정밀화학,004000,연결재무제표기준영업(잠정)실적(공정공시),20220203800368,롯데정밀화학,20220203,유정
KOSPI,00157681,롯데정밀화학,004000,매출액또는손익구조30%(대규모법인은15%)이상변경,20220203800372,롯데정밀화학,20220203,유정
KOSPI,00121570,문배철강,008420,매출액또는손익구조30%(대규모법인은15%)이상변경,20220203800373,문배철강,20220203,유정
KOSPI,00160302,코스모화학,005420,단일판매ㆍ공급계약체결,20220203800379,코스모화학,20220203,유
KOSPI,00157681,롯데정밀화학,004000,현금ㆍ현물배당결정,20220203800383,롯데정밀화학,20220203,유
KOSPI,00157681,롯데정밀화학,004000,최대주주등소유주식변동신고서,20220203800391,롯데정밀화학,20220203,유
KOSPI,00102140,케이아이이,009140,최대주주변경,20220203800393,케이아이이,20220203,유
KOSPI,01428203,케이씨씨글라스,344820,결산실적공시예고(안내공시),20220203800409,케이씨씨글라스,20220203,유
KOSPI,00138297,STX,011810,유형자산처분결정(종속회사의주요경영사항),20220203800412,STX,20220203,유
KOSPI,00121932,미원상사,002840,최대주주등소유주식변동신고서,20220203800421,미원상사,20220203,유
KOSPI,00133618,우양피앤엘,002420,유상증자또는주식관련사채등의발행결과(자율공시),20220203800424,우양피앤엘,20220203,유
KOSPI,00670340,씨에스윈드,112610,결산실적공시예고(안내공시),20220203800430,씨에스윈드,20220203,유
KOSPI,00122737,팬오션,028670,결산실적공시예고(안내공시),20220203800433,팬오션,20220203,유
KOSPI,00105280,현대지에프홀딩스,005440,결산실적공시예고(안내공시),20220203800436,현대지에프홀딩스,20220203,유
KOSPI,00684714,풍산,103140,결산실적공시예고(안내공시),20220203800440,풍산,20220203,유
KOSPI,00148984,시알홀딩스,000480,최대주주등소유주식변동신고서,20220203800457,시알홀딩스,20220203,유
KOSPI,00164742,현대자동차,005380,영업(잠정)실적(공정공시),20220203800466,현대자동차,20220203,유
KOSPI,00148276,제일기획,030000,최대주주등소유주식변동신고서,20220203800480,제일기획,20220203,유
KOSPI,00145862,인천도시가스,034590,현금ㆍ현물배당결정,20220203800489,인천도시가스,20220203,유
KOSPI,00178754,동아지질,028100,단일판매ㆍ공급계약체결,20220203800496,동아지질,20220203,유정
KOSPI,00145862,인천도시가스,034590,매출액또는손익구조30%(대규모법인은15%)이상변경,20220203800505,인천도시가스,20220203,유
KOSPI,00104856,삼성증권,016360,최대주주등소유주식변동신고서,20220203800506,삼성증권,20220203,유
KOSPI,01205709,HD현대,267250,단일판매ㆍ공급계약체결(자회사의 주요경영사항),20220203800507,HD현대,20220203,유
KOSPI,00164812,현대코퍼레이션,011760,매출액또는손익구조30%(대규모법인은15%)이상변경,20220203800512,현대코퍼레이션,20220203,유
KOSPI,00269940,하나투어,039130,대표이사(대표집행임원)변경(안내공시),20220203800524,하나투어,20220203,유
KOSPI,00136721,신영증권,001720,최대주주등소유주식변동신고서,20220203800525,신영증권,20220203,유
KOSPI,00162461,한화솔루션,009830,결산실적공시예고(안내공시),20220203800544,한화솔루션,20220203,유
KOSPI,00547583,하나금융지주,086790,최대주주등소유주식변동신고서,20220203800558,하나금융지주,20220203,유
KOSPI,00557508,GKL,114090,영업(잠정)실적(공정공시),20220203800571,GKL,20220203,유
KOSPI,00219097,BGF,027410,결산실적공시예고(안내공시),20220203800593,BGF,20220203,유
KOSPI,01263022,BGF리테일,282330,결산실적공시예고(안내공시),20220203800594,BGF리테일,20220203,유
KOSPI,00159698,지역난방공사,071320,단기차입금증가결정,20220203800595,지역난방공사,20220203,유
KOSPI,00148896,OCI홀딩스,010060,최대주주등소유주식변동신고서,20220203800601,OCI홀딩스,20220203,유
KOSPI,00106119,금양,001570,최대주주등소유주식변동신고서,20220203800602,금양,20220203,유
KOSPI,00139214,삼성화재해상보험,000810,최대주주등소유주식변동신고서,20220203800603,삼성화재해상보험,20220203,유
KOSPI,00110893,대신증권,003540,매출액또는손익구조30%(대규모법인은15%)이상변경,20220203800607,대신증권,20220203,유정
KOSPI,00110893,대신증권,003540,소송등의제기ㆍ신청(일정금액이상의청구),20220203800614,대신증권,20220203,유정
KOSPI,00159023,SK텔레콤,017670,기업설명회(IR)개최(안내공시),20220203800617,SK텔레콤,20220203,유
KOSPI,00122481,태경비케이,014580,매출액또는손익구조30%(대규모법인은15%)이상변경,20220203800638,태경비케이,20220203,유
KOSPI,00160375,진양폴리우레탄,010640,[기재정정]매출액또는손익구조30%(대규모법인은15%)이상변경,20220203800650,진양폴리우레탄,20220203,유
KOSPI,00106881,인디에프,014990,[기재정정]기타경영사항(자율공시),20220203800655,인디에프,20220203,유
KOSPI,00361488,텔코웨어,078000,매출액또는손익구조30%(대규모법인은15%)이상변경,20220203800656,텔코웨어,20220203,유
KOSPI,00106395,금호전기,001210,[기재정정]금전대여결정,20220203800676,금호전기,20220203,유
KOSPI,00361488,텔코웨어,078000,현금ㆍ현물배당결정,20220203800690,텔코웨어,20220203,유
KOSPI,00122481,태경비케이,014580,현금ㆍ현물배당결정,20220203800704,태경비케이,20220203,유
KOSPI,00226316,호전실업,111110,전환가액ㆍ신주인수권행사가액ㆍ교환가액의조정(안내공시),20220203800717,호전실업,20220203,유
KOSPI,00159218,한전KPS,051600,단일판매ㆍ공급계약체결(자율공시),20220203800722,한전KPS,20220203,유
KOSPI,00140177,GS리테일,007070,결산실적공시예고(안내공시),20220203800755,GS리테일,20220203,유정
KOSPI,00372873,KTis,058860,결산실적공시예고(안내공시),20220203800772,KTis,20220203,유
KOSPI,00168331,온타이드,005320,전환가액ㆍ신주인수권행사가액ㆍ교환가액의조정(안내공시),20220203800776,온타이드,20220203,유
KOSPI,00164636,HDC,012630,최대주주등소유주식변동신고서,20220203800777,HDC,20220203,유
KOSPI,00190321,케이티,030200,횡령ㆍ배임사실확인,20220203800798,케이티,20220203,유정
KOSPI,00115694,DB증권,016610,소송등의판결ㆍ결정,20220203800830,DB증권,20220203,유
KOSPI,00110893,대신증권,003540,[기재정정]소송등의제기ㆍ신청(일정금액이상의청구),20220203800845,대신증권,20220203,유
KOSPI,00447609,비에이치,090460,매출액또는손익구조30%(대규모법인은15%)이상변동,20220203900236,비에이치,20220203,코
KOSPI,01180118,코람코더원리츠,417310,효력발생안내( 2022.1.28. 제출 증권신고서(집합투자증권-회사형) ),20220203100036,금융감독원,20220204,
KOSPI,01180118,코람코더원리츠,417310,투자설명서(집합투자증권)(㈜코람코더원위탁관리부동산투자회사),20220204000002,코람코더원리츠,20220204,정
KOSPI,00113359,교보증권,030610,증권발행실적보고서,20220204000015,교보증권,20220204,
KOSPI,00120182,NH투자증권,005940,일괄신고추가서류(파생결합증권-주가연계증권),20220204000020,NH투자증권,20220204,
KOSPI,00120182,NH투자증권,005940,투자설명서(일괄신고),20220204000025,NH투자증권,20220204,
KOSPI,00108913,대교,019680,임원ㆍ주요주주특정증권등소유상황보고서,20220204000033,변규숙,20220204,
KOSPI,00102140,케이아이이,009140,임원ㆍ주요주주특정증권등소유상황보고서,20220204000043,김성은,20220204,
KOSPI,00148610,한화투자증권,003530,증권발행실적보고서,20220204000050,한화투자증권,20220204,
KOSPI,00117188,효성,004800,임원ㆍ주요주주특정증권등소유상황보고서,20220204000055,국민연금공단,20220204,
KOSPI,00234412,신세계인터내셔날,031430,임원ㆍ주요주주특정증권등소유상황보고서,20220204000059,국민연금공단,20220204,
KOSPI,00117601,유안타증권,003470,증권발행실적보고서,20220204000063,유안타증권,20220204,
KOSPI,00203315,콘텐트리중앙,036420,임원ㆍ주요주주특정증권등소유상황보고서,20220204000065,국민연금공단,20220204,
KOSPI,00454946,그린케미칼,083420,[연장결정]주요사항보고서(자기주식취득신탁계약체결결정),20220204000085,그린케미칼,20220204,정
KOSPI,00113359,교보증권,030610,증권발행실적보고서,20220204000097,교보증권,20220204,
KOSPI,00113359,교보증권,030610,증권발행실적보고서,20220204000101,교보증권,20220204,
KOSPI,00104856,삼성증권,016360,일괄신고추가서류(파생결합사채-주가연계파생결합사채),20220204000111,삼성증권,20220204,
KOSPI,00104856,삼성증권,016360,일괄신고추가서류(파생결합증권-주가연계증권),20220204000114,삼성증권,20220204,
KOSPI,00296290,키움증권,039490,일괄신고추가서류(파생결합사채-주가연계파생결합사채),20220204000116,키움증권,20220204,
KOSPI,00115694,DB증권,016610,일괄신고추가서류(기타파생결합사채),20220204000118,DB증권,20220204,
KOSPI,00104856,삼성증권,016360,투자설명서(일괄신고),20220204000124,삼성증권,20220204,
KOSPI,00104856,삼성증권,016360,투자설명서(일괄신고),20220204000126,삼성증권,20220204,
KOSPI,00101488,경동나비엔,009450,[기재정정]합병등종료보고서(주식의포괄적교환ㆍ이전),20220204000130,경동나비엔,20220204,
KOSPI,00296290,키움증권,039490,투자설명서(일괄신고),20220204000149,키움증권,20220204,
KOSPI,00120182,NH투자증권,005940,증권발행실적보고서,20220204000176,NH투자증권,20220204,
KOSPI,00117601,유안타증권,003470,증권발행실적보고서,20220204000183,유안타증권,20220204,
KOSPI,00120182,NH투자증권,005940,증권발행실적보고서,20220204000184,NH투자증권,20220204,
KOSPI,00104856,삼성증권,016360,증권발행실적보고서,20220204000200,삼성증권,20220204,
KOSPI,00104856,삼성증권,016360,일괄신고추가서류(파생결합증권-주가연계증권),20220204000203,삼성증권,20220204,
KOSPI,00116824,동아쏘시오홀딩스,000640,주식등의대량보유상황보고서(약식),20220204000205,국민연금공단,20220204,
KOSPI,00164478,현대건설,000720,주식등의대량보유상황보고서(약식),20220204000210,국민연금공단,20220204,
KOSPI,00131780,SK네트웍스,001740,주식등의대량보유상황보고서(약식),20220204000216,국민연금공단,20220204,
KOSPI,00108241,농심,004370,주식등의대량보유상황보고서(약식),20220204000221,국민연금공단,20220204,
KOSPI,00104856,삼성증권,016360,투자설명서(일괄신고),20220204000224,삼성증권,20220204,
KOSPI,00164830,HD한국조선해양,009540,주식등의대량보유상황보고서(약식),20220204000233,국민연금공단,20220204,
KOSPI,00115694,DB증권,016610,투자설명서(일괄신고),20220204000235,DB증권,20220204,
KOSPI,00415646,드림텍,192650,주식등의대량보유상황보고서(일반),20220204000241,유니퀘스트,20220204,
KOSPI,00115694,DB증권,016610,일괄신고추가서류(파생결합사채-주가연계파생결합사채),20220204000261,DB증권,20220204,
KOSPI,00296290,키움증권,039490,증권발행실적보고서,20220204000264,키움증권,20220204,
KOSPI,00145163,파미셀,005690,주식등의대량보유상황보고서(일반),20220204000265,김현수,20220204,
KOSPI,00120182,NH투자증권,005940,일괄신고추가서류(파생결합증권-주가연계증권),20220204000268,NH투자증권,20220204,
KOSPI,00104856,삼성증권,016360,일괄신고추가서류(파생결합증권-주가연계증권),20220204000273,삼성증권,20220204,
KOSPI,00145163,파미셀,005690,임원ㆍ주요주주특정증권등소유상황보고서,20220204000275,김현수,20220204,
KOSPI,00115694,DB증권,016610,일괄신고추가서류(기타파생결합사채),20220204000277,DB증권,20220204,
KOSPI,00115694,DB증권,016610,투자설명서(일괄신고),20220204000280,DB증권,20220204,
KOSPI,00309503,한국항공우주,047810,주식등의대량보유상황보고서(약식),20220204000282,국민연금공단,20220204,
KOSPI,00104856,삼성증권,016360,투자설명서(일괄신고),20220204000283,삼성증권,20220204,
KOSPI,00115694,DB증권,016610,투자설명서(일괄신고),20220204000284,DB증권,20220204,
KOSPI,00413046,셀트리온,068270,주식등의대량보유상황보고서(약식),20220204000290,국민연금공단,20220204,
KOSPI,00120182,NH투자증권,005940,증권발행실적보고서,20220204000291,NH투자증권,20220204,
KOSPI,00688996,KB금융,105560,주식등의대량보유상황보고서(약식),20220204000297,국민연금공단,20220204,
KOSPI,00137997,현대차증권,001500,증권발행실적보고서,20220204000305,현대차증권,20220204,
KOSPI,00120182,NH투자증권,005940,투자설명서(일괄신고),20220204000309,NH투자증권,20220204,
KOSPI,00858364,BNK금융지주,138930,주식등의대량보유상황보고서(약식),20220204000310,국민연금공단,20220204,
KOSPI,00104856,삼성증권,016360,일괄신고추가서류(파생결합증권-상장지수증권),20220204000317,삼성증권,20220204,
KOSPI,00956930,동아에스티,170900,주식등의대량보유상황보고서(약식),20220204000319,국민연금공단,20220204,
KOSPI,01350869,우리금융지주,316140,주식등의대량보유상황보고서(약식),20220204000326,국민연금공단,20220204,
KOSPI,00104856,삼성증권,016360,투자설명서(일괄신고),20220204000327,삼성증권,20220204,
KOSPI,00992871,종근당,185750,임원ㆍ주요주주특정증권등소유상황보고서,20220204000329,이장한,20220204,
KOSPI,01428203,케이씨씨글라스,344820,주식등의대량보유상황보고서(약식),20220204000331,국민연금공단,20220204,
KOSPI,00148610,한화투자증권,003530,일괄신고추가서류(파생결합증권-주가연계증권),20220204000333,한화투자증권,20220204,
KOSPI,00104856,삼성증권,016360,증권발행실적보고서,20220204000334,삼성증권,20220204,
KOSPI,01310269,IPARK현대산업개발,294870,주식등의대량보유상황보고서(약식),20220204000339,국민연금공단,20220204,
KOSPI,00992871,종근당,185750,임원ㆍ주요주주특정증권등소유상황보고서,20220204000349,종근당홀딩스,20220204,
KOSPI,00137997,현대차증권,001500,증권발행실적보고서,20220204000350,현대차증권,20220204,
KOSPI,00149354,종근당홀딩스,001630,주식등의대량보유상황보고서(일반),20220204000352,이장한,20220204,
KOSPI,00728638,한세실업,105630,주식등의대량보유상황보고서(일반),20220204000355,한세예스24홀딩스,20220204,
KOSPI,00140131,키다리스튜디오,020120,[기재정정]합병등종료보고서(합병),20220204000356,키다리스튜디오,20220204,
KOSPI,00111722,미래에셋증권,006800,증권발행실적보고서,20220204000360,미래에셋증권,20220204,
KOSPI,00111722,미래에셋증권,006800,증권발행실적보고서,20220204000365,미래에셋증권,20220204,
KOSPI,00116949,DN오토모티브,007340,주식등의대량보유상황보고서(일반),20220204000372,김상헌,20220204,
KOSPI,00117601,유안타증권,003470,증권발행실적보고서,20220204000376,유안타증권,20220204,
KOSPI,00117230,TYM,002900,합병등종료보고서(합병),20220204000377,TYM,20220204,
KOSPI,00113359,교보증권,030610,일괄신고추가서류(파생결합증권-주가연계증권),20220204000383,교보증권,20220204,
KOSPI,00121932,미원상사,002840,[기재정정]주식등의대량보유상황보고서(일반),20220204000384,김정돈,20220204,
KOSPI,00136721,신영증권,001720,일괄신고추가서류(파생결합증권-주가연계증권),20220204000388,신영증권,20220204,
KOSPI,00136721,신영증권,001720,일괄신고추가서류(기타파생결합증권),20220204000391,신영증권,20220204,
KOSPI,00148610,한화투자증권,003530,투자설명서(일괄신고),20220204000396,한화투자증권,20220204,
KOSPI,00266961,NAVER,035420,임원ㆍ주요주주특정증권등소유상황보고서,20220204000403,김평송,20220204,
KOSPI,00219574,코스맥스비티아이,044820,임원ㆍ주요주주특정증권등소유상황보고서,20220204000410,임대규,20220204,
KOSPI,00266961,NAVER,035420,임원ㆍ주요주주특정증권등소유상황보고서,20220204000414,서유경,20220204,
KOSPI,00121932,미원상사,002840,[기재정정]주식등의대량보유상황보고서(일반),20220204000415,김정돈,20220204,
KOSPI,00114552,도화엔지니어링,002150,신탁계약에의한취득상황보고서,20220204000419,도화엔지니어링,20220204,
KOSPI,00113359,교보증권,030610,투자설명서(일괄신고),20220204000425,교보증권,20220204,
KOSPI,00486705,아주스틸,139990,[기재정정]합병등종료보고서(합병),20220204000426,아주스틸,20220204,
KOSPI,01310269,IPARK현대산업개발,294870,동일인등출자계열회사와의상품ㆍ용역거래변경,20220204000432,IPARK현대산업개발,20220204,공
KOSPI,01310269,IPARK현대산업개발,294870,동일인등출자계열회사와의상품ㆍ용역거래변경,20220204000436,IPARK현대산업개발,20220204,공
KOSPI,00142883,우신시스템,017370,주요사항보고서(자기주식취득신탁계약체결결정),20220204000437,우신시스템,20220204,정
KOSPI,00121932,미원상사,002840,[기재정정]주식등의대량보유상황보고서(일반),20220204000438,김정돈,20220204,
KOSPI,00126371,삼성전기,009150,임원ㆍ주요주주특정증권등소유상황보고서,20220204000440,장덕현,20220204,
KOSPI,00148540,CJ,001040,주식등의대량보유상황보고서(일반),20220204000465,이재현,20220204,
KOSPI,00130772,SBS,034120,주식등의대량보유상황보고서(약식),20220204000473,KB자산운용,20220204,
KOSPI,00125576,체시스,033250,임원ㆍ주요주주특정증권등소유상황보고서,20220204000474,정재건,20220204,
KOSPI,00117601,유안타증권,003470,일괄신고추가서류(기타파생결합사채),20220204000478,유안타증권,20220204,
KOSPI,00113359,교보증권,030610,일괄신고추가서류(파생결합증권-주가연계증권),20220204000484,교보증권,20220204,
KOSPI,00110893,대신증권,003540,증권발행실적보고서,20220204000490,대신증권,20220204,
KOSPI,00113359,교보증권,030610,투자설명서(일괄신고),20220204000491,교보증권,20220204,
KOSPI,00159616,두산에너빌리티,034020,주식등의대량보유상황보고서(약식),20220204000493,국민연금공단,20220204,
KOSPI,00136721,신영증권,001720,일괄신고추가서류(파생결합사채-주가연계파생결합사채),20220204000494,신영증권,20220204,
KOSPI,00117027,알루코,001780,주식등의대량보유상황보고서(일반),20220204000495,케이피티유,20220204,
KOSPI,00136721,신영증권,001720,일괄신고추가서류(기타파생결합사채),20220204000497,신영증권,20220204,
KOSPI,00117601,유안타증권,003470,투자설명서(일괄신고),20220204000506,유안타증권,20220204,
KOSPI,00159616,두산에너빌리티,034020,임원ㆍ주요주주특정증권등소유상황보고서,20220204000547,이정원,20220204,
KOSPI,00106395,금호전기,001210,주식등의대량보유상황보고서(일반),20220204000556,신주홀딩스,20220204,
KOSPI,00160588,한화,000880,주식등의대량보유상황보고서(일반),20220204000568,김승연,20220204,
KOSPI,00117601,유안타증권,003470,일괄신고추가서류(기타파생결합사채),20220204000573,유안타증권,20220204,
KOSPI,00117601,유안타증권,003470,투자설명서(일괄신고),20220204000583,유안타증권,20220204,
KOSPI,00159616,두산에너빌리티,034020,임원ㆍ주요주주특정증권등소유상황보고서,20220204000585,이종문,20220204,
KOSPI,00113058,한화생명,088350,임원ㆍ주요주주특정증권등소유상황보고서,20220204000586,최영복,20220204,
KOSPI,00956930,동아에스티,170900,주식등의대량보유상황보고서(일반),20220204000590,강신호,20220204,
KOSPI,00124151,부산주공,005030,주식등의대량보유상황보고서(일반),20220204000591,세연아이엠,20220204,
KOSPI,00141477,영흥,012160,주식등의대량보유상황보고서(약식),20220204000592,수성자산운용,20220204,
KOSPI,00956930,동아에스티,170900,임원ㆍ주요주주특정증권등소유상황보고서,20220204000593,김민영,20220204,
KOSPI,00564562,엠씨넥스,097520,주식등의대량보유상황보고서(일반),20220204000594,민동욱,20220204,
KOSPI,00124151,부산주공,005030,임원ㆍ주요주주특정증권등소유상황보고서,20220204000596,장세훈,20220204,
KOSPI,00113359,교보증권,030610,일괄신고추가서류(기타파생결합사채),20220204000598,교보증권,20220204,
KOSPI,00159616,두산에너빌리티,034020,임원ㆍ주요주주특정증권등소유상황보고서,20220204000599,장록재,20220204,
KOSPI,00120182,NH투자증권,005940,일괄신고추가서류(파생결합증권-주가연계증권),20220204000604,NH투자증권,20220204,
KOSPI,00149947,JW중외제약,001060,임원ㆍ주요주주특정증권등소유상황보고서,20220204000605,이경하,20220204,
KOSPI,00113058,한화생명,088350,임원ㆍ주요주주특정증권등소유상황보고서,20220204000606,신민식,20220204,
KOSPI,00120182,NH투자증권,005940,투자설명서(일괄신고),20220204000610,NH투자증권,20220204,
KOSPI,01205842,HD건설기계,267270,[기재정정]주요사항보고서(영업양도결정),20220204000611,HD건설기계,20220204,정
KOSPI,00159616,두산에너빌리티,034020,임원ㆍ주요주주특정증권등소유상황보고서,20220204000615,전하용,20220204,
KOSPI,00136721,신영증권,001720,투자설명서(일괄신고),20220204000617,신영증권,20220204,
KOSPI,00266961,NAVER,035420,[기재정정]합병등종료보고서(합병),20220204000621,NAVER,20220204,
KOSPI,00688996,KB금융,105560,[기재정정]주요사항보고서(상각형조건부자본증권발행결정),20220204000622,KB금융,20220204,정
KOSPI,00136721,신영증권,001720,투자설명서(일괄신고),20220204000623,신영증권,20220204,
KOSPI,00136721,신영증권,001720,투자설명서(일괄신고),20220204000628,신영증권,20220204,
KOSPI,00111722,미래에셋증권,006800,증권발행실적보고서,20220204000629,미래에셋증권,20220204,
KOSPI,00159616,두산에너빌리티,034020,임원ㆍ주요주주특정증권등소유상황보고서,20220204000630,정호원,20220204,
KOSPI,01515323,LG에너지솔루션,373220,주식등의대량보유상황보고서(일반),20220204000632,LG화학,20220204,
KOSPI,00113359,교보증권,030610,투자설명서(일괄신고),20220204000633,교보증권,20220204,정
KOSPI,00159616,두산에너빌리티,034020,임원ㆍ주요주주특정증권등소유상황보고서,20220204000634,문홍곤,20220204,
KOSPI,00149947,JW중외제약,001060,임원ㆍ주요주주특정증권등소유상황보고서,20220204000635,서명준,20220204,
KOSPI,00159616,두산에너빌리티,034020,임원ㆍ주요주주특정증권등소유상황보고서,20220204000638,박홍욱,20220204,
KOSPI,00136721,신영증권,001720,투자설명서(일괄신고),20220204000639,신영증권,20220204,
KOSPI,00159616,두산에너빌리티,034020,임원ㆍ주요주주특정증권등소유상황보고서,20220204000640,서승산,20220204,
KOSPI,00159616,두산에너빌리티,034020,임원ㆍ주요주주특정증권등소유상황보고서,20220204000642,송용진,20220204,
KOSPI,00159616,두산에너빌리티,034020,임원ㆍ주요주주특정증권등소유상황보고서,20220204000643,신동규,20220204,
KOSPI,01205842,HD건설기계,267270,[기재정정]합병등종료보고서(영업양수도),20220204000644,HD건설기계,20220204,정
KOSPI,00149947,JW중외제약,001060,임원ㆍ주요주주특정증권등소유상황보고서,20220204000645,구자억,20220204,
KOSPI,00159616,두산에너빌리티,034020,임원ㆍ주요주주특정증권등소유상황보고서,20220204000647,육심균,20220204,
KOSPI,01515323,LG에너지솔루션,373220,임원ㆍ주요주주특정증권등소유상황보고서,20220204000648,LG화학,20220204,
KOSPI,00159616,두산에너빌리티,034020,임원ㆍ주요주주특정증권등소유상황보고서,20220204000653,진종욱,20220204,
KOSPI,00136721,신영증권,001720,증권발행실적보고서,20220204000656,신영증권,20220204,
KOSPI,00111722,미래에셋증권,006800,증권발행실적보고서,20220204000657,미래에셋증권,20220204,
KOSPI,00149947,JW중외제약,001060,주식등의대량보유상황보고서(일반),20220204000658,JW홀딩스,20220204,
KOSPI,00688996,KB금융,105560,증권신고서(채무증권),20220204000659,KB금융,20220204,정
KOSPI,00159616,두산에너빌리티,034020,임원ㆍ주요주주특정증권등소유상황보고서,20220204000661,허남열,20220204,
KOSPI,00102140,케이아이이,009140,최대주주등소유주식변동신고서,20220204800194,케이아이이,20220204,유
KOSPI,00140177,GS리테일,007070,[기재정정]결산실적공시예고(안내공시),20220204800200,GS리테일,20220204,유
KOSPI,00102113,경인양행,012610,최대주주등소유주식변동신고서,20220204800203,경인양행,20220204,유
KOSPI,00454946,그린케미칼,083420,현금ㆍ현물배당결정,20220204800205,그린케미칼,20220204,유
KOSPI,00454946,그린케미칼,083420,매출액또는손익구조30%(대규모법인은15%)이상변경,20220204800210,그린케미칼,20220204,유
KOSPI,00648721,SNT에너지,100840,주주총회소집결의,20220204800251,SNT에너지,20220204,유
KOSPI,00134477,SNT다이내믹스,003570,주주총회소집결의,20220204800252,SNT다이내믹스,20220204,유
KOSPI,00398792,SNT모티브,064960,주주총회소집결의,20220204800253,SNT모티브,20220204,유
KOSPI,00225159,SNT홀딩스,036530,주주총회소집결의,20220204800254,SNT홀딩스,20220204,유
KOSPI,00134477,SNT다이내믹스,003570,현금ㆍ현물배당결정,20220204800264,SNT다이내믹스,20220204,유
KOSPI,00225159,SNT홀딩스,036530,현금ㆍ현물배당결정(자회사의 주요경영사항),20220204800265,SNT홀딩스,20220204,유
KOSPI,00648721,SNT에너지,100840,현금ㆍ현물배당결정,20220204800266,SNT에너지,20220204,유
KOSPI,00225159,SNT홀딩스,036530,현금ㆍ현물배당결정(자회사의 주요경영사항),20220204800267,SNT홀딩스,20220204,유
KOSPI,00398792,SNT모티브,064960,현금ㆍ현물배당결정,20220204800268,SNT모티브,20220204,유
KOSPI,00225159,SNT홀딩스,036530,현금ㆍ현물배당결정(자회사의 주요경영사항),20220204800269,SNT홀딩스,20220204,유
KOSPI,00178754,동아지질,028100,[기재정정]단일판매ㆍ공급계약체결(자율공시),20220204800270,동아지질,20220204,유정
KOSPI,00225159,SNT홀딩스,036530,현금ㆍ현물배당결정,20220204800271,SNT홀딩스,20220204,유
KOSPI,00108977,대구백화점,006370,최대주주등소유주식변동신고서,20220204800281,대구백화점,20220204,유
KOSPI,00113562,롯데손해보험,000400,임시주주총회결과,20220204800290,롯데손해보험,20220204,유
KOSPI,00113562,롯데손해보험,000400,대표이사(대표집행임원)변경(안내공시),20220204800293,롯데손해보험,20220204,유
KOSPI,01205851,HD현대일렉트릭,267260,타법인주식및출자증권취득결정,20220204800296,HD현대일렉트릭,20220204,유
KOSPI,01205851,HD현대일렉트릭,267260,연결재무제표기준영업(잠정)실적(공정공시),20220204800307,HD현대일렉트릭,20220204,유
KOSPI,01205851,HD현대일렉트릭,267260,매출액또는손익구조30%(대규모법인은15%)이상변경,20220204800310,HD현대일렉트릭,20220204,유
KOSPI,01205851,HD현대일렉트릭,267260,투자판단관련주요경영사항,20220204800325,HD현대일렉트릭,20220204,유
KOSPI,00127802,삼익THK,004380,매출액또는손익구조30%(대규모법인은15%)이상변경,20220204800330,삼익THK,20220204,유
KOSPI,00127802,삼익THK,004380,현금ㆍ현물배당결정,20220204800333,삼익THK,20220204,유
KOSPI,00353878,다스코,058730,매출액또는손익구조30%(대규모법인은15%)이상변경,20220204800339,다스코,20220204,유정
KOSPI,00148610,한화투자증권,003530,연결재무제표기준영업(잠정)실적(공정공시),20220204800355,한화투자증권,20220204,유
KOSPI,00148610,한화투자증권,003530,매출액또는손익구조30%(대규모법인은15%)이상변경,20220204800356,한화투자증권,20220204,유
KOSPI,00106641,기아,000270,영업(잠정)실적(공정공시),20220204800362,기아,20220204,유
KOSPI,01323032,KG모빌리티플랫폼,381970,기업설명회(IR)개최(안내공시),20220204800369,KG모빌리티플랫폼,20220204,유
KOSPI,00356361,LG화학,051910,[기재정정]기업설명회(IR)개최(안내공시),20220204800383,LG화학,20220204,유
KOSPI,00760971,크래프톤,259960,결산실적공시예고(안내공시),20220204800400,크래프톤,20220204,유
KOSPI,00415646,드림텍,192650,최대주주등소유주식변동신고서,20220204800416,드림텍,20220204,유
KOSPI,00415646,드림텍,192650,매출액또는손익구조30%(대규모법인은15%)이상변경,20220204800428,드림텍,20220204,유
KOSPI,00138242,KG모빌리티,003620,영업(잠정)실적(공정공시),20220204800449,KG모빌리티,20220204,유
KOSPI,01205842,HD건설기계,267270,매출액또는손익구조30%(대규모법인은15%)이상변경,20220204800450,HD건설기계,20220204,유정
KOSPI,00145163,파미셀,005690,최대주주등소유주식변동신고서,20220204800456,파미셀,20220204,유
KOSPI,01205842,HD건설기계,267270,연결재무제표기준영업(잠정)실적(공정공시),20220204800464,HD건설기계,20220204,유
KOSPI,01205842,HD건설기계,267270,연결재무제표기준영업실적등에대한전망(공정공시),20220204800468,HD건설기계,20220204,유
KOSPI,00164636,HDC,012630,결산실적공시예고(안내공시),20220204800482,HDC,20220204,유
KOSPI,00231363,LG유플러스,032640,기업설명회(IR)개최(안내공시),20220204800487,LG유플러스,20220204,유
KOSPI,00194947,한전산업,130660,[기재정정]단일판매ㆍ공급계약체결,20220204800500,한전산업,20220204,유정
KOSPI,00194947,한전산업,130660,[기재정정]단일판매ㆍ공급계약체결,20220204800501,한전산업,20220204,유정
KOSPI,00937324,한국타이어앤테크놀로지,161390,풍문또는보도에대한해명(미확정),20220204800502,한국타이어앤테크놀로지,20220204,유
KOSPI,00937324,한국타이어앤테크놀로지,161390,연결재무제표기준영업(잠정)실적(공정공시),20220204800505,한국타이어앤테크놀로지,20220204,유정
KOSPI,00188089,한섬,020000,결산실적공시예고(안내공시),20220204800522,한섬,20220204,유
KOSPI,00992871,종근당,185750,최대주주등소유주식변동신고서,20220204800524,종근당,20220204,유
KOSPI,00117601,유안타증권,003470,결산실적공시예고(안내공시),20220204800537,유안타증권,20220204,유
KOSPI,01258507,롯데웰푸드,280360,기업설명회(IR)개최(안내공시),20220204800539,롯데웰푸드,20220204,유
KOSPI,00149354,종근당홀딩스,001630,최대주주등소유주식변동신고서,20220204800546,종근당홀딩스,20220204,유
KOSPI,00121932,미원상사,002840,최대주주등소유주식변동신고서,20220204800547,미원상사,20220204,유
KOSPI,01205842,HD건설기계,267270,현금ㆍ현물배당결정,20220204800564,HD건설기계,20220204,유
KOSPI,01205842,HD건설기계,267270,기타경영사항(자율공시),20220204800579,HD건설기계,20220204,유
KOSPI,00728638,한세실업,105630,최대주주등소유주식변동신고서,20220204800581,한세실업,20220204,유
KOSPI,00124151,부산주공,005030,전환가액ㆍ신주인수권행사가액ㆍ교환가액의조정(안내공시),20220204800591,부산주공,20220204,유
KOSPI,01310269,IPARK현대산업개발,294870,결산실적공시예고(안내공시),20220204800621,IPARK현대산업개발,20220204,유
KOSPI,01480780,NH올원리츠,400760,주주총회소집결의,20220204800667,NH올원리츠,20220204,유
KOSPI,01480780,NH올원리츠,400760,부동산투자회사금전배당결정,20220204800675,NH올원리츠,20220204,유
KOSPI,01480780,NH올원리츠,400760,매출액또는손익구조30%(대규모법인은15%)이상변경,20220204800682,NH올원리츠,20220204,유
KOSPI,00980122,JB금융지주,175330,결산실적공시예고(안내공시),20220204800687,JB금융지주,20220204,유
KOSPI,00133706,한국제지,027970,매출액또는손익구조30%(대규모법인은15%)이상변경,20220204800688,한국제지,20220204,유
KOSPI,01412725,두산퓨얼셀,336260,[기재정정]단일판매ㆍ공급계약체결,20220204800695,두산퓨얼셀,20220204,유
KOSPI,00161860,한성기업,003680,매출액또는손익구조30%(대규모법인은15%)이상변경,20220204800700,한성기업,20220204,유
KOSPI,00120526,롯데쇼핑,023530,기업설명회(IR)개최(안내공시),20220204800706,롯데쇼핑,20220204,유
KOSPI,00432102,한국금융지주,071050,결산실적공시예고(안내공시),20220204800707,한국금융지주,20220204,유
KOSPI,00980122,JB금융지주,175330,기업설명회(IR)개최(안내공시),20220204800728,JB금융지주,20220204,유
KOSPI,00163761,한창제지,009460,매출액또는손익구조30%(대규모법인은15%)이상변경,20220204800746,한창제지,20220204,유정
KOSPI,00120526,롯데쇼핑,023530,최대주주등소유주식변동신고서,20220204800753,롯데쇼핑,20220204,유
KOSPI,00937324,한국타이어앤테크놀로지,161390,[기재정정]연결재무제표기준영업(잠정)실적(공정공시),20220204800785,한국타이어앤테크놀로지,20220204,유정
KOSPI,00956930,동아에스티,170900,결산실적공시예고(안내공시),20220204800793,동아에스티,20220204,유
KOSPI,00956930,동아에스티,170900,기업설명회(IR)개최(안내공시),20220204800800,동아에스티,20220204,유
KOSPI,00136624,신영와코루,005800,매출액또는손익구조30%(대규모법인은15%)이상변경,20220204800805,신영와코루,20220204,유
KOSPI,00136624,신영와코루,005800,현금ㆍ현물배당결정,20220204800809,신영와코루,20220204,유
KOSPI,00155124,평화홀딩스,010770,타인에대한채무보증결정,20220204800848,평화홀딩스,20220204,유
KOSPI,00303873,CJ CGV,079160,타인에대한채무보증결정,20220204800865,CJ CGV,20220204,유
KOSPI,00632304,JW홀딩스,096760,최대주주등소유주식변동신고서,20220204800871,JW홀딩스,20220204,유
KOSPI,00303873,CJ CGV,079160,결산실적공시예고(안내공시),20220204800874,CJ CGV,20220204,유
KOSPI,00176914,다우기술,023590,최대주주등소유주식변동신고서,20220204800875,다우기술,20220204,유
KOSPI,00303873,CJ CGV,079160,기업설명회(IR)개최(안내공시),20220204800877,CJ CGV,20220204,유
KOSPI,00149947,JW중외제약,001060,최대주주등소유주식변동신고서,20220204800879,JW중외제약,20220204,유
KOSPI,00956930,동아에스티,170900,최대주주등소유주식변동신고서,20220204800881,동아에스티,20220204,유
KOSPI,00141404,블루산업개발,006740,조회공시요구(풍문또는보도)에대한답변(미확정),20220204800885,블루산업개발,20220204,유
KOSPI,01199550,HD현대에너지솔루션,322000,연결재무제표기준영업(잠정)실적(공정공시),20220204800887,HD현대에너지솔루션,20220204,유
KOSPI,00111722,미래에셋증권,006800,기업설명회(IR)개최(안내공시),20220204800892,미래에셋증권,20220204,유
KOSPI,00652423,인바이오젠,101140,[기재정정]타법인주식및출자증권취득결정,20220204800899,인바이오젠,20220204,유정
KOSPI,01199550,HD현대에너지솔루션,322000,매출액또는손익구조30%(대규모법인은15%)이상변경,20220204800900,HD현대에너지솔루션,20220204,유
KOSPI,00101628,경방,000050,매출액또는손익구조30%(대규모법인은15%)이상변경,20220204800901,경방,20220204,유
KOSPI,00148276,제일기획,030000,최대주주등소유주식변동신고서,20220204800935,제일기획,20220204,유
KOSPI,00109693,DL,000210,계열회사변경(자율공시),20220204800938,DL,20220204,유
KOSPI,00137368,신풍,002870,매출액또는손익구조30%(대규모법인은15%)이상변경,20220204800975,신풍,20220204,유
KOSPI,00124151,부산주공,005030,매출액또는손익구조30%(대규모법인은15%)이상변경,20220204800978,부산주공,20220204,유
KOSPI,00164742,현대자동차,005380,기업설명회(IR)개최(안내공시),20220204801034,현대자동차,20220204,유
KOSPI,01350869,우리금융지주,316140,결산실적공시예고(안내공시),20220204801038,우리금융지주,20220204,유
KOSPI,01350869,우리금융지주,316140,기업설명회(IR)개최(안내공시),20220204801040,우리금융지주,20220204,유
KOSPI,00231372,롯데관광개발,032350,주식등의대량보유상황보고서(일반),20220204000665,김기병,20220207,
KOSPI,00149947,JW중외제약,001060,임원ㆍ주요주주특정증권등소유상황보고서,20220204000669,김진숙,20220207,
KOSPI,00149947,JW중외제약,001060,임원ㆍ주요주주특정증권등소유상황보고서,20220204000670,이성열,20220207,
KOSPI,00149947,JW중외제약,001060,임원ㆍ주요주주특정증권등소유상황보고서,20220204000671,JW홀딩스,20220207,
KOSPI,00126414,삼성제약,001360,주식등의대량보유상황보고서(일반),20220204000673,젬백스,20220207,
KOSPI,00632304,JW홀딩스,096760,주식등의대량보유상황보고서(일반),20220204000675,이경하,20220207,
KOSPI,00632304,JW홀딩스,096760,임원ㆍ주요주주특정증권등소유상황보고서,20220204000676,나숙희,20220207,
KOSPI,00632304,JW홀딩스,096760,임원ㆍ주요주주특정증권등소유상황보고서,20220204000677,이경하,20220207,
KOSPI,00632304,JW홀딩스,096760,임원ㆍ주요주주특정증권등소유상황보고서,20220204000678,이종호,20220207,
KOSPI,00632304,JW홀딩스,096760,임원ㆍ주요주주특정증권등소유상황보고서,20220204000679,한성권,20220207,
KOSPI,00113359,교보증권,030610,[기재정정]투자설명서(일괄신고),20220207000003,교보증권,20220207,
KOSPI,00632304,JW홀딩스,096760,임원ㆍ주요주주특정증권등소유상황보고서,20220207000008,이상일,20220207,
KOSPI,00632304,JW홀딩스,096760,임원ㆍ주요주주특정증권등소유상황보고서,20220207000009,이준구,20220207,
KOSPI,00632304,JW홀딩스,096760,임원ㆍ주요주주특정증권등소유상황보고서,20220207000010,송귀응,20220207,
KOSPI,00126380,삼성전자,005930,임원ㆍ주요주주특정증권등소유상황보고서,20220207000015,반효동,20220207,
KOSPI,00131054,유진증권,001200,증권발행실적보고서,20220207000016,유진증권,20220207,
KOSPI,00104856,삼성증권,016360,임원ㆍ주요주주특정증권등소유상황보고서,20220207000028,삼성생명,20220207,
KOSPI,00126292,삼성카드,029780,임원ㆍ주요주주특정증권등소유상황보고서,20220207000029,삼성생명,20220207,
KOSPI,00139214,삼성화재해상보험,000810,임원ㆍ주요주주특정증권등소유상황보고서,20220207000031,삼성생명,20220207,
KOSPI,00878696,에스케이바이오팜,326030,임원ㆍ주요주주특정증권등소유상황보고서,20220207000032,허준,20220207,
KOSPI,00210856,코아스,071950,주식등의대량보유상황보고서(일반),20220207000034,노재근,20220207,
KOSPI,00116824,동아쏘시오홀딩스,000640,임원ㆍ주요주주특정증권등소유상황보고서,20220207000043,국민연금공단,20220207,
KOSPI,00113359,교보증권,030610,증권발행실적보고서,20220207000045,교보증권,20220207,
KOSPI,00105271,케이씨씨,002380,임원ㆍ주요주주특정증권등소유상황보고서,20220207000046,국민연금공단,20220207,
KOSPI,00108241,농심,004370,임원ㆍ주요주주특정증권등소유상황보고서,20220207000048,국민연금공단,20220207,
KOSPI,00159102,DB손해보험,005830,임원ㆍ주요주주특정증권등소유상황보고서,20220207000051,국민연금공단,20220207,
KOSPI,00105952,LS,006260,임원ㆍ주요주주특정증권등소유상황보고서,20220207000056,국민연금공단,20220207,
KOSPI,00120030,GS건설,006360,임원ㆍ주요주주특정증권등소유상황보고서,20220207000057,국민연금공단,20220207,
KOSPI,00126371,삼성전기,009150,임원ㆍ주요주주특정증권등소유상황보고서,20220207000062,국민연금공단,20220207,
KOSPI,00190321,케이티,030200,임원ㆍ주요주주특정증권등소유상황보고서,20220207000064,국민연금공단,20220207,
KOSPI,00104856,삼성증권,016360,일괄신고추가서류(파생결합사채-주가연계파생결합사채),20220207000065,삼성증권,20220207,
KOSPI,00104856,삼성증권,016360,투자설명서(일괄신고),20220207000087,삼성증권,20220207,
KOSPI,00126380,삼성전자,005930,임원ㆍ주요주주특정증권등소유상황보고서,20220207000089,오문욱,20220207,
KOSPI,00936787,애경케미칼,161000,주식등의대량보유상황보고서(일반),20220207000092,AK홀딩스,20220207,
KOSPI,00104856,삼성증권,016360,증권발행실적보고서,20220207000095,삼성증권,20220207,
KOSPI,00186559,아이티센씨티에스,031820,주식등의대량보유상황보고서(일반),20220207000096,아이티센글로벌,20220207,
KOSPI,00186559,아이티센씨티에스,031820,임원ㆍ주요주주특정증권등소유상황보고서,20220207000097,아이티센글로벌,20220207,
KOSPI,00104856,삼성증권,016360,증권발행실적보고서,20220207000098,삼성증권,20220207,
KOSPI,00432102,한국금융지주,071050,임원ㆍ주요주주특정증권등소유상황보고서,20220207000101,국민연금공단,20220207,
KOSPI,00858364,BNK금융지주,138930,임원ㆍ주요주주특정증권등소유상황보고서,20220207000104,국민연금공단,20220207,
KOSPI,00878915,iM금융지주,139130,임원ㆍ주요주주특정증권등소유상황보고서,20220207000105,국민연금공단,20220207,
KOSPI,00872984,이마트,139480,임원ㆍ주요주주특정증권등소유상황보고서,20220207000107,국민연금공단,20220207,
KOSPI,01026157,쏘카,403550,[기재정정]감사보고서 (2020.12),20220207000110,삼정회계법인,20220207,
KOSPI,01042775,HL만도,204320,임원ㆍ주요주주특정증권등소유상황보고서,20220207000111,국민연금공단,20220207,
KOSPI,01026157,쏘카,403550,[기재정정]연결감사보고서 (2020.12),20220207000112,삼정회계법인,20220207,
KOSPI,00296290,키움증권,039490,증권발행실적보고서,20220207000113,키움증권,20220207,
KOSPI,00110893,대신증권,003540,증권발행실적보고서,20220207000129,대신증권,20220207,
KOSPI,01350869,우리금융지주,316140,[기재정정]주요사항보고서(상각형조건부자본증권발행결정),20220207000138,우리금융지주,20220207,정
KOSPI,00113225,대한제강,084010,주식등의대량보유상황보고서(일반),20220207000150,오완수,20220207,
KOSPI,00117601,유안타증권,003470,증권발행실적보고서,20220207000165,유안타증권,20220207,
KOSPI,00120182,NH투자증권,005940,일괄신고추가서류(파생결합사채-주가연계파생결합사채),20220207000177,NH투자증권,20220207,
KOSPI,00120182,NH투자증권,005940,일괄신고추가서류(파생결합증권-주가연계증권),20220207000182,NH투자증권,20220207,
KOSPI,00115694,DB증권,016610,일괄신고추가서류(파생결합사채-주가연계파생결합사채),20220207000192,DB증권,20220207,
KOSPI,00120182,NH투자증권,005940,투자설명서(일괄신고),20220207000195,NH투자증권,20220207,
KOSPI,01350869,우리금융지주,316140,증권신고서(채무증권),20220207000198,우리금융지주,20220207,정
KOSPI,00120182,NH투자증권,005940,투자설명서(일괄신고),20220207000200,NH투자증권,20220207,
KOSPI,00540641,동양고속,084670,주식등의대량보유상황보고서(일반),20220207000206,최성원,20220207,
KOSPI,00159023,SK텔레콤,017670,임원ㆍ주요주주특정증권등소유상황보고서,20220207000210,장혁준,20220207,
KOSPI,00113359,교보증권,030610,증권발행실적보고서,20220207000211,교보증권,20220207,
KOSPI,00113359,교보증권,030610,일괄신고추가서류(파생결합증권-주가연계증권),20220207000213,교보증권,20220207,
KOSPI,00115694,DB증권,016610,투자설명서(일괄신고),20220207000215,DB증권,20220207,
KOSPI,00104856,삼성증권,016360,일괄신고추가서류(파생결합증권-상장지수증권),20220207000216,삼성증권,20220207,
KOSPI,00113359,교보증권,030610,투자설명서(일괄신고),20220207000219,교보증권,20220207,
KOSPI,00104856,삼성증권,016360,투자설명서(일괄신고),20220207000229,삼성증권,20220207,
KOSPI,00155276,포스코퓨처엠,003670,임원ㆍ주요주주특정증권등소유상황보고서,20220207000231,김권,20220207,
KOSPI,00104856,삼성증권,016360,증권발행실적보고서,20220207000232,삼성증권,20220207,
KOSPI,00155276,포스코퓨처엠,003670,임원ㆍ주요주주특정증권등소유상황보고서,20220207000235,정석조,20220207,
KOSPI,00112679,대창단조,015230,임원ㆍ주요주주특정증권등소유상황보고서,20220207000250,박안식,20220207,
KOSPI,00112679,대창단조,015230,임원ㆍ주요주주특정증권등소유상황보고서,20220207000254,박권일,20220207,
KOSPI,00113359,교보증권,030610,일괄신고추가서류(파생결합증권-주가연계증권),20220207000258,교보증권,20220207,
KOSPI,00104856,삼성증권,016360,증권발행실적보고서,20220207000259,삼성증권,20220207,
KOSPI,00112679,대창단조,015230,임원ㆍ주요주주특정증권등소유상황보고서,20220207000260,박권욱,20220207,
KOSPI,00104856,삼성증권,016360,증권발행실적보고서,20220207000261,삼성증권,20220207,
KOSPI,00113359,교보증권,030610,투자설명서(일괄신고),20220207000274,교보증권,20220207,
KOSPI,01430475,코람코라이프인프라리츠,357120,사업보고서 (2021.11),20220207000279,코람코라이프인프라리츠,20220207,
KOSPI,00138279,S-Oil,010950,증권신고서(채무증권),20220207000284,S-Oil,20220207,정
KOSPI,01258507,롯데웰푸드,280360,특수관계인에대한영업양도,20220207000286,롯데웰푸드,20220207,공
KOSPI,00126256,삼성생명,032830,임원ㆍ주요주주특정증권등소유상황보고서,20220207000291,김선,20220207,
KOSPI,00126256,삼성생명,032830,임원ㆍ주요주주특정증권등소유상황보고서,20220207000299,박민규,20220207,
KOSPI,00110893,대신증권,003540,임원ㆍ주요주주특정증권등소유상황보고서,20220207000301,양홍석,20220207,
KOSPI,00126371,삼성전기,009150,임원ㆍ주요주주특정증권등소유상황보고서,20220207000303,김성진,20220207,
KOSPI,01515323,LG에너지솔루션,373220,임원ㆍ주요주주특정증권등소유상황보고서,20220207000306,송준혁,20220207,
KOSPI,00110893,대신증권,003540,주식등의대량보유상황보고서(일반),20220207000308,양홍석,20220207,
KOSPI,01060814,삼양패키징,272550,주요사항보고서(유상증자결정),20220207000320,삼양패키징,20220207,
KOSPI,00126566,한화에어로스페이스,012450,임원ㆍ주요주주특정증권등소유상황보고서,20220207000323,박지영,20220207,
KOSPI,00113359,교보증권,030610,일괄신고추가서류(파생결합증권-주가연계증권),20220207000325,교보증권,20220207,
KOSPI,00128412,삼진제약,005500,주식등의대량보유상황보고서(약식),20220207000330,하나제약,20220207,
KOSPI,00159616,두산에너빌리티,034020,임원ㆍ주요주주특정증권등소유상황보고서,20220207000337,박칠규,20220207,
KOSPI,00159616,두산에너빌리티,034020,임원ㆍ주요주주특정증권등소유상황보고서,20220207000340,하종완,20220207,
KOSPI,00113359,교보증권,030610,투자설명서(일괄신고),20220207000342,교보증권,20220207,
KOSPI,00159616,두산에너빌리티,034020,임원ㆍ주요주주특정증권등소유상황보고서,20220207000344,정태진,20220207,
KOSPI,00159616,두산에너빌리티,034020,임원ㆍ주요주주특정증권등소유상황보고서,20220207000347,장세영,20220207,
KOSPI,00631518,SK이노베이션,096770,주요사항보고서(자기주식처분결정),20220207000348,SK이노베이션,20220207,
KOSPI,00651901,에어부산,298690,주식등의대량보유상황보고서(일반),20220207000350,아시아나항공,20220207,
KOSPI,00159616,두산에너빌리티,034020,임원ㆍ주요주주특정증권등소유상황보고서,20220207000351,이현호,20220207,
KOSPI,01428203,케이씨씨글라스,344820,주요사항보고서(회사합병결정),20220207000360,케이씨씨글라스,20220207,정
KOSPI,00159616,두산에너빌리티,034020,임원ㆍ주요주주특정증권등소유상황보고서,20220207000364,이동수,20220207,
KOSPI,00159616,두산에너빌리티,034020,임원ㆍ주요주주특정증권등소유상황보고서,20220207000366,김동철,20220207,
KOSPI,00159616,두산에너빌리티,034020,임원ㆍ주요주주특정증권등소유상황보고서,20220207000367,김건주,20220207,
KOSPI,01204056,하이브,352820,[기재정정]합병등종료보고서(합병),20220207000370,하이브,20220207,
KOSPI,00126380,삼성전자,005930,임원ㆍ주요주주특정증권등소유상황보고서,20220207000372,김도형,20220207,
KOSPI,00860332,메리츠금융지주,138040,증권신고서(채무증권),20220207000378,메리츠금융지주,20220207,정
KOSPI,01204056,하이브,352820,[기재정정]합병등종료보고서(합병),20220207000385,하이브,20220207,
KOSPI,00159616,두산에너빌리티,034020,임원ㆍ주요주주특정증권등소유상황보고서,20220207000388,이한희,20220207,
KOSPI,00126478,삼성중공업,010140,동일인등출자계열회사와의상품ㆍ용역거래변경,20220207000392,삼성중공업,20220207,공
KOSPI,01258507,롯데웰푸드,280360,증권신고서(채무증권),20220207000424,롯데웰푸드,20220207,정
KOSPI,00160588,한화,000880,[발행조건확정]증권신고서(채무증권),20220207000434,한화,20220207,
KOSPI,00104856,삼성증권,016360,[발행조건확정]증권신고서(채무증권),20220207000437,삼성증권,20220207,
KOSPI,00767460,PI첨단소재,178920,단일판매ㆍ공급계약체결,20220207800037,PI첨단소재,20220207,유정
KOSPI,00648721,SNT에너지,100840,[기재정정]단일판매ㆍ공급계약체결,20220207800168,SNT에너지,20220207,유정
KOSPI,00225159,SNT홀딩스,036530,[기재정정]단일판매ㆍ공급계약체결(자회사의 주요경영사항),20220207800184,SNT홀딩스,20220207,유정
KOSPI,00102858,고려아연,010130,연결재무제표기준영업(잠정)실적(공정공시),20220207800202,고려아연,20220207,유
KOSPI,00102858,고려아연,010130,영업(잠정)실적(공정공시),20220207800204,고려아연,20220207,유
KOSPI,00102858,고려아연,010130,매출액또는손익구조30%(대규모법인은15%)이상변경,20220207800205,고려아연,20220207,유
KOSPI,00102858,고려아연,010130,영업실적등에대한전망(공정공시),20220207800208,고려아연,20220207,유
KOSPI,00855163,미원화학,134380,최대주주등소유주식변동신고서,20220207800307,미원화학,20220207,유
KOSPI,00145260,율촌화학,008730,현금ㆍ현물배당결정,20220207800354,율촌화학,20220207,유
KOSPI,00459871,농심홀딩스,072710,현금ㆍ현물배당결정(자회사의 주요경영사항),20220207800355,농심홀딩스,20220207,유
KOSPI,00670340,씨에스윈드,112610,단일판매ㆍ공급계약체결(자율공시),20220207800359,씨에스윈드,20220207,유
KOSPI,00760971,크래프톤,259960,타법인주식및출자증권취득결정(자율공시),20220207800377,크래프톤,20220207,유
KOSPI,00760971,크래프톤,259960,타법인주식및출자증권취득결정(자율공시),20220207800381,크래프톤,20220207,유
KOSPI,00349097,케이티스카이라이프,053210,영업(잠정)실적(공정공시),20220207800382,케이티스카이라이프,20220207,유
KOSPI,00349097,케이티스카이라이프,053210,연결재무제표기준영업(잠정)실적(공정공시),20220207800383,케이티스카이라이프,20220207,유
KOSPI,00760971,크래프톤,259960,기업설명회(IR)개최(안내공시),20220207800384,크래프톤,20220207,유
KOSPI,00760971,크래프톤,259960,기업설명회(IR)개최(안내공시),20220207800387,크래프톤,20220207,유
KOSPI,00186559,아이티센씨티에스,031820,최대주주등소유주식변동신고서,20220207800435,아이티센씨티에스,20220207,유
KOSPI,00255619,강원랜드,035250,결산실적공시예고(안내공시),20220207800458,강원랜드,20220207,유
KOSPI,00120571,롯데칠성음료,005300,매출액또는손익구조30%(대규모법인은15%)이상변경,20220207800459,롯데칠성음료,20220207,유
KOSPI,00120571,롯데칠성음료,005300,연결재무제표기준영업(잠정)실적(공정공시),20220207800465,롯데칠성음료,20220207,유
KOSPI,00413523,한미글로벌,053690,매출액또는손익구조30%(대규모법인은15%)이상변경,20220207800473,한미글로벌,20220207,유
KOSPI,00120571,롯데칠성음료,005300,현금ㆍ현물배당결정,20220207800507,롯데칠성음료,20220207,유
KOSPI,00121932,미원상사,002840,최대주주등소유주식변동신고서,20220207800509,미원상사,20220207,유
KOSPI,01390344,HD현대중공업,329180,연결재무제표기준영업(잠정)실적(공정공시),20220207800520,HD현대중공업,20220207,유
KOSPI,01390344,HD현대중공업,329180,매출액또는손익구조30%(대규모법인은15%)이상변경,20220207800521,HD현대중공업,20220207,유
KOSPI,01205709,HD현대,267250,연결재무제표기준영업(잠정)실적(공정공시),20220207800522,HD현대,20220207,유
KOSPI,01390344,HD현대중공업,329180,영업(잠정)실적(공정공시),20220207800524,HD현대중공업,20220207,유
KOSPI,00163345,DB,012030,매출액또는손익구조30%(대규모법인은15%)이상변경,20220207800527,DB,20220207,유정
KOSPI,01205709,HD현대,267250,영업(잠정)실적(공정공시)(자회사의 주요경영사항),20220207800528,HD현대,20220207,유
KOSPI,01390344,HD현대중공업,329180,투자판단관련주요경영사항,20220207800529,HD현대중공업,20220207,유
KOSPI,01205709,HD현대,267250,연결재무제표기준영업(잠정)실적(공정공시)(자회사의 주요경영사항),20220207800531,HD현대,20220207,유
KOSPI,00173698,신일전자,002700,매출액또는손익구조30%(대규모법인은15%)이상변경,20220207800538,신일전자,20220207,유
KOSPI,00164830,HD한국조선해양,009540,연결재무제표기준영업(잠정)실적(공정공시),20220207800541,HD한국조선해양,20220207,유
KOSPI,00164830,HD한국조선해양,009540,매출액또는손익구조30%(대규모법인은15%)이상변경,20220207800545,HD한국조선해양,20220207,유
KOSPI,00164830,HD한국조선해양,009540,연결재무제표기준영업(잠정)실적(공정공시)(자회사의 주요경영사항),20220207800550,HD한국조선해양,20220207,유
KOSPI,00164830,HD한국조선해양,009540,영업(잠정)실적(공정공시)(자회사의 주요경영사항),20220207800557,HD한국조선해양,20220207,유
KOSPI,00129387,SP삼화,000390,주주총회소집결의,20220207800559,SP삼화,20220207,유
KOSPI,00122472,PKC,001340,매출액또는손익구조30%(대규모법인은15%)이상변경,20220207800560,PKC,20220207,유
KOSPI,00164830,HD한국조선해양,009540,매출액또는손익구조30%(대규모법인은15%)이상변경(자회사의 주요경영사항),20220207800563,HD한국조선해양,20220207,유
KOSPI,00146454,일양약품,007570,영업(잠정)실적(공정공시),20220207800564,일양약품,20220207,유
KOSPI,00164830,HD한국조선해양,009540,매출액또는손익구조30%(대규모법인은15%)이상변경(자회사의 주요경영사항),20220207800565,HD한국조선해양,20220207,유
KOSPI,00146454,일양약품,007570,현금ㆍ현물배당결정,20220207800566,일양약품,20220207,유
KOSPI,00129387,SP삼화,000390,현금ㆍ현물배당결정,20220207800569,SP삼화,20220207,유
KOSPI,00164830,HD한국조선해양,009540,투자판단관련주요경영사항(자회사의 주요경영사항),20220207800581,HD한국조선해양,20220207,유
KOSPI,01205709,HD현대,267250,매출액또는손익구조30%(대규모법인은15%)이상변경(자회사의 주요경영사항),20220207800597,HD현대,20220207,유
KOSPI,00141477,영흥,012160,최대주주등소유주식변동신고서,20220207800602,영흥,20220207,유
KOSPI,01205709,HD현대,267250,매출액또는손익구조30%(대규모법인은15%)이상변경(자회사의 주요경영사항),20220207800605,HD현대,20220207,유
KOSPI,00508274,일진다이아,081000,매출액또는손익구조30%(대규모법인은15%)이상변경,20220207800627,일진다이아,20220207,유정
KOSPI,00120021,LG,003550,결산실적공시예고(안내공시),20220207800633,LG,20220207,유
KOSPI,00159500,한국종합기술,023350,매출액또는손익구조30%(대규모법인은15%)이상변경,20220207800635,한국종합기술,20220207,유
KOSPI,00500254,GS,078930,결산실적공시예고(안내공시),20220207800638,GS,20220207,유
KOSPI,00500254,GS,078930,기업설명회(IR)개최(안내공시),20220207800642,GS,20220207,유
KOSPI,00120021,LG,003550,기업설명회(IR)개최(안내공시),20220207800650,LG,20220207,유
KOSPI,01428203,케이씨씨글라스,344820,연결재무제표기준영업(잠정)실적(공정공시),20220207800656,케이씨씨글라스,20220207,유
KOSPI,01428203,케이씨씨글라스,344820,매출액또는손익구조30%(대규모법인은15%)이상변경,20220207800667,케이씨씨글라스,20220207,유
KOSPI,00124197,세아제강지주,003030,매출액또는손익구조30%(대규모법인은15%)이상변경,20220207800668,세아제강지주,20220207,유
KOSPI,00124197,세아제강지주,003030,매출액또는손익구조30%(대규모법인은15%)이상변경(자회사의 주요경영사항),20220207800670,세아제강지주,20220207,유
KOSPI,00124197,세아제강지주,003030,매출액또는손익구조30%(대규모법인은15%)이상변경(자회사의 주요경영사항),20220207800671,세아제강지주,20220207,유
KOSPI,01205709,HD현대,267250,매출액또는손익구조30%(대규모법인은15%)이상변경,20220207800673,HD현대,20220207,유
KOSPI,01205709,HD현대,267250,수시공시의무관련사항(공정공시),20220207800677,HD현대,20220207,유
KOSPI,01428203,케이씨씨글라스,344820,현금ㆍ현물배당결정,20220207800694,케이씨씨글라스,20220207,유
KOSPI,00164830,HD한국조선해양,009540,현금ㆍ현물배당결정(자회사의 주요경영사항),20220207800695,HD한국조선해양,20220207,유
KOSPI,01205709,HD현대,267250,현금ㆍ현물배당결정(자회사의 주요경영사항),20220207800702,HD현대,20220207,유
KOSPI,01390344,HD현대중공업,329180,기타경영사항(자율공시),20220207800706,HD현대중공업,20220207,유
KOSPI,01205709,HD현대,267250,현금ㆍ현물배당결정,20220207800712,HD현대,20220207,유정
KOSPI,00164830,HD한국조선해양,009540,투자판단관련주요경영사항,20220207800721,HD한국조선해양,20220207,유
KOSPI,01205709,HD현대,267250,투자판단관련주요경영사항(자회사의 주요경영사항),20220207800722,HD현대,20220207,유
KOSPI,00112679,대창단조,015230,최대주주등소유주식변동신고서,20220207800727,대창단조,20220207,유
KOSPI,01412725,두산퓨얼셀,336260,기타경영사항(자율공시),20220207800728,두산퓨얼셀,20220207,유
KOSPI,00256955,테이팩스,055490,현금ㆍ현물배당결정,20220207800735,테이팩스,20220207,유
KOSPI,00256955,테이팩스,055490,매출액또는손익구조30%(대규모법인은15%)이상변경,20220207800737,테이팩스,20220207,유
KOSPI,01319899,SK바이오사이언스,302440,매출액또는손익구조30%(대규모법인은15%)이상변경,20220207800738,SK바이오사이언스,20220207,유
KOSPI,00256955,테이팩스,055490,주주총회소집결의,20220207800739,테이팩스,20220207,유정
KOSPI,00545716,롯데렌탈,089860,연결재무제표기준영업(잠정)실적(공정공시),20220207800742,롯데렌탈,20220207,유
KOSPI,00545716,롯데렌탈,089860,매출액또는손익구조30%(대규모법인은15%)이상변경,20220207800744,롯데렌탈,20220207,유
KOSPI,01319899,SK바이오사이언스,302440,영업(잠정)실적(공정공시),20220207800745,SK바이오사이언스,20220207,유
KOSPI,00159698,지역난방공사,071320,결산실적공시예고(안내공시),20220207800747,지역난방공사,20220207,유
KOSPI,01430475,코람코라이프인프라리츠,357120,감사보고서제출,20220207800748,코람코라이프인프라리츠,20220207,유
KOSPI,01319899,SK바이오사이언스,302440,기업설명회(IR)개최(안내공시),20220207800752,SK바이오사이언스,20220207,유
KOSPI,00860332,메리츠금융지주,138040,현금ㆍ현물배당결정(자회사의 주요경영사항),20220207800754,메리츠금융지주,20220207,유
KOSPI,01060744,한솔제지,213500,매출액또는손익구조30%(대규모법인은15%)이상변경,20220207800757,한솔제지,20220207,유
KOSPI,01060744,한솔제지,213500,영업(잠정)실적(공정공시),20220207800762,한솔제지,20220207,유
KOSPI,00153621,참엔지니어링,009310,매출액또는손익구조30%(대규모법인은15%)이상변경,20220207800763,참엔지니어링,20220207,유정
KOSPI,01436558,신한서부티엔디리츠,404990,부동산투자회사금전배당결정,20220207800767,신한서부티엔디리츠,20220207,유
KOSPI,00141413,영화금속,012280,매출액또는손익구조30%(대규모법인은15%)이상변경,20220207800774,영화금속,20220207,유
KOSPI,00159564,한국주강,025890,결산실적공시예고(안내공시),20220207800777,한국주강,20220207,유
KOSPI,00171636,한솔홀딩스,004150,매출액또는손익구조30%(대규모법인은15%)이상변경(자회사의 주요경영사항),20220207800781,한솔홀딩스,20220207,유
KOSPI,01060744,한솔제지,213500,현금ㆍ현물배당결정,20220207800782,한솔제지,20220207,유
KOSPI,00171636,한솔홀딩스,004150,현금ㆍ현물배당결정(자회사의 주요경영사항),20220207800783,한솔홀딩스,20220207,유
KOSPI,01042775,HL만도,204320,기업설명회(IR)개최(안내공시),20220207800786,HL만도,20220207,유
KOSPI,00860332,메리츠금융지주,138040,매출액또는손익구조30%(대규모법인은15%)이상변경(자회사의 주요경영사항),20220207800787,메리츠금융지주,20220207,유
KOSPI,00972503,일진하이솔루스,271940,매출액또는손익구조30%(대규모법인은15%)이상변경,20220207800792,일진하이솔루스,20220207,유
KOSPI,01042775,HL만도,204320,기업설명회(IR)개최(안내공시),20220207800795,HL만도,20220207,유
KOSPI,01258507,롯데웰푸드,280360,매출액또는손익구조30%(대규모법인은15%)이상변경,20220207800803,롯데웰푸드,20220207,유정
KOSPI,01258507,롯데웰푸드,280360,영업(잠정)실적(공정공시),20220207800806,롯데웰푸드,20220207,유
KOSPI,00126292,삼성카드,029780,최대주주등소유주식변동신고서,20220207800809,삼성카드,20220207,유
KOSPI,01562589,LX홀딩스,383800,매출액또는손익구조30%(대규모법인은15%)이상변경(자회사의 주요경영사항),20220207800812,LX홀딩스,20220207,유
KOSPI,01258507,롯데웰푸드,280360,현금ㆍ현물배당결정,20220207800817,롯데웰푸드,20220207,유
KOSPI,01258507,롯데웰푸드,280360,기타경영사항(자율공시),20220207800819,롯데웰푸드,20220207,유
KOSPI,00109806,삼일씨엔에스,004440,[기재정정]단일판매ㆍ공급계약체결,20220207800823,삼일씨엔에스,20220207,유
KOSPI,01562589,LX홀딩스,383800,현금ㆍ현물배당결정(자회사의 주요경영사항),20220207800828,LX홀딩스,20220207,유
KOSPI,00126371,삼성전기,009150,최대주주등소유주식변동신고서,20220207800836,삼성전기,20220207,유
KOSPI,00631518,SK이노베이션,096770,매출액또는손익구조30%(대규모법인은15%)이상변경,20220207800838,SK이노베이션,20220207,유
KOSPI,00587466,KPX홀딩스,092230,현금ㆍ현물배당결정(자회사의 주요경영사항),20220207800851,KPX홀딩스,20220207,유
KOSPI,01032486,두산밥캣,241560,결산실적공시예고(안내공시),20220207800853,두산밥캣,20220207,유
KOSPI,01262032,롯데이노베이트,286940,유상증자결정(종속회사의주요경영사항),20220207800854,롯데이노베이트,20220207,유정
KOSPI,00633835,HJ중공업,097230,매출액또는손익구조30%(대규모법인은15%)이상변경,20220207800857,HJ중공업,20220207,유정
KOSPI,00858364,BNK금융지주,138930,기업설명회(IR)개최(안내공시),20220207800858,BNK금융지주,20220207,유
KOSPI,00403632,현대퓨처넷,126560,연결재무제표기준영업(잠정)실적(공정공시),20220207800861,현대퓨처넷,20220207,유
KOSPI,00300548,현대리바트,079430,결산실적공시예고(안내공시),20220207800866,현대리바트,20220207,유
KOSPI,00815369,에스제이엠,123700,매출액또는손익구조30%(대규모법인은15%)이상변경,20220207800873,에스제이엠,20220207,유
KOSPI,00161976,한세예스24홀딩스,016450,타법인주식및출자증권취득결정(자회사의 주요경영사항),20220207800882,한세예스24홀딩스,20220207,유
KOSPI,00545716,롯데렌탈,089860,현금ㆍ현물배당결정,20220207800884,롯데렌탈,20220207,유
KOSPI,00131780,SK네트웍스,001740,결산실적공시예고(안내공시),20220207800891,SK네트웍스,20220207,유
KOSPI,00131780,SK네트웍스,001740,기업설명회(IR)개최(안내공시),20220207800897,SK네트웍스,20220207,유
KOSPI,01060814,삼양패키징,272550,주주총회소집결의,20220207800902,삼양패키징,20220207,유
KOSPI,00181712,SK,034730,매출액또는손익구조30%(대규모법인은15%)이상변경(자회사의 주요경영사항),20220207800904,SK,20220207,유
KOSPI,00181943,에스제이엠홀딩스,025530,매출액또는손익구조30%(대규모법인은15%)이상변경(자회사의 주요경영사항),20220207800906,에스제이엠홀딩스,20220207,유
KOSPI,01060814,삼양패키징,272550,현금ㆍ현물배당결정,20220207800908,삼양패키징,20220207,유
KOSPI,00111111,대양금속,009190,매출액또는손익구조30%(대규모법인은15%)이상변경,20220207800911,대양금속,20220207,유
KOSPI,01060814,삼양패키징,272550,기타경영사항(자율공시),20220207800912,삼양패키징,20220207,유
KOSPI,00911955,잇츠한불,226320,결산실적공시예고(안내공시),20220207800946,잇츠한불,20220207,유
KOSPI,00139889,SKC,011790,타법인주식및출자증권처분결정(종속회사의주요경영사항),20220207800947,SKC,20220207,유정
KOSPI,00139889,SKC,011790,타법인주식및출자증권취득결정(종속회사의주요경영사항),20220207800952,SKC,20220207,유정
KOSPI,01258507,롯데웰푸드,280360,[기재정정]기타경영사항(자율공시),20220207800957,롯데웰푸드,20220207,유
KOSPI,01060814,삼양패키징,272550,영업(잠정)실적(공정공시),20220207800960,삼양패키징,20220207,유
KOSPI,00631518,SK이노베이션,096770,현금ㆍ현물배당결정,20220207800963,SK이노베이션,20220207,유
KOSPI,00181712,SK,034730,현금ㆍ현물배당결정(자회사의 주요경영사항),20220207800964,SK,20220207,유
KOSPI,00219097,BGF,027410,기업설명회(IR)개최(안내공시),20220207800975,BGF,20220207,유
KOSPI,01263022,BGF리테일,282330,기업설명회(IR)개최(안내공시),20220207800979,BGF리테일,20220207,유
KOSPI,01032486,두산밥캣,241560,기업설명회(IR)개최(안내공시),20220207800980,두산밥캣,20220207,유
KOSPI,01032486,두산밥캣,241560,기업설명회(IR)개최(안내공시),20220207800991,두산밥캣,20220207,유
KOSPI,00122825,프리티,006490,전환가액ㆍ신주인수권행사가액ㆍ교환가액의조정(안내공시),20220207800995,프리티,20220207,유
KOSPI,00122825,프리티,006490,전환가액ㆍ신주인수권행사가액ㆍ교환가액의조정(안내공시),20220207800997,프리티,20220207,유
KOSPI,00158307,롯데하이마트,071840,매출액또는손익구조30%(대규모법인은15%)이상변경,20220207801002,롯데하이마트,20220207,유정
KOSPI,00124540,대우건설,047040,[기재정정]단일판매ㆍ공급계약체결,20220207801007,대우건설,20220207,유정
KOSPI,00158307,롯데하이마트,071840,현금ㆍ현물배당결정,20220207801012,롯데하이마트,20220207,유
KOSPI,00158307,롯데하이마트,071840,기업설명회(IR)개최(안내공시),20220207801015,롯데하이마트,20220207,유
KOSPI,00128980,삼호개발,010960,[기재정정]단일판매ㆍ공급계약체결,20220207801029,삼호개발,20220207,유정
KOSPI,01316236,효성화학,298000,타인에대한채무보증결정,20220207801030,효성화학,20220207,유
KOSPI,00631518,SK이노베이션,096770,수시공시의무관련사항(공정공시),20220207801036,SK이노베이션,20220207,유
KOSPI,00105606,금호에이치티,214330,전환가액ㆍ신주인수권행사가액ㆍ교환가액의조정(안내공시),20220207801043,금호에이치티,20220207,유
KOSPI,00687711,한국철강,104700,매출액또는손익구조30%(대규모법인은15%)이상변경,20220207801049,한국철강,20220207,유
KOSPI,00111421,휴니드테크놀러지스,005870,매출액또는손익구조30%(대규모법인은15%)이상변경,20220207801052,휴니드테크놀러지스,20220207,유
KOSPI,00181712,SK,034730,주요사항보고서(자기주식처분결정)(자회사의 주요경영사항),20220207801054,SK,20220207,유
KOSPI,00158307,롯데하이마트,071840,영업(잠정)실적(공정공시),20220207801059,롯데하이마트,20220207,유정
KOSPI,00197759,미래산업,025560,전환가액ㆍ신주인수권행사가액ㆍ교환가액의조정(안내공시),20220207801061,미래산업,20220207,유
KOSPI,00508344,SK디앤디,210980,현금ㆍ현물배당결정,20220207801065,SK디앤디,20220207,유
KOSPI,00117027,알루코,001780,전환가액ㆍ신주인수권행사가액ㆍ교환가액의조정(안내공시),20220207801068,알루코,20220207,유정
KOSPI,00508344,SK디앤디,210980,수시공시의무관련사항(공정공시),20220207801069,SK디앤디,20220207,유
KOSPI,01316245,효성중공업,298040,대표이사(대표집행임원)변경(안내공시),20220207801076,효성중공업,20220207,유
KOSPI,00126478,삼성중공업,010140,최대주주등소유주식변동신고서,20220207801079,삼성중공업,20220207,유
KOSPI,00117027,알루코,001780,전환가액ㆍ신주인수권행사가액ㆍ교환가액의조정(안내공시),20220207801080,알루코,20220207,유
KOSPI,00403632,현대퓨처넷,126560,매출액또는손익구조30%(대규모법인은15%)이상변경,20220207801103,현대퓨처넷,20220207,유정
KOSPI,00117027,알루코,001780,[기재정정]전환가액ㆍ신주인수권행사가액ㆍ교환가액의조정(안내공시),20220207801113,알루코,20220207,유
KOSPI,00860332,메리츠금융지주,138040,매출액또는손익구조30%(대규모법인은15%)이상변경,20220207801124,메리츠금융지주,20220207,유
KOSPI,00159740,KISCO홀딩스,001940,매출액또는손익구조30%(대규모법인은15%)이상변경(자회사의 주요경영사항),20220207801133,KISCO홀딩스,20220207,유
KOSPI,00131832,SK디스커버리,006120,현금ㆍ현물배당결정(자회사의 주요경영사항),20220207801143,SK디스커버리,20220207,유
KOSPI,00860332,메리츠금융지주,138040,현금ㆍ현물배당결정,20220207801147,메리츠금융지주,20220207,유
KOSPI,00589127,KEC,092220,타법인주식및출자증권취득결정,20220207801152,KEC,20220207,유
KOSPI,00589127,KEC,092220,유상증자결정(종속회사의주요경영사항),20220207801157,KEC,20220207,유
KOSPI,01428203,케이씨씨글라스,344820,공정거래자율준수프로그램운영현황(안내공시),20220207801160,케이씨씨글라스,20220207,유
KOSPI,00557508,GKL,114090,결산실적공시예고(안내공시),20220207801161,GKL,20220207,유
KOSPI,00403632,현대퓨처넷,126560,현금ㆍ현물배당결정,20220207801165,현대퓨처넷,20220207,유
KOSPI,00508344,SK디앤디,210980,매출액또는손익구조30%(대규모법인은15%)이상변경,20220207801168,SK디앤디,20220207,유
KOSPI,00115694,DB증권,016610,매출액또는손익구조30%(대규모법인은15%)이상변경,20220207801178,DB증권,20220207,유정
KOSPI,00133511,SG세계물산,004060,매출액또는손익구조30%(대규모법인은15%)이상변경,20220207801188,SG세계물산,20220207,유
KOSPI,00159254,한국전자홀딩스,006200,타법인주식및출자증권취득결정(자회사의 주요경영사항),20220207801190,한국전자홀딩스,20220207,유
KOSPI,00651901,에어부산,298690,매출액또는손익구조30%(대규모법인은15%)이상변경,20220207801194,에어부산,20220207,유정
KOSPI,00159209,한전기술,052690,[기재정정]주주총회소집결의,20220207801195,한전기술,20220207,유
KOSPI,00168331,온타이드,005320,전환가액ㆍ신주인수권행사가액ㆍ교환가액의조정(안내공시),20220207801196,온타이드,20220207,유
KOSPI,00131832,SK디스커버리,006120,매출액또는손익구조30%(대규모법인은15%)이상변경(자회사의 주요경영사항),20220207801203,SK디스커버리,20220207,유
KOSPI,00422895,세이브존I&C,067830,영업(잠정)실적(공정공시),20220207801204,세이브존I&C,20220207,유
KOSPI,00138057,써니전자,004770,매출액또는손익구조30%(대규모법인은15%)이상변경,20220207801212,써니전자,20220207,유
KOSPI,00508344,SK디앤디,210980,기업설명회(IR)개최(안내공시),20220207801216,SK디앤디,20220207,유
KOSPI,00628189,웅진씽크빅,095720,결산실적공시예고(안내공시),20220207801219,웅진씽크빅,20220207,유
KOSPI,00635134,CJ제일제당,097950,기업설명회(IR)개최(안내공시),20220207801226,CJ제일제당,20220207,유
KOSPI,00635134,CJ제일제당,097950,기업설명회(IR)개최(안내공시),20220207801236,CJ제일제당,20220207,유
KOSPI,00635134,CJ제일제당,097950,기업설명회(IR)개최(안내공시),20220207801245,CJ제일제당,20220207,유
KOSPI,00127200,삼영전자공업,005680,매출액또는손익구조30%(대규모법인은15%)이상변경,20220207801247,삼영전자공업,20220207,유
KOSPI,00146232,일성건설,013360,단일판매ㆍ공급계약해지,20220207801249,일성건설,20220207,유
KOSPI,00138297,STX,011810,매출액또는손익구조30%(대규모법인은15%)이상변경,20220207801251,STX,20220207,유
KOSPI,00508344,SK디앤디,210980,투자판단관련주요경영사항,20220207801257,SK디앤디,20220207,유
KOSPI,00162063,한신공영,004960,매출액또는손익구조30%(대규모법인은15%)이상변경,20220207801260,한신공영,20220207,유
KOSPI,00120571,롯데칠성음료,005300,기업설명회(IR)개최(안내공시),20220207801265,롯데칠성음료,20220207,유
KOSPI,00131832,SK디스커버리,006120,투자판단관련주요경영사항(자회사의 주요경영사항),20220207801276,SK디스커버리,20220207,유
KOSPI,00165583,E1,017940,매출액또는손익구조30%(대규모법인은15%)이상변경,20220207801278,E1,20220207,유정
KOSPI,00165583,E1,017940,현금ㆍ현물배당결정,20220207801280,E1,20220207,유
KOSPI,00146232,일성건설,013360,불성실공시법인지정예고,20220207801303,유가증권시장본부,20220207,유
KOSPI,00171265,파라다이스,034230,연결재무제표기준영업(잠정)실적(공정공시),20220207901138,파라다이스,20220207,코
KOSPI,00398701,엘앤에프,066970,기업설명회(IR)개최,20220207901233,엘앤에프,20220207,코
KOSPI,00160588,한화,000880,투자설명서,20220208000008,한화,20220208,
KOSPI,00104856,삼성증권,016360,투자설명서,20220208000011,삼성증권,20220208,
KOSPI,00136721,신영증권,001720,일괄신고서(파생결합사채-주가연계파생결합사채),20220208000029,신영증권,20220208,정
KOSPI,00136721,신영증권,001720,일괄신고서(기타파생결합사채),20220208000031,신영증권,20220208,정
KOSPI,00159616,두산에너빌리티,034020,[기재정정]주요사항보고서(유상증자결정),20220208000034,두산에너빌리티,20220208,
KOSPI,00159616,두산에너빌리티,034020,[발행조건확정]증권신고서(지분증권),20220208000045,두산에너빌리티,20220208,
KOSPI,00104856,삼성증권,016360,일괄신고추가서류(파생결합사채-주가연계파생결합사채),20220208000046,삼성증권,20220208,
KOSPI,00126308,삼성E&A,028050,주식등의대량보유상황보고서(약식),20220208000047,BlackRockFundAdvisors,20220208,
KOSPI,00159616,두산에너빌리티,034020,[기재정정]투자설명서,20220208000048,두산에너빌리티,20220208,
KOSPI,00104856,삼성증권,016360,일괄신고추가서류(파생결합증권-주가연계증권),20220208000049,삼성증권,20220208,
KOSPI,00110893,대신증권,003540,일괄신고추가서류(파생결합증권-주가연계증권),20220208000050,대신증권,20220208,
KOSPI,00137997,현대차증권,001500,일괄신고추가서류(파생결합사채-주가연계파생결합사채),20220208000054,현대차증권,20220208,
KOSPI,00104856,삼성증권,016360,투자설명서(일괄신고),20220208000060,삼성증권,20220208,
KOSPI,00110893,대신증권,003540,투자설명서(일괄신고),20220208000061,대신증권,20220208,
KOSPI,00296290,키움증권,039490,일괄신고추가서류(파생결합증권-주가연계증권),20220208000062,키움증권,20220208,
KOSPI,00104856,삼성증권,016360,투자설명서(일괄신고),20220208000069,삼성증권,20220208,
KOSPI,01437292,미래에셋맵스리츠,357250,주주총회소집공고,20220208000075,미래에셋맵스리츠,20220208,
KOSPI,01515323,LG에너지솔루션,373220,임원ㆍ주요주주특정증권등소유상황보고서,20220208000096,홍우평,20220208,
KOSPI,00296290,키움증권,039490,투자설명서(일괄신고),20220208000120,키움증권,20220208,
KOSPI,00120182,NH투자증권,005940,증권발행실적보고서,20220208000121,NH투자증권,20220208,
KOSPI,00158501,에스원,012750,임원ㆍ주요주주특정증권등소유상황보고서,20220208000142,정우석,20220208,
KOSPI,00104856,삼성증권,016360,증권발행실적보고서,20220208000144,삼성증권,20220208,
KOSPI,00104856,삼성증권,016360,증권발행실적보고서,20220208000149,삼성증권,20220208,
KOSPI,00137997,현대차증권,001500,투자설명서(일괄신고),20220208000154,현대차증권,20220208,
KOSPI,00111722,미래에셋증권,006800,일괄신고추가서류(파생결합증권-주가연계증권),20220208000155,미래에셋증권,20220208,
KOSPI,00120182,NH투자증권,005940,일괄신고추가서류(파생결합사채-주가연계파생결합사채),20220208000157,NH투자증권,20220208,
KOSPI,00120182,NH투자증권,005940,투자설명서(일괄신고),20220208000170,NH투자증권,20220208,
KOSPI,00129387,SP삼화,000390,임원ㆍ주요주주특정증권등소유상황보고서,20220208000190,김경식,20220208,
KOSPI,00117498,스틱인베스트먼트,026890,주식등의대량보유상황보고서(일반),20220208000198,도용환,20220208,
KOSPI,00131850,SK증권,001510,일괄신고추가서류(파생결합사채-주가연계파생결합사채),20220208000200,SK증권,20220208,
KOSPI,00117498,스틱인베스트먼트,026890,임원ㆍ주요주주특정증권등소유상황보고서,20220208000203,강일성,20220208,
KOSPI,00117498,스틱인베스트먼트,026890,임원ㆍ주요주주특정증권등소유상황보고서,20220208000204,김재범,20220208,
KOSPI,00117498,스틱인베스트먼트,026890,임원ㆍ주요주주특정증권등소유상황보고서,20220208000205,조재용,20220208,
KOSPI,00231363,LG유플러스,032640,[첨부정정]증권신고서(채무증권),20220208000206,LG유플러스,20220208,
KOSPI,00131850,SK증권,001510,투자설명서(일괄신고),20220208000212,SK증권,20220208,
KOSPI,00111722,미래에셋증권,006800,일괄신고추가서류(파생결합증권-주가연계증권),20220208000226,미래에셋증권,20220208,
KOSPI,00117337,동양,001520,주요사항보고서(자기주식취득신탁계약체결결정),20220208000231,동양,20220208,
KOSPI,00111722,미래에셋증권,006800,투자설명서(일괄신고),20220208000232,미래에셋증권,20220208,
KOSPI,00111722,미래에셋증권,006800,투자설명서(일괄신고),20220208000233,미래에셋증권,20220208,
KOSPI,00115694,DB증권,016610,증권발행실적보고서,20220208000240,DB증권,20220208,
KOSPI,00111722,미래에셋증권,006800,일괄신고추가서류(파생결합증권-주가연계증권),20220208000242,미래에셋증권,20220208,
KOSPI,00120182,NH투자증권,005940,일괄신고추가서류(파생결합증권-주가연계증권),20220208000244,NH투자증권,20220208,
KOSPI,00117601,유안타증권,003470,일괄신고추가서류(파생결합증권-주가연계증권),20220208000245,유안타증권,20220208,
KOSPI,00120182,NH투자증권,005940,투자설명서(일괄신고),20220208000250,NH투자증권,20220208,
KOSPI,00117601,유안타증권,003470,투자설명서(일괄신고),20220208000259,유안타증권,20220208,
KOSPI,00158316,NICE,034310,주식등의대량보유상황보고서(약식),20220208000262,달랄스트리트엘엘씨,20220208,
KOSPI,00148896,OCI홀딩스,010060,동일인등출자계열회사와의상품ㆍ용역거래변경,20220208000269,OCI홀딩스,20220208,공
KOSPI,00160588,한화,000880,임원ㆍ주요주주특정증권등소유상황보고서,20220208000273,강세호,20220208,
KOSPI,00120030,GS건설,006360,특수관계인에대한출자,20220208000275,GS건설,20220208,공
KOSPI,00144164,SK가스,018670,특수관계인과의내부거래,20220208000277,SK가스,20220208,공정
KOSPI,00139214,삼성화재해상보험,000810,임원ㆍ주요주주특정증권등소유상황보고서,20220208000278,이상목,20220208,
KOSPI,00111722,미래에셋증권,006800,투자설명서(일괄신고),20220208000281,미래에셋증권,20220208,
KOSPI,00120182,NH투자증권,005940,일괄신고추가서류(파생결합사채-주가연계파생결합사채),20220208000282,NH투자증권,20220208,
KOSPI,00120182,NH투자증권,005940,일괄신고추가서류(파생결합증권-주가연계증권),20220208000284,NH투자증권,20220208,
KOSPI,00261443,NC,036570,임원ㆍ주요주주특정증권등소유상황보고서,20220208000285,강정수,20220208,
KOSPI,00139214,삼성화재해상보험,000810,임원ㆍ주요주주특정증권등소유상황보고서,20220208000289,원동주,20220208,
KOSPI,00160588,한화,000880,임원ㆍ주요주주특정증권등소유상황보고서,20220208000290,김경한,20220208,
KOSPI,00160232,KSS해운,044450,임원ㆍ주요주주특정증권등소유상황보고서,20220208000294,케이에스에스해운우리사주조합,20220208,
KOSPI,00339391,한화시스템,272210,임원ㆍ주요주주특정증권등소유상황보고서,20220208000296,김현영,20220208,
KOSPI,00415628,세진중공업,075580,자기주식처분결과보고서,20220208000299,세진중공업,20220208,
KOSPI,00261443,NC,036570,임원ㆍ주요주주특정증권등소유상황보고서,20220208000300,박윤정,20220208,
KOSPI,00120182,NH투자증권,005940,투자설명서(일괄신고),20220208000301,NH투자증권,20220208,
KOSPI,00120182,NH투자증권,005940,투자설명서(일괄신고),20220208000302,NH투자증권,20220208,
KOSPI,00117601,유안타증권,003470,일괄신고추가서류(파생결합증권-주가연계증권),20220208000303,유안타증권,20220208,
KOSPI,00160588,한화,000880,임원ㆍ주요주주특정증권등소유상황보고서,20220208000305,김광진,20220208,
KOSPI,00117601,유안타증권,003470,투자설명서(일괄신고),20220208000310,유안타증권,20220208,
KOSPI,00415628,세진중공업,075580,주식등의대량보유상황보고서(일반),20220208000313,윤지원,20220208,
KOSPI,00160588,한화,000880,임원ㆍ주요주주특정증권등소유상황보고서,20220208000315,김대식,20220208,
KOSPI,00261443,NC,036570,임원ㆍ주요주주특정증권등소유상황보고서,20220208000317,김훈,20220208,
KOSPI,00415628,세진중공업,075580,임원ㆍ주요주주특정증권등소유상황보고서,20220208000319,최양환,20220208,
KOSPI,00415628,세진중공업,075580,임원ㆍ주요주주특정증권등소유상황보고서,20220208000326,윤지현,20220208,
KOSPI,00203290,콜마홀딩스,024720,주식등의대량보유상황보고서(일반),20220208000327,윤상현,20220208,
KOSPI,01009789,코스맥스,192820,임원ㆍ주요주주특정증권등소유상황보고서,20220208000328,김남중,20220208,
KOSPI,00104856,삼성증권,016360,증권발행실적보고서,20220208000329,삼성증권,20220208,
KOSPI,00261443,NC,036570,임원ㆍ주요주주특정증권등소유상황보고서,20220208000331,윤흥덕,20220208,
KOSPI,00415628,세진중공업,075580,임원ㆍ주요주주특정증권등소유상황보고서,20220208000333,장일근,20220208,
KOSPI,00939331,한국콜마,161890,주식등의대량보유상황보고서(일반),20220208000336,콜마홀딩스,20220208,
KOSPI,00415628,세진중공업,075580,임원ㆍ주요주주특정증권등소유상황보고서,20220208000337,권종도,20220208,
KOSPI,00131054,유진증권,001200,특수관계인과의수익증권거래,20220208000340,유진증권,20220208,공
KOSPI,00160588,한화,000880,임원ㆍ주요주주특정증권등소유상황보고서,20220208000341,김종호,20220208,
KOSPI,00415628,세진중공업,075580,임원ㆍ주요주주특정증권등소유상황보고서,20220208000344,김금규,20220208,
KOSPI,00188089,한섬,020000,특수관계인에대한증여,20220208000346,한섬,20220208,공
KOSPI,00111722,미래에셋증권,006800,증권발행실적보고서,20220208000347,미래에셋증권,20220208,
KOSPI,00219097,BGF,027410,주식등의대량보유상황보고서(일반),20220208000349,홍석조,20220208,
KOSPI,00160588,한화,000880,임원ㆍ주요주주특정증권등소유상황보고서,20220208000350,박지철,20220208,
KOSPI,00415628,세진중공업,075580,임원ㆍ주요주주특정증권등소유상황보고서,20220208000351,권기대,20220208,
KOSPI,00415628,세진중공업,075580,임원ㆍ주요주주특정증권등소유상황보고서,20220208000355,김진종,20220208,
KOSPI,00415628,세진중공업,075580,임원ㆍ주요주주특정증권등소유상황보고서,20220208000356,이청수,20220208,
KOSPI,00160588,한화,000880,임원ㆍ주요주주특정증권등소유상황보고서,20220208000357,이창호,20220208,
KOSPI,00103592,광동제약,009290,주식등의대량보유상황보고서(일반),20220208000358,최성원,20220208,정
KOSPI,00111722,미래에셋증권,006800,증권발행실적보고서,20220208000362,미래에셋증권,20220208,
KOSPI,00111722,미래에셋증권,006800,일괄신고추가서류(기타파생결합사채),20220208000363,미래에셋증권,20220208,
KOSPI,00233653,한국토지신탁,034830,주식등의대량보유상황보고서(일반),20220208000365,엠케이인베스트먼트,20220208,
KOSPI,01263022,BGF리테일,282330,주식등의대량보유상황보고서(일반),20220208000367,BGF,20220208,
KOSPI,00111722,미래에셋증권,006800,증권발행실적보고서,20220208000369,미래에셋증권,20220208,
KOSPI,00103592,광동제약,009290,[기재정정]주식등의대량보유상황보고서(일반),20220208000370,최성원,20220208,
KOSPI,00126955,삼양식품,003230,주요사항보고서(자기주식취득신탁계약체결결정),20220208000375,삼양식품,20220208,
KOSPI,00266961,NAVER,035420,임원ㆍ주요주주특정증권등소유상황보고서,20220208000379,최승락,20220208,
KOSPI,00106119,금양,001570,임원ㆍ주요주주특정증권등소유상황보고서,20220208000380,이종환,20220208,
KOSPI,00141626,오리엔트바이오,002630,[기재정정]주요사항보고서(타법인주식및출자증권양도결정),20220208000383,오리엔트바이오,20220208,
KOSPI,00117337,동양,001520,주요사항보고서(회사합병결정),20220208000388,동양,20220208,정
KOSPI,00160588,한화,000880,증권발행실적보고서,20220208000389,한화,20220208,
KOSPI,01159233,솔루엠,248070,주식등의대량보유상황보고서(일반),20220208000391,전성호,20220208,
KOSPI,01159233,솔루엠,248070,임원ㆍ주요주주특정증권등소유상황보고서,20220208000400,유재설,20220208,
KOSPI,01159233,솔루엠,248070,임원ㆍ주요주주특정증권등소유상황보고서,20220208000403,반휘권,20220208,
KOSPI,00105101,INVENI,015360,증권신고서(채무증권),20220208000406,INVENI,20220208,정
KOSPI,01159233,솔루엠,248070,임원ㆍ주요주주특정증권등소유상황보고서,20220208000409,유동균,20220208,
KOSPI,01159233,솔루엠,248070,임원ㆍ주요주주특정증권등소유상황보고서,20220208000411,하재갑,20220208,
KOSPI,00105855,엘에스일렉트릭,010120,동일인등출자계열회사와의상품ㆍ용역거래,20220208000414,엘에스일렉트릭,20220208,공
KOSPI,00113359,교보증권,030610,일괄신고추가서류(파생결합증권-주가연계증권),20220208000416,교보증권,20220208,
KOSPI,00120182,NH투자증권,005940,일괄신고추가서류(파생결합증권-주가연계증권),20220208000417,NH투자증권,20220208,
KOSPI,00113359,교보증권,030610,투자설명서(일괄신고),20220208000418,교보증권,20220208,
KOSPI,00113359,교보증권,030610,일괄신고추가서류(파생결합증권-주가연계증권),20220208000420,교보증권,20220208,
KOSPI,00353878,다스코,058730,임원ㆍ주요주주특정증권등소유상황보고서,20220208000421,최경호,20220208,
KOSPI,00120182,NH투자증권,005940,투자설명서(일괄신고),20220208000422,NH투자증권,20220208,
KOSPI,01159233,솔루엠,248070,임원ㆍ주요주주특정증권등소유상황보고서,20220208000424,서보일,20220208,
KOSPI,00113359,교보증권,030610,투자설명서(일괄신고),20220208000425,교보증권,20220208,
KOSPI,01159233,솔루엠,248070,임원ㆍ주요주주특정증권등소유상황보고서,20220208000431,오염호,20220208,
KOSPI,01159233,솔루엠,248070,임원ㆍ주요주주특정증권등소유상황보고서,20220208000433,이성환,20220208,
KOSPI,00136721,신영증권,001720,증권발행실적보고서,20220208000434,신영증권,20220208,
KOSPI,01159233,솔루엠,248070,임원ㆍ주요주주특정증권등소유상황보고서,20220208000437,백승관,20220208,
KOSPI,00136721,신영증권,001720,증권발행실적보고서,20220208000440,신영증권,20220208,
KOSPI,01159233,솔루엠,248070,임원ㆍ주요주주특정증권등소유상황보고서,20220208000441,송용근,20220208,
KOSPI,01515323,LG에너지솔루션,373220,동일인등출자계열회사와의상품ㆍ용역거래,20220208000443,LG에너지솔루션,20220208,공
KOSPI,01159233,솔루엠,248070,임원ㆍ주요주주특정증권등소유상황보고서,20220208000445,신정훈,20220208,
KOSPI,00136721,신영증권,001720,증권발행실적보고서,20220208000446,신영증권,20220208,
KOSPI,00260408,팜스코,036580,동일인등출자계열회사와의상품ㆍ용역거래변경,20220208000447,팜스코,20220208,공
KOSPI,00104856,삼성증권,016360,증권발행실적보고서,20220208000451,삼성증권,20220208,
KOSPI,00136721,신영증권,001720,증권발행실적보고서,20220208000452,신영증권,20220208,
KOSPI,01159233,솔루엠,248070,임원ㆍ주요주주특정증권등소유상황보고서,20220208000456,조정현,20220208,
KOSPI,00980122,JB금융지주,175330,증권신고서(채무증권),20220208000459,JB금융지주,20220208,정
KOSPI,00305668,새론오토모티브,075180,주식등의대량보유상황보고서(일반),20220208000462,김형인,20220208,
KOSPI,00111421,휴니드테크놀러지스,005870,주식등의대량보유상황보고서(일반),20220208000472,김유진,20220208,
KOSPI,00157399,한솔테크닉스,004710,증권신고서(채무증권),20220208000477,한솔테크닉스,20220208,정
KOSPI,00105855,엘에스일렉트릭,010120,주요사항보고서(회사분할결정),20220208000496,엘에스일렉트릭,20220208,
KOSPI,01412725,두산퓨얼셀,336260,특수관계인에대한자산양도,20220208000497,두산퓨얼셀,20220208,공
KOSPI,00105855,엘에스일렉트릭,010120,주요사항보고서(자기주식처분결정),20220208000510,엘에스일렉트릭,20220208,
KOSPI,00120182,NH투자증권,005940,일괄신고추가서류(파생결합증권-주가연계증권),20220208000512,NH투자증권,20220208,
KOSPI,00113359,교보증권,030610,일괄신고추가서류(파생결합증권-주가연계증권),20220208000515,교보증권,20220208,
KOSPI,00113359,교보증권,030610,투자설명서(일괄신고),20220208000520,교보증권,20220208,
KOSPI,00120182,NH투자증권,005940,투자설명서(일괄신고),20220208000523,NH투자증권,20220208,
KOSPI,00161693,한샘,009240,주요사항보고서(자기주식취득결정),20220208000527,한샘,20220208,정
KOSPI,00565154,이노션,214320,약관에의한금융거래시계열금융회사의거래상대방의공시,20220208000528,이노션,20220208,공
KOSPI,00896285,삼양사,145990,특수관계인에대한자금대여,20220208000530,삼양사,20220208,공
KOSPI,00111722,미래에셋증권,006800,투자설명서(일괄신고),20220208000535,미래에셋증권,20220208,
KOSPI,00896285,삼양사,145990,동일인등출자계열회사와의상품ㆍ용역거래,20220208000539,삼양사,20220208,공
KOSPI,00136378,신세계,004170,[발행조건확정]증권신고서(채무증권),20220208000541,신세계,20220208,
KOSPI,01515323,LG에너지솔루션,373220,매출액또는손익구조30%(대규모법인은15%)이상변경,20220208800004,LG에너지솔루션,20220208,유
KOSPI,01515323,LG에너지솔루션,373220,연결재무제표기준영업(잠정)실적(공정공시),20220208800055,LG에너지솔루션,20220208,유
KOSPI,01515323,LG에너지솔루션,373220,연결재무제표기준영업실적등에대한전망(공정공시),20220208800058,LG에너지솔루션,20220208,유정
KOSPI,00161383,한미반도체,042700,매출액또는손익구조30%(대규모법인은15%)이상변경,20220208800069,한미반도체,20220208,유
KOSPI,00125974,삼부토건,001470,조회공시요구(풍문또는보도),20220208800077,유가증권시장본부,20220208,유
KOSPI,00106313,금호건설,002990,기업설명회(IR)개최(안내공시),20220208800088,금호건설,20220208,유
KOSPI,00309503,한국항공우주,047810,결산실적공시예고(안내공시),20220208800094,한국항공우주,20220208,유
KOSPI,00878696,에스케이바이오팜,326030,매출액또는손익구조30%(대규모법인은15%)이상변경,20220208800104,에스케이바이오팜,20220208,유
KOSPI,00159616,두산에너빌리티,034020,유상증자신주발행가액(안내공시),20220208800119,두산에너빌리티,20220208,유
KOSPI,00372882,KTcs,058850,결산실적공시예고(안내공시),20220208800127,KTcs,20220208,유
KOSPI,00878696,에스케이바이오팜,326030,연결재무제표기준영업(잠정)실적(공정공시),20220208800132,에스케이바이오팜,20220208,유
KOSPI,00117212,두산,000150,[기재정정]주요사항보고서(유상증자결정)(자회사의 주요경영사항),20220208800146,두산,20220208,유
KOSPI,01437292,미래에셋맵스리츠,357250,주주총회소집결의,20220208800169,미래에셋맵스리츠,20220208,유
KOSPI,00139889,SKC,011790,연결재무제표기준영업(잠정)실적(공정공시),20220208800178,SKC,20220208,유
KOSPI,00139889,SKC,011790,연결재무제표기준영업실적등에대한전망(공정공시),20220208800179,SKC,20220208,유
KOSPI,01205709,HD현대,267250,단일판매ㆍ공급계약체결(자회사의 주요경영사항),20220208800185,HD현대,20220208,유
KOSPI,00129642,상신브레이크,041650,매출액또는손익구조30%(대규모법인은15%)이상변경,20220208800197,상신브레이크,20220208,유
KOSPI,00260392,대원전선,006340,매출액또는손익구조30%(대규모법인은15%)이상변경,20220208800202,대원전선,20220208,유
KOSPI,00139889,SKC,011790,현금ㆍ현물배당결정,20220208800204,SKC,20220208,유
KOSPI,00141477,영흥,012160,최대주주등소유주식변동신고서,20220208800210,영흥,20220208,유
KOSPI,00309503,한국항공우주,047810,기타경영사항(자율공시),20220208800229,한국항공우주,20220208,유
KOSPI,00356361,LG화학,051910,연결재무제표기준영업(잠정)실적(공정공시),20220208800251,LG화학,20220208,유
KOSPI,00126566,한화에어로스페이스,012450,결산실적공시예고(안내공시),20220208800252,한화에어로스페이스,20220208,유
KOSPI,00356361,LG화학,051910,연결재무제표기준영업실적등에대한전망(공정공시),20220208800255,LG화학,20220208,유
KOSPI,00126566,한화에어로스페이스,012450,기업설명회(IR)개최(안내공시),20220208800257,한화에어로스페이스,20220208,유
KOSPI,00188089,한섬,020000,연결재무제표기준영업(잠정)실적(공정공시),20220208800258,한섬,20220208,유
KOSPI,00356361,LG화학,051910,장래사업ㆍ경영계획(공정공시),20220208800259,LG화학,20220208,유정
KOSPI,00356361,LG화학,051910,현금ㆍ현물배당결정,20220208800260,LG화학,20220208,유
KOSPI,00120021,LG,003550,현금ㆍ현물배당결정(자회사의 주요경영사항),20220208800261,LG,20220208,유
KOSPI,00356361,LG화학,051910,매출액또는손익구조30%(대규모법인은15%)이상변경,20220208800262,LG화학,20220208,유
KOSPI,00188089,한섬,020000,현금ㆍ현물배당결정,20220208800267,한섬,20220208,유
KOSPI,00120021,LG,003550,매출액또는손익구조30%(대규모법인은15%)이상변경(자회사의 주요경영사항),20220208800273,LG,20220208,유
KOSPI,01412725,두산퓨얼셀,336260,매출액또는손익구조30%(대규모법인은15%)이상변경,20220208800282,두산퓨얼셀,20220208,유
KOSPI,00188089,한섬,020000,매출액또는손익구조30%(대규모법인은15%)이상변경,20220208800295,한섬,20220208,유
KOSPI,01412725,두산퓨얼셀,336260,영업실적등에대한전망(공정공시),20220208800303,두산퓨얼셀,20220208,유
KOSPI,00128980,삼호개발,010960,현금ㆍ현물배당결정,20220208800331,삼호개발,20220208,유
KOSPI,00108913,대교,019680,매출액또는손익구조30%(대규모법인은15%)이상변경,20220208800336,대교,20220208,유
KOSPI,00299002,HL홀딩스,060980,결산실적공시예고(안내공시),20220208800357,HL홀딩스,20220208,유
KOSPI,00157399,한솔테크닉스,004710,매출액또는손익구조30%(대규모법인은15%)이상변경,20220208800362,한솔테크닉스,20220208,유
KOSPI,00140779,영보화학,014440,매출액또는손익구조30%(대규모법인은15%)이상변경,20220208800363,영보화학,20220208,유
KOSPI,00362238,휴비스,079980,매출액또는손익구조30%(대규모법인은15%)이상변경,20220208800365,휴비스,20220208,유정
KOSPI,00628189,웅진씽크빅,095720,단기차입금감소(자율공시),20220208800367,웅진씽크빅,20220208,유
KOSPI,00145163,파미셀,005690,매출액또는손익구조30%(대규모법인은15%)이상변경,20220208800370,파미셀,20220208,유
KOSPI,00171636,한솔홀딩스,004150,매출액또는손익구조30%(대규모법인은15%)이상변경(자회사의 주요경영사항),20220208800380,한솔홀딩스,20220208,유
KOSPI,00145163,파미셀,005690,주주총회소집결의,20220208800392,파미셀,20220208,유
KOSPI,00117498,스틱인베스트먼트,026890,최대주주등소유주식변동신고서,20220208800393,스틱인베스트먼트,20220208,유
KOSPI,01323032,KG모빌리티플랫폼,381970,기업설명회(IR)개최(안내공시),20220208800394,KG모빌리티플랫폼,20220208,유
KOSPI,01323032,KG모빌리티플랫폼,381970,기업설명회(IR)개최(안내공시),20220208800399,KG모빌리티플랫폼,20220208,유
KOSPI,00102140,케이아이이,009140,매출액또는손익구조30%(대규모법인은15%)이상변경,20220208800403,케이아이이,20220208,유
KOSPI,00102140,케이아이이,009140,주주총회소집결의,20220208800406,케이아이이,20220208,유
KOSPI,00102140,케이아이이,009140,현금ㆍ현물배당결정,20220208800408,케이아이이,20220208,유
KOSPI,00130684,서울도시가스,017390,매출액또는손익구조30%(대규모법인은15%)이상변경,20220208800413,서울도시가스,20220208,유
KOSPI,00130684,서울도시가스,017390,현금ㆍ현물배당결정,20220208800431,서울도시가스,20220208,유
KOSPI,00113492,깨끗한나라,004540,매출액또는손익구조30%(대규모법인은15%)이상변경,20220208800433,깨끗한나라,20220208,유
KOSPI,00148896,OCI홀딩스,010060,연결재무제표기준영업(잠정)실적(공정공시),20220208800448,OCI홀딩스,20220208,유
KOSPI,00111847,대원강업,000430,매출액또는손익구조30%(대규모법인은15%)이상변경,20220208800452,대원강업,20220208,유
KOSPI,01244601,카카오페이,377300,영업(잠정)실적(공정공시),20220208800454,카카오페이,20220208,유
KOSPI,01244601,카카오페이,377300,연결재무제표기준영업(잠정)실적(공정공시),20220208800455,카카오페이,20220208,유
KOSPI,01244601,카카오페이,377300,매출액또는손익구조30%(대규모법인은15%)이상변경,20220208800456,카카오페이,20220208,유
KOSPI,01244601,카카오페이,377300,기타경영사항(자율공시),20220208800459,카카오페이,20220208,유
KOSPI,00111847,대원강업,000430,현금ㆍ현물배당결정,20220208800460,대원강업,20220208,유
KOSPI,00139454,애경산업,018250,매출액또는손익구조30%(대규모법인은15%)이상변경,20220208800461,애경산업,20220208,유
KOSPI,00153621,참엔지니어링,009310,타법인주식및출자증권처분결정,20220208800464,참엔지니어링,20220208,유정
KOSPI,00139454,애경산업,018250,연결재무제표기준영업(잠정)실적(공정공시),20220208800466,애경산업,20220208,유
KOSPI,00125080,AK홀딩스,006840,매출액또는손익구조30%(대규모법인은15%)이상변경(자회사의 주요경영사항),20220208800476,AK홀딩스,20220208,유
KOSPI,00111847,대원강업,000430,주주총회소집결의,20220208800480,대원강업,20220208,유정
KOSPI,00148896,OCI홀딩스,010060,매출액또는손익구조30%(대규모법인은15%)이상변경,20220208800482,OCI홀딩스,20220208,유
KOSPI,00144164,SK가스,018670,매출액또는손익구조30%(대규모법인은15%)이상변경,20220208800500,SK가스,20220208,유
KOSPI,00114093,덕성,004830,매출액또는손익구조30%(대규모법인은15%)이상변경,20220208800505,덕성,20220208,유
KOSPI,00131832,SK디스커버리,006120,매출액또는손익구조30%(대규모법인은15%)이상변경(자회사의 주요경영사항),20220208800510,SK디스커버리,20220208,유
KOSPI,00149646,기업은행,024110,매출액또는손익구조30%(대규모법인은15%)이상변경,20220208800514,기업은행,20220208,유
KOSPI,00144164,SK가스,018670,현금ㆍ현물배당결정,20220208800515,SK가스,20220208,유
KOSPI,00131832,SK디스커버리,006120,현금ㆍ현물배당결정(자회사의 주요경영사항),20220208800516,SK디스커버리,20220208,유
KOSPI,00161116,HL D&I,014790,결산실적공시예고(안내공시),20220208800519,HL D&I,20220208,유
KOSPI,00428251,현대백화점,069960,결산실적공시예고(안내공시),20220208800520,현대백화점,20220208,유
KOSPI,00120526,롯데쇼핑,023530,연결재무제표기준영업(잠정)실적(공정공시),20220208800521,롯데쇼핑,20220208,유
KOSPI,00144164,SK가스,018670,연결재무제표기준영업(잠정)실적(공정공시),20220208800522,SK가스,20220208,유
KOSPI,00956930,동아에스티,170900,영업(잠정)실적(공정공시),20220208800523,동아에스티,20220208,유
KOSPI,01133217,카카오뱅크,323410,기업설명회(IR)개최(안내공시),20220208800525,카카오뱅크,20220208,유
KOSPI,00144164,SK가스,018670,기업설명회(IR)개최(안내공시),20220208800527,SK가스,20220208,유
KOSPI,00165583,E1,017940,단일판매ㆍ공급계약체결,20220208800530,E1,20220208,유
KOSPI,00367844,자이에스앤디,317400,유상증자결정(종속회사의주요경영사항),20220208800531,자이에스앤디,20220208,유
KOSPI,00165413,롯데케미칼,011170,연결재무제표기준영업(잠정)실적(공정공시),20220208800535,롯데케미칼,20220208,유
KOSPI,00161116,HL D&I,014790,기업설명회(IR)개최(안내공시),20220208800540,HL D&I,20220208,유
KOSPI,00144164,SK가스,018670,타인에대한채무보증결정,20220208800543,SK가스,20220208,유정
KOSPI,00131832,SK디스커버리,006120,타인에대한채무보증결정(자회사의 주요경영사항),20220208800544,SK디스커버리,20220208,유정
KOSPI,00684714,풍산,103140,영업(잠정)실적(공정공시),20220208800547,풍산,20220208,유
KOSPI,00131692,서흥,008490,현금ㆍ현물배당결정,20220208800548,서흥,20220208,유
KOSPI,00165413,롯데케미칼,011170,매출액또는손익구조30%(대규모법인은15%)이상변경,20220208800550,롯데케미칼,20220208,유
KOSPI,00123541,보해양조,000890,매출액또는손익구조30%(대규모법인은15%)이상변경,20220208800552,보해양조,20220208,유
KOSPI,00684714,풍산,103140,연결재무제표기준영업(잠정)실적(공정공시),20220208800555,풍산,20220208,유
KOSPI,01059605,디와이파워,210540,매출액또는손익구조30%(대규모법인은15%)이상변경,20220208800559,디와이파워,20220208,유
KOSPI,00165413,롯데케미칼,011170,현금ㆍ현물배당결정,20220208800563,롯데케미칼,20220208,유
KOSPI,00120562,롯데지주,004990,현금ㆍ현물배당결정(자회사의 주요경영사항),20220208800564,롯데지주,20220208,유
KOSPI,00120030,GS건설,006360,타법인주식및출자증권취득결정(자율공시),20220208800566,GS건설,20220208,유
KOSPI,01059605,디와이파워,210540,현금ㆍ현물배당결정,20220208800571,디와이파워,20220208,유
KOSPI,00117179,디와이,013570,현금ㆍ현물배당결정(자회사의 주요경영사항),20220208800572,디와이,20220208,유
KOSPI,00120030,GS건설,006360,현금ㆍ현물배당결정,20220208800574,GS건설,20220208,유
KOSPI,00684714,풍산,103140,매출액또는손익구조30%(대규모법인은15%)이상변경,20220208800576,풍산,20220208,유
KOSPI,01059605,디와이파워,210540,연결재무제표기준영업실적등에대한전망(공정공시),20220208800581,디와이파워,20220208,유
KOSPI,00105271,케이씨씨,002380,결산실적공시예고(안내공시),20220208800585,케이씨씨,20220208,유
KOSPI,00688996,KB금융,105560,연결재무제표기준영업(잠정)실적(공정공시),20220208800586,KB금융,20220208,유
KOSPI,00688996,KB금융,105560,연결재무제표기준영업(잠정)실적(공정공시)(자회사의 주요경영사항),20220208800589,KB금융,20220208,유
KOSPI,00688996,KB금융,105560,연결재무제표기준영업(잠정)실적(공정공시)(자회사의 주요경영사항),20220208800595,KB금융,20220208,유
KOSPI,00415628,세진중공업,075580,최대주주등소유주식변동신고서,20220208800596,세진중공업,20220208,유
KOSPI,00858364,BNK금융지주,138930,최대주주등소유주식변동신고서,20220208800598,BNK금융지주,20220208,유
KOSPI,00155531,풍산홀딩스,005810,매출액또는손익구조30%(대규모법인은15%)이상변경(자회사의 주요경영사항),20220208800599,풍산홀딩스,20220208,유
KOSPI,00106313,금호건설,002990,매출액또는손익구조30%(대규모법인은15%)이상변경,20220208800600,금호건설,20220208,유
KOSPI,00684714,풍산,103140,주주총회소집결의,20220208800605,풍산,20220208,유
KOSPI,00117179,디와이,013570,현금ㆍ현물배당결정(자회사의 주요경영사항),20220208800607,디와이,20220208,유
KOSPI,00117179,디와이,013570,매출액또는손익구조30%(대규모법인은15%)이상변경(자회사의 주요경영사항),20220208800611,디와이,20220208,유
KOSPI,00117179,디와이,013570,현금ㆍ현물배당결정(자회사의 주요경영사항),20220208800616,디와이,20220208,유
KOSPI,00117179,디와이,013570,매출액또는손익구조30%(대규모법인은15%)이상변경,20220208800625,디와이,20220208,유
KOSPI,00684714,풍산,103140,현금ㆍ현물배당결정,20220208800627,풍산,20220208,유
KOSPI,00113359,교보증권,030610,현금ㆍ현물배당결정,20220208800628,교보증권,20220208,유
KOSPI,00688996,KB금융,105560,현금ㆍ현물배당결정,20220208800629,KB금융,20220208,유
KOSPI,00120562,롯데지주,004990,매출액또는손익구조30%(대규모법인은15%)이상변경(자회사의 주요경영사항),20220208800630,롯데지주,20220208,유
KOSPI,00688996,KB금융,105560,주식소각결정,20220208800631,KB금융,20220208,유
KOSPI,00117179,디와이,013570,현금ㆍ현물배당결정,20220208800635,디와이,20220208,유
KOSPI,00309503,한국항공우주,047810,기업설명회(IR)개최(안내공시),20220208800639,한국항공우주,20220208,유
KOSPI,00684714,풍산,103140,영업실적등에대한전망(공정공시),20220208800640,풍산,20220208,유
KOSPI,00688996,KB금융,105560,현금ㆍ현물배당결정(자회사의 주요경영사항),20220208800641,KB금융,20220208,유
KOSPI,00688996,KB금융,105560,현금ㆍ현물배당결정(자회사의 주요경영사항),20220208800645,KB금융,20220208,유
KOSPI,00688996,KB금융,105560,매출액또는손익구조30%(대규모법인은15%)이상변경,20220208800647,KB금융,20220208,유
KOSPI,00117179,디와이,013570,연결재무제표기준영업실적등에대한전망(공정공시),20220208800651,디와이,20220208,유
KOSPI,00688996,KB금융,105560,매출액또는손익구조30%(대규모법인은15%)이상변경(자회사의 주요경영사항),20220208800652,KB금융,20220208,유
KOSPI,00404701,한국자산신탁,123890,영업(잠정)실적(공정공시),20220208800653,한국자산신탁,20220208,유
KOSPI,00113359,교보증권,030610,매출액또는손익구조30%(대규모법인은15%)이상변경,20220208800656,교보증권,20220208,유
KOSPI,00122737,팬오션,028670,기업설명회(IR)개최(안내공시),20220208800661,팬오션,20220208,유
KOSPI,00684714,풍산,103140,공정거래자율준수프로그램운영현황(안내공시),20220208800663,풍산,20220208,유
KOSPI,00122737,팬오션,028670,기업설명회(IR)개최(안내공시),20220208800667,팬오션,20220208,유
KOSPI,00126955,삼양식품,003230,주주총회소집결의,20220208800668,삼양식품,20220208,유
KOSPI,00126256,삼성생명,032830,기업설명회(IR)개최(안내공시),20220208800670,삼성생명,20220208,유
KOSPI,00404701,한국자산신탁,123890,연결재무제표기준영업(잠정)실적(공정공시),20220208800683,한국자산신탁,20220208,유
KOSPI,00117179,디와이,013570,매출액또는손익구조30%(대규모법인은15%)이상변경(자회사의 주요경영사항),20220208800695,디와이,20220208,유
KOSPI,00165413,롯데케미칼,011170,기타경영사항(자율공시),20220208800700,롯데케미칼,20220208,유
KOSPI,00155531,풍산홀딩스,005810,현금ㆍ현물배당결정(자회사의 주요경영사항),20220208800703,풍산홀딩스,20220208,유
KOSPI,00165413,롯데케미칼,011170,기타경영사항(자율공시),20220208800705,롯데케미칼,20220208,유
KOSPI,00877059,삼성바이오로직스,207940,[기재정정]단일판매ㆍ공급계약체결,20220208800719,삼성바이오로직스,20220208,유정
KOSPI,00140177,GS리테일,007070,연결재무제표기준영업(잠정)실적(공정공시),20220208800721,GS리테일,20220208,유
KOSPI,00361008,한화엔진,082740,매출액또는손익구조30%(대규모법인은15%)이상변경,20220208800724,한화엔진,20220208,유
KOSPI,00126955,삼양식품,003230,현금ㆍ현물배당결정,20220208800725,삼양식품,20220208,유
KOSPI,00164706,현대약품,004310,현금ㆍ현물배당결정,20220208800730,현대약품,20220208,유
KOSPI,00203582,한솔홈데코,025750,매출액또는손익구조30%(대규모법인은15%)이상변경,20220208800734,한솔홈데코,20220208,유
KOSPI,01108099,현대코퍼레이션홀딩스,227840,현금ㆍ현물배당결정,20220208800735,현대코퍼레이션홀딩스,20220208,유
KOSPI,00164706,현대약품,004310,공정거래자율준수프로그램운영현황(안내공시),20220208800737,현대약품,20220208,유
KOSPI,00139889,SKC,011790,매출액또는손익구조30%(대규모법인은15%)이상변경,20220208800739,SKC,20220208,유
KOSPI,01412822,솔루스첨단소재,336370,기업설명회(IR)개최(안내공시),20220208800741,솔루스첨단소재,20220208,유
KOSPI,00131939,선도전기,007610,매출액또는손익구조30%(대규모법인은15%)이상변경,20220208800766,선도전기,20220208,유
KOSPI,00877059,삼성바이오로직스,207940,[기재정정]단일판매ㆍ공급계약체결,20220208800767,삼성바이오로직스,20220208,유정
KOSPI,00234412,신세계인터내셔날,031430,현금ㆍ현물배당결정,20220208800773,신세계인터내셔날,20220208,유
KOSPI,00234412,신세계인터내셔날,031430,매출액또는손익구조30%(대규모법인은15%)이상변경,20220208800777,신세계인터내셔날,20220208,유
KOSPI,00404701,한국자산신탁,123890,현금ㆍ현물배당결정,20220208800781,한국자산신탁,20220208,유
KOSPI,00155531,풍산홀딩스,005810,매출액또는손익구조30%(대규모법인은15%)이상변경,20220208800796,풍산홀딩스,20220208,유
KOSPI,00155531,풍산홀딩스,005810,주주총회소집결의,20220208800801,풍산홀딩스,20220208,유
KOSPI,00155531,풍산홀딩스,005810,현금ㆍ현물배당결정,20220208800805,풍산홀딩스,20220208,유
KOSPI,01159233,솔루엠,248070,최대주주등소유주식변동신고서,20220208800830,솔루엠,20220208,유
KOSPI,00164812,현대코퍼레이션,011760,현금ㆍ현물배당결정,20220208800834,현대코퍼레이션,20220208,유
KOSPI,00503668,LIG디펜스앤에어로스페이스,079550,[기재정정]단일판매ㆍ공급계약체결(자율공시),20220208800840,LIG디펜스앤에어로스페이스,20220208,유정
KOSPI,00225706,JW생명과학,234080,매출액또는손익구조30%(대규모법인15%)미만변경(자율공시),20220208800861,JW생명과학,20220208,유
KOSPI,00148832,제주은행,006220,연결재무제표기준영업(잠정)실적(공정공시),20220208800863,제주은행,20220208,유
KOSPI,00148832,제주은행,006220,현금ㆍ현물배당결정,20220208800872,제주은행,20220208,유
KOSPI,00225706,JW생명과학,234080,주주총회소집결의,20220208800876,JW생명과학,20220208,유
KOSPI,00164706,현대약품,004310,주주총회소집결의,20220208800878,현대약품,20220208,유정
KOSPI,00126362,삼성SDI,006400,최대주주등소유주식변동신고서,20220208800881,삼성SDI,20220208,유
KOSPI,00555874,제주항공,089590,주주총회소집결의,20220208800895,제주항공,20220208,유
KOSPI,00220561,광주신세계,037710,현금ㆍ현물배당결정,20220208800904,광주신세계,20220208,유
KOSPI,00225706,JW생명과학,234080,현금ㆍ현물배당결정,20220208800913,JW생명과학,20220208,유
KOSPI,00377610,세아홀딩스,058650,매출액또는손익구조30%(대규모법인은15%)이상변경(자회사의 주요경영사항),20220208800923,세아홀딩스,20220208,유
KOSPI,00117212,두산,000150,[기재정정]타법인주식및출자증권취득결정,20220208800928,두산,20220208,유
KOSPI,00105855,엘에스일렉트릭,010120,주주총회소집결의,20220208800942,엘에스일렉트릭,20220208,유
KOSPI,01412725,두산퓨얼셀,336260,기업설명회(IR)개최(안내공시),20220208800951,두산퓨얼셀,20220208,유
KOSPI,00131054,유진증권,001200,매출액또는손익구조30%(대규모법인은15%)이상변경,20220208800952,유진증권,20220208,유
KOSPI,00896285,삼양사,145990,매출액또는손익구조30%(대규모법인은15%)이상변경,20220208800972,삼양사,20220208,유정
KOSPI,00565154,이노션,214320,연결재무제표기준영업(잠정)실적(공정공시),20220208800974,이노션,20220208,유
KOSPI,00632304,JW홀딩스,096760,현금ㆍ현물배당결정(자회사의 주요경영사항),20220208800976,JW홀딩스,20220208,유
KOSPI,01036446,서연이화,200880,매출액또는손익구조30%(대규모법인은15%)이상변경,20220208800979,서연이화,20220208,유정
KOSPI,00565154,이노션,214320,현금ㆍ현물배당결정,20220208800985,이노션,20220208,유
KOSPI,00156691,한국공항,005430,매출액또는손익구조30%(대규모법인은15%)이상변경,20220208800991,한국공항,20220208,유
KOSPI,00161693,한샘,009240,연결재무제표기준영업(잠정)실적(공정공시),20220208800992,한샘,20220208,유
KOSPI,00896285,삼양사,145990,현금ㆍ현물배당결정,20220208801000,삼양사,20220208,유
KOSPI,00126937,삼양홀딩스,000070,현금ㆍ현물배당결정(자회사의 주요경영사항),20220208801001,삼양홀딩스,20220208,유
KOSPI,00163114,서연,007860,매출액또는손익구조30%(대규모법인은15%)이상변경(자회사의 주요경영사항),20220208801011,서연,20220208,유정
KOSPI,00126955,삼양식품,003230,매출액또는손익구조30%(대규모법인은15%)이상변경,20220208801014,삼양식품,20220208,유정
KOSPI,00105952,LS,006260,주요사항보고서(회사분할결정)(자회사의 주요경영사항),20220208801024,LS,20220208,유
KOSPI,00565154,이노션,214320,매출액또는손익구조30%(대규모법인은15%)이상변경,20220208801028,이노션,20220208,유
KOSPI,00105855,엘에스일렉트릭,010120,현금ㆍ현물배당결정,20220208801032,엘에스일렉트릭,20220208,유
KOSPI,00105952,LS,006260,현금ㆍ현물배당결정(자회사의 주요경영사항),20220208801033,LS,20220208,유
KOSPI,00896285,삼양사,145990,주주총회소집결의,20220208801038,삼양사,20220208,유
KOSPI,00126955,삼양식품,003230,연결재무제표기준영업(잠정)실적(공정공시),20220208801039,삼양식품,20220208,유
KOSPI,00896285,삼양사,145990,기타경영사항(자율공시),20220208801045,삼양사,20220208,유
KOSPI,00126937,삼양홀딩스,000070,매출액또는손익구조30%(대규모법인은15%)이상변경(자회사의 주요경영사항),20220208801047,삼양홀딩스,20220208,유정
KOSPI,00125974,삼부토건,001470,조회공시요구(풍문또는보도)에대한답변(미확정),20220208801049,삼부토건,20220208,유
KOSPI,00150828,진흥기업,002780,매출액또는손익구조30%(대규모법인은15%)이상변경,20220208801052,진흥기업,20220208,유
KOSPI,00105952,LS,006260,주요사항보고서(자기주식처분결정)(자회사의 주요경영사항),20220208801053,LS,20220208,유
KOSPI,00144720,와이투솔루션,011690,매출액또는손익구조30%(대규모법인은15%)이상변경,20220208801054,와이투솔루션,20220208,유
KOSPI,00565154,이노션,214320,기업설명회(IR)개최(안내공시),20220208801061,이노션,20220208,유
KOSPI,00120526,롯데쇼핑,023530,매출액또는손익구조30%(대규모법인은15%)이상변경,20220208801077,롯데쇼핑,20220208,유
KOSPI,00120526,롯데쇼핑,023530,현금ㆍ현물배당결정,20220208801081,롯데쇼핑,20220208,유
KOSPI,00120562,롯데지주,004990,현금ㆍ현물배당결정(자회사의 주요경영사항),20220208801082,롯데지주,20220208,유
KOSPI,00120562,롯데지주,004990,매출액또는손익구조30%(대규모법인은15%)이상변경(자회사의 주요경영사항),20220208801094,롯데지주,20220208,유
KOSPI,00398701,엘앤에프,066970,파생상품거래손실발생,20220208900558,엘앤에프,20220208,코
KOSPI,00398701,엘앤에프,066970,매출액또는손익구조30%(대규모법인은15%)이상변동,20220208900560,엘앤에프,20220208,코
KOSPI,00398701,엘앤에프,066970,연결재무제표기준영업(잠정)실적(공정공시),20220208900561,엘앤에프,20220208,코
KOSPI,01596425,SK스퀘어,402340,주요사항보고서(자기주식처분결정),20220208000558,SK스퀘어,20220209,
KOSPI,00136378,신세계,004170,투자설명서,20220209000002,신세계,20220209,
KOSPI,01437292,미래에셋맵스리츠,357250,의결권대리행사권유참고서류,20220209000006,미래에셋맵스리츠,20220209,
KOSPI,00153339,태경산업,015890,주식등의대량보유상황보고서(약식),20220209000016,아이베스트투자,20220209,
KOSPI,00299002,HL홀딩스,060980,주식등의대량보유상황보고서(약식),20220209000027,브이아이피자산운용,20220209,
KOSPI,00145109,유한양행,000100,임원ㆍ주요주주특정증권등소유상황보고서,20220209000035,조욱제,20220209,
KOSPI,01515323,LG에너지솔루션,373220,임원ㆍ주요주주특정증권등소유상황보고서,20220209000037,구자훈,20220209,
KOSPI,00145109,유한양행,000100,임원ㆍ주요주주특정증권등소유상황보고서,20220209000040,이정희,20220209,
KOSPI,00117601,유안타증권,003470,증권발행실적보고서,20220209000044,유안타증권,20220209,
KOSPI,00145109,유한양행,000100,임원ㆍ주요주주특정증권등소유상황보고서,20220209000048,이영래,20220209,
KOSPI,00145109,유한양행,000100,임원ㆍ주요주주특정증권등소유상황보고서,20220209000051,박동진,20220209,
KOSPI,00126380,삼성전자,005930,임원ㆍ주요주주특정증권등소유상황보고서,20220209000061,서장석,20220209,
KOSPI,00113359,교보증권,030610,증권발행실적보고서,20220209000074,교보증권,20220209,
KOSPI,00126362,삼성SDI,006400,임원ㆍ주요주주특정증권등소유상황보고서,20220209000077,손우영,20220209,
KOSPI,00145109,유한양행,000100,임원ㆍ주요주주특정증권등소유상황보고서,20220209000096,오세웅,20220209,
KOSPI,00145109,유한양행,000100,임원ㆍ주요주주특정증권등소유상황보고서,20220209000103,신명철,20220209,
KOSPI,00145109,유한양행,000100,임원ㆍ주요주주특정증권등소유상황보고서,20220209000104,김성수,20220209,
KOSPI,00141413,영화금속,012280,주식등의대량보유상황보고서(일반),20220209000107,삼신정밀,20220209,
KOSPI,00159102,DB손해보험,005830,임원ㆍ주요주주특정증권등소유상황보고서,20220209000119,국민연금공단,20220209,
KOSPI,00360595,현대글로비스,086280,임원ㆍ주요주주특정증권등소유상황보고서,20220209000123,국민연금공단,20220209,
KOSPI,00145109,유한양행,000100,임원ㆍ주요주주특정증권등소유상황보고서,20220209000128,유재천,20220209,
KOSPI,00145109,유한양행,000100,임원ㆍ주요주주특정증권등소유상황보고서,20220209000134,김재훈,20220209,
KOSPI,00111722,미래에셋증권,006800,일괄신고추가서류(파생결합증권-주가연계증권),20220209000135,미래에셋증권,20220209,
KOSPI,00120182,NH투자증권,005940,일괄신고추가서류(파생결합증권-주가연계증권),20220209000136,NH투자증권,20220209,
KOSPI,00104856,삼성증권,016360,일괄신고추가서류(파생결합사채-주가연계파생결합사채),20220209000141,삼성증권,20220209,
KOSPI,00145109,유한양행,000100,임원ㆍ주요주주특정증권등소유상황보고서,20220209000143,강대식,20220209,
KOSPI,00104856,삼성증권,016360,일괄신고추가서류(파생결합증권-주가연계증권),20220209000146,삼성증권,20220209,
KOSPI,00145109,유한양행,000100,임원ㆍ주요주주특정증권등소유상황보고서,20220209000147,박은희,20220209,
KOSPI,00120182,NH투자증권,005940,투자설명서(일괄신고),20220209000149,NH투자증권,20220209,
KOSPI,00137997,현대차증권,001500,일괄신고추가서류(파생결합증권-주가연계증권),20220209000153,현대차증권,20220209,
KOSPI,00110893,대신증권,003540,일괄신고추가서류(파생결합증권-주가연계증권),20220209000161,대신증권,20220209,
KOSPI,00145109,유한양행,000100,임원ㆍ주요주주특정증권등소유상황보고서,20220209000162,손정수,20220209,
KOSPI,00141529,오뚜기,007310,임원ㆍ주요주주특정증권등소유상황보고서,20220209000166,김용대,20220209,
KOSPI,00110893,대신증권,003540,투자설명서(일괄신고),20220209000170,대신증권,20220209,
KOSPI,00104856,삼성증권,016360,투자설명서(일괄신고),20220209000172,삼성증권,20220209,
KOSPI,00137997,현대차증권,001500,투자설명서(일괄신고),20220209000173,현대차증권,20220209,
KOSPI,00145109,유한양행,000100,임원ㆍ주요주주특정증권등소유상황보고서,20220209000176,안경규,20220209,
KOSPI,00148610,한화투자증권,003530,일괄신고추가서류(파생결합증권-주가연계증권),20220209000178,한화투자증권,20220209,
KOSPI,00104856,삼성증권,016360,투자설명서(일괄신고),20220209000186,삼성증권,20220209,
KOSPI,00583424,아모레퍼시픽,090430,주요사항보고서(자기주식처분결정),20220209000190,아모레퍼시픽,20220209,
KOSPI,00104856,삼성증권,016360,증권발행실적보고서,20220209000192,삼성증권,20220209,
KOSPI,00145109,유한양행,000100,임원ㆍ주요주주특정증권등소유상황보고서,20220209000197,오상호,20220209,
KOSPI,00148610,한화투자증권,003530,투자설명서(일괄신고),20220209000201,한화투자증권,20220209,
KOSPI,00111722,미래에셋증권,006800,투자설명서(일괄신고),20220209000203,미래에셋증권,20220209,
KOSPI,00145109,유한양행,000100,임원ㆍ주요주주특정증권등소유상황보고서,20220209000208,홍승훈,20220209,
KOSPI,00154462,아모레퍼시픽홀딩스,002790,주요사항보고서(자기주식처분결정),20220209000210,아모레퍼시픽홀딩스,20220209,
KOSPI,00173795,신흥,004080,임원ㆍ주요주주특정증권등소유상황보고서,20220209000212,이용익,20220209,
KOSPI,00153621,참엔지니어링,009310,임원ㆍ주요주주특정증권등소유상황보고서,20220209000217,이용환,20220209,
KOSPI,00145109,유한양행,000100,임원ㆍ주요주주특정증권등소유상황보고서,20220209000219,이병철,20220209,
KOSPI,00104856,삼성증권,016360,일괄신고추가서류(파생결합증권-주가연계증권),20220209000220,삼성증권,20220209,
KOSPI,00113359,교보증권,030610,일괄신고추가서류(파생결합증권-주가연계증권),20220209000227,교보증권,20220209,
KOSPI,00111722,미래에셋증권,006800,증권발행실적보고서,20220209000229,미래에셋증권,20220209,
KOSPI,00126292,삼성카드,029780,증권신고서(채무증권),20220209000237,삼성카드,20220209,정
KOSPI,00104856,삼성증권,016360,투자설명서(일괄신고),20220209000238,삼성증권,20220209,
KOSPI,00153621,참엔지니어링,009310,주식등의대량보유상황보고서(일반),20220209000240,김인한,20220209,
KOSPI,00115694,DB증권,016610,일괄신고추가서류(기타파생결합사채),20220209000241,DB증권,20220209,
KOSPI,00583424,아모레퍼시픽,090430,동일인등출자계열회사와의상품ㆍ용역거래,20220209000242,아모레퍼시픽,20220209,공
KOSPI,00503668,LIG디펜스앤에어로스페이스,079550,주식등의대량보유상황보고서(일반),20220209000243,엘아이지,20220209,
KOSPI,00110893,대신증권,003540,일괄신고추가서류(파생결합사채-주가연계파생결합사채),20220209000245,대신증권,20220209,
KOSPI,00104768,가온전선,000500,동일인등출자계열회사와의상품ㆍ용역거래변경,20220209000246,가온전선,20220209,공
KOSPI,00117601,유안타증권,003470,증권발행실적보고서,20220209000248,유안타증권,20220209,
KOSPI,00583424,아모레퍼시픽,090430,특수관계인에대한담보제공,20220209000258,아모레퍼시픽,20220209,공
KOSPI,00115694,DB증권,016610,일괄신고추가서류(파생결합사채-주가연계파생결합사채),20220209000259,DB증권,20220209,
KOSPI,00113359,교보증권,030610,투자설명서(일괄신고),20220209000268,교보증권,20220209,
KOSPI,00159698,지역난방공사,071320,일괄신고서,20220209000273,지역난방공사,20220209,정
KOSPI,01430475,코람코라이프인프라리츠,357120,[기재정정]주주총회소집공고,20220209000288,코람코라이프인프라리츠,20220209,
KOSPI,01430475,코람코라이프인프라리츠,357120,[기재정정]의결권대리행사권유참고서류,20220209000297,코람코라이프인프라리츠,20220209,
KOSPI,00159102,DB손해보험,005830,주식등의대량보유상황보고서(일반),20220209000298,김준기,20220209,
KOSPI,00145552,이수화학,005950,주식등의대량보유상황보고서(일반),20220209000302,이수,20220209,
KOSPI,00126362,삼성SDI,006400,임원ㆍ주요주주특정증권등소유상황보고서,20220209000311,서헌,20220209,
KOSPI,00111722,미래에셋증권,006800,일괄신고추가서류(파생결합증권-주가연계증권),20220209000318,미래에셋증권,20220209,
KOSPI,00110893,대신증권,003540,일괄신고추가서류(파생결합증권-주가연계증권),20220209000320,대신증권,20220209,
KOSPI,01009789,코스맥스,192820,주식등의대량보유상황보고서(일반),20220209000325,코스맥스비티아이,20220209,
KOSPI,00148610,한화투자증권,003530,일괄신고추가서류(파생결합증권-주가연계증권),20220209000333,한화투자증권,20220209,
KOSPI,00104856,삼성증권,016360,일괄신고추가서류(파생결합증권-주가연계증권),20220209000335,삼성증권,20220209,
KOSPI,01009789,코스맥스,192820,임원ㆍ주요주주특정증권등소유상황보고서,20220209000336,심상배,20220209,
KOSPI,00110893,대신증권,003540,투자설명서(일괄신고),20220209000341,대신증권,20220209,
KOSPI,00104856,삼성증권,016360,투자설명서(일괄신고),20220209000344,삼성증권,20220209,
KOSPI,00148610,한화투자증권,003530,투자설명서(일괄신고),20220209000345,한화투자증권,20220209,
KOSPI,00153393,태광산업,003240,주식등의대량보유상황보고서(약식),20220209000348,트러스톤자산운용,20220209,
KOSPI,00104856,삼성증권,016360,증권발행실적보고서,20220209000351,삼성증권,20220209,
KOSPI,00248974,하나제약,293480,임원ㆍ주요주주특정증권등소유상황보고서,20220209000355,구창휘,20220209,
KOSPI,00111722,미래에셋증권,006800,일괄신고추가서류(파생결합사채-주가연계파생결합사채),20220209000357,미래에셋증권,20220209,
KOSPI,00109824,대림통상,006570,임원ㆍ주요주주특정증권등소유상황보고서,20220209000359,이효진,20220209,
KOSPI,01042775,HL만도,204320,주요사항보고서(회사합병결정),20220209000364,HL만도,20220209,정
KOSPI,01428203,케이씨씨글라스,344820,[첨부정정]주요사항보고서(회사합병결정),20220209000371,케이씨씨글라스,20220209,
KOSPI,00113359,교보증권,030610,일괄신고추가서류(파생결합증권-주가연계증권),20220209000379,교보증권,20220209,
KOSPI,00120182,NH투자증권,005940,일괄신고추가서류(파생결합증권-주가연계증권),20220209000384,NH투자증권,20220209,
KOSPI,00110893,대신증권,003540,일괄신고추가서류(파생결합증권-주가연계증권),20220209000396,대신증권,20220209,
KOSPI,00113359,교보증권,030610,투자설명서(일괄신고),20220209000397,교보증권,20220209,
KOSPI,00109824,대림통상,006570,주식등의대량보유상황보고서(일반),20220209000399,디앤디파트너스,20220209,
KOSPI,00159616,두산에너빌리티,034020,임원ㆍ주요주주특정증권등소유상황보고서,20220209000401,김용규,20220209,
KOSPI,00125743,현대비앤지스틸,004560,특수관계인에대한채권매도,20220209000402,현대비앤지스틸,20220209,공
KOSPI,00115694,DB증권,016610,투자설명서(일괄신고),20220209000417,DB증권,20220209,
KOSPI,00148610,한화투자증권,003530,일괄신고추가서류(파생결합증권-주가연계증권),20220209000418,한화투자증권,20220209,
KOSPI,00126566,한화에어로스페이스,012450,임원ㆍ주요주주특정증권등소유상황보고서,20220209000425,안병철,20220209,
KOSPI,00113359,교보증권,030610,일괄신고추가서류(파생결합증권-주가연계증권),20220209000427,교보증권,20220209,
KOSPI,00159616,두산에너빌리티,034020,임원ㆍ주요주주특정증권등소유상황보고서,20220209000428,김종두,20220209,
KOSPI,00115694,DB증권,016610,투자설명서(일괄신고),20220209000429,DB증권,20220209,
KOSPI,00107677,비비안,002070,[기재정정]주요사항보고서(전환사채권발행결정),20220209000430,비비안,20220209,정
KOSPI,00120182,NH투자증권,005940,일괄신고추가서류(파생결합증권-주가연계증권),20220209000431,NH투자증권,20220209,
KOSPI,00146214,일성아이에스,003120,주요사항보고서(자기주식취득결정),20220209000435,일성아이에스,20220209,
KOSPI,00148610,한화투자증권,003530,투자설명서(일괄신고),20220209000438,한화투자증권,20220209,
KOSPI,00136378,신세계,004170,증권발행실적보고서,20220209000443,신세계,20220209,
KOSPI,00113359,교보증권,030610,투자설명서(일괄신고),20220209000447,교보증권,20220209,
KOSPI,00111722,미래에셋증권,006800,투자설명서(일괄신고),20220209000452,미래에셋증권,20220209,
KOSPI,00377610,세아홀딩스,058650,[기재정정]특수관계인에대한주식의처분,20220209000454,세아홀딩스,20220209,공
KOSPI,00111722,미래에셋증권,006800,일괄신고추가서류(파생결합증권-주가연계증권),20220209000455,미래에셋증권,20220209,
KOSPI,00113359,교보증권,030610,일괄신고추가서류(파생결합증권-주가연계증권),20220209000457,교보증권,20220209,
KOSPI,00159616,두산에너빌리티,034020,임원ㆍ주요주주특정증권등소유상황보고서,20220209000458,신봉식,20220209,
KOSPI,00120182,NH투자증권,005940,일괄신고추가서류(파생결합증권-주가연계증권),20220209000460,NH투자증권,20220209,
KOSPI,00652423,인바이오젠,101140,임원ㆍ주요주주특정증권등소유상황보고서,20220209000462,버킷스튜디오,20220209,
KOSPI,00113359,교보증권,030610,투자설명서(일괄신고),20220209000464,교보증권,20220209,
KOSPI,01205851,HD현대일렉트릭,267260,임원ㆍ주요주주특정증권등소유상황보고서,20220209000469,김기형,20220209,
KOSPI,00113359,교보증권,030610,일괄신고추가서류(파생결합증권-주가연계증권),20220209000470,교보증권,20220209,
KOSPI,00120182,NH투자증권,005940,일괄신고추가서류(파생결합증권-주가연계증권),20220209000472,NH투자증권,20220209,
KOSPI,00111722,미래에셋증권,006800,투자설명서(일괄신고),20220209000477,미래에셋증권,20220209,
KOSPI,00159616,두산에너빌리티,034020,임원ㆍ주요주주특정증권등소유상황보고서,20220209000478,최재혁,20220209,
KOSPI,00110893,대신증권,003540,투자설명서(일괄신고),20220209000479,대신증권,20220209,
KOSPI,00120182,NH투자증권,005940,투자설명서(일괄신고),20220209000481,NH투자증권,20220209,
KOSPI,00113359,교보증권,030610,투자설명서(일괄신고),20220209000485,교보증권,20220209,
KOSPI,00110893,대신증권,003540,투자설명서(일괄신고),20220209000486,대신증권,20220209,
KOSPI,00120182,NH투자증권,005940,투자설명서(일괄신고),20220209000489,NH투자증권,20220209,
KOSPI,00120182,NH투자증권,005940,투자설명서(일괄신고),20220209000495,NH투자증권,20220209,
KOSPI,00159616,두산에너빌리티,034020,임원ㆍ주요주주특정증권등소유상황보고서,20220209000496,김동길,20220209,
KOSPI,00120182,NH투자증권,005940,투자설명서(일괄신고),20220209000500,NH투자증권,20220209,
KOSPI,00181712,SK,034730,특수관계인으로부터부동산매수,20220209000509,SK,20220209,공
KOSPI,00377610,세아홀딩스,058650,특수관계인에대한출자,20220209000520,세아홀딩스,20220209,공
KOSPI,00111722,미래에셋증권,006800,임원ㆍ주요주주특정증권등소유상황보고서,20220209000529,강성범,20220209,
KOSPI,00760971,크래프톤,259960,주식등의대량보유상황보고서(일반),20220209000533,장병규,20220209,
KOSPI,00156859,다올투자증권,030210,주요사항보고서(자기주식처분결정),20220209000548,다올투자증권,20220209,
KOSPI,00162461,한화솔루션,009830,자기주식처분결과보고서,20220209000551,한화솔루션,20220209,
KOSPI,00122737,팬오션,028670,동일인등출자계열회사와의상품ㆍ용역거래변경,20220209000555,팬오션,20220209,공
KOSPI,01238169,오리온,271560,주식등의대량보유상황보고서(일반),20220209000565,오리온홀딩스,20220209,
KOSPI,00113410,CJ대한통운,000120,임원ㆍ주요주주특정증권등소유상황보고서,20220209000569,신영수,20220209,
KOSPI,00121932,미원상사,002840,주요사항보고서(자기주식취득결정),20220209000571,미원상사,20220209,
KOSPI,00111722,미래에셋증권,006800,투자설명서(일괄신고),20220209000574,미래에셋증권,20220209,
KOSPI,00261443,NC,036570,주식등의대량보유상황보고서(약식),20220209000585,PublicInvestmentFund,20220209,
KOSPI,00120526,롯데쇼핑,023530,합병등종료보고서(합병),20220209000586,롯데쇼핑,20220209,
KOSPI,00164706,현대약품,004310,주주총회소집공고,20220209000587,현대약품,20220209,정
KOSPI,00469799,이엔플러스,074610,주식등의대량보유상황보고서(일반),20220209000598,에이팀하모니제1호사모투자,20220209,
KOSPI,00133618,우양피앤엘,002420,주식등의대량보유상황보고서(일반),20220209000599,우양산업개발,20220209,
KOSPI,00159023,SK텔레콤,017670,매출액또는손익구조30%(대규모법인은15%)이상변경,20220209800001,SK텔레콤,20220209,유
KOSPI,00983271,NHN,181710,주주총회소집결의,20220209800002,NHN,20220209,유
KOSPI,00983271,NHN,181710,수시공시의무관련사항(공정공시),20220209800003,NHN,20220209,유정
KOSPI,00159023,SK텔레콤,017670,현금ㆍ현물배당결정,20220209800004,SK텔레콤,20220209,유
KOSPI,00181712,SK,034730,현금ㆍ현물배당결정(자회사의 주요경영사항),20220209800005,SK,20220209,유
KOSPI,01010110,더블유게임즈,192080,영업(잠정)실적(공정공시),20220209800007,더블유게임즈,20220209,유
KOSPI,01010110,더블유게임즈,192080,연결재무제표기준영업(잠정)실적(공정공시),20220209800009,더블유게임즈,20220209,유
KOSPI,00181712,SK,034730,매출액또는손익구조30%(대규모법인은15%)이상변경(자회사의 주요경영사항),20220209800010,SK,20220209,유
KOSPI,00983271,NHN,181710,매출액또는손익구조30%(대규모법인은15%)이상변경,20220209800011,NHN,20220209,유
KOSPI,01010110,더블유게임즈,192080,현금ㆍ현물배당결정,20220209800012,더블유게임즈,20220209,유
KOSPI,00126308,삼성E&A,028050,단일판매ㆍ공급계약체결,20220209800013,삼성E&A,20220209,유정
KOSPI,00983271,NHN,181710,영업(잠정)실적(공정공시),20220209800022,NHN,20220209,유
KOSPI,00983271,NHN,181710,연결재무제표기준영업(잠정)실적(공정공시),20220209800025,NHN,20220209,유
KOSPI,00121932,미원상사,002840,최대주주등소유주식변동신고서,20220209800133,미원상사,20220209,유
KOSPI,00166573,환인제약,016580,연결재무제표기준영업(잠정)실적(공정공시),20220209800137,환인제약,20220209,유
KOSPI,00415646,드림텍,192650,주식소각결정,20220209800138,드림텍,20220209,유
KOSPI,00414601,유니퀘스트,077500,현금ㆍ현물배당결정,20220209800144,유니퀘스트,20220209,유
KOSPI,00159023,SK텔레콤,017670,영업(잠정)실적(공정공시),20220209800145,SK텔레콤,20220209,유
KOSPI,00159023,SK텔레콤,017670,연결재무제표기준영업(잠정)실적(공정공시),20220209800146,SK텔레콤,20220209,유
KOSPI,00855163,미원화학,134380,최대주주등소유주식변동신고서,20220209800154,미원화학,20220209,유
KOSPI,00113614,대현,016090,매출액또는손익구조30%(대규모법인은15%)이상변경,20220209800156,대현,20220209,유
KOSPI,00159023,SK텔레콤,017670,연결재무제표기준영업실적등에대한전망(공정공시),20220209800161,SK텔레콤,20220209,유
KOSPI,00164830,HD한국조선해양,009540,단일판매ㆍ공급계약체결(자회사의 주요경영사항),20220209800167,HD한국조선해양,20220209,유
KOSPI,00104722,국제약품,002720,매출액또는손익구조30%(대규모법인은15%)이상변경,20220209800169,국제약품,20220209,유
KOSPI,01205709,HD현대,267250,단일판매ㆍ공급계약체결(자회사의 주요경영사항),20220209800174,HD현대,20220209,유
KOSPI,00113614,대현,016090,현금ㆍ현물배당결정,20220209800177,대현,20220209,유
KOSPI,00155258,포스코스틸리온,058430,기업설명회(IR)개최(안내공시),20220209800184,포스코스틸리온,20220209,유
KOSPI,00369833,유니온머티리얼,047400,매출액또는손익구조30%(대규모법인은15%)이상변경,20220209800226,유니온머티리얼,20220209,유정
KOSPI,00145109,유한양행,000100,최대주주등소유주식변동신고서,20220209800229,유한양행,20220209,유
KOSPI,00190321,케이티,030200,매출액또는손익구조30%(대규모법인은15%)이상변경,20220209800235,케이티,20220209,유
KOSPI,00190321,케이티,030200,현금ㆍ현물배당결정,20220209800236,케이티,20220209,유
KOSPI,00190321,케이티,030200,연결재무제표기준영업(잠정)실적(공정공시),20220209800237,케이티,20220209,유
KOSPI,00190321,케이티,030200,영업(잠정)실적(공정공시),20220209800238,케이티,20220209,유
KOSPI,00190321,케이티,030200,연결재무제표기준영업실적등에대한전망(공정공시),20220209800240,케이티,20220209,유
KOSPI,00234412,신세계인터내셔날,031430,연결재무제표기준영업(잠정)실적(공정공시),20220209800242,신세계인터내셔날,20220209,유
KOSPI,00234412,신세계인터내셔날,031430,수시공시의무관련사항(공정공시),20220209800243,신세계인터내셔날,20220209,유
KOSPI,00101664,경보제약,214390,투자판단관련주요경영사항(특허권 취득),20220209800254,경보제약,20220209,유
KOSPI,01412822,솔루스첨단소재,336370,매출액또는손익구조30%(대규모법인은15%)이상변경,20220209800255,솔루스첨단소재,20220209,유
KOSPI,00136378,신세계,004170,매출액또는손익구조30%(대규모법인은15%)이상변경,20220209800257,신세계,20220209,유
KOSPI,01412822,솔루스첨단소재,336370,연결재무제표기준영업실적등에대한전망(공정공시),20220209800261,솔루스첨단소재,20220209,유
KOSPI,00633835,HJ중공업,097230,[기재정정]단일판매ㆍ공급계약체결,20220209800262,HJ중공업,20220209,유정
KOSPI,01412822,솔루스첨단소재,336370,현금ㆍ현물배당결정,20220209800263,솔루스첨단소재,20220209,유
KOSPI,00136378,신세계,004170,현금ㆍ현물배당결정,20220209800264,신세계,20220209,유
KOSPI,00136378,신세계,004170,연결재무제표기준영업(잠정)실적(공정공시),20220209800265,신세계,20220209,유
KOSPI,00149354,종근당홀딩스,001630,투자판단관련주요경영사항(자회사의 주요경영사항)(특허권 취득),20220209800266,종근당홀딩스,20220209,유
KOSPI,00136378,신세계,004170,영업(잠정)실적(공정공시),20220209800267,신세계,20220209,유
KOSPI,00583424,아모레퍼시픽,090430,연결재무제표기준영업(잠정)실적(공정공시),20220209800288,아모레퍼시픽,20220209,유
KOSPI,00878915,iM금융지주,139130,최대주주등소유주식변동신고서,20220209800290,iM금융지주,20220209,유
KOSPI,00583424,아모레퍼시픽,090430,매출액또는손익구조30%(대규모법인은15%)이상변경,20220209800292,아모레퍼시픽,20220209,유
KOSPI,00220561,광주신세계,037710,영업(잠정)실적(공정공시),20220209800296,광주신세계,20220209,유
KOSPI,00220561,광주신세계,037710,영업(잠정)실적(공정공시),20220209800298,광주신세계,20220209,유
KOSPI,00390055,종근당바이오,063160,투자판단관련주요경영사항,20220209800312,종근당바이오,20220209,유
KOSPI,00149354,종근당홀딩스,001630,투자판단관련주요경영사항(자회사의 주요경영사항),20220209800325,종근당홀딩스,20220209,유
KOSPI,00154462,아모레퍼시픽홀딩스,002790,연결재무제표기준영업(잠정)실적(공정공시),20220209800331,아모레퍼시픽홀딩스,20220209,유
KOSPI,00154462,아모레퍼시픽홀딩스,002790,매출액또는손익구조30%(대규모법인은15%)이상변경(자회사의 주요경영사항),20220209800332,아모레퍼시픽홀딩스,20220209,유
KOSPI,00177199,디씨엠,024090,매출액또는손익구조30%(대규모법인은15%)이상변경,20220209800341,디씨엠,20220209,유
KOSPI,00154462,아모레퍼시픽홀딩스,002790,매출액또는손익구조30%(대규모법인은15%)이상변경,20220209800346,아모레퍼시픽홀딩스,20220209,유
KOSPI,00173698,신일전자,002700,현금ㆍ현물배당결정,20220209800350,신일전자,20220209,유
KOSPI,00153621,참엔지니어링,009310,최대주주등소유주식변동신고서,20220209800353,참엔지니어링,20220209,유
KOSPI,00113544,대한화섬,003830,매출액또는손익구조30%(대규모법인은15%)이상변경,20220209800363,대한화섬,20220209,유정
KOSPI,00141529,오뚜기,007310,최대주주등소유주식변동신고서,20220209800365,오뚜기,20220209,유
KOSPI,00138190,GS글로벌,001250,연결재무제표기준영업(잠정)실적(공정공시),20220209800370,GS글로벌,20220209,유
KOSPI,00138190,GS글로벌,001250,매출액또는손익구조30%(대규모법인은15%)이상변경,20220209800372,GS글로벌,20220209,유
KOSPI,00136457,SH에너지화학,002360,대표이사(대표집행임원)변경(안내공시),20220209800380,SH에너지화학,20220209,유
KOSPI,00382199,신한지주,055550,연결재무제표기준영업(잠정)실적(공정공시),20220209800385,신한지주,20220209,유
KOSPI,00382199,신한지주,055550,연결재무제표기준영업(잠정)실적(공정공시)(자회사의 주요경영사항),20220209800399,신한지주,20220209,유
KOSPI,00382199,신한지주,055550,연결재무제표기준영업(잠정)실적(공정공시)(자회사의 주요경영사항),20220209800400,신한지주,20220209,유
KOSPI,00382199,신한지주,055550,매출액또는손익구조30%(대규모법인은15%)이상변경,20220209800403,신한지주,20220209,유
KOSPI,00382199,신한지주,055550,매출액또는손익구조30%(대규모법인은15%)이상변경(자회사의 주요경영사항),20220209800404,신한지주,20220209,유
KOSPI,00154462,아모레퍼시픽홀딩스,002790,주요사항보고서(자기주식처분결정)(자회사의 주요경영사항),20220209800413,아모레퍼시픽홀딩스,20220209,유
KOSPI,00135795,신도리코,029530,주주총회소집결의,20220209800421,신도리코,20220209,유정
KOSPI,00382199,신한지주,055550,현금ㆍ현물배당결정,20220209800427,신한지주,20220209,유
KOSPI,00173795,신흥,004080,최대주주등소유주식변동신고서,20220209800434,신흥,20220209,유
KOSPI,00382199,신한지주,055550,현금ㆍ현물배당결정(자회사의 주요경영사항),20220209800435,신한지주,20220209,유
KOSPI,00382199,신한지주,055550,현금ㆍ현물배당결정(자회사의 주요경영사항),20220209800436,신한지주,20220209,유
KOSPI,00135795,신도리코,029530,현금ㆍ현물배당결정,20220209800441,신도리코,20220209,유정
KOSPI,00135795,신도리코,029530,매출액또는손익구조30%(대규모법인은15%)이상변경,20220209800444,신도리코,20220209,유
KOSPI,00583424,아모레퍼시픽,090430,대표이사(대표집행임원)변경(안내공시),20220209800453,아모레퍼시픽,20220209,유
KOSPI,00133618,우양피앤엘,002420,매출액또는손익구조30%(대규모법인은15%)이상변경,20220209800454,우양피앤엘,20220209,유
KOSPI,00233653,한국토지신탁,034830,현금ㆍ현물배당결정,20220209800490,한국토지신탁,20220209,유
KOSPI,00233653,한국토지신탁,034830,연결재무제표기준영업(잠정)실적(공정공시),20220209800493,한국토지신탁,20220209,유
KOSPI,00233653,한국토지신탁,034830,매출액또는손익구조30%(대규모법인은15%)이상변경,20220209800496,한국토지신탁,20220209,유
KOSPI,00503668,LIG디펜스앤에어로스페이스,079550,최대주주등소유주식변동신고서,20220209800506,LIG디펜스앤에어로스페이스,20220209,유
KOSPI,00117577,오리온홀딩스,001800,현금ㆍ현물배당결정,20220209800509,오리온홀딩스,20220209,유
KOSPI,00164706,현대약품,004310,[기재정정]주주총회소집결의,20220209800513,현대약품,20220209,유
KOSPI,01391033,NH프라임리츠,338100,감사보고서제출,20220209800517,NH프라임리츠,20220209,유
KOSPI,01238169,오리온,271560,연결재무제표기준영업(잠정)실적(공정공시),20220209800520,오리온,20220209,유정
KOSPI,01042775,HL만도,204320,연결재무제표기준영업(잠정)실적(공정공시),20220209800528,HL만도,20220209,유정
KOSPI,01042775,HL만도,204320,연결재무제표기준영업실적등에대한전망(공정공시),20220209800533,HL만도,20220209,유
KOSPI,00149947,JW중외제약,001060,매출액또는손익구조30%(대규모법인은15%)이상변경,20220209800534,JW중외제약,20220209,유
KOSPI,01350869,우리금융지주,316140,연결재무제표기준영업(잠정)실적(공정공시),20220209800535,우리금융지주,20220209,유
KOSPI,01032486,두산밥캣,241560,매출액또는손익구조30%(대규모법인은15%)이상변경,20220209800538,두산밥캣,20220209,유
KOSPI,01350869,우리금융지주,316140,연결재무제표기준영업(잠정)실적(공정공시)(자회사의 주요경영사항),20220209800540,우리금융지주,20220209,유
KOSPI,01261893,케이씨텍,281820,주주총회소집결의,20220209800541,케이씨텍,20220209,유
KOSPI,00632304,JW홀딩스,096760,매출액또는손익구조30%(대규모법인은15%)이상변경,20220209800545,JW홀딩스,20220209,유
KOSPI,01350869,우리금융지주,316140,매출액또는손익구조30%(대규모법인은15%)이상변경,20220209800547,우리금융지주,20220209,유
KOSPI,00181712,SK,034730,현금ㆍ현물배당결정,20220209800548,SK,20220209,유
KOSPI,01350869,우리금융지주,316140,매출액또는손익구조30%(대규모법인은15%)이상변경(자회사의 주요경영사항),20220209800553,우리금융지주,20220209,유
KOSPI,00160047,한국앤컴퍼니,000240,결산실적공시예고(안내공시),20220209800554,한국앤컴퍼니,20220209,유
KOSPI,00632304,JW홀딩스,096760,현금ㆍ현물배당결정,20220209800557,JW홀딩스,20220209,유
KOSPI,01350869,우리금융지주,316140,현금ㆍ현물배당결정,20220209800561,우리금융지주,20220209,유
KOSPI,00632304,JW홀딩스,096760,주주총회소집결의,20220209800564,JW홀딩스,20220209,유
KOSPI,00181712,SK,034730,매출액또는손익구조30%(대규모법인은15%)이상변경,20220209800565,SK,20220209,유
KOSPI,01350869,우리금융지주,316140,현금ㆍ현물배당결정(자회사의 주요경영사항),20220209800569,우리금융지주,20220209,유
KOSPI,00858364,BNK금융지주,138930,매출액또는손익구조30%(대규모법인은15%)이상변경(자회사의 주요경영사항),20220209800570,BNK금융지주,20220209,유
KOSPI,01133217,카카오뱅크,323410,영업(잠정)실적(공정공시),20220209800573,카카오뱅크,20220209,유
KOSPI,00904672,넷마블,251270,연결재무제표기준영업(잠정)실적(공정공시),20220209800578,넷마블,20220209,유
KOSPI,00159023,SK텔레콤,017670,장래사업ㆍ경영계획(공정공시),20220209800580,SK텔레콤,20220209,유정
KOSPI,00159102,DB손해보험,005830,최대주주등소유주식변동신고서,20220209800581,DB손해보험,20220209,유
KOSPI,00117601,유안타증권,003470,매출액또는손익구조30%(대규모법인은15%)이상변경,20220209800582,유안타증권,20220209,유
KOSPI,01238169,오리온,271560,현금ㆍ현물배당결정,20220209800583,오리온,20220209,유
KOSPI,00117577,오리온홀딩스,001800,현금ㆍ현물배당결정(자회사의 주요경영사항),20220209800584,오리온홀딩스,20220209,유
KOSPI,00858364,BNK금융지주,138930,매출액또는손익구조30%(대규모법인은15%)이상변경(자회사의 주요경영사항),20220209800585,BNK금융지주,20220209,유
KOSPI,00904672,넷마블,251270,매출액또는손익구조30%(대규모법인은15%)이상변경,20220209800586,넷마블,20220209,유
KOSPI,01133217,카카오뱅크,323410,매출액또는손익구조30%(대규모법인은15%)이상변경,20220209800587,카카오뱅크,20220209,유
KOSPI,00983271,NHN,181710,기업설명회(IR)개최(안내공시),20220209800588,NHN,20220209,유
KOSPI,01261893,케이씨텍,281820,현금ㆍ현물배당결정,20220209800590,케이씨텍,20220209,유
KOSPI,00132637,동원시스템즈,014820,연결재무제표기준영업(잠정)실적(공정공시),20220209800595,동원시스템즈,20220209,유
KOSPI,00858364,BNK금융지주,138930,현금ㆍ현물배당결정(자회사의 주요경영사항),20220209800597,BNK금융지주,20220209,유
KOSPI,00117577,오리온홀딩스,001800,현금ㆍ현물배당결정(자회사의 주요경영사항),20220209800612,오리온홀딩스,20220209,유
KOSPI,00159616,두산에너빌리티,034020,결산실적공시예고(안내공시),20220209800613,두산에너빌리티,20220209,유
KOSPI,00858364,BNK금융지주,138930,현금ㆍ현물배당결정(자회사의 주요경영사항),20220209800615,BNK금융지주,20220209,유
KOSPI,00149947,JW중외제약,001060,주주총회소집결의,20220209800616,JW중외제약,20220209,유정
KOSPI,00520887,비상교육,100220,매출액또는손익구조30%(대규모법인은15%)이상변경,20220209800618,비상교육,20220209,유
KOSPI,00153861,태영건설,009410,매출액또는손익구조30%(대규모법인은15%)이상변경,20220209800620,태영건설,20220209,유정
KOSPI,01042775,HL만도,204320,매출액또는손익구조30%(대규모법인은15%)이상변경,20220209800621,HL만도,20220209,유정
KOSPI,00632304,JW홀딩스,096760,매출액또는손익구조30%(대규모법인은15%)이상변경(자회사의 주요경영사항),20220209800625,JW홀딩스,20220209,유
KOSPI,01042775,HL만도,204320,주주총회소집결의,20220209800631,HL만도,20220209,유
KOSPI,00109824,대림통상,006570,최대주주등소유주식변동신고서,20220209800634,대림통상,20220209,유
KOSPI,01032486,두산밥캣,241560,연결재무제표기준영업실적등에대한전망(공정공시),20220209800636,두산밥캣,20220209,유
KOSPI,00299002,HL홀딩스,060980,매출액또는손익구조30%(대규모법인은15%)이상변경(자회사의 주요경영사항),20220209800638,HL홀딩스,20220209,유정
KOSPI,00132637,동원시스템즈,014820,현금ㆍ현물배당결정,20220209800639,동원시스템즈,20220209,유정
KOSPI,00149947,JW중외제약,001060,현금ㆍ현물배당결정,20220209800641,JW중외제약,20220209,유
KOSPI,00632304,JW홀딩스,096760,현금ㆍ현물배당결정(자회사의 주요경영사항),20220209800642,JW홀딩스,20220209,유
KOSPI,00904672,넷마블,251270,최대주주등소유주식변동신고서,20220209800645,넷마블,20220209,유
KOSPI,00904672,넷마블,251270,대표이사(대표집행임원)변경(안내공시),20220209800648,넷마블,20220209,유
KOSPI,00904672,넷마블,251270,현금ㆍ현물배당결정,20220209800651,넷마블,20220209,유
KOSPI,01042775,HL만도,204320,현금ㆍ현물배당결정,20220209800658,HL만도,20220209,유
KOSPI,01032486,두산밥캣,241560,현금ㆍ현물배당결정,20220209800659,두산밥캣,20220209,유
KOSPI,00377610,세아홀딩스,058650,[기재정정]타법인주식및출자증권처분결정,20220209800664,세아홀딩스,20220209,유
KOSPI,00377610,세아홀딩스,058650,지주회사의자회사탈퇴,20220209800680,세아홀딩스,20220209,유
KOSPI,00125743,현대비앤지스틸,004560,매출액또는손익구조30%(대규모법인은15%)이상변경,20220209800685,현대비앤지스틸,20220209,유
KOSPI,00120526,롯데쇼핑,023530,기업설명회(IR)개최(안내공시),20220209800692,롯데쇼핑,20220209,유
KOSPI,00163716,한창,005110,단기차입금증가결정,20220209800697,한창,20220209,유
KOSPI,00299002,HL홀딩스,060980,현금ㆍ현물배당결정(자회사의 주요경영사항),20220209800715,HL홀딩스,20220209,유
KOSPI,00132637,동원시스템즈,014820,영업(잠정)실적(공정공시),20220209800724,동원시스템즈,20220209,유
KOSPI,01497869,티와이홀딩스,363280,매출액또는손익구조30%(대규모법인은15%)이상변경(자회사의 주요경영사항),20220209800730,티와이홀딩스,20220209,유정
KOSPI,00299002,HL홀딩스,060980,주요사항보고서(회사합병결정)(자회사의 주요경영사항),20220209800739,HL홀딩스,20220209,유정
KOSPI,00520887,비상교육,100220,현금ㆍ현물배당결정,20220209800740,비상교육,20220209,유
KOSPI,00109754,대림바스,005750,매출액또는손익구조30%(대규모법인은15%)이상변경,20220209800743,대림바스,20220209,유정
KOSPI,00520887,비상교육,100220,최대주주등소유주식변동신고서,20220209800750,비상교육,20220209,유
KOSPI,00104698,LS네트웍스,000680,매출액또는손익구조30%(대규모법인은15%)이상변경,20220209800762,LS네트웍스,20220209,유
KOSPI,00166500,화천기계,010660,주주총회소집결의,20220209800763,화천기계,20220209,유
KOSPI,01093007,LS에코에너지,229640,주주총회소집결의,20220209800765,LS에코에너지,20220209,유
KOSPI,00144252,유니온,000910,매출액또는손익구조30%(대규모법인은15%)이상변경,20220209800779,유니온,20220209,유정
KOSPI,00158112,한국수출포장공업,002200,매출액또는손익구조30%(대규모법인은15%)이상변경,20220209800786,한국수출포장공업,20220209,유
KOSPI,00163114,서연,007860,매출액또는손익구조30%(대규모법인은15%)이상변경,20220209800797,서연,20220209,유정
KOSPI,01042775,HL만도,204320,회사합병결정(종속회사의주요경영사항),20220209800805,HL만도,20220209,유
KOSPI,00104768,가온전선,000500,매출액또는손익구조30%(대규모법인은15%)이상변경,20220209800817,가온전선,20220209,유
KOSPI,00181712,SK,034730,지주회사의자회사탈퇴,20220209800821,SK,20220209,유
KOSPI,00104768,가온전선,000500,주주총회소집결의,20220209800822,가온전선,20220209,유
KOSPI,00125530,삼립,005610,매출액또는손익구조30%(대규모법인은15%)이상변경,20220209800826,삼립,20220209,유
KOSPI,00349097,케이티스카이라이프,053210,현금ㆍ현물배당결정,20220209800834,케이티스카이라이프,20220209,유
KOSPI,00142883,우신시스템,017370,최대주주등소유주식변동신고서,20220209800843,우신시스템,20220209,유
KOSPI,00117212,두산,000150,결산실적공시예고(안내공시),20220209800851,두산,20220209,유
KOSPI,00166500,화천기계,010660,현금ㆍ현물배당결정,20220209800853,화천기계,20220209,유
KOSPI,01093007,LS에코에너지,229640,현금ㆍ현물배당결정,20220209800857,LS에코에너지,20220209,유
KOSPI,00156488,휴스틸,005010,매출액또는손익구조30%(대규모법인은15%)이상변경,20220209800866,휴스틸,20220209,유정
KOSPI,00269940,하나투어,039130,매출액또는손익구조30%(대규모법인은15%)이상변경,20220209800877,하나투어,20220209,유
KOSPI,00269940,하나투어,039130,연결재무제표기준영업(잠정)실적(공정공시),20220209800880,하나투어,20220209,유
KOSPI,00166500,화천기계,010660,매출액또는손익구조30%(대규모법인은15%)이상변경,20220209800882,화천기계,20220209,유
KOSPI,00145686,이화산업,000760,매출액또는손익구조30%(대규모법인은15%)이상변경,20220209800884,이화산업,20220209,유
KOSPI,01437292,미래에셋맵스리츠,357250,감사보고서제출,20220209800899,미래에셋맵스리츠,20220209,유
KOSPI,00109754,대림바스,005750,[기재정정]매출액또는손익구조30%(대규모법인은15%)이상변경,20220209800917,대림바스,20220209,유정
KOSPI,00377610,세아홀딩스,058650,유상증자결정(자회사의 주요경영사항),20220209800926,세아홀딩스,20220209,유
KOSPI,00153861,태영건설,009410,영업(잠정)실적(공정공시),20220209800931,태영건설,20220209,유
KOSPI,00372873,KTis,058860,매출액또는손익구조30%(대규모법인은15%)이상변경,20220209800932,KTis,20220209,유
KOSPI,00153861,태영건설,009410,연결재무제표기준영업(잠정)실적(공정공시),20220209800934,태영건설,20220209,유
KOSPI,00377610,세아홀딩스,058650,타법인주식및출자증권취득결정,20220209800935,세아홀딩스,20220209,유
KOSPI,01412822,솔루스첨단소재,336370,기업설명회(IR)개최(안내공시),20220209800937,솔루스첨단소재,20220209,유
KOSPI,00104768,가온전선,000500,현금ㆍ현물배당결정,20220209800938,가온전선,20220209,유
KOSPI,00127042,SYTS,002170,매출액또는손익구조30%(대규모법인은15%)이상변경,20220209800957,SYTS,20220209,유
KOSPI,00372873,KTis,058860,현금ㆍ현물배당결정,20220209800966,KTis,20220209,유
KOSPI,00126779,삼아알미늄,006110,매출액또는손익구조30%(대규모법인은15%)이상변경,20220209800975,삼아알미늄,20220209,유정
KOSPI,00377610,세아홀딩스,058650,현금ㆍ현물배당결정,20220209800976,세아홀딩스,20220209,유
KOSPI,00377610,세아홀딩스,058650,주주총회소집결의,20220209800982,세아홀딩스,20220209,유
KOSPI,00133618,우양피앤엘,002420,최대주주등소유주식변동신고서,20220209800983,우양피앤엘,20220209,유
KOSPI,00372873,KTis,058860,영업(잠정)실적(공정공시),20220209800991,KTis,20220209,유
KOSPI,00128980,삼호개발,010960,[기재정정]단일판매ㆍ공급계약체결,20220209800992,삼호개발,20220209,유정
KOSPI,00128555,삼천리,004690,매출액또는손익구조30%(대규모법인은15%)이상변경,20220209800996,삼천리,20220209,유
KOSPI,00113058,한화생명,088350,매출액또는손익구조30%(대규모법인은15%)이상변경,20220209800997,한화생명,20220209,유정
KOSPI,00126779,삼아알미늄,006110,현금ㆍ현물배당결정,20220209800998,삼아알미늄,20220209,유
KOSPI,01562589,LX홀딩스,383800,영업(잠정)실적(공정공시),20220209800999,LX홀딩스,20220209,유
KOSPI,00163512,한진,002320,매출액또는손익구조30%(대규모법인은15%)이상변경,20220209801000,한진,20220209,유정
KOSPI,00128555,삼천리,004690,영업(잠정)실적(공정공시),20220209801001,삼천리,20220209,유
KOSPI,00163512,한진,002320,[기재정정]연결재무제표기준영업(잠정)실적(공정공시),20220209801004,한진,20220209,유정
KOSPI,00266961,NAVER,035420,[기재정정]타법인주식및출자증권취득결정(자율공시)(종속회사의주요경영사항),20220209801021,NAVER,20220209,유
KOSPI,00150828,진흥기업,002780,[기재정정]단일판매ㆍ공급계약체결,20220209801028,진흥기업,20220209,유정
KOSPI,00377610,세아홀딩스,058650,매출액또는손익구조30%(대규모법인은15%)이상변경,20220209801032,세아홀딩스,20220209,유
KOSPI,00500254,GS,078930,타인에대한채무보증결정(자회사의 주요경영사항),20220209801043,GS,20220209,유
KOSPI,00309503,한국항공우주,047810,기업설명회(IR)개최(안내공시),20220209801049,한국항공우주,20220209,유
KOSPI,01310269,IPARK현대산업개발,294870,타인에대한채무보증결정,20220209801057,IPARK현대산업개발,20220209,유정
KOSPI,00121932,미원상사,002840,매출액또는손익구조30%(대규모법인은15%)이상변경,20220209801061,미원상사,20220209,유정
KOSPI,00159023,SK텔레콤,017670,[첨부정정]장래사업ㆍ경영계획(공정공시),20220209801073,SK텔레콤,20220209,유
KOSPI,00161046,한독,002390,매출액또는손익구조30%(대규모법인은15%)이상변경,20220209801075,한독,20220209,유
KOSPI,00161046,한독,002390,영업(잠정)실적(공정공시),20220209801077,한독,20220209,유
KOSPI,00126937,삼양홀딩스,000070,주주총회소집결의,20220209801081,삼양홀딩스,20220209,유
KOSPI,00164636,HDC,012630,타인에대한채무보증결정(자회사의 주요경영사항),20220209801082,HDC,20220209,유정
KOSPI,00126937,삼양홀딩스,000070,매출액또는손익구조30%(대규모법인은15%)이상변경,20220209801086,삼양홀딩스,20220209,유정
KOSPI,00126937,삼양홀딩스,000070,현금ㆍ현물배당결정,20220209801089,삼양홀딩스,20220209,유
KOSPI,00140177,GS리테일,007070,매출액또는손익구조30%(대규모법인은15%)이상변경,20220209801091,GS리테일,20220209,유정
KOSPI,00126937,삼양홀딩스,000070,기타경영사항(자율공시),20220209801092,삼양홀딩스,20220209,유
KOSPI,00140177,GS리테일,007070,현금ㆍ현물배당결정,20220209801095,GS리테일,20220209,유정
KOSPI,00500254,GS,078930,현금ㆍ현물배당결정(자회사의 주요경영사항),20220209801096,GS,20220209,유정
KOSPI,01391033,NH프라임리츠,338100,자본잠식50%이상또는매출액50억원미만사실발생,20220209801104,NH프라임리츠,20220209,유
KOSPI,00377610,세아홀딩스,058650,타법인주식및출자증권취득결정(자회사의 주요경영사항),20220209801105,세아홀딩스,20220209,유
KOSPI,00124780,사조씨푸드,014710,매출액또는손익구조30%(대규모법인15%)미만변경(자율공시),20220209801106,사조씨푸드,20220209,유
KOSPI,00500254,GS,078930,매출액또는손익구조30%(대규모법인은15%)이상변경(자회사의 주요경영사항),20220209801110,GS,20220209,유정
KOSPI,00159616,두산에너빌리티,034020,기업설명회(IR)개최(안내공시),20220209801111,두산에너빌리티,20220209,유정
KOSPI,00377610,세아홀딩스,058650,타인에대한담보제공결정(자회사의 주요경영사항),20220209801112,세아홀딩스,20220209,유
KOSPI,00143651,웅진,016880,매출액또는손익구조30%(대규모법인은15%)이상변경,20220209801117,웅진,20220209,유
KOSPI,00161046,한독,002390,주주총회소집결의,20220209801143,한독,20220209,유정
KOSPI,00161046,한독,002390,현금ㆍ현물배당결정,20220209801146,한독,20220209,유
KOSPI,00164636,HDC,012630,매출액또는손익구조30%(대규모법인은15%)이상변경,20220209801155,HDC,20220209,유
KOSPI,00164636,HDC,012630,연결재무제표기준영업(잠정)실적(공정공시),20220209801162,HDC,20220209,유
KOSPI,01310269,IPARK현대산업개발,294870,연결재무제표기준영업(잠정)실적(공정공시),20220209801167,IPARK현대산업개발,20220209,유
KOSPI,01310269,IPARK현대산업개발,294870,매출액또는손익구조30%(대규모법인은15%)이상변경,20220209801169,IPARK현대산업개발,20220209,유
KOSPI,01310269,IPARK현대산업개발,294870,대표이사(대표집행임원)변경(안내공시),20220209801170,IPARK현대산업개발,20220209,유
KOSPI,00164636,HDC,012630,매출액또는손익구조30%(대규모법인은15%)이상변경(자회사의 주요경영사항),20220209801173,HDC,20220209,유
KOSPI,00469799,이엔플러스,074610,주식등의대량보유상황보고서(일반),20220209000604,오에스티에이,20220210,
KOSPI,00161693,한샘,009240,[기재정정]주요사항보고서(자기주식취득결정),20220210000001,한샘,20220210,
KOSPI,00133618,우양피앤엘,002420,임원ㆍ주요주주특정증권등소유상황보고서,20220210000009,케이이에스,20220210,
KOSPI,00161046,한독,002390,주식매수선택권부여에관한신고,20220210000013,한독,20220210,정
KOSPI,00161046,한독,002390,[기재정정]주식매수선택권부여에관한신고,20220210000016,한독,20220210,정
KOSPI,00161046,한독,002390,[기재정정]주식매수선택권부여에관한신고,20220210000019,한독,20220210,정
KOSPI,00137997,현대차증권,001500,임원ㆍ주요주주특정증권등소유상황보고서,20220210000023,정재필,20220210,
KOSPI,00164706,현대약품,004310,[기재정정]주주총회소집공고,20220210000038,현대약품,20220210,
KOSPI,00137207,유니켐,011330,임원ㆍ주요주주특정증권등소유상황보고서,20220210000040,유니,20220210,
KOSPI,00135917,한화손해보험,000370,임원ㆍ주요주주특정증권등소유상황보고서,20220210000041,임동일,20220210,
KOSPI,00135917,한화손해보험,000370,임원ㆍ주요주주특정증권등소유상황보고서,20220210000059,정종민,20220210,
KOSPI,00135917,한화손해보험,000370,임원ㆍ주요주주특정증권등소유상황보고서,20220210000061,서익준,20220210,
KOSPI,00148610,한화투자증권,003530,증권발행실적보고서,20220210000065,한화투자증권,20220210,
KOSPI,00135917,한화손해보험,000370,임원ㆍ주요주주특정증권등소유상황보고서,20220210000071,손두호,20220210,
KOSPI,00148610,한화투자증권,003530,증권발행실적보고서,20220210000078,한화투자증권,20220210,
KOSPI,00117337,동양,001520,[첨부정정]주요사항보고서(회사합병결정),20220210000080,동양,20220210,
KOSPI,00135917,한화손해보험,000370,임원ㆍ주요주주특정증권등소유상황보고서,20220210000083,안광진,20220210,
KOSPI,00135917,한화손해보험,000370,임원ㆍ주요주주특정증권등소유상황보고서,20220210000087,이명수,20220210,
KOSPI,00164742,현대자동차,005380,임원ㆍ주요주주특정증권등소유상황보고서,20220210000091,지영조,20220210,
KOSPI,00135917,한화손해보험,000370,임원ㆍ주요주주특정증권등소유상황보고서,20220210000092,전두성,20220210,
KOSPI,00120182,NH투자증권,005940,증권발행실적보고서,20220210000095,NH투자증권,20220210,
KOSPI,00113359,교보증권,030610,증권발행실적보고서,20220210000096,교보증권,20220210,
KOSPI,00113359,교보증권,030610,증권발행실적보고서,20220210000101,교보증권,20220210,
KOSPI,00135917,한화손해보험,000370,임원ㆍ주요주주특정증권등소유상황보고서,20220210000102,하진안,20220210,
KOSPI,00164742,현대자동차,005380,임원ㆍ주요주주특정증권등소유상황보고서,20220210000103,김주리,20220210,
KOSPI,01437186,ESR켄달스퀘어리츠,365550,주주총회소집공고,20220210000108,ESR켄달스퀘어리츠,20220210,정
KOSPI,01437186,ESR켄달스퀘어리츠,365550,의결권대리행사권유참고서류,20220210000117,ESR켄달스퀘어리츠,20220210,
KOSPI,00631518,SK이노베이션,096770,동일인등출자계열회사와의상품ㆍ용역거래변경,20220210000124,SK이노베이션,20220210,공
KOSPI,00108913,대교,019680,임원ㆍ주요주주특정증권등소유상황보고서,20220210000131,김현정,20220210,
KOSPI,01323032,KG모빌리티플랫폼,381970,주식등의대량보유상황보고서(약식),20220210000134,UBSAG,20220210,
KOSPI,00127200,삼영전자공업,005680,주주총회소집공고,20220210000140,삼영전자공업,20220210,정
KOSPI,00127167,삼영무역,002810,주식등의대량보유상황보고서(약식),20220210000144,피델리티인스티튜셔널에셋매니지먼트트러스트컴퍼니,20220210,
KOSPI,00140955,한솔케미칼,014680,임원ㆍ주요주주특정증권등소유상황보고서,20220210000151,조연주,20220210,
KOSPI,00159209,한전기술,052690,주주총회소집공고,20220210000159,한전기술,20220210,정
KOSPI,00106368,금호석유화학,011780,임원ㆍ주요주주특정증권등소유상황보고서,20220210000168,황이석,20220210,
KOSPI,00101220,KG케미칼,001390,[기재정정]임원ㆍ주요주주특정증권등소유상황보고서,20220210000176,곽정현,20220210,
KOSPI,00117601,유안타증권,003470,증권발행실적보고서,20220210000186,유안타증권,20220210,
KOSPI,00101220,KG케미칼,001390,임원ㆍ주요주주특정증권등소유상황보고서,20220210000187,곽정현,20220210,
KOSPI,00126186,삼성에스디에스,018260,동일인등출자계열회사와의상품ㆍ용역거래변경,20220210000195,삼성에스디에스,20220210,공
KOSPI,00106669,세아베스틸지주,001430,[첨부정정]주요사항보고서(회사분할결정),20220210000263,세아베스틸지주,20220210,
KOSPI,00110893,대신증권,003540,증권발행실적보고서,20220210000270,대신증권,20220210,
KOSPI,00367844,자이에스앤디,317400,특수관계인에대한출자,20220210000290,자이에스앤디,20220210,공
KOSPI,00126292,삼성카드,029780,일괄신고추가서류,20220210000310,삼성카드,20220210,
KOSPI,00131780,SK네트웍스,001740,특수관계인에대한부동산매도,20220210000316,SK네트웍스,20220210,공
KOSPI,00126292,삼성카드,029780,투자설명서(일괄신고),20220210000318,삼성카드,20220210,
KOSPI,00111722,미래에셋증권,006800,증권발행실적보고서,20220210000319,미래에셋증권,20220210,
KOSPI,00106669,세아베스틸지주,001430,주요사항보고서(자기주식취득신탁계약체결결정),20220210000321,세아베스틸지주,20220210,
KOSPI,00124799,사조산업,007160,임원ㆍ주요주주특정증권등소유상황보고서,20220210000322,사조시스템즈,20220210,
KOSPI,00124799,사조산업,007160,주식등의대량보유상황보고서(일반),20220210000325,주진우,20220210,
KOSPI,00137997,현대차증권,001500,증권발행실적보고서,20220210000331,현대차증권,20220210,
KOSPI,00126186,삼성에스디에스,018260,임원ㆍ주요주주특정증권등소유상황보고서,20220210000338,PAIK DANIEL DONGHOON,20220210,
KOSPI,00101220,KG케미칼,001390,주식등의대량보유상황보고서(일반),20220210000343,케이지제로인,20220210,
KOSPI,00144720,와이투솔루션,011690,주식등의대량보유상황보고서(약식),20220210000354,상상인증권,20220210,
KOSPI,00828497,한미약품,128940,임원ㆍ주요주주특정증권등소유상황보고서,20220210000355,우종수,20220210,
KOSPI,00828497,한미약품,128940,임원ㆍ주요주주특정증권등소유상황보고서,20220210000360,권세창,20220210,
KOSPI,00120182,NH투자증권,005940,증권발행실적보고서,20220210000361,NH투자증권,20220210,
KOSPI,00828497,한미약품,128940,임원ㆍ주요주주특정증권등소유상황보고서,20220210000363,서귀현,20220210,
KOSPI,00120562,롯데지주,004990,특수관계인으로부터영업양수,20220210000366,롯데지주,20220210,공
KOSPI,00120562,롯데지주,004990,주요사항보고서(감자결정),20220210000368,롯데지주,20220210,
KOSPI,00828497,한미약품,128940,임원ㆍ주요주주특정증권등소유상황보고서,20220210000372,박재현,20220210,
KOSPI,00828497,한미약품,128940,임원ㆍ주요주주특정증권등소유상황보고서,20220210000375,권규찬,20220210,
KOSPI,00828497,한미약품,128940,임원ㆍ주요주주특정증권등소유상황보고서,20220210000379,이영미,20220210,
KOSPI,00828497,한미약품,128940,임원ㆍ주요주주특정증권등소유상황보고서,20220210000380,김나영,20220210,
KOSPI,00140177,GS리테일,007070,특수관계인에대한자금대여,20220210000384,GS리테일,20220210,공
KOSPI,00174004,유성기업,002920,주식등의대량보유상황보고서(일반),20220210000385,류시영,20220210,
KOSPI,00828497,한미약품,128940,임원ㆍ주요주주특정증권등소유상황보고서,20220210000387,박문화,20220210,
KOSPI,00828497,한미약품,128940,임원ㆍ주요주주특정증권등소유상황보고서,20220210000392,윤병희,20220210,
KOSPI,00104856,삼성증권,016360,일괄신고추가서류(파생결합증권-주가연계증권),20220210000394,삼성증권,20220210,
KOSPI,00140177,GS리테일,007070,특수관계인에대한출자,20220210000397,GS리테일,20220210,공정
KOSPI,00828497,한미약품,128940,임원ㆍ주요주주특정증권등소유상황보고서,20220210000399,조성룡,20220210,
KOSPI,00828497,한미약품,128940,임원ㆍ주요주주특정증권등소유상황보고서,20220210000400,안영길,20220210,
KOSPI,00104856,삼성증권,016360,투자설명서(일괄신고),20220210000401,삼성증권,20220210,
KOSPI,00148610,한화투자증권,003530,일괄신고추가서류(파생결합증권-주가연계증권),20220210000404,한화투자증권,20220210,
KOSPI,00828497,한미약품,128940,임원ㆍ주요주주특정증권등소유상황보고서,20220210000405,최창주,20220210,
KOSPI,01009789,코스맥스,192820,임원ㆍ주요주주특정증권등소유상황보고서,20220210000406,지진구,20220210,
KOSPI,00104856,삼성증권,016360,증권발행실적보고서,20220210000407,삼성증권,20220210,
KOSPI,00828497,한미약품,128940,임원ㆍ주요주주특정증권등소유상황보고서,20220210000408,두명국,20220210,
KOSPI,00148610,한화투자증권,003530,투자설명서(일괄신고),20220210000410,한화투자증권,20220210,
KOSPI,00828497,한미약품,128940,임원ㆍ주요주주특정증권등소유상황보고서,20220210000411,김대진,20220210,
KOSPI,00112332,미래에셋생명,085620,주요사항보고서(자기주식취득결정),20220210000413,미래에셋생명,20220210,
KOSPI,00828497,한미약품,128940,임원ㆍ주요주주특정증권등소유상황보고서,20220210000414,한미사이언스,20220210,
KOSPI,00112332,미래에셋생명,085620,특수관계인과의수익증권거래,20220210000424,미래에셋생명,20220210,공
KOSPI,00138701,아세아,002030,주식등의대량보유상황보고서(약식),20220210000427,브이아이피자산운용,20220210,
KOSPI,00120182,NH투자증권,005940,증권발행실적보고서,20220210000430,NH투자증권,20220210,
KOSPI,01391033,NH프라임리츠,338100,사업보고서 (2021.11),20220210000432,NH프라임리츠,20220210,
KOSPI,00113359,교보증권,030610,일괄신고추가서류(파생결합증권-주가연계증권),20220210000436,교보증권,20220210,
KOSPI,00161426,한미사이언스,008930,임원ㆍ주요주주특정증권등소유상황보고서,20220210000437,신동국,20220210,
KOSPI,00130772,SBS,034120,주식등의대량보유상황보고서(약식),20220210000440,브이아이피자산운용,20220210,
KOSPI,00106641,기아,000270,특수관계인으로부터기타유가증권매수,20220210000443,기아,20220210,공
KOSPI,00161426,한미사이언스,008930,임원ㆍ주요주주특정증권등소유상황보고서,20220210000444,송영숙,20220210,
KOSPI,00154329,TP,007980,주식등의대량보유상황보고서(약식),20220210000451,브이아이피자산운용,20220210,
KOSPI,00161426,한미사이언스,008930,임원ㆍ주요주주특정증권등소유상황보고서,20220210000456,임종윤,20220210,
KOSPI,00160232,KSS해운,044450,주식등의대량보유상황보고서(약식),20220210000459,브이아이피자산운용,20220210,
KOSPI,00127158,씨아이테크,004920,주식등의대량보유상황보고서(약식),20220210000461,승명,20220210,
KOSPI,00688996,KB금융,105560,[기재정정]주요사항보고서(상각형조건부자본증권발행결정),20220210000463,KB금융,20220210,
KOSPI,00174004,유성기업,002920,임원ㆍ주요주주특정증권등소유상황보고서,20220210000467,류시영,20220210,
KOSPI,00161426,한미사이언스,008930,임원ㆍ주요주주특정증권등소유상황보고서,20220210000473,임주현,20220210,
KOSPI,00113359,교보증권,030610,투자설명서(일괄신고),20220210000476,교보증권,20220210,
KOSPI,00161426,한미사이언스,008930,임원ㆍ주요주주특정증권등소유상황보고서,20220210000480,우종수,20220210,
KOSPI,00137252,사조동아원,008040,주요사항보고서(영업양수결정),20220210000486,사조동아원,20220210,정
KOSPI,00161426,한미사이언스,008930,임원ㆍ주요주주특정증권등소유상황보고서,20220210000487,송재오,20220210,
KOSPI,00992871,종근당,185750,주요사항보고서(자기주식취득신탁계약체결결정),20220210000489,종근당,20220210,
KOSPI,00450010,씨티알모빌리티,308170,[기재정정]분기보고서 (2021.09),20220210000491,씨티알모빌리티,20220210,
KOSPI,00161426,한미사이언스,008930,임원ㆍ주요주주특정증권등소유상황보고서,20220210000495,권세창,20220210,
KOSPI,00161426,한미사이언스,008930,임원ㆍ주요주주특정증권등소유상황보고서,20220210000504,송기호,20220210,
KOSPI,00161426,한미사이언스,008930,임원ㆍ주요주주특정증권등소유상황보고서,20220210000512,정일영,20220210,
KOSPI,00117601,유안타증권,003470,일괄신고추가서류(파생결합증권-주가연계증권),20220210000515,유안타증권,20220210,
KOSPI,00161426,한미사이언스,008930,임원ㆍ주요주주특정증권등소유상황보고서,20220210000517,김규식,20220210,
KOSPI,00161426,한미사이언스,008930,임원ㆍ주요주주특정증권등소유상황보고서,20220210000522,김현수,20220210,
KOSPI,00296290,키움증권,039490,일괄신고추가서류(파생결합증권-주가연계증권),20220210000523,키움증권,20220210,
KOSPI,00117601,유안타증권,003470,투자설명서(일괄신고),20220210000524,유안타증권,20220210,
KOSPI,00127158,씨아이테크,004920,주식등의대량보유상황보고서(약식),20220210000527,케이엠기술,20220210,
KOSPI,00296290,키움증권,039490,투자설명서(일괄신고),20220210000529,키움증권,20220210,
KOSPI,00296290,키움증권,039490,일괄신고추가서류(파생결합사채-주가연계파생결합사채),20220210000533,키움증권,20220210,
KOSPI,00688996,KB금융,105560,[기재정정]증권신고서(채무증권),20220210000540,KB금융,20220210,정
KOSPI,00296290,키움증권,039490,투자설명서(일괄신고),20220210000548,키움증권,20220210,
KOSPI,00107987,남해화학,025860,특수관계인에대한출자,20220210000549,남해화학,20220210,공
KOSPI,00161426,한미사이언스,008930,주식등의대량보유상황보고서(일반),20220210000553,송영숙,20220210,
KOSPI,00111722,미래에셋증권,006800,일괄신고추가서류(파생결합증권-주가연계증권),20220210000555,미래에셋증권,20220210,정
KOSPI,00113359,교보증권,030610,일괄신고추가서류(파생결합증권-주가연계증권),20220210000561,교보증권,20220210,정
KOSPI,00688996,KB금융,105560,[발행조건확정]증권신고서(채무증권),20220210000562,KB금융,20220210,정
KOSPI,00113359,교보증권,030610,투자설명서(일괄신고),20220210000569,교보증권,20220210,정
KOSPI,00159616,두산에너빌리티,034020,임원ㆍ주요주주특정증권등소유상황보고서,20220210000570,이희직,20220210,
KOSPI,00159616,두산에너빌리티,034020,임원ㆍ주요주주특정증권등소유상황보고서,20220210000572,박영길,20220210,
KOSPI,00117601,유안타증권,003470,일괄신고추가서류(기타파생결합사채),20220210000580,유안타증권,20220210,
KOSPI,00117601,유안타증권,003470,투자설명서(일괄신고),20220210000584,유안타증권,20220210,
KOSPI,00111722,미래에셋증권,006800,투자설명서(일괄신고),20220210000586,미래에셋증권,20220210,정
KOSPI,00121969,에쓰씨엔지니어링,023960,주요사항보고서(유형자산양수결정),20220210000591,에쓰씨엔지니어링,20220210,
KOSPI,00296290,키움증권,039490,일괄신고추가서류(파생결합증권-주가연계증권),20220210000598,키움증권,20220210,
KOSPI,00174004,유성기업,002920,임원ㆍ주요주주특정증권등소유상황보고서,20220210000604,유홍우,20220210,
KOSPI,00124540,대우건설,047040,[기재정정]주주총회소집공고,20220210000605,대우건설,20220210,
KOSPI,00117188,효성,004800,임원ㆍ주요주주특정증권등소유상황보고서,20220210000609,조석래,20220210,
KOSPI,00124540,대우건설,047040,[기재정정]의결권대리행사권유참고서류,20220210000611,대우건설,20220210,
KOSPI,00147860,에스엠벡셀,010580,주주총회소집공고,20220210000621,에스엠벡셀,20220210,
KOSPI,00162063,한신공영,004960,증권신고서(채무증권),20220210000625,한신공영,20220210,정
KOSPI,01316227,효성티앤씨,298020,임원ㆍ주요주주특정증권등소유상황보고서,20220210000627,조석래,20220210,
KOSPI,00147860,에스엠벡셀,010580,의결권대리행사권유참고서류,20220210000634,에스엠벡셀,20220210,
KOSPI,00872984,이마트,139480,[기재정정]주요사항보고서(풋백옵션등계약체결결정),20220210000635,이마트,20220210,
KOSPI,00117601,유안타증권,003470,일괄신고추가서류(기타파생결합사채),20220210000638,유안타증권,20220210,
KOSPI,00296290,키움증권,039490,투자설명서(일괄신고),20220210000642,키움증권,20220210,
KOSPI,00136378,신세계,004170,[기재정정]주요사항보고서(풋백옵션등계약체결결정),20220210000644,신세계,20220210,
KOSPI,00136721,신영증권,001720,증권발행실적보고서,20220210000652,신영증권,20220210,
KOSPI,00117601,유안타증권,003470,투자설명서(일괄신고),20220210000661,유안타증권,20220210,
KOSPI,00181712,SK,034730,증권신고서(채무증권),20220210000668,SK,20220210,정
KOSPI,01105153,두산로보틱스,454910,임원의변동,20220210000677,두산로보틱스,20220210,공
KOSPI,00123541,보해양조,000890,주식등의대량보유상황보고서(일반),20220210000679,창해에탄올,20220210,
KOSPI,00896285,삼양사,145990,증권신고서(채무증권),20220210000684,삼양사,20220210,정
KOSPI,00258801,카카오,035720,[기재정정]합병등종료보고서(합병),20220210000691,카카오,20220210,
KOSPI,00111722,미래에셋증권,006800,증권발행실적보고서,20220210000693,미래에셋증권,20220210,
KOSPI,01394377,이지스밸류플러스리츠,334890,주식등의대량보유상황보고서(약식),20220210000695,코람코자산운용,20220210,
KOSPI,00162461,한화솔루션,009830,임원ㆍ주요주주특정증권등소유상황보고서,20220210000697,최대연,20220210,
KOSPI,00258801,카카오,035720,[기재정정]합병등종료보고서(합병),20220210000698,카카오,20220210,
KOSPI,00122737,팬오션,028670,주식등의대량보유상황보고서(일반),20220210000705,하림지주,20220210,
KOSPI,00106395,금호전기,001210,주식등의대량보유상황보고서(약식),20220210000709,상상인저축은행,20220210,
KOSPI,00258801,카카오,035720,주요사항보고서(자기주식처분결정),20220210000719,카카오,20220210,
KOSPI,00258801,카카오,035720,[기재정정]주식매수선택권부여에관한신고,20220210000727,카카오,20220210,정
KOSPI,00258801,카카오,035720,[기재정정]주식매수선택권부여에관한신고,20220210000735,카카오,20220210,정
KOSPI,00141149,영진약품,003520,매출액또는손익구조30%(대규모법인은15%)이상변경,20220210800001,영진약품,20220210,유
KOSPI,01204056,하이브,352820,기업설명회(IR)개최(안내공시),20220210800136,하이브,20220210,유
KOSPI,00415646,드림텍,192650,현금ㆍ현물배당결정,20220210800139,드림텍,20220210,유
KOSPI,01167056,샘표식품,248170,매출액또는손익구조30%(대규모법인은15%)이상변경,20220210800140,샘표식품,20220210,유
KOSPI,01316236,효성화학,298000,단일판매ㆍ공급계약체결,20220210800159,효성화학,20220210,유정
KOSPI,00244455,케이티앤지,033780,연결재무제표기준영업(잠정)실적(공정공시),20220210800162,케이티앤지,20220210,유
KOSPI,00130091,샘표,007540,매출액또는손익구조30%(대규모법인은15%)이상변경(자회사의 주요경영사항),20220210800164,샘표,20220210,유
KOSPI,00244455,케이티앤지,033780,매출액또는손익구조30%(대규모법인은15%)이상변경,20220210800165,케이티앤지,20220210,유
KOSPI,00115612,동부건설,005960,[기재정정]타인에대한채무보증결정,20220210800166,동부건설,20220210,유
KOSPI,00244455,케이티앤지,033780,현금ㆍ현물배당결정,20220210800171,케이티앤지,20220210,유
KOSPI,00115612,동부건설,005960,타인에대한채무보증결정,20220210800173,동부건설,20220210,유
KOSPI,00156354,지엠비코리아,013870,매출액또는손익구조30%(대규모법인은15%)이상변경,20220210800181,지엠비코리아,20220210,유
KOSPI,00670340,씨에스윈드,112610,단일판매ㆍ공급계약체결(자율공시),20220210800184,씨에스윈드,20220210,유
KOSPI,00149239,조일알미늄,018470,기타경영사항(자율공시),20220210800205,조일알미늄,20220210,유
KOSPI,00149239,조일알미늄,018470,매출액또는손익구조30%(대규모법인은15%)이상변경,20220210800207,조일알미늄,20220210,유
KOSPI,00157991,한국석유공업,004090,매출액또는손익구조30%(대규모법인은15%)이상변경,20220210800220,한국석유공업,20220210,유
KOSPI,01568413,F&F,383220,결산실적공시예고(안내공시),20220210800221,F&F,20220210,유
KOSPI,00135917,한화손해보험,000370,최대주주등소유주식변동신고서,20220210800223,한화손해보험,20220210,유
KOSPI,00159564,한국주강,025890,매출액또는손익구조30%(대규모법인은15%)이상변경,20220210800229,한국주강,20220210,유
KOSPI,00503668,LIG디펜스앤에어로스페이스,079550,매출액또는손익구조30%(대규모법인은15%)이상변경,20220210800255,LIG디펜스앤에어로스페이스,20220210,유
KOSPI,00503668,LIG디펜스앤에어로스페이스,079550,현금ㆍ현물배당결정,20220210800261,LIG디펜스앤에어로스페이스,20220210,유
KOSPI,00157991,한국석유공업,004090,연결재무제표기준영업실적등에대한전망(공정공시),20220210800266,한국석유공업,20220210,유
KOSPI,00197759,미래산업,025560,매출액또는손익구조30%(대규모법인은15%)이상변경,20220210800268,미래산업,20220210,유정
KOSPI,00136271,신성이엔지,011930,매출액또는손익구조30%(대규모법인은15%)이상변경,20220210800292,신성이엔지,20220210,유
KOSPI,00136271,신성이엔지,011930,연결재무제표기준영업(잠정)실적(공정공시),20220210800294,신성이엔지,20220210,유
KOSPI,00210856,코아스,071950,매출액또는손익구조30%(대규모법인은15%)이상변경,20220210800297,코아스,20220210,유
KOSPI,00210856,코아스,071950,연결재무제표기준영업(잠정)실적(공정공시),20220210800298,코아스,20220210,유
KOSPI,00173944,우진,105840,매출액또는손익구조30%(대규모법인은15%)이상변경,20220210800302,우진,20220210,유
KOSPI,00127200,삼영전자공업,005680,현금ㆍ현물배당결정,20220210800303,삼영전자공업,20220210,유정
KOSPI,00173944,우진,105840,현금ㆍ현물배당결정,20220210800305,우진,20220210,유
KOSPI,00127200,삼영전자공업,005680,주주총회소집결의,20220210800306,삼영전자공업,20220210,유정
KOSPI,00872984,이마트,139480,연결재무제표기준영업(잠정)실적(공정공시),20220210800308,이마트,20220210,유
KOSPI,00872984,이마트,139480,매출액또는손익구조30%(대규모법인은15%)이상변경,20220210800312,이마트,20220210,유
KOSPI,00127857,삼익악기,002450,현금ㆍ현물배당결정,20220210800313,삼익악기,20220210,유
KOSPI,00872984,이마트,139480,연결재무제표기준영업실적등에대한전망(공정공시),20220210800314,이마트,20220210,유
KOSPI,00159102,DB손해보험,005830,매출액또는손익구조30%(대규모법인은15%)이상변경,20220210800315,DB손해보험,20220210,유
KOSPI,00872984,이마트,139480,현금ㆍ현물배당결정,20220210800317,이마트,20220210,유
KOSPI,00159102,DB손해보험,005830,현금ㆍ현물배당결정,20220210800319,DB손해보험,20220210,유
KOSPI,00140955,한솔케미칼,014680,최대주주등소유주식변동신고서,20220210800320,한솔케미칼,20220210,유
KOSPI,00155276,포스코퓨처엠,003670,기업설명회(IR)개최(안내공시),20220210800322,포스코퓨처엠,20220210,유
KOSPI,00129235,삼화왕관,004450,매출액또는손익구조30%(대규모법인은15%)이상변경,20220210800326,삼화왕관,20220210,유정
KOSPI,00428251,현대백화점,069960,연결재무제표기준영업(잠정)실적(공정공시),20220210800327,현대백화점,20220210,유
KOSPI,00158501,에스원,012750,단일판매ㆍ공급계약체결,20220210800330,에스원,20220210,유
KOSPI,00127200,삼영전자공업,005680,[기재정정]주주총회소집결의,20220210800352,삼영전자공업,20220210,유
KOSPI,00127200,삼영전자공업,005680,[기재정정]현금ㆍ현물배당결정,20220210800363,삼영전자공업,20220210,유정
KOSPI,00428251,현대백화점,069960,매출액또는손익구조30%(대규모법인은15%)이상변경,20220210800366,현대백화점,20220210,유
KOSPI,00127200,삼영전자공업,005680,[기재정정]현금ㆍ현물배당결정,20220210800377,삼영전자공업,20220210,유
KOSPI,00106368,금호석유화학,011780,연결재무제표기준영업(잠정)실적(공정공시),20220210800385,금호석유화학,20220210,유
KOSPI,00161116,HL D&I,014790,연결재무제표기준영업(잠정)실적(공정공시),20220210800396,HL D&I,20220210,유
KOSPI,00161116,HL D&I,014790,매출액또는손익구조30%(대규모법인은15%)이상변경,20220210800397,HL D&I,20220210,유
KOSPI,00154055,태원물산,001420,매출액또는손익구조30%(대규모법인은15%)이상변경,20220210800399,태원물산,20220210,유
KOSPI,00106368,금호석유화학,011780,매출액또는손익구조30%(대규모법인은15%)이상변경,20220210800405,금호석유화학,20220210,유
KOSPI,00299002,HL홀딩스,060980,매출액또는손익구조30%(대규모법인은15%)이상변경(자회사의 주요경영사항),20220210800412,HL홀딩스,20220210,유
KOSPI,00161116,HL D&I,014790,영업실적등에대한전망(공정공시),20220210800416,HL D&I,20220210,유정
KOSPI,00161116,HL D&I,014790,현금ㆍ현물배당결정,20220210800417,HL D&I,20220210,유
KOSPI,00299002,HL홀딩스,060980,현금ㆍ현물배당결정(자회사의 주요경영사항),20220210800418,HL홀딩스,20220210,유
KOSPI,00129271,삼화전기,009470,매출액또는손익구조30%(대규모법인은15%)이상변경,20220210800420,삼화전기,20220210,유
KOSPI,00161116,HL D&I,014790,수시공시의무관련사항(공정공시),20220210800421,HL D&I,20220210,유
KOSPI,00911955,잇츠한불,226320,연결재무제표기준영업(잠정)실적(공정공시),20220210800422,잇츠한불,20220210,유
KOSPI,00142865,WISCOM,024070,매출액또는손익구조30%(대규모법인은15%)이상변경,20220210800431,WISCOM,20220210,유
KOSPI,00159616,두산에너빌리티,034020,[기재정정]기업설명회(IR)개최(안내공시),20220210800432,두산에너빌리티,20220210,유
KOSPI,00108241,농심,004370,매출액또는손익구조30%(대규모법인은15%)이상변경,20220210800435,농심,20220210,유
KOSPI,00174004,유성기업,002920,최대주주등소유주식변동신고서,20220210800439,유성기업,20220210,유
KOSPI,00911955,잇츠한불,226320,매출액또는손익구조30%(대규모법인은15%)이상변경,20220210800442,잇츠한불,20220210,유
KOSPI,00131780,SK네트웍스,001740,연결재무제표기준영업(잠정)실적(공정공시),20220210800447,SK네트웍스,20220210,유
KOSPI,00142865,WISCOM,024070,현금ㆍ현물배당결정,20220210800448,WISCOM,20220210,유
KOSPI,00500254,GS,078930,매출액또는손익구조30%(대규모법인은15%)이상변경(자회사의 주요경영사항),20220210800449,GS,20220210,유
KOSPI,00500254,GS,078930,연결재무제표기준영업(잠정)실적(공정공시),20220210800455,GS,20220210,유
KOSPI,00428251,현대백화점,069960,현금ㆍ현물배당결정,20220210800459,현대백화점,20220210,유
KOSPI,00459871,농심홀딩스,072710,매출액또는손익구조30%(대규모법인은15%)이상변경(자회사의 주요경영사항),20220210800462,농심홀딩스,20220210,유
KOSPI,00500254,GS,078930,매출액또는손익구조30%(대규모법인은15%)이상변경,20220210800465,GS,20220210,유
KOSPI,00103510,인지컨트롤스,023800,단일판매ㆍ공급계약체결,20220210800475,인지컨트롤스,20220210,유
KOSPI,00500254,GS,078930,현금ㆍ현물배당결정,20220210800481,GS,20220210,유
KOSPI,00102432,계룡건설산업,013580,매출액또는손익구조30%(대규모법인은15%)이상변경,20220210800487,계룡건설산업,20220210,유
KOSPI,00113410,CJ대한통운,000120,[기재정정]기업설명회(IR)개최(안내공시),20220210800488,CJ대한통운,20220210,유
KOSPI,00299002,HL홀딩스,060980,기업설명회(IR)개최(안내공시),20220210800494,HL홀딩스,20220210,유
KOSPI,00106669,세아베스틸지주,001430,대표이사(대표집행임원)변경(안내공시),20220210800498,세아베스틸지주,20220210,유
KOSPI,00114792,동국홀딩스,001230,매출액또는손익구조30%(대규모법인은15%)이상변경,20220210800509,동국홀딩스,20220210,유정
KOSPI,00150244,하이트진로,000080,매출액또는손익구조30%(대규모법인은15%)이상변경,20220210800522,하이트진로,20220210,유정
KOSPI,00106669,세아베스틸지주,001430,기타경영사항(자율공시),20220210800527,세아베스틸지주,20220210,유
KOSPI,00114792,동국홀딩스,001230,현금ㆍ현물배당결정,20220210800531,동국홀딩스,20220210,유
KOSPI,00106669,세아베스틸지주,001430,매출액또는손익구조30%(대규모법인은15%)이상변경,20220210800533,세아베스틸지주,20220210,유
KOSPI,00367844,자이에스앤디,317400,타법인주식및출자증권취득결정,20220210800536,자이에스앤디,20220210,유
KOSPI,00367844,자이에스앤디,317400,현금ㆍ현물배당결정,20220210800537,자이에스앤디,20220210,유
KOSPI,00102432,계룡건설산업,013580,현금ㆍ현물배당결정,20220210800541,계룡건설산업,20220210,유
KOSPI,00161125,한온시스템,018880,연결재무제표기준영업(잠정)실적(공정공시),20220210800543,한온시스템,20220210,유정
KOSPI,00148993,하이트진로홀딩스,000140,매출액또는손익구조30%(대규모법인은15%)이상변경,20220210800546,하이트진로홀딩스,20220210,유정
KOSPI,00377610,세아홀딩스,058650,[첨부정정]주요사항보고서(회사분할결정)(자회사의 주요경영사항),20220210800553,세아홀딩스,20220210,유
KOSPI,00106669,세아베스틸지주,001430,주주총회소집결의,20220210800557,세아베스틸지주,20220210,유
KOSPI,00106669,세아베스틸지주,001430,현금ㆍ현물배당결정,20220210800561,세아베스틸지주,20220210,유
KOSPI,00161125,한온시스템,018880,매출액또는손익구조30%(대규모법인은15%)이상변경,20220210800562,한온시스템,20220210,유
KOSPI,00138516,아남전자,008700,주주총회소집결의,20220210800571,아남전자,20220210,유
KOSPI,00138516,아남전자,008700,매출액또는손익구조30%(대규모법인은15%)이상변경,20220210800577,아남전자,20220210,유
KOSPI,00153339,태경산업,015890,매출액또는손익구조30%(대규모법인은15%)이상변경,20220210800583,태경산업,20220210,유
KOSPI,00148993,하이트진로홀딩스,000140,매출액또는손익구조30%(대규모법인은15%)이상변경(자회사의 주요경영사항),20220210800584,하이트진로홀딩스,20220210,유정
KOSPI,00377610,세아홀딩스,058650,매출액또는손익구조30%(대규모법인은15%)이상변경(자회사의 주요경영사항),20220210800593,세아홀딩스,20220210,유
KOSPI,00161125,한온시스템,018880,현금ㆍ현물배당결정,20220210800605,한온시스템,20220210,유
KOSPI,00113562,롯데손해보험,000400,결산실적공시예고(안내공시),20220210800607,롯데손해보험,20220210,유
KOSPI,00161125,한온시스템,018880,현금ㆍ현물배당을위한주주명부폐쇄(기준일)결정,20220210800608,한온시스템,20220210,유
KOSPI,00124799,사조산업,007160,최대주주등소유주식변동신고서,20220210800609,사조산업,20220210,유
KOSPI,00161125,한온시스템,018880,주주총회소집결의,20220210800613,한온시스템,20220210,유정
KOSPI,00377610,세아홀딩스,058650,현금ㆍ현물배당결정(자회사의 주요경영사항),20220210800616,세아홀딩스,20220210,유
KOSPI,00153339,태경산업,015890,현금ㆍ현물배당결정,20220210800619,태경산업,20220210,유
KOSPI,00878915,iM금융지주,139130,상각형조건부자본증권발행결정(자회사의 주요경영사항),20220210800626,iM금융지주,20220210,유정
KOSPI,00153861,태영건설,009410,타인에대한채무보증결정,20220210800633,태영건설,20220210,유
KOSPI,00377610,세아홀딩스,058650,주요사항보고서(자기주식취득신탁계약체결결정)(자회사의 주요경영사항),20220210800634,세아홀딩스,20220210,유
KOSPI,00855163,미원화학,134380,최대주주등소유주식변동신고서,20220210800635,미원화학,20220210,유
KOSPI,00547583,하나금융지주,086790,연결재무제표기준영업(잠정)실적(공정공시),20220210800637,하나금융지주,20220210,유
KOSPI,00153861,태영건설,009410,타인에대한채무보증결정,20220210800639,태영건설,20220210,유
KOSPI,00878915,iM금융지주,139130,매출액또는손익구조30%(대규모법인은15%)이상변경(자회사의 주요경영사항),20220210800640,iM금융지주,20220210,유
KOSPI,00113191,코리안리,003690,영업(잠정)실적(공정공시),20220210800641,코리안리,20220210,유
KOSPI,00878915,iM금융지주,139130,매출액또는손익구조30%(대규모법인은15%)이상변경(자회사의 주요경영사항),20220210800644,iM금융지주,20220210,유
KOSPI,01263022,BGF리테일,282330,연결재무제표기준영업(잠정)실적(공정공시),20220210800645,BGF리테일,20220210,유
KOSPI,00219097,BGF,027410,연결재무제표기준영업(잠정)실적(공정공시),20220210800646,BGF,20220210,유
KOSPI,00547583,하나금융지주,086790,연결재무제표기준영업(잠정)실적(공정공시)(자회사의 주요경영사항),20220210800647,하나금융지주,20220210,유
KOSPI,01009789,코스맥스,192820,투자판단관련주요경영사항(특허권 취득),20220210800649,코스맥스,20220210,유
KOSPI,00878915,iM금융지주,139130,매출액또는손익구조30%(대규모법인은15%)이상변경,20220210800650,iM금융지주,20220210,유
KOSPI,00547583,하나금융지주,086790,연결재무제표기준영업(잠정)실적(공정공시)(자회사의 주요경영사항),20220210800652,하나금융지주,20220210,유
KOSPI,00113191,코리안리,003690,현금ㆍ현물배당결정,20220210800653,코리안리,20220210,유
KOSPI,00118345,디아이동일,001530,매출액또는손익구조30%(대규모법인은15%)이상변경,20220210800654,디아이동일,20220210,유
KOSPI,00547583,하나금융지주,086790,매출액또는손익구조30%(대규모법인은15%)이상변경,20220210800656,하나금융지주,20220210,유
KOSPI,00547583,하나금융지주,086790,매출액또는손익구조30%(대규모법인은15%)이상변경(자회사의 주요경영사항),20220210800658,하나금융지주,20220210,유
KOSPI,00858364,BNK금융지주,138930,연결재무제표기준영업(잠정)실적(공정공시),20220210800659,BNK금융지주,20220210,유
KOSPI,00547583,하나금융지주,086790,매출액또는손익구조30%(대규모법인은15%)이상변경(자회사의 주요경영사항),20220210800664,하나금융지주,20220210,유
KOSPI,00828497,한미약품,128940,최대주주등소유주식변동신고서,20220210800666,한미약품,20220210,유
KOSPI,00858364,BNK금융지주,138930,연결재무제표기준영업실적등에대한전망(공정공시),20220210800669,BNK금융지주,20220210,유
KOSPI,01497869,티와이홀딩스,363280,매출액또는손익구조30%(대규모법인은15%)이상변경,20220210800671,티와이홀딩스,20220210,유정
KOSPI,00219574,코스맥스비티아이,044820,투자판단관련주요경영사항(자회사의 주요경영사항)(특허권 취득),20220210800673,코스맥스비티아이,20220210,유
KOSPI,00120562,롯데지주,004990,[기재정정]기타경영사항(자율공시),20220210800679,롯데지주,20220210,유
KOSPI,00760971,크래프톤,259960,연결재무제표기준영업(잠정)실적(공정공시),20220210800682,크래프톤,20220210,유
KOSPI,01263022,BGF리테일,282330,매출액또는손익구조30%(대규모법인은15%)이상변경,20220210800683,BGF리테일,20220210,유
KOSPI,00219097,BGF,027410,매출액또는손익구조30%(대규모법인은15%)이상변경,20220210800685,BGF,20220210,유
KOSPI,00428729,대호에이엘,069460,전환가액ㆍ신주인수권행사가액ㆍ교환가액의조정(안내공시),20220210800686,대호에이엘,20220210,유
KOSPI,00219097,BGF,027410,매출액또는손익구조30%(대규모법인은15%)이상변경(자회사의 주요경영사항),20220210800700,BGF,20220210,유
KOSPI,00120562,롯데지주,004990,매출액또는손익구조30%(대규모법인은15%)이상변경,20220210800702,롯데지주,20220210,유
KOSPI,00432102,한국금융지주,071050,매출액또는손익구조30%(대규모법인은15%)이상변경,20220210800703,한국금융지주,20220210,유
KOSPI,00684714,풍산,103140,최대주주등소유주식변동신고서,20220210800704,풍산,20220210,유
KOSPI,01263022,BGF리테일,282330,현금ㆍ현물배당결정,20220210800714,BGF리테일,20220210,유
KOSPI,00432102,한국금융지주,071050,매출액또는손익구조30%(대규모법인은15%)이상변경(자회사의 주요경영사항),20220210800716,한국금융지주,20220210,유
KOSPI,00219097,BGF,027410,현금ㆍ현물배당결정,20220210800721,BGF,20220210,유
KOSPI,00148540,CJ,001040,매출액또는손익구조30%(대규모법인은15%)이상변동(자회사의 주요경영사항),20220210800722,CJ,20220210,유
KOSPI,00547583,하나금융지주,086790,현금ㆍ현물배당결정,20220210800723,하나금융지주,20220210,유
KOSPI,01497869,티와이홀딩스,363280,타인에대한채무보증결정(자회사의 주요경영사항),20220210800724,티와이홀딩스,20220210,유
KOSPI,00858364,BNK금융지주,138930,현금ㆍ현물배당결정,20220210800726,BNK금융지주,20220210,유
KOSPI,00148939,조광피혁,004700,매출액또는손익구조30%(대규모법인은15%)이상변경,20220210800735,조광피혁,20220210,유정
KOSPI,01497869,티와이홀딩스,363280,타인에대한채무보증결정(자회사의 주요경영사항),20220210800736,티와이홀딩스,20220210,유
KOSPI,00878915,iM금융지주,139130,현금ㆍ현물배당결정,20220210800741,iM금융지주,20220210,유
KOSPI,00219097,BGF,027410,현금ㆍ현물배당결정(자회사의 주요경영사항),20220210800742,BGF,20220210,유
KOSPI,00148540,CJ,001040,현금ㆍ현물배당결정(자회사의 주요경영사항),20220210800743,CJ,20220210,유정
KOSPI,00858364,BNK금융지주,138930,매출액또는손익구조30%(대규모법인은15%)이상변경,20220210800752,BNK금융지주,20220210,유
KOSPI,00112332,미래에셋생명,085620,현금ㆍ현물배당결정,20220210800762,미래에셋생명,20220210,유
KOSPI,00587466,KPX홀딩스,092230,매출액또는손익구조30%(대규모법인은15%)이상변경,20220210800763,KPX홀딩스,20220210,유
KOSPI,00120021,LG,003550,현금ㆍ현물배당결정,20220210800768,LG,20220210,유
KOSPI,00587466,KPX홀딩스,092230,현금ㆍ현물배당결정,20220210800771,KPX홀딩스,20220210,유
KOSPI,00547583,하나금융지주,086790,현금ㆍ현물배당결정(자회사의 주요경영사항),20220210800779,하나금융지주,20220210,유
KOSPI,00120021,LG,003550,매출액또는손익구조30%(대규모법인은15%)이상변경,20220210800782,LG,20220210,유
KOSPI,00878915,iM금융지주,139130,현금ㆍ현물배당결정(자회사의 주요경영사항),20220210800791,iM금융지주,20220210,유
KOSPI,00120562,롯데지주,004990,현금ㆍ현물배당결정,20220210800799,롯데지주,20220210,유
KOSPI,00161125,한온시스템,018880,[기재정정]연결재무제표기준영업(잠정)실적(공정공시),20220210800808,한온시스템,20220210,유
KOSPI,00760971,크래프톤,259960,주주총회소집결의,20220210800811,크래프톤,20220210,유
KOSPI,00992871,종근당,185750,매출액또는손익구조30%(대규모법인은15%)이상변경,20220210800831,종근당,20220210,유정
KOSPI,00131780,SK네트웍스,001740,매출액또는손익구조30%(대규모법인은15%)이상변경,20220210800836,SK네트웍스,20220210,유정
KOSPI,00123781,부국철강,026940,매출액또는손익구조30%(대규모법인은15%)이상변경,20220210800841,부국철강,20220210,유
KOSPI,00161426,한미사이언스,008930,최대주주등소유주식변동신고서,20220210800844,한미사이언스,20220210,유
KOSPI,00123781,부국철강,026940,현금ㆍ현물배당결정,20220210800845,부국철강,20220210,유
KOSPI,01316254,HS효성첨단소재,298050,최대주주등소유주식변동신고서,20220210800848,HS효성첨단소재,20220210,유
KOSPI,00131780,SK네트웍스,001740,현금ㆍ현물배당결정,20220210800850,SK네트웍스,20220210,유
KOSPI,00149354,종근당홀딩스,001630,매출액또는손익구조30%(대규모법인은15%)이상변경(자회사의 주요경영사항),20220210800857,종근당홀딩스,20220210,유정
KOSPI,00878915,iM금융지주,139130,기업설명회(IR)개최(안내공시),20220210800859,iM금융지주,20220210,유
KOSPI,00123143,보령,003850,영업(잠정)실적(공정공시),20220210800860,보령,20220210,유
KOSPI,00164973,현대해상,001450,매출액또는손익구조30%(대규모법인은15%)이상변경,20220210800871,현대해상,20220210,유
KOSPI,00120021,LG,003550,연결재무제표기준영업(잠정)실적(공정공시),20220210800883,LG,20220210,유
KOSPI,00176914,다우기술,023590,최대주주등소유주식변동신고서,20220210800886,다우기술,20220210,유
KOSPI,00156859,다올투자증권,030210,최대주주등소유주식변동신고서,20220210800891,다올투자증권,20220210,유
KOSPI,00149354,종근당홀딩스,001630,매출액또는손익구조30%(대규모법인은15%)이상변경,20220210800903,종근당홀딩스,20220210,유
KOSPI,00760971,크래프톤,259960,기타경영사항(자율공시),20220210800906,크래프톤,20220210,유
KOSPI,01436558,신한서부티엔디리츠,404990,매출액또는손익구조30%(대규모법인은15%)이상변경,20220210800917,신한서부티엔디리츠,20220210,유
KOSPI,00852087,시디즈,134790,현금ㆍ현물배당결정,20220210800929,시디즈,20220210,유
KOSPI,01316236,효성화학,298000,최대주주등소유주식변동신고서,20220210800932,효성화학,20220210,유
KOSPI,00129350,삼화콘덴서공업,001820,매출액또는손익구조30%(대규모법인15%)미만변경(자율공시),20220210800940,삼화콘덴서공업,20220210,유
KOSPI,00131850,SK증권,001510,[기재정정]타법인주식및출자증권취득결정,20220210800941,SK증권,20220210,유
KOSPI,00426086,티케이지휴켐스,069260,연결재무제표기준영업(잠정)실적(공정공시),20220210800944,티케이지휴켐스,20220210,유
KOSPI,00190321,케이티,030200,최대주주등소유주식변동신고서,20220210800947,케이티,20220210,유
KOSPI,00137252,사조동아원,008040,매매거래정지및정지해제(중요내용공시),20220210800968,유가증권시장본부,20220210,유
KOSPI,00149354,종근당홀딩스,001630,주요사항보고서(자기주식취득신탁계약체결결정)(자회사의 주요경영사항),20220210800977,종근당홀딩스,20220210,유
KOSPI,00164973,현대해상,001450,현금ㆍ현물배당결정,20220210800978,현대해상,20220210,유
KOSPI,00155531,풍산홀딩스,005810,최대주주등소유주식변동신고서,20220210800985,풍산홀딩스,20220210,유
KOSPI,00169048,HLB글로벌,003580,매출액또는손익구조30%(대규모법인은15%)이상변경,20220210800986,HLB글로벌,20220210,유
KOSPI,00161709,퍼시스,016800,주주총회소집결의,20220210800993,퍼시스,20220210,유
KOSPI,00142883,우신시스템,017370,매출액또는손익구조30%(대규모법인은15%)이상변경,20220210800994,우신시스템,20220210,유정
KOSPI,00128555,삼천리,004690,최대주주등소유주식변동신고서,20220210800996,삼천리,20220210,유
KOSPI,01258507,롯데웰푸드,280360,최대주주등소유주식변동신고서,20220210800997,롯데웰푸드,20220210,유
KOSPI,00161709,퍼시스,016800,현금ㆍ현물배당결정,20220210800999,퍼시스,20220210,유
KOSPI,00107987,남해화학,025860,매출액또는손익구조30%(대규모법인은15%)이상변경,20220210801006,남해화학,20220210,유정
KOSPI,00161709,퍼시스,016800,매출액또는손익구조30%(대규모법인은15%)이상변경,20220210801010,퍼시스,20220210,유
KOSPI,00101220,KG케미칼,001390,최대주주등소유주식변동신고서,20220210801013,KG케미칼,20220210,유
KOSPI,00628189,웅진씽크빅,095720,연결재무제표기준영업(잠정)실적(공정공시),20220210801014,웅진씽크빅,20220210,유
KOSPI,00159209,한전기술,052690,주주총회소집결의,20220210801021,한전기술,20220210,유
KOSPI,00159209,한전기술,052690,매출액또는손익구조30%(대규모법인은15%)이상변경,20220210801024,한전기술,20220210,유
KOSPI,00129280,삼화전자공업,011230,매출액또는손익구조30%(대규모법인은15%)이상변경,20220210801027,삼화전자공업,20220210,유정
KOSPI,00852087,시디즈,134790,주주총회소집결의,20220210801031,시디즈,20220210,유
KOSPI,00124540,대우건설,047040,[기재정정]주주총회소집결의,20220210801037,대우건설,20220210,유
KOSPI,00147860,에스엠벡셀,010580,[기재정정]주주총회소집결의,20220210801040,에스엠벡셀,20220210,유
KOSPI,00855163,미원화학,134380,현금ㆍ현물배당결정,20220210801048,미원화학,20220210,유
KOSPI,00855163,미원화학,134380,주주총회소집결의,20220210801057,미원화학,20220210,유
KOSPI,00191472,KPX케미칼,025000,매출액또는손익구조30%(대규모법인은15%)이상변경,20220210801059,KPX케미칼,20220210,유
KOSPI,00628189,웅진씽크빅,095720,매출액또는손익구조30%(대규모법인은15%)이상변경,20220210801067,웅진씽크빅,20220210,유
KOSPI,00191472,KPX케미칼,025000,현금ㆍ현물배당결정,20220210801071,KPX케미칼,20220210,유
KOSPI,00587466,KPX홀딩스,092230,현금ㆍ현물배당결정(자회사의 주요경영사항),20220210801072,KPX홀딩스,20220210,유
KOSPI,00593032,LF,093050,매출액또는손익구조30%(대규모법인은15%)이상변경,20220210801081,LF,20220210,유
KOSPI,00112970,대한방직,001070,매출액또는손익구조30%(대규모법인은15%)이상변경,20220210801082,대한방직,20220210,유
KOSPI,00587466,KPX홀딩스,092230,매출액또는손익구조30%(대규모법인은15%)이상변경(자회사의 주요경영사항),20220210801087,KPX홀딩스,20220210,유
KOSPI,00137359,신풍제약,019170,매출액또는손익구조30%(대규모법인은15%)이상변경,20220210801091,신풍제약,20220210,유정
KOSPI,00255619,강원랜드,035250,매출액또는손익구조30%(대규모법인은15%)이상변경,20220210801100,강원랜드,20220210,유
KOSPI,00117188,효성,004800,최대주주등소유주식변동신고서,20220210801106,효성,20220210,유
KOSPI,00172936,동일산업,004890,매출액또는손익구조30%(대규모법인은15%)이상변경,20220210801111,동일산업,20220210,유
KOSPI,00126380,삼성전자,005930,최대주주등소유주식변동신고서,20220210801116,삼성전자,20220210,유
KOSPI,00628189,웅진씽크빅,095720,현금ㆍ현물배당결정,20220210801122,웅진씽크빅,20220210,유
KOSPI,00107987,남해화학,025860,[기재정정]매출액또는손익구조30%(대규모법인은15%)이상변경,20220210801127,남해화학,20220210,유
KOSPI,00426086,티케이지휴켐스,069260,매출액또는손익구조30%(대규모법인은15%)이상변경,20220210801135,티케이지휴켐스,20220210,유
KOSPI,01267170,SK케미칼,285130,영업(잠정)실적(공정공시),20220210801145,SK케미칼,20220210,유
KOSPI,00593032,LF,093050,현금ㆍ현물배당결정,20220210801148,LF,20220210,유
KOSPI,00628189,웅진씽크빅,095720,기업설명회(IR)개최(안내공시),20220210801152,웅진씽크빅,20220210,유
KOSPI,01205329,크라운제과,264900,현금ㆍ현물배당결정,20220210801154,크라운제과,20220210,유
KOSPI,00153126,크라운해태홀딩스,005740,현금ㆍ현물배당결정(자회사의 주요경영사항),20220210801155,크라운해태홀딩스,20220210,유
KOSPI,00151395,천일고속,000650,매출액또는손익구조30%(대규모법인은15%)이상변경,20220210801161,천일고속,20220210,유
KOSPI,00266961,NAVER,035420,[첨부정정]기업지배구조보고서공시,20220210801163,NAVER,20220210,유
KOSPI,01205329,크라운제과,264900,주주총회소집결의,20220210801166,크라운제과,20220210,유
KOSPI,00209780,케이씨,029460,주주총회소집결의,20220210801174,케이씨,20220210,유
KOSPI,01205329,크라운제과,264900,매출액또는손익구조30%(대규모법인은15%)이상변경,20220210801176,크라운제과,20220210,유
KOSPI,00138792,아시아나항공,020560,결산실적공시예고(안내공시),20220210801178,아시아나항공,20220210,유
KOSPI,00593032,LF,093050,주주총회소집결의,20220210801179,LF,20220210,유
KOSPI,00231372,롯데관광개발,032350,매출액또는손익구조30%(대규모법인은15%)이상변경,20220210801183,롯데관광개발,20220210,유
KOSPI,00129420,까뮤이앤씨,013700,매출액또는손익구조30%(대규모법인은15%)이상변경,20220210801186,까뮤이앤씨,20220210,유정
KOSPI,01267170,SK케미칼,285130,연결재무제표기준영업(잠정)실적(공정공시),20220210801187,SK케미칼,20220210,유
KOSPI,00121969,에쓰씨엔지니어링,023960,[기재정정]단일판매ㆍ공급계약체결,20220210801190,에쓰씨엔지니어링,20220210,유정
KOSPI,01316227,효성티앤씨,298020,최대주주등소유주식변동신고서,20220210801193,효성티앤씨,20220210,유
KOSPI,00153393,태광산업,003240,매출액또는손익구조30%(대규모법인은15%)이상변경,20220210801204,태광산업,20220210,유정
KOSPI,00145190,유화증권,003460,매출액또는손익구조30%(대규모법인은15%)이상변경,20220210801205,유화증권,20220210,유
KOSPI,00149026,CS홀딩스,000590,연결재무제표기준영업(잠정)실적(공정공시),20220210801213,CS홀딩스,20220210,유정
KOSPI,00255619,강원랜드,035250,연결재무제표기준영업(잠정)실적(공정공시),20220210801214,강원랜드,20220210,유
KOSPI,00149026,CS홀딩스,000590,영업(잠정)실적(공정공시)(자회사의 주요경영사항),20220210801217,CS홀딩스,20220210,유정
KOSPI,00149026,CS홀딩스,000590,영업(잠정)실적(공정공시)(자회사의 주요경영사항),20220210801218,CS홀딩스,20220210,유정
KOSPI,00209780,케이씨,029460,현금ㆍ현물배당결정,20220210801220,케이씨,20220210,유
KOSPI,00140168,HS애드,035000,수시공시의무관련사항(공정공시),20220210801222,HS애드,20220210,유
KOSPI,00118026,동원산업,006040,현금ㆍ현물배당결정,20220210801227,동원산업,20220210,유
KOSPI,00152880,코오롱글로벌,003070,금전대여결정,20220210801228,코오롱글로벌,20220210,유
KOSPI,00152862,코오롱,002020,금전대여결정(자회사의 주요경영사항),20220210801229,코오롱,20220210,유
KOSPI,00937324,한국타이어앤테크놀로지,161390,결산실적공시예고(안내공시),20220210801231,한국타이어앤테크놀로지,20220210,유
KOSPI,00140168,HS애드,035000,현금ㆍ현물배당결정,20220210801232,HS애드,20220210,유
KOSPI,00153126,크라운해태홀딩스,005740,매출액또는손익구조30%(대규모법인은15%)이상변경(자회사의 주요경영사항),20220210801234,크라운해태홀딩스,20220210,유
KOSPI,00796994,조선선재,120030,영업(잠정)실적(공정공시),20220210801235,조선선재,20220210,유정
KOSPI,00140168,HS애드,035000,연결재무제표기준영업(잠정)실적(공정공시),20220210801239,HS애드,20220210,유
KOSPI,00118026,동원산업,006040,매출액또는손익구조30%(대규모법인은15%)이상변경,20220210801241,동원산업,20220210,유정
KOSPI,00872984,이마트,139480,유상증자결정(종속회사의주요경영사항),20220210801242,이마트,20220210,유
KOSPI,00120021,LG,003550,기업설명회(IR)개최(안내공시),20220210801243,LG,20220210,유
KOSPI,00760971,크래프톤,259960,타법인주식및출자증권취득결정(자율공시),20220210801245,크래프톤,20220210,유
KOSPI,00115977,아이에스동서,010780,매출액또는손익구조30%(대규모법인은15%)이상변경,20220210801246,아이에스동서,20220210,유정
KOSPI,00120021,LG,003550,기업설명회(IR)개최(안내공시),20220210801250,LG,20220210,유
KOSPI,00500254,GS,078930,타법인주식및출자증권취득결정,20220210801252,GS,20220210,유정
KOSPI,00115977,아이에스동서,010780,연결재무제표기준영업(잠정)실적(공정공시),20220210801255,아이에스동서,20220210,유정
KOSPI,00872984,이마트,139480,기업설명회(IR)개최(안내공시),20220210801257,이마트,20220210,유
KOSPI,01267170,SK케미칼,285130,매출액또는손익구조30%(대규모법인은15%)이상변경,20220210801258,SK케미칼,20220210,유
KOSPI,00137207,유니켐,011330,전환가액ㆍ신주인수권행사가액ㆍ교환가액의조정(안내공시),20220210801260,유니켐,20220210,유
KOSPI,00115977,아이에스동서,010780,기업설명회(IR)개최(안내공시),20220210801262,아이에스동서,20220210,유
KOSPI,00426086,티케이지휴켐스,069260,현금ㆍ현물배당결정,20220210801263,티케이지휴켐스,20220210,유
KOSPI,00255619,강원랜드,035250,기업설명회(IR)개최(안내공시),20220210801266,강원랜드,20220210,유
KOSPI,00149026,CS홀딩스,000590,매출액또는손익구조30%(대규모법인은15%)이상변경,20220210801269,CS홀딩스,20220210,유정
KOSPI,00796994,조선선재,120030,매출액또는손익구조30%(대규모법인은15%)이상변경,20220210801270,조선선재,20220210,유정
KOSPI,00149026,CS홀딩스,000590,매출액또는손익구조30%(대규모법인은15%)이상변경(자회사의 주요경영사항),20220210801276,CS홀딩스,20220210,유정
KOSPI,00980122,JB금융지주,175330,현금ㆍ현물배당결정(자회사의 주요경영사항),20220210801277,JB금융지주,20220210,유
KOSPI,00980122,JB금융지주,175330,현금ㆍ현물배당결정(자회사의 주요경영사항),20220210801283,JB금융지주,20220210,유
KOSPI,01234297,미원에스씨,268280,최대주주등소유주식변동신고서,20220210801286,미원에스씨,20220210,유
KOSPI,00980122,JB금융지주,175330,현금ㆍ현물배당결정(자회사의 주요경영사항),20220210801291,JB금융지주,20220210,유
KOSPI,00426086,티케이지휴켐스,069260,기업설명회(IR)개최(안내공시),20220210801296,티케이지휴켐스,20220210,유
KOSPI,00131832,SK디스커버리,006120,매출액또는손익구조30%(대규모법인은15%)이상변경(자회사의 주요경영사항),20220210801310,SK디스커버리,20220210,유
KOSPI,01267170,SK케미칼,285130,현금ㆍ현물배당결정,20220210801313,SK케미칼,20220210,유
KOSPI,00131832,SK디스커버리,006120,현금ㆍ현물배당결정(자회사의 주요경영사항),20220210801314,SK디스커버리,20220210,유
KOSPI,00149026,CS홀딩스,000590,매출액또는손익구조30%(대규모법인은15%)이상변경(자회사의 주요경영사항),20220210801325,CS홀딩스,20220210,유정
KOSPI,01267170,SK케미칼,285130,기업설명회(IR)개최(안내공시),20220210801327,SK케미칼,20220210,유
KOSPI,00140168,HS애드,035000,매출액또는손익구조30%(대규모법인은15%)이상변경,20220210801337,HS애드,20220210,유
KOSPI,00146296,일신석재,007110,매출액또는손익구조30%(대규모법인은15%)이상변경,20220210801340,일신석재,20220210,유정
KOSPI,00149026,CS홀딩스,000590,매출액또는손익구조30%(대규모법인은15%)이상변경(자회사의 주요경영사항),20220210801345,CS홀딩스,20220210,유정
KOSPI,00111999,대원제약,003220,매출액또는손익구조30%(대규모법인은15%)이상변경,20220210801354,대원제약,20220210,유
KOSPI,00760971,크래프톤,259960,최대주주등소유주식변동신고서,20220210801355,크래프톤,20220210,유
KOSPI,00753643,주성코퍼레이션,109070,[기재정정]주주총회소집결의,20220210801372,주성코퍼레이션,20220210,유정
KOSPI,00753643,주성코퍼레이션,109070,타법인주식및출자증권처분결정,20220210801385,주성코퍼레이션,20220210,유
KOSPI,00146296,일신석재,007110,[기재정정]매출액또는손익구조30%(대규모법인은15%)이상변경,20220210801409,일신석재,20220210,유
KOSPI,00753643,주성코퍼레이션,109070,주주총회소집공고,20220210000736,주성코퍼레이션,20220211,
KOSPI,00753643,주성코퍼레이션,109070,의결권대리행사권유참고서류,20220210000738,주성코퍼레이션,20220211,
KOSPI,01350869,우리금융지주,316140,[기재정정]주요사항보고서(상각형조건부자본증권발행결정),20220211000020,우리금융지주,20220211,
KOSPI,01350869,우리금융지주,316140,[기재정정]증권신고서(채무증권),20220211000036,우리금융지주,20220211,정
KOSPI,01350869,우리금융지주,316140,[발행조건확정]증권신고서(채무증권),20220211000045,우리금융지주,20220211,
KOSPI,01390344,HD현대중공업,329180,동일인등출자계열회사와의상품ㆍ용역거래변경,20220211000055,HD현대중공업,20220211,공
KOSPI,00162461,한화솔루션,009830,동일인등출자계열회사와의상품ㆍ용역거래변경,20220211000062,한화솔루션,20220211,공
KOSPI,00162461,한화솔루션,009830,동일인등출자계열회사와의상품ㆍ용역거래변경,20220211000068,한화솔루션,20220211,공
KOSPI,00447609,비에이치,090460,임원ㆍ주요주주특정증권등소유상황보고서,20220211000092,이경환,20220211,
KOSPI,00218575,황금에스티,032560,주요사항보고서(무상증자결정),20220211000093,황금에스티,20220211,정
KOSPI,00110893,대신증권,003540,증권발행실적보고서,20220211000100,대신증권,20220211,
KOSPI,00110893,대신증권,003540,증권발행실적보고서,20220211000102,대신증권,20220211,
KOSPI,00120182,NH투자증권,005940,일괄신고추가서류(파생결합증권-주가연계증권),20220211000103,NH투자증권,20220211,
KOSPI,00120182,NH투자증권,005940,투자설명서(일괄신고),20220211000110,NH투자증권,20220211,
KOSPI,00117337,동양,001520,동일인등출자계열회사와의상품ㆍ용역거래변경,20220211000119,동양,20220211,공
KOSPI,00135795,신도리코,029530,신탁계약에의한취득상황보고서,20220211000121,신도리코,20220211,
KOSPI,00156859,다올투자증권,030210,주식등의대량보유상황보고서(일반),20220211000126,이병철,20220211,
KOSPI,00113359,교보증권,030610,[기재정정]일괄신고추가서류(파생결합증권-주가연계증권),20220211000138,교보증권,20220211,
KOSPI,00296290,키움증권,039490,증권발행실적보고서,20220211000141,키움증권,20220211,
KOSPI,00113359,교보증권,030610,[기재정정]투자설명서(일괄신고),20220211000142,교보증권,20220211,
KOSPI,00296290,키움증권,039490,증권발행실적보고서,20220211000150,키움증권,20220211,
KOSPI,00296290,키움증권,039490,증권발행실적보고서,20220211000160,키움증권,20220211,
KOSPI,00104856,삼성증권,016360,일괄신고추가서류(파생결합사채-주가연계파생결합사채),20220211000174,삼성증권,20220211,
KOSPI,00105873,LG디스플레이,034220,동일인등출자계열회사와의상품ㆍ용역거래변경,20220211000177,LG디스플레이,20220211,공
KOSPI,00105873,LG디스플레이,034220,동일인등출자계열회사와의상품ㆍ용역거래변경,20220211000181,LG디스플레이,20220211,공
KOSPI,00111722,미래에셋증권,006800,일괄신고추가서류(파생결합증권-주가연계증권),20220211000186,미래에셋증권,20220211,
KOSPI,00218575,황금에스티,032560,[기재정정]주요사항보고서(무상증자결정),20220211000192,황금에스티,20220211,
KOSPI,00113359,교보증권,030610,일괄신고추가서류(파생결합사채-주가연계파생결합사채),20220211000194,교보증권,20220211,
KOSPI,00104856,삼성증권,016360,투자설명서(일괄신고),20220211000214,삼성증권,20220211,
KOSPI,00104856,삼성증권,016360,증권발행실적보고서,20220211000220,삼성증권,20220211,
KOSPI,00266961,NAVER,035420,임원ㆍ주요주주특정증권등소유상황보고서,20220211000228,한석주,20220211,
KOSPI,00266961,NAVER,035420,임원ㆍ주요주주특정증권등소유상황보고서,20220211000232,나군호,20220211,
KOSPI,00266961,NAVER,035420,임원ㆍ주요주주특정증권등소유상황보고서,20220211000233,정상혁,20220211,
KOSPI,00113359,교보증권,030610,증권발행실적보고서,20220211000237,교보증권,20220211,
KOSPI,00104856,삼성증권,016360,증권발행실적보고서,20220211000238,삼성증권,20220211,
KOSPI,00156859,다올투자증권,030210,임원ㆍ주요주주특정증권등소유상황보고서,20220211000241,이병철,20220211,
KOSPI,00104856,삼성증권,016360,증권발행실적보고서,20220211000243,삼성증권,20220211,
KOSPI,00156859,다올투자증권,030210,임원ㆍ주요주주특정증권등소유상황보고서,20220211000246,최석종,20220211,
KOSPI,00156859,다올투자증권,030210,임원ㆍ주요주주특정증권등소유상황보고서,20220211000252,이창근,20220211,
KOSPI,00156859,다올투자증권,030210,임원ㆍ주요주주특정증권등소유상황보고서,20220211000258,장정욱,20220211,
KOSPI,00111722,미래에셋증권,006800,투자설명서(일괄신고),20220211000262,미래에셋증권,20220211,
KOSPI,00156859,다올투자증권,030210,임원ㆍ주요주주특정증권등소유상황보고서,20220211000265,안태우,20220211,
KOSPI,00156859,다올투자증권,030210,임원ㆍ주요주주특정증권등소유상황보고서,20220211000271,전수광,20220211,
KOSPI,00296290,키움증권,039490,증권발행실적보고서,20220211000275,키움증권,20220211,
KOSPI,00113359,교보증권,030610,투자설명서(일괄신고),20220211000281,교보증권,20220211,
KOSPI,00156859,다올투자증권,030210,임원ㆍ주요주주특정증권등소유상황보고서,20220211000282,양병삼,20220211,
KOSPI,00156859,다올투자증권,030210,임원ㆍ주요주주특정증권등소유상황보고서,20220211000285,전상원,20220211,
KOSPI,01596425,SK스퀘어,402340,임원ㆍ주요주주특정증권등소유상황보고서,20220211000291,윤풍영,20220211,
KOSPI,00156859,다올투자증권,030210,임원ㆍ주요주주특정증권등소유상황보고서,20220211000294,신지윤,20220211,
KOSPI,01596425,SK스퀘어,402340,임원ㆍ주요주주특정증권등소유상황보고서,20220211000297,정재헌,20220211,
KOSPI,01596425,SK스퀘어,402340,임원ㆍ주요주주특정증권등소유상황보고서,20220211000302,나만강,20220211,
KOSPI,01596425,SK스퀘어,402340,임원ㆍ주요주주특정증권등소유상황보고서,20220211000311,김동현,20220211,
KOSPI,00156859,다올투자증권,030210,임원ㆍ주요주주특정증권등소유상황보고서,20220211000313,이경수,20220211,
KOSPI,01596425,SK스퀘어,402340,임원ㆍ주요주주특정증권등소유상황보고서,20220211000316,송재승,20220211,
KOSPI,01596425,SK스퀘어,402340,임원ㆍ주요주주특정증권등소유상황보고서,20220211000318,류병훈,20220211,
KOSPI,00648721,SNT에너지,100840,주주총회소집공고,20220211000319,SNT에너지,20220211,
KOSPI,00134477,SNT다이내믹스,003570,주주총회소집공고,20220211000320,SNT다이내믹스,20220211,
KOSPI,00398792,SNT모티브,064960,주주총회소집공고,20220211000321,SNT모티브,20220211,
KOSPI,01276594,신한알파리츠,293940,반기보고서 (2021.12),20220211000322,신한알파리츠,20220211,
KOSPI,01596425,SK스퀘어,402340,임원ㆍ주요주주특정증권등소유상황보고서,20220211000325,최소정,20220211,
KOSPI,00156859,다올투자증권,030210,임원ㆍ주요주주특정증권등소유상황보고서,20220211000326,곽황영,20220211,
KOSPI,01596425,SK스퀘어,402340,임원ㆍ주요주주특정증권등소유상황보고서,20220211000328,HUH SEOK JOON,20220211,
KOSPI,01596425,SK스퀘어,402340,임원ㆍ주요주주특정증권등소유상황보고서,20220211000332,현은아,20220211,
KOSPI,00150244,하이트진로,000080,동일인등출자계열회사와의상품ㆍ용역거래변경,20220211000335,하이트진로,20220211,공
KOSPI,01596425,SK스퀘어,402340,임원ㆍ주요주주특정증권등소유상황보고서,20220211000337,이헌,20220211,
KOSPI,00161046,한독,002390,주식등의대량보유상황보고서(일반),20220211000343,김영진,20220211,
KOSPI,00115694,DB증권,016610,증권발행실적보고서,20220211000349,DB증권,20220211,
KOSPI,00225159,SNT홀딩스,036530,주주총회소집공고,20220211000350,SNT홀딩스,20220211,
KOSPI,00120182,NH투자증권,005940,증권발행실적보고서,20220211000358,NH투자증권,20220211,
KOSPI,00131850,SK증권,001510,증권발행실적보고서,20220211000367,SK증권,20220211,
KOSPI,00120182,NH투자증권,005940,증권발행실적보고서,20220211000379,NH투자증권,20220211,
KOSPI,00258801,카카오,035720,임원ㆍ주요주주특정증권등소유상황보고서,20220211000382,홍은택,20220211,
KOSPI,00126292,삼성카드,029780,증권발행실적보고서,20220211000389,삼성카드,20220211,
KOSPI,00115694,DB증권,016610,증권발행실적보고서,20220211000392,DB증권,20220211,
KOSPI,00115694,DB증권,016610,증권발행실적보고서,20220211000410,DB증권,20220211,
KOSPI,00115694,DB증권,016610,증권발행실적보고서,20220211000422,DB증권,20220211,
KOSPI,00141477,영흥,012160,주식등의대량보유상황보고서(일반),20220211000447,장세일,20220211,
KOSPI,00127158,씨아이테크,004920,주요사항보고서(전환사채권발행결정),20220211000453,씨아이테크,20220211,
KOSPI,00113359,교보증권,030610,증권발행실적보고서,20220211000463,교보증권,20220211,
KOSPI,00113359,교보증권,030610,증권발행실적보고서,20220211000480,교보증권,20220211,정
KOSPI,00382199,신한지주,055550,임원ㆍ주요주주특정증권등소유상황보고서,20220211000483,조용병,20220211,
KOSPI,00111722,미래에셋증권,006800,증권발행실적보고서,20220211000485,미래에셋증권,20220211,
KOSPI,00111722,미래에셋증권,006800,증권발행실적보고서,20220211000495,미래에셋증권,20220211,
KOSPI,00111722,미래에셋증권,006800,일괄신고추가서류(파생결합증권-주식워런트증권),20220211000500,미래에셋증권,20220211,
KOSPI,00111722,미래에셋증권,006800,일괄신고추가서류(파생결합증권-주가연계증권),20220211000511,미래에셋증권,20220211,
KOSPI,00113058,한화생명,088350,임원ㆍ주요주주특정증권등소유상황보고서,20220211000546,김동욱,20220211,
KOSPI,00105873,LG디스플레이,034220,증권신고서(채무증권),20220211000552,LG디스플레이,20220211,정
KOSPI,01009789,코스맥스,192820,임원ㆍ주요주주특정증권등소유상황보고서,20220211000554,황안순,20220211,
KOSPI,00111722,미래에셋증권,006800,투자설명서(일괄신고),20220211000573,미래에셋증권,20220211,
KOSPI,00120182,NH투자증권,005940,일괄신고추가서류(파생결합증권-주가연계증권),20220211000574,NH투자증권,20220211,
KOSPI,00113359,교보증권,030610,일괄신고추가서류(파생결합증권-주가연계증권),20220211000587,교보증권,20220211,
KOSPI,00142883,우신시스템,017370,주식등의대량보유상황보고서(일반),20220211000588,허우영,20220211,
KOSPI,00113359,교보증권,030610,투자설명서(일괄신고),20220211000597,교보증권,20220211,
KOSPI,00148610,한화투자증권,003530,일괄신고추가서류(파생결합증권-주가연계증권),20220211000598,한화투자증권,20220211,
KOSPI,00142883,우신시스템,017370,임원ㆍ주요주주특정증권등소유상황보고서,20220211000599,허우영,20220211,
KOSPI,00120182,NH투자증권,005940,투자설명서(일괄신고),20220211000601,NH투자증권,20220211,
KOSPI,00111722,미래에셋증권,006800,증권발행실적보고서,20220211000604,미래에셋증권,20220211,
KOSPI,00557508,GKL,114090,주주총회소집공고,20220211000607,GKL,20220211,
KOSPI,00136378,신세계,004170,동일인등출자계열회사와의상품ㆍ용역거래변경,20220211000608,신세계,20220211,공
KOSPI,00113058,한화생명,088350,임원ㆍ주요주주특정증권등소유상황보고서,20220211000611,이병서,20220211,
KOSPI,00104856,삼성증권,016360,증권발행실적보고서,20220211000615,삼성증권,20220211,
KOSPI,00148610,한화투자증권,003530,투자설명서(일괄신고),20220211000626,한화투자증권,20220211,
KOSPI,00111722,미래에셋증권,006800,투자설명서(일괄신고),20220211000629,미래에셋증권,20220211,
KOSPI,00111722,미래에셋증권,006800,일괄신고추가서류(파생결합증권-주식워런트증권),20220211000639,미래에셋증권,20220211,
KOSPI,00111722,미래에셋증권,006800,[기재정정]일괄신고추가서류(파생결합증권-주가연계증권),20220211000640,미래에셋증권,20220211,
KOSPI,00165680,호텔신라,008770,동일인등출자계열회사와의상품ㆍ용역거래변경,20220211000646,호텔신라,20220211,공
KOSPI,00111722,미래에셋증권,006800,[기재정정]투자설명서(일괄신고),20220211000650,미래에셋증권,20220211,
KOSPI,00113359,교보증권,030610,일괄신고추가서류(기타파생결합사채),20220211000655,교보증권,20220211,
KOSPI,00838500,엘브이엠씨,900140,주식등의대량보유상황보고서(일반),20220211000657,오세영,20220211,
KOSPI,00113058,한화생명,088350,임원ㆍ주요주주특정증권등소유상황보고서,20220211000665,엄성민,20220211,
KOSPI,00111722,미래에셋증권,006800,투자설명서(일괄신고),20220211000674,미래에셋증권,20220211,
KOSPI,00109718,사조대림,003960,주식등의대량보유상황보고서(일반),20220211000683,사조산업,20220211,
KOSPI,00111722,미래에셋증권,006800,일괄신고추가서류(파생결합증권-주가연계증권),20220211000690,미래에셋증권,20220211,
KOSPI,00117601,유안타증권,003470,증권발행실적보고서,20220211000692,유안타증권,20220211,
KOSPI,00113359,교보증권,030610,[기재정정]증권발행실적보고서,20220211000697,교보증권,20220211,
KOSPI,00136086,무림페이퍼,009200,주식등의대량보유상황보고서(일반),20220211000699,이동욱,20220211,
KOSPI,00339391,한화시스템,272210,동일인등출자계열회사와의상품ㆍ용역거래변경,20220211000701,한화시스템,20220211,공
KOSPI,00111722,미래에셋증권,006800,투자설명서(일괄신고),20220211000705,미래에셋증권,20220211,
KOSPI,01194689,HD현대마린솔루션,443060,임원의변동,20220211000709,HD현대마린솔루션,20220211,공
KOSPI,00120182,NH투자증권,005940,일괄신고추가서류(파생결합증권-주가연계증권),20220211000716,NH투자증권,20220211,
KOSPI,00111722,미래에셋증권,006800,일괄신고추가서류(파생결합증권-주식워런트증권),20220211000724,미래에셋증권,20220211,
KOSPI,00555874,제주항공,089590,동일인등출자계열회사와의상품ㆍ용역거래변경,20220211000726,제주항공,20220211,공
KOSPI,00339391,한화시스템,272210,임원ㆍ주요주주특정증권등소유상황보고서,20220211000728,김현영,20220211,
KOSPI,00234412,신세계인터내셔날,031430,동일인등출자계열회사와의상품ㆍ용역거래변경,20220211000729,신세계인터내셔날,20220211,공
KOSPI,00120182,NH투자증권,005940,투자설명서(일괄신고),20220211000733,NH투자증권,20220211,
KOSPI,01258507,롯데웰푸드,280360,[기재정정]증권신고서(채무증권),20220211000735,롯데웰푸드,20220211,정
KOSPI,00113526,대한항공,003490,동일인등출자계열회사와의상품ㆍ용역거래변경,20220211000737,대한항공,20220211,공
KOSPI,00111722,미래에셋증권,006800,투자설명서(일괄신고),20220211000738,미래에셋증권,20220211,
KOSPI,01258507,롯데웰푸드,280360,[발행조건확정]증권신고서(채무증권),20220211000744,롯데웰푸드,20220211,정
KOSPI,00339391,한화시스템,272210,임원ㆍ주요주주특정증권등소유상황보고서,20220211000750,박혁,20220211,
KOSPI,00126186,삼성에스디에스,018260,임원ㆍ주요주주특정증권등소유상황보고서,20220211000754,서재일,20220211,
KOSPI,00339391,한화시스템,272210,임원ㆍ주요주주특정증권등소유상황보고서,20220211000763,윤여선,20220211,
KOSPI,00113359,교보증권,030610,일괄신고추가서류(파생결합증권-주가연계증권),20220211000766,교보증권,20220211,
KOSPI,00296290,키움증권,039490,특수관계인에대한출자,20220211000771,키움증권,20220211,공
KOSPI,00860332,메리츠금융지주,138040,[기재정정]증권신고서(채무증권),20220211000774,메리츠금융지주,20220211,정
KOSPI,00113359,교보증권,030610,투자설명서(일괄신고),20220211000775,교보증권,20220211,
KOSPI,00111722,미래에셋증권,006800,일괄신고추가서류(파생결합증권-주식워런트증권),20220211000778,미래에셋증권,20220211,
KOSPI,00113359,교보증권,030610,투자설명서(일괄신고),20220211000779,교보증권,20220211,
KOSPI,00860332,메리츠금융지주,138040,[발행조건확정]증권신고서(채무증권),20220211000782,메리츠금융지주,20220211,
KOSPI,00111722,미래에셋증권,006800,일괄신고추가서류(파생결합증권-주가연계증권),20220211000783,미래에셋증권,20220211,
KOSPI,00296290,키움증권,039490,특수관계인과의수익증권거래,20220211000789,키움증권,20220211,공
KOSPI,00356361,LG화학,051910,동일인등출자계열회사와의상품ㆍ용역거래변경,20220211000790,LG화학,20220211,공
KOSPI,00111722,미래에셋증권,006800,투자설명서(일괄신고),20220211000799,미래에셋증권,20220211,
KOSPI,00356361,LG화학,051910,동일인등출자계열회사와의상품ㆍ용역거래변경,20220211000802,LG화학,20220211,공
KOSPI,00111722,미래에셋증권,006800,투자설명서(일괄신고),20220211000804,미래에셋증권,20220211,
KOSPI,00583424,아모레퍼시픽,090430,[기재정정]합병등종료보고서(합병),20220211000812,아모레퍼시픽,20220211,
KOSPI,00356361,LG화학,051910,동일인등출자계열회사와의상품ㆍ용역거래변경,20220211000815,LG화학,20220211,공
KOSPI,00111722,미래에셋증권,006800,일괄신고추가서류(파생결합증권-주식워런트증권),20220211000821,미래에셋증권,20220211,
KOSPI,00117212,두산,000150,특수관계인에대한자산양도,20220211000825,두산,20220211,공
KOSPI,00161116,HL D&I,014790,특수관계인으로부터채권매수,20220211000826,HL D&I,20220211,공
KOSPI,00111722,미래에셋증권,006800,투자설명서(일괄신고),20220211000827,미래에셋증권,20220211,
KOSPI,00120182,NH투자증권,005940,일괄신고추가서류(파생결합증권-주가연계증권),20220211000829,NH투자증권,20220211,
KOSPI,00583424,아모레퍼시픽,090430,[기재정정]합병등종료보고서(주식의포괄적교환ㆍ이전),20220211000833,아모레퍼시픽,20220211,
KOSPI,00299002,HL홀딩스,060980,특수관계인으로부터채권매수,20220211000835,HL홀딩스,20220211,공
KOSPI,00120182,NH투자증권,005940,투자설명서(일괄신고),20220211000847,NH투자증권,20220211,
KOSPI,00138279,S-Oil,010950,[기재정정]증권신고서(채무증권),20220211000848,S-Oil,20220211,정
KOSPI,00854997,에스디바이오센서,137310,임원ㆍ주요주주특정증권등소유상황보고서,20220211000853,김선애,20220211,
KOSPI,00138279,S-Oil,010950,[발행조건확정]증권신고서(채무증권),20220211000855,S-Oil,20220211,정
KOSPI,00104856,삼성증권,016360,임원ㆍ주요주주특정증권등소유상황보고서,20220211000864,삼성생명,20220211,
KOSPI,00854997,에스디바이오센서,137310,임원ㆍ주요주주특정증권등소유상황보고서,20220211000866,김성호,20220211,
KOSPI,00583424,아모레퍼시픽,090430,동일인등출자계열회사와의상품ㆍ용역거래변경,20220211000867,아모레퍼시픽,20220211,공
KOSPI,00126292,삼성카드,029780,임원ㆍ주요주주특정증권등소유상황보고서,20220211000874,삼성생명,20220211,
KOSPI,00122737,팬오션,028670,특수관계인에대한출자,20220211000875,팬오션,20220211,공
KOSPI,00139214,삼성화재해상보험,000810,임원ㆍ주요주주특정증권등소유상황보고서,20220211000878,삼성생명,20220211,
KOSPI,00266961,NAVER,035420,특수관계인에대한출자,20220211000885,NAVER,20220211,공
KOSPI,00161116,HL D&I,014790,증권신고서(채무증권),20220211000887,HL D&I,20220211,정
KOSPI,00140946,한솔로지스틱스,009180,주식매수선택권부여에관한신고,20220211000888,한솔로지스틱스,20220211,정
KOSPI,00266961,NAVER,035420,주주총회소집공고,20220211000908,NAVER,20220211,
KOSPI,00233653,한국토지신탁,034830,증권신고서(채무증권),20220211000910,한국토지신탁,20220211,정
KOSPI,00266961,NAVER,035420,의결권대리행사권유참고서류,20220211000911,NAVER,20220211,정
KOSPI,00670340,씨에스윈드,112610,매출액또는손익구조30%(대규모법인은15%)이상변경,20220211800002,씨에스윈드,20220211,유
KOSPI,00258801,카카오,035720,수시공시의무관련사항(공정공시),20220211800003,카카오,20220211,유
KOSPI,00258801,카카오,035720,현금ㆍ현물배당결정,20220211800005,카카오,20220211,유정
KOSPI,00258801,카카오,035720,매출액또는손익구조30%(대규모법인은15%)이상변경,20220211800006,카카오,20220211,유
KOSPI,00258801,카카오,035720,연결재무제표기준영업(잠정)실적(공정공시),20220211800007,카카오,20220211,유
KOSPI,00258801,카카오,035720,영업(잠정)실적(공정공시),20220211800008,카카오,20220211,유
KOSPI,00413046,셀트리온,068270,단일판매ㆍ공급계약체결,20220211800062,셀트리온,20220211,유정
KOSPI,00107224,남선알미늄,008350,대표이사(대표집행임원)변경(안내공시),20220211800083,남선알미늄,20220211,유
KOSPI,00670340,씨에스윈드,112610,단일판매ㆍ공급계약체결(자율공시),20220211800086,씨에스윈드,20220211,유
KOSPI,00753643,주성코퍼레이션,109070,[기재정정]주주총회소집결의,20220211800100,주성코퍼레이션,20220211,유
KOSPI,00135962,신라교역,004970,최대주주등소유주식변동신고서,20220211800141,신라교역,20220211,유
KOSPI,00362441,현대오토에버,307950,기업설명회(IR)개최(안내공시),20220211800165,현대오토에버,20220211,유
KOSPI,00503668,LIG디펜스앤에어로스페이스,079550,기업설명회(IR)개최(안내공시),20220211800239,LIG디펜스앤에어로스페이스,20220211,유
KOSPI,00159616,두산에너빌리티,034020,단일판매ㆍ공급계약체결,20220211800258,두산에너빌리티,20220211,유
KOSPI,00117212,두산,000150,단일판매ㆍ공급계약체결(자회사의 주요경영사항),20220211800265,두산,20220211,유
KOSPI,00140955,한솔케미칼,014680,매출액또는손익구조30%(대규모법인은15%)이상변경,20220211800304,한솔케미칼,20220211,유
KOSPI,00140955,한솔케미칼,014680,현금ㆍ현물배당결정,20220211800313,한솔케미칼,20220211,유
KOSPI,00163673,한진중공업홀딩스,003480,매출액또는손익구조30%(대규모법인은15%)이상변경(자회사의 주요경영사항),20220211800324,한진중공업홀딩스,20220211,유정
KOSPI,00557933,진도,088790,매출액또는손익구조30%(대규모법인은15%)이상변경,20220211800329,진도,20220211,유
KOSPI,00122737,팬오션,028670,매출액또는손익구조30%(대규모법인은15%)이상변경,20220211800330,팬오션,20220211,유
KOSPI,00122737,팬오션,028670,주주총회소집결의,20220211800332,팬오션,20220211,유
KOSPI,00122737,팬오션,028670,현금ㆍ현물배당결정,20220211800334,팬오션,20220211,유
KOSPI,00140955,한솔케미칼,014680,주주총회소집결의,20220211800364,한솔케미칼,20220211,유
KOSPI,00106669,세아베스틸지주,001430,기업설명회(IR)개최(안내공시),20220211800380,세아베스틸지주,20220211,유
KOSPI,00114154,디와이덕양,024900,타인에대한채무보증결정,20220211800389,디와이덕양,20220211,유
KOSPI,00151298,DSR제강,069730,매출액또는손익구조30%(대규모법인은15%)이상변경,20220211800399,DSR제강,20220211,유
KOSPI,00135795,신도리코,029530,[기재정정]현금ㆍ현물배당결정,20220211800403,신도리코,20220211,유
KOSPI,00133812,세방,004360,매출액또는손익구조30%(대규모법인은15%)이상변경,20220211800424,세방,20220211,유
KOSPI,00372882,KTcs,058850,[기재정정]단일판매ㆍ공급계약체결,20220211800426,KTcs,20220211,유정
KOSPI,00138701,아세아,002030,매출액또는손익구조30%(대규모법인은15%)이상변경,20220211800446,아세아,20220211,유정
KOSPI,00107066,남광토건,001260,매출액또는손익구조30%(대규모법인은15%)이상변경,20220211800447,남광토건,20220211,유
KOSPI,00302926,현대로템,064350,[기재정정]단일판매ㆍ공급계약체결,20220211800450,현대로템,20220211,유정
KOSPI,00127158,씨아이테크,004920,타법인주식및출자증권취득결정,20220211800486,씨아이테크,20220211,유
KOSPI,00159698,지역난방공사,071320,매출액또는손익구조30%(대규모법인은15%)이상변경,20220211800488,지역난방공사,20220211,유
KOSPI,00141477,영흥,012160,최대주주등소유주식변동신고서,20220211800510,영흥,20220211,유
KOSPI,00258801,카카오,035720,[기재정정]현금ㆍ현물배당결정,20220211800530,카카오,20220211,유
KOSPI,00135795,신도리코,029530,[기재정정]주주총회소집결의,20220211800559,신도리코,20220211,유
KOSPI,00105101,INVENI,015360,매출액또는손익구조30%(대규모법인은15%)이상변경,20220211800582,INVENI,20220211,유
KOSPI,00164742,현대자동차,005380,기업설명회(IR)개최(안내공시),20220211800591,현대자동차,20220211,유
KOSPI,00164742,현대자동차,005380,기업설명회(IR)개최(안내공시),20220211800594,현대자동차,20220211,유
KOSPI,00103130,MDS스피어,009810,파생상품거래손실발생,20220211800602,MDS스피어,20220211,유
KOSPI,00103130,MDS스피어,009810,[기재정정]타법인주식및출자증권취득결정,20220211800614,MDS스피어,20220211,유
KOSPI,00956930,동아에스티,170900,공정거래자율준수프로그램운영현황(안내공시),20220211800616,동아에스티,20220211,유
KOSPI,00105101,INVENI,015360,현금ㆍ현물배당결정,20220211800620,INVENI,20220211,유정
KOSPI,00203315,콘텐트리중앙,036420,매출액또는손익구조30%(대규모법인은15%)이상변경,20220211800625,콘텐트리중앙,20220211,유정
KOSPI,00303873,CJ CGV,079160,연결재무제표기준영업(잠정)실적(공정공시),20220211800627,CJ CGV,20220211,유
KOSPI,00159698,지역난방공사,071320,연결재무제표기준영업(잠정)실적(공정공시),20220211800635,지역난방공사,20220211,유
KOSPI,00203315,콘텐트리중앙,036420,연결재무제표기준영업(잠정)실적(공정공시),20220211800636,콘텐트리중앙,20220211,유정
KOSPI,00816544,토니모리,214420,결산실적공시예고(안내공시),20220211800637,토니모리,20220211,유
KOSPI,00980122,JB금융지주,175330,매출액또는손익구조30%(대규모법인은15%)이상변경,20220211800650,JB금융지주,20220211,유
KOSPI,00416654,유엔젤,072130,매출액또는손익구조30%(대규모법인은15%)이상변경,20220211800655,유엔젤,20220211,유
KOSPI,00980122,JB금융지주,175330,매출액또는손익구조30%(대규모법인은15%)이상변경(자회사의 주요경영사항),20220211800663,JB금융지주,20220211,유
KOSPI,00309503,한국항공우주,047810,연결재무제표기준영업(잠정)실적(공정공시),20220211800664,한국항공우주,20220211,유
KOSPI,00159616,두산에너빌리티,034020,매출액또는손익구조30%(대규모법인은15%)이상변경,20220211800665,두산에너빌리티,20220211,유
KOSPI,00104999,윌비스,008600,주주총회소집결의,20220211800667,윌비스,20220211,유
KOSPI,00309503,한국항공우주,047810,연결재무제표기준영업실적등에대한전망(공정공시),20220211800672,한국항공우주,20220211,유
KOSPI,00110608,DSR,155660,매출액또는손익구조30%(대규모법인은15%)이상변경,20220211800676,DSR,20220211,유
KOSPI,00980122,JB금융지주,175330,매출액또는손익구조30%(대규모법인은15%)이상변경(자회사의 주요경영사항),20220211800680,JB금융지주,20220211,유
KOSPI,00104999,윌비스,008600,연결재무제표기준영업(잠정)실적(공정공시),20220211800686,윌비스,20220211,유
KOSPI,00117212,두산,000150,매출액또는손익구조30%(대규모법인은15%)이상변경(자회사의 주요경영사항),20220211800689,두산,20220211,유
KOSPI,00557508,GKL,114090,주주총회소집결의,20220211800692,GKL,20220211,유
KOSPI,00303873,CJ CGV,079160,매출액또는손익구조30%(대규모법인은15%)이상변경,20220211800693,CJ CGV,20220211,유
KOSPI,00159616,두산에너빌리티,034020,연결재무제표기준영업실적등에대한전망(공정공시),20220211800694,두산에너빌리티,20220211,유정
KOSPI,00557508,GKL,114090,연결재무제표기준영업(잠정)실적(공정공시),20220211800695,GKL,20220211,유
KOSPI,00557508,GKL,114090,매출액또는손익구조30%(대규모법인은15%)이상변경,20220211800701,GKL,20220211,유
KOSPI,00127167,삼영무역,002810,최대주주등소유주식변동신고서,20220211800702,삼영무역,20220211,유
KOSPI,00377610,세아홀딩스,058650,지주회사의자회사탈퇴,20220211800703,세아홀딩스,20220211,유
KOSPI,00980122,JB금융지주,175330,매출액또는손익구조30%(대규모법인은15%)이상변경(자회사의 주요경영사항),20220211800714,JB금융지주,20220211,유
KOSPI,00136378,신세계,004170,기업설명회(IR)개최(안내공시),20220211800719,신세계,20220211,유
KOSPI,00131832,SK디스커버리,006120,매출액또는손익구조30%(대규모법인은15%)이상변경,20220211800724,SK디스커버리,20220211,유
KOSPI,00113997,롯데에너지머티리얼즈,020150,매출액또는손익구조30%(대규모법인은15%)이상변경,20220211800734,롯데에너지머티리얼즈,20220211,유정
KOSPI,00309503,한국항공우주,047810,매출액또는손익구조30%(대규모법인은15%)이상변경,20220211800747,한국항공우주,20220211,유정
KOSPI,00980122,JB금융지주,175330,연결재무제표기준영업실적등에대한전망(공정공시),20220211800768,JB금융지주,20220211,유
KOSPI,00249247,YG PLUS,037270,조회공시요구(풍문또는보도)에대한답변(미확정),20220211800777,YG PLUS,20220211,유
KOSPI,00131832,SK디스커버리,006120,현금ㆍ현물배당결정,20220211800778,SK디스커버리,20220211,유
KOSPI,00103130,MDS스피어,009810,매출액또는손익구조30%(대규모법인은15%)이상변경,20220211800782,MDS스피어,20220211,유
KOSPI,00104999,윌비스,008600,매출액또는손익구조30%(대규모법인은15%)이상변경,20220211800785,윌비스,20220211,유정
KOSPI,00500254,GS,078930,최대주주등소유주식변동신고서,20220211800805,GS,20220211,유
KOSPI,00107677,비비안,002070,[기재정정]주권관련사채권의취득결정,20220211800806,비비안,20220211,유정
KOSPI,00136086,무림페이퍼,009200,최대주주등소유주식변동신고서,20220211800810,무림페이퍼,20220211,유
KOSPI,00116268,동성제약,002210,매출액또는손익구조30%(대규모법인은15%)이상변경,20220211800816,동성제약,20220211,유정
KOSPI,00113410,CJ대한통운,000120,연결재무제표기준영업(잠정)실적(공정공시),20220211800828,CJ대한통운,20220211,유
KOSPI,00787376,대성에너지,117580,매출액또는손익구조30%(대규모법인은15%)이상변경,20220211800830,대성에너지,20220211,유
KOSPI,00360595,현대글로비스,086280,기업설명회(IR)개최(안내공시),20220211800833,현대글로비스,20220211,유
KOSPI,00787376,대성에너지,117580,현금ㆍ현물배당결정,20220211800843,대성에너지,20220211,유정
KOSPI,00980122,JB금융지주,175330,현금ㆍ현물배당결정,20220211800851,JB금융지주,20220211,유
KOSPI,00197759,미래산업,025560,[기재정정]주권관련사채권의취득결정,20220211800919,미래산업,20220211,유정
KOSPI,00296290,키움증권,039490,매출액또는손익구조30%(대규모법인은15%)이상변경,20220211800921,키움증권,20220211,유정
KOSPI,00148276,제일기획,030000,최대주주등소유주식변동신고서,20220211800924,제일기획,20220211,유
KOSPI,00174527,HS화성,002460,조회공시요구(현저한시황변동),20220211800933,유가증권시장본부,20220211,유
KOSPI,00299002,HL홀딩스,060980,현금ㆍ현물배당결정,20220211800937,HL홀딩스,20220211,유
KOSPI,00125080,AK홀딩스,006840,주주총회소집결의,20220211800949,AK홀딩스,20220211,유
KOSPI,00104786,미래아이앤지,007120,매출액또는손익구조30%(대규모법인은15%)이상변경,20220211800964,미래아이앤지,20220211,유
KOSPI,00299002,HL홀딩스,060980,주주총회소집결의,20220211800965,HL홀딩스,20220211,유
KOSPI,00299002,HL홀딩스,060980,매출액또는손익구조30%(대규모법인은15%)이상변경,20220211800981,HL홀딩스,20220211,유
KOSPI,00117212,두산,000150,매출액또는손익구조30%(대규모법인은15%)이상변경,20220211800985,두산,20220211,유
KOSPI,00688996,KB금융,105560,최대주주등소유주식변동신고서,20220211800988,KB금융,20220211,유
KOSPI,00299002,HL홀딩스,060980,영업실적등에대한전망(공정공시),20220211800990,HL홀딩스,20220211,유
KOSPI,00159698,지역난방공사,071320,영업실적등에대한전망(공정공시),20220211800994,지역난방공사,20220211,유정
KOSPI,00500254,GS,078930,[기재정정]타법인주식및출자증권취득결정,20220211801015,GS,20220211,유정
KOSPI,00299002,HL홀딩스,060980,연결재무제표기준영업(잠정)실적(공정공시),20220211801017,HL홀딩스,20220211,유
KOSPI,00125080,AK홀딩스,006840,매출액또는손익구조30%(대규모법인은15%)이상변경,20220211801052,AK홀딩스,20220211,유
KOSPI,00125080,AK홀딩스,006840,현금ㆍ현물배당결정,20220211801064,AK홀딩스,20220211,유
KOSPI,00164724,현대엘리베이터,017800,매출액또는손익구조30%(대규모법인은15%)이상변경,20220211801065,현대엘리베이터,20220211,유정
KOSPI,00450010,씨티알모빌리티,308170,매출액또는손익구조30%(대규모법인은15%)이상변경,20220211801066,씨티알모빌리티,20220211,유
KOSPI,00164724,현대엘리베이터,017800,영업실적등에대한전망(공정공시),20220211801083,현대엘리베이터,20220211,유
KOSPI,00159698,지역난방공사,071320,투자판단관련주요경영사항,20220211801084,지역난방공사,20220211,유
KOSPI,00122737,팬오션,028670,타법인주식및출자증권취득결정,20220211801100,팬오션,20220211,유
KOSPI,00125080,AK홀딩스,006840,자본잠식50%이상또는매출액50억원미만사실발생(자회사의 주요경영사항),20220211801124,AK홀딩스,20220211,유
KOSPI,00980122,JB금융지주,175330,기업설명회(IR)개최(안내공시),20220211801129,JB금융지주,20220211,유
KOSPI,00107613,이수페타시스,007660,매출액또는손익구조30%(대규모법인은15%)이상변경,20220211801147,이수페타시스,20220211,유
KOSPI,00105952,LS,006260,매출액또는손익구조30%(대규모법인은15%)이상변경(자회사의 주요경영사항),20220211801149,LS,20220211,유
KOSPI,00105952,LS,006260,매출액또는손익구조30%(대규모법인은15%)이상변경(자회사의 주요경영사항),20220211801157,LS,20220211,유
KOSPI,00266961,NAVER,035420,주주총회소집결의,20220211801159,NAVER,20220211,유
KOSPI,01267170,SK케미칼,285130,소송등의제기ㆍ신청(경영권분쟁소송),20220211801176,SK케미칼,20220211,유
KOSPI,00131832,SK디스커버리,006120,소송등의제기ㆍ신청(경영권분쟁소송)(자회사의 주요경영사항),20220211801177,SK디스커버리,20220211,유
KOSPI,00121543,무학,033920,매출액또는손익구조30%(대규모법인은15%)이상변경,20220211801178,무학,20220211,유
KOSPI,00167208,흥아해운,003280,매출액또는손익구조30%(대규모법인은15%)이상변경,20220211801181,흥아해운,20220211,유정
KOSPI,00105952,LS,006260,현금ㆍ현물배당결정(자회사의 주요경영사항),20220211801182,LS,20220211,유
KOSPI,00121543,무학,033920,현금ㆍ현물배당결정,20220211801193,무학,20220211,유
KOSPI,00124540,대우건설,047040,횡령ㆍ배임사실확인,20220211801212,대우건설,20220211,유
KOSPI,01159233,솔루엠,248070,매출액또는손익구조30%(대규모법인은15%)이상변경,20220211801221,솔루엠,20220211,유
KOSPI,00167208,흥아해운,003280,신규시설투자등,20220211801231,흥아해운,20220211,유
KOSPI,00854997,에스디바이오센서,137310,기타경영사항(자율공시),20220211801239,에스디바이오센서,20220211,유
KOSPI,00167208,흥아해운,003280,타인에대한담보제공결정,20220211801258,흥아해운,20220211,유
KOSPI,00447609,비에이치,090460,현금ㆍ현물배당결정,20220211900201,비에이치,20220211,코
KOSPI,00167208,흥아해운,003280,특수관계인과의리스거래,20220211000961,흥아해운,20220214,공
KOSPI,00136721,신영증권,001720,증권발행실적보고서,20220214000002,신영증권,20220214,
KOSPI,00104856,삼성증권,016360,증권발행실적보고서,20220214000036,삼성증권,20220214,
KOSPI,00113359,교보증권,030610,증권발행실적보고서,20220214000047,교보증권,20220214,
KOSPI,00113359,교보증권,030610,증권발행실적보고서,20220214000051,교보증권,20220214,
KOSPI,00360595,현대글로비스,086280,임원ㆍ주요주주특정증권등소유상황보고서,20220214000081,국민연금공단,20220214,
KOSPI,00117601,유안타증권,003470,증권발행실적보고서,20220214000082,유안타증권,20220214,
KOSPI,00203315,콘텐트리중앙,036420,임원ㆍ주요주주특정증권등소유상황보고서,20220214000087,국민연금공단,20220214,
KOSPI,00148276,제일기획,030000,동일인등출자계열회사와의상품ㆍ용역거래변경,20220214000098,제일기획,20220214,공
KOSPI,00148276,제일기획,030000,동일인등출자계열회사와의상품ㆍ용역거래변경,20220214000106,제일기획,20220214,공
KOSPI,00156859,다올투자증권,030210,임원ㆍ주요주주특정증권등소유상황보고서,20220214000107,남윤근,20220214,
KOSPI,00120182,NH투자증권,005940,증권발행실적보고서,20220214000114,NH투자증권,20220214,
KOSPI,00117601,유안타증권,003470,증권발행실적보고서,20220214000125,유안타증권,20220214,
KOSPI,00583424,아모레퍼시픽,090430,자기주식처분결과보고서,20220214000135,아모레퍼시픽,20220214,
KOSPI,00154462,아모레퍼시픽홀딩스,002790,자기주식처분결과보고서,20220214000155,아모레퍼시픽홀딩스,20220214,
KOSPI,01042775,HL만도,204320,[첨부정정]주요사항보고서(회사합병결정),20220214000161,HL만도,20220214,
KOSPI,00155319,POSCO홀딩스,005490,임원ㆍ주요주주특정증권등소유상황보고서,20220214000164,김성연,20220214,
KOSPI,01596425,SK스퀘어,402340,자기주식처분결과보고서,20220214000174,SK스퀘어,20220214,
KOSPI,00140177,GS리테일,007070,동일인등출자계열회사와의상품ㆍ용역거래변경,20220214000175,GS리테일,20220214,공
KOSPI,00111722,미래에셋증권,006800,증권발행실적보고서,20220214000190,미래에셋증권,20220214,
KOSPI,00136721,신영증권,001720,증권발행실적보고서,20220214000341,신영증권,20220214,
KOSPI,00136721,신영증권,001720,증권발행실적보고서,20220214000348,신영증권,20220214,
KOSPI,00155276,포스코퓨처엠,003670,임원ㆍ주요주주특정증권등소유상황보고서,20220214000387,이찬기,20220214,
KOSPI,00110893,대신증권,003540,증권발행실적보고서,20220214000396,대신증권,20220214,
KOSPI,01194689,HD현대마린솔루션,443060,동일인등출자계열회사와의상품ㆍ용역거래변경,20220214000399,HD현대마린솔루션,20220214,공
KOSPI,00159209,한전기술,052690,[기재정정]주주총회소집공고,20220214000401,한전기술,20220214,
KOSPI,00137997,현대차증권,001500,증권발행실적보고서,20220214000425,현대차증권,20220214,
KOSPI,00117601,유안타증권,003470,일괄신고추가서류(기타파생결합사채),20220214000442,유안타증권,20220214,
KOSPI,00117601,유안타증권,003470,투자설명서(일괄신고),20220214000485,유안타증권,20220214,
KOSPI,00136721,신영증권,001720,증권발행실적보고서,20220214000524,신영증권,20220214,
KOSPI,00155319,POSCO홀딩스,005490,임원ㆍ주요주주특정증권등소유상황보고서,20220214000533,정훤우,20220214,
KOSPI,00136721,신영증권,001720,증권발행실적보고서,20220214000535,신영증권,20220214,
KOSPI,00136721,신영증권,001720,증권발행실적보고서,20220214000539,신영증권,20220214,
KOSPI,00120182,NH투자증권,005940,증권발행실적보고서,20220214000542,NH투자증권,20220214,
KOSPI,00108241,농심,004370,주식등의대량보유상황보고서(일반),20220214000543,신동원,20220214,
KOSPI,00136721,신영증권,001720,증권발행실적보고서,20220214000544,신영증권,20220214,
KOSPI,00136721,신영증권,001720,증권발행실적보고서,20220214000551,신영증권,20220214,
KOSPI,00118008,동원모빌리티,018500,분기보고서 (2021.12),20220214000558,동원모빌리티,20220214,
KOSPI,00149655,삼성물산,028260,동일인등출자계열회사와의상품ㆍ용역거래변경,20220214000571,삼성물산,20220214,공
KOSPI,00149655,삼성물산,028260,동일인등출자계열회사와의상품ㆍ용역거래변경,20220214000586,삼성물산,20220214,공
KOSPI,00126256,삼성생명,032830,동일인등출자계열회사와의상품ㆍ용역거래변경,20220214000588,삼성생명,20220214,공
KOSPI,00149655,삼성물산,028260,동일인등출자계열회사와의상품ㆍ용역거래변경,20220214000602,삼성물산,20220214,공
KOSPI,00168401,금비,008870,분기보고서 (2021.12),20220214000604,금비,20220214,
KOSPI,00120182,NH투자증권,005940,증권발행실적보고서,20220214000630,NH투자증권,20220214,
KOSPI,00117188,효성,004800,동일인등출자계열회사와의상품ㆍ용역거래변경,20220214000632,효성,20220214,공
KOSPI,00162461,한화솔루션,009830,임원ㆍ주요주주특정증권등소유상황보고서,20220214000695,박승덕,20220214,
KOSPI,00441243,형지엘리트,093240,반기보고서 (2021.12),20220214000698,형지엘리트,20220214,
KOSPI,00122348,방림,003610,분기보고서 (2021.12),20220214000705,방림,20220214,정
KOSPI,00131780,SK네트웍스,001740,동일인등출자계열회사와의상품ㆍ용역거래변경,20220214000706,SK네트웍스,20220214,공
KOSPI,01009789,코스맥스,192820,임원ㆍ주요주주특정증권등소유상황보고서,20220214000712,박명삼,20220214,
KOSPI,00120872,만호제강,001080,반기보고서 (2021.12),20220214000717,만호제강,20220214,
KOSPI,00260408,팜스코,036580,동일인등출자계열회사와의상품ㆍ용역거래,20220214000719,팜스코,20220214,공
KOSPI,01009789,코스맥스,192820,임원ㆍ주요주주특정증권등소유상황보고서,20220214000727,서은주,20220214,
KOSPI,00160588,한화,000880,임원ㆍ주요주주특정증권등소유상황보고서,20220214000745,김경주,20220214,
KOSPI,00120030,GS건설,006360,동일인등출자계열회사와의상품ㆍ용역거래변경,20220214000752,GS건설,20220214,공
KOSPI,00139834,LG씨엔에스,064400,동일인등출자계열회사와의상품ㆍ용역거래변경,20220214000755,LG씨엔에스,20220214,공
KOSPI,00160588,한화,000880,임원ㆍ주요주주특정증권등소유상황보고서,20220214000772,박종국,20220214,
KOSPI,00120030,GS건설,006360,동일인등출자계열회사와의상품ㆍ용역거래변경,20220214000774,GS건설,20220214,공
KOSPI,00106614,기신정기,092440,분기보고서 (2021.12),20220214000775,기신정기,20220214,
KOSPI,00401731,LG전자,066570,동일인등출자계열회사와의상품ㆍ용역거래변경,20220214000783,LG전자,20220214,공
KOSPI,00160588,한화,000880,임원ㆍ주요주주특정증권등소유상황보고서,20220214000794,최세훈,20220214,
KOSPI,00203315,콘텐트리중앙,036420,주식등의대량보유상황보고서(일반),20220214000797,중앙홀딩스,20220214,
KOSPI,00136721,신영증권,001720,분기보고서 (2021.12),20220214000803,신영증권,20220214,
KOSPI,01576102,미래에셋글로벌리츠,396690,분기보고서 (2021.12),20220214000825,미래에셋글로벌리츠,20220214,
KOSPI,00125576,체시스,033250,반기보고서 (2021.12),20220214000831,체시스,20220214,
KOSPI,00141626,오리엔트바이오,002630,분기보고서 (2021.12),20220214000839,오리엔트바이오,20220214,
KOSPI,00136721,신영증권,001720,[기재정정]일괄신고서(파생결합증권-주가연계증권),20220214000844,신영증권,20220214,정
KOSPI,00980122,JB금융지주,175330,[기재정정]증권신고서(채무증권),20220214000846,JB금융지주,20220214,정
KOSPI,00122348,방림,003610,[기재정정]분기보고서 (2021.12),20220214000847,방림,20220214,
KOSPI,00136721,신영증권,001720,[기재정정]일괄신고서(기타파생결합증권),20220214000852,신영증권,20220214,정
KOSPI,00136721,신영증권,001720,[기재정정]일괄신고서(파생결합사채-주가연계파생결합사채),20220214000857,신영증권,20220214,정
KOSPI,00980122,JB금융지주,175330,[발행조건확정]증권신고서(채무증권),20220214000858,JB금융지주,20220214,정
KOSPI,00106623,현대위아,011210,동일인등출자계열회사와의상품ㆍ용역거래변경,20220214000866,현대위아,20220214,공
KOSPI,00759513,LX하우시스,108670,동일인등출자계열회사와의상품ㆍ용역거래변경,20220214000867,LX하우시스,20220214,공
KOSPI,00136721,신영증권,001720,[기재정정]일괄신고서(기타파생결합사채),20220214000868,신영증권,20220214,정
KOSPI,00759513,LX하우시스,108670,동일인등출자계열회사와의상품ㆍ용역거래변경,20220214000875,LX하우시스,20220214,공
KOSPI,00120182,NH투자증권,005940,일괄신고추가서류(파생결합증권-상장지수증권),20220214000881,NH투자증권,20220214,
KOSPI,00161860,한성기업,003680,주식등의대량보유상황보고서(일반),20220214000884,임우근,20220214,
KOSPI,00148610,한화투자증권,003530,일괄신고추가서류(기타파생결합사채),20220214000914,한화투자증권,20220214,
KOSPI,00365387,AJ네트웍스,095570,[기재정정]합병등종료보고서(합병),20220214000915,AJ네트웍스,20220214,
KOSPI,00111722,미래에셋증권,006800,증권발행실적보고서,20220214000920,미래에셋증권,20220214,
KOSPI,00365387,AJ네트웍스,095570,[기재정정]합병등종료보고서(합병),20220214000922,AJ네트웍스,20220214,
KOSPI,00111722,미래에셋증권,006800,증권발행실적보고서,20220214000925,미래에셋증권,20220214,
KOSPI,00115977,아이에스동서,010780,주식등의대량보유상황보고서(일반),20220214000927,권혁운,20220214,
KOSPI,00111722,미래에셋증권,006800,증권발행실적보고서,20220214000929,미래에셋증권,20220214,
KOSPI,00111722,미래에셋증권,006800,증권발행실적보고서,20220214000933,미래에셋증권,20220214,
KOSPI,00111722,미래에셋증권,006800,증권발행실적보고서,20220214000938,미래에셋증권,20220214,
KOSPI,00148610,한화투자증권,003530,투자설명서(일괄신고),20220214000949,한화투자증권,20220214,
KOSPI,00679314,동성케미컬,102260,임원ㆍ주요주주특정증권등소유상황보고서,20220214000952,백진우,20220214,
KOSPI,00120182,NH투자증권,005940,투자설명서(일괄신고),20220214000953,NH투자증권,20220214,
KOSPI,00120182,NH투자증권,005940,증권발행실적보고서,20220214000957,NH투자증권,20220214,
KOSPI,00120571,롯데칠성음료,005300,임원ㆍ주요주주특정증권등소유상황보고서,20220214000978,김광석,20220214,
KOSPI,00143314,에이엔피,015260,[기재정정]주요사항보고서(유상증자결정),20220214000981,에이엔피,20220214,
KOSPI,00138190,GS글로벌,001250,동일인등출자계열회사와의상품ㆍ용역거래변경,20220214000999,GS글로벌,20220214,공
KOSPI,00138190,GS글로벌,001250,동일인등출자계열회사와의상품ㆍ용역거래변경,20220214001001,GS글로벌,20220214,공
KOSPI,00105101,INVENI,015360,[기재정정]증권신고서(채무증권),20220214001005,INVENI,20220214,정
KOSPI,00138190,GS글로벌,001250,동일인등출자계열회사와의상품ㆍ용역거래변경,20220214001006,GS글로벌,20220214,공
KOSPI,00105101,INVENI,015360,[발행조건확정]증권신고서(채무증권),20220214001011,INVENI,20220214,정
KOSPI,00134316,세원정공,021820,반기보고서 (2021.12),20220214001026,세원정공,20220214,정
KOSPI,00149354,종근당홀딩스,001630,주식등의대량보유상황보고서(일반),20220214001030,이장한,20220214,
KOSPI,00115612,동부건설,005960,주식등의대량보유상황보고서(일반),20220214001032,키스톤에코프라임,20220214,
KOSPI,01475609,디앤디플랫폼리츠,377190,반기보고서 (2021.12),20220214001034,디앤디플랫폼리츠,20220214,
KOSPI,00164779,SK하이닉스,000660,임원ㆍ주요주주특정증권등소유상황보고서,20220214001041,이승필,20220214,
KOSPI,00135917,한화손해보험,000370,특수관계인에대한채권매도,20220214001047,한화손해보험,20220214,공
KOSPI,01316245,효성중공업,298040,동일인등출자계열회사와의상품ㆍ용역거래변경,20220214001065,효성중공업,20220214,공
KOSPI,00980122,JB금융지주,175330,[기재정정]증권신고서(채무증권),20220214001069,JB금융지주,20220214,정
KOSPI,00980122,JB금융지주,175330,[발행조건확정]증권신고서(채무증권),20220214001081,JB금융지주,20220214,정
KOSPI,00135917,한화손해보험,000370,임원ㆍ주요주주특정증권등소유상황보고서,20220214001151,김석남,20220214,
KOSPI,00159616,두산에너빌리티,034020,유상증자또는주식관련사채등의청약결과(자율공시),20220214800073,두산에너빌리티,20220214,유
KOSPI,00160205,한국내화,010040,매출액또는손익구조30%(대규모법인은15%)이상변경,20220214800148,한국내화,20220214,유
KOSPI,00118521,진원생명과학,011000,단일판매ㆍ공급계약체결,20220214800153,진원생명과학,20220214,유정
KOSPI,00362441,현대오토에버,307950,기업설명회(IR)개최(안내공시),20220214800164,현대오토에버,20220214,유
KOSPI,00248974,하나제약,293480,매출액또는손익구조30%(대규모법인은15%)이상변경,20220214800225,하나제약,20220214,유
KOSPI,00130879,서울식품공업,004410,전환가액ㆍ신주인수권행사가액ㆍ교환가액의조정(안내공시),20220214800278,서울식품공업,20220214,유
KOSPI,00299002,HL홀딩스,060980,[첨부정정]주요사항보고서(회사합병결정)(자회사의 주요경영사항),20220214800291,HL홀딩스,20220214,유
KOSPI,00121969,에쓰씨엔지니어링,023960,단일판매ㆍ공급계약체결,20220214800297,에쓰씨엔지니어링,20220214,유정
KOSPI,00166315,화신,010690,매출액또는손익구조30%(대규모법인은15%)이상변경,20220214800301,화신,20220214,유
KOSPI,00459871,농심홀딩스,072710,현금ㆍ현물배당결정(자회사의 주요경영사항),20220214800361,농심홀딩스,20220214,유
KOSPI,00309503,한국항공우주,047810,[기재정정]매출액또는손익구조30%(대규모법인은15%)이상변경,20220214800363,한국항공우주,20220214,유
KOSPI,00107987,남해화학,025860,[기재정정]타법인주식및출자증권취득결정,20220214800373,남해화학,20220214,유
KOSPI,00266961,NAVER,035420,기업설명회(IR)개최(안내공시),20220214800411,NAVER,20220214,유
KOSPI,00164645,HMM,011200,매출액또는손익구조30%(대규모법인은15%)이상변경,20220214800475,HMM,20220214,유
KOSPI,00165413,롯데케미칼,011170,타법인주식및출자증권처분결정(자율공시)(종속회사의주요경영사항),20220214800476,롯데케미칼,20220214,유
KOSPI,00459871,농심홀딩스,072710,현금ㆍ현물배당결정,20220214800583,농심홀딩스,20220214,유
KOSPI,00163691,유수홀딩스,000700,매출액또는손익구조30%(대규모법인은15%)이상변경,20220214800584,유수홀딩스,20220214,유
KOSPI,00163691,유수홀딩스,000700,현금ㆍ현물배당결정,20220214800595,유수홀딩스,20220214,유
KOSPI,00143262,우진아이엔에스,010400,영업(잠정)실적(공정공시),20220214800599,우진아이엔에스,20220214,유
KOSPI,00143262,우진아이엔에스,010400,연결재무제표기준영업(잠정)실적(공정공시),20220214800603,우진아이엔에스,20220214,유
KOSPI,00141529,오뚜기,007310,매출액또는손익구조30%(대규모법인은15%)이상변경,20220214800616,오뚜기,20220214,유
KOSPI,01323032,KG모빌리티플랫폼,381970,매출액또는손익구조30%(대규모법인은15%)이상변경,20220214800625,KG모빌리티플랫폼,20220214,유
KOSPI,01323032,KG모빌리티플랫폼,381970,영업(잠정)실적(공정공시),20220214800630,KG모빌리티플랫폼,20220214,유
KOSPI,00194947,한전산업,130660,단일판매ㆍ공급계약체결,20220214800635,한전산업,20220214,유정
KOSPI,00143262,우진아이엔에스,010400,매출액또는손익구조30%(대규모법인은15%)이상변경,20220214800642,우진아이엔에스,20220214,유
KOSPI,01323032,KG모빌리티플랫폼,381970,현금ㆍ현물배당결정,20220214800653,KG모빌리티플랫폼,20220214,유
KOSPI,00105952,LS,006260,매출액또는손익구조30%(대규모법인은15%)이상변경,20220214800655,LS,20220214,유
KOSPI,00300548,현대리바트,079430,연결재무제표기준영업(잠정)실적(공정공시),20220214800664,현대리바트,20220214,유
KOSPI,00121932,미원상사,002840,최대주주등소유주식변동신고서,20220214800669,미원상사,20220214,유
KOSPI,00300548,현대리바트,079430,매출액또는손익구조30%(대규모법인은15%)이상변경,20220214800679,현대리바트,20220214,유
KOSPI,00105952,LS,006260,현금ㆍ현물배당결정,20220214800687,LS,20220214,유
KOSPI,01437186,ESR켄달스퀘어리츠,365550,감사보고서제출,20220214800689,ESR켄달스퀘어리츠,20220214,유
KOSPI,00300548,현대리바트,079430,현금ㆍ현물배당결정,20220214800707,현대리바트,20220214,유
KOSPI,00110893,대신증권,003540,단기차입금증가결정,20220214800746,대신증권,20220214,유
KOSPI,00171636,한솔홀딩스,004150,매출액또는손익구조30%(대규모법인은15%)이상변경,20220214800751,한솔홀딩스,20220214,유
KOSPI,00260408,팜스코,036580,주주총회소집결의,20220214800786,팜스코,20220214,유
KOSPI,00589127,KEC,092220,매출액또는손익구조30%(대규모법인은15%)이상변경,20220214800787,KEC,20220214,유
KOSPI,00171636,한솔홀딩스,004150,영업(잠정)실적(공정공시),20220214800788,한솔홀딩스,20220214,유
KOSPI,00589127,KEC,092220,파생상품거래손실발생,20220214800789,KEC,20220214,유
KOSPI,00159254,한국전자홀딩스,006200,파생상품거래손실발생(자회사의 주요경영사항),20220214800790,한국전자홀딩스,20220214,유
KOSPI,00105271,케이씨씨,002380,연결재무제표기준영업(잠정)실적(공정공시),20220214800810,케이씨씨,20220214,유
KOSPI,00635134,CJ제일제당,097950,연결재무제표기준영업(잠정)실적(공정공시),20220214800813,CJ제일제당,20220214,유
KOSPI,00160843,DB하이텍,000990,현금ㆍ현물배당결정,20220214800817,DB하이텍,20220214,유
KOSPI,00160843,DB하이텍,000990,매출액또는손익구조30%(대규모법인은15%)이상변경,20220214800819,DB하이텍,20220214,유정
KOSPI,00171636,한솔홀딩스,004150,현금ㆍ현물배당결정,20220214800821,한솔홀딩스,20220214,유
KOSPI,00159254,한국전자홀딩스,006200,매출액또는손익구조30%(대규모법인은15%)이상변경(자회사의 주요경영사항),20220214800827,한국전자홀딩스,20220214,유
KOSPI,00105271,케이씨씨,002380,매출액또는손익구조30%(대규모법인은15%)이상변경,20220214800833,케이씨씨,20220214,유
KOSPI,00173078,명신산업,009900,타인에대한채무보증결정,20220214800846,명신산업,20220214,유
KOSPI,00260408,팜스코,036580,현금ㆍ현물배당결정,20220214800850,팜스코,20220214,유
KOSPI,00635134,CJ제일제당,097950,수시공시의무관련사항(공정공시),20220214800861,CJ제일제당,20220214,유
KOSPI,00105280,현대지에프홀딩스,005440,연결재무제표기준영업(잠정)실적(공정공시),20220214800864,현대지에프홀딩스,20220214,유
KOSPI,00635134,CJ제일제당,097950,현금ㆍ현물배당결정,20220214800871,CJ제일제당,20220214,유
KOSPI,00148540,CJ,001040,현금ㆍ현물배당결정(자회사의 주요경영사항),20220214800872,CJ,20220214,유
KOSPI,00113508,노루홀딩스,000320,매출액또는손익구조30%(대규모법인은15%)이상변경,20220214800884,노루홀딩스,20220214,유
KOSPI,00120030,GS건설,006360,투자판단관련주요경영사항,20220214800885,GS건설,20220214,유
KOSPI,00120030,GS건설,006360,투자판단관련주요경영사항,20220214800891,GS건설,20220214,유
KOSPI,00105280,현대지에프홀딩스,005440,현금ㆍ현물배당결정,20220214800892,현대지에프홀딩스,20220214,유
KOSPI,00855093,선진,136490,매출액또는손익구조30%(대규모법인은15%)이상변경,20220214800914,선진,20220214,유
KOSPI,00453488,다이나믹디자인,145210,매출액또는손익구조30%(대규모법인은15%)이상변경,20220214800923,다이나믹디자인,20220214,유
KOSPI,00595191,후성,093370,매출액또는손익구조30%(대규모법인은15%)이상변경,20220214800949,후성,20220214,유
KOSPI,00105271,케이씨씨,002380,현금ㆍ현물배당결정,20220214800951,케이씨씨,20220214,유
KOSPI,00137359,신풍제약,019170,[기재정정]투자판단관련주요경영사항(COVID-19 치료제 피라맥스정의 임상 3상 시험계획 영국 승인 신청),20220214800954,신풍제약,20220214,유
KOSPI,00105271,케이씨씨,002380,주주총회소집결의,20220214800964,케이씨씨,20220214,유정
KOSPI,00173078,명신산업,009900,매출액또는손익구조30%(대규모법인은15%)이상변경,20220214800966,명신산업,20220214,유
KOSPI,00105271,케이씨씨,002380,공정거래자율준수프로그램운영현황(안내공시),20220214800971,케이씨씨,20220214,유
KOSPI,00135777,신대양제지,016590,매출액또는손익구조30%(대규모법인은15%)이상변경,20220214800977,신대양제지,20220214,유
KOSPI,00148540,CJ,001040,매출액또는손익구조30%(대규모법인은15%)이상변경,20220214800990,CJ,20220214,유
KOSPI,00148540,CJ,001040,현금ㆍ현물배당결정,20220214800993,CJ,20220214,유
KOSPI,01168383,일동제약,249420,결산실적공시예고(안내공시),20220214801004,일동제약,20220214,유
KOSPI,00146083,일동홀딩스,000230,결산실적공시예고(안내공시),20220214801013,일동홀딩스,20220214,유
KOSPI,00145598,이연제약,102460,매출액또는손익구조30%(대규모법인은15%)이상변경,20220214801018,이연제약,20220214,유
KOSPI,00855093,선진,136490,주주총회소집결의,20220214801037,선진,20220214,유정
KOSPI,00105280,현대지에프홀딩스,005440,매출액또는손익구조30%(대규모법인은15%)이상변경,20220214801042,현대지에프홀딩스,20220214,유
KOSPI,00356370,LG생활건강,051900,불성실공시법인지정,20220214801052,유가증권시장본부,20220214,유
KOSPI,00159218,한전KPS,051600,연결재무제표기준영업(잠정)실적(공정공시),20220214801066,한전KPS,20220214,유
KOSPI,00219097,BGF,027410,파생상품거래손실발생(자회사의 주요경영사항),20220214801075,BGF,20220214,유
KOSPI,00145598,이연제약,102460,현금ㆍ현물배당결정,20220214801077,이연제약,20220214,유
KOSPI,00219097,BGF,027410,매출액또는손익구조30%(대규모법인은15%)이상변동(자회사의 주요경영사항),20220214801102,BGF,20220214,유
KOSPI,00855093,선진,136490,현금ㆍ현물배당결정,20220214801117,선진,20220214,유
KOSPI,00101488,경동나비엔,009450,연결재무제표기준영업(잠정)실적(공정공시),20220214801120,경동나비엔,20220214,유
KOSPI,00350312,HDC랩스,039570,매출액또는손익구조30%(대규모법인은15%)이상변경,20220214801125,HDC랩스,20220214,유
KOSPI,00138057,써니전자,004770,주주총회소집결의,20220214801133,써니전자,20220214,유정
KOSPI,00123718,부광약품,003000,매출액또는손익구조30%(대규모법인은15%)이상변경,20220214801134,부광약품,20220214,유
KOSPI,01415892,제이알글로벌리츠,348950,주주총회소집결의,20220214801138,제이알글로벌리츠,20220214,유
KOSPI,00219097,BGF,027410,현금ㆍ현물배당결정(자회사의 주요경영사항),20220214801139,BGF,20220214,유
KOSPI,00365387,AJ네트웍스,095570,타인에대한채무보증결정,20220214801143,AJ네트웍스,20220214,유
KOSPI,00365387,AJ네트웍스,095570,주주총회소집결의,20220214801148,AJ네트웍스,20220214,유정
KOSPI,00135050,팜젠사이언스,004720,매출액또는손익구조30%(대규모법인은15%)이상변경,20220214801149,팜젠사이언스,20220214,유
KOSPI,00129679,녹십자,006280,주주총회소집결의,20220214801150,녹십자,20220214,유정
KOSPI,00365387,AJ네트웍스,095570,영업(잠정)실적(공정공시),20220214801152,AJ네트웍스,20220214,유
KOSPI,00129679,녹십자,006280,현금ㆍ현물배당결정,20220214801158,녹십자,20220214,유
KOSPI,00481454,금호타이어,073240,매출액또는손익구조30%(대규모법인은15%)이상변경,20220214801165,금호타이어,20220214,유
KOSPI,00129679,녹십자,006280,매출액또는손익구조30%(대규모법인은15%)이상변경,20220214801167,녹십자,20220214,유
KOSPI,01415892,제이알글로벌리츠,348950,부동산투자회사금전배당결정,20220214801169,제이알글로벌리츠,20220214,유
KOSPI,00151368,인터지스,129260,매출액또는손익구조30%(대규모법인은15%)이상변경,20220214801176,인터지스,20220214,유정
KOSPI,00111111,대양금속,009190,전환가액ㆍ신주인수권행사가액ㆍ교환가액의조정(안내공시),20220214801194,대양금속,20220214,유
KOSPI,00149354,종근당홀딩스,001630,최대주주등소유주식변동신고서,20220214801203,종근당홀딩스,20220214,유
KOSPI,00151368,인터지스,129260,현금ㆍ현물배당결정,20220214801205,인터지스,20220214,유
KOSPI,00195229,미스토홀딩스,081660,주주총회소집결의,20220214801230,미스토홀딩스,20220214,유
KOSPI,01415892,제이알글로벌리츠,348950,유상증자결정(종속회사의주요경영사항),20220214801237,제이알글로벌리츠,20220214,유
KOSPI,00195229,미스토홀딩스,081660,현금ㆍ현물배당결정,20220214801251,미스토홀딩스,20220214,유
KOSPI,00108135,녹십자홀딩스,005250,주주총회소집결의,20220214801254,녹십자홀딩스,20220214,유
KOSPI,00108135,녹십자홀딩스,005250,현금ㆍ현물배당결정,20220214801259,녹십자홀딩스,20220214,유
KOSPI,00108135,녹십자홀딩스,005250,매출액또는손익구조30%(대규모법인은15%)이상변경,20220214801262,녹십자홀딩스,20220214,유
KOSPI,00159218,한전KPS,051600,주주총회소집결의,20220214801264,한전KPS,20220214,유정
KOSPI,00458234,아시아나IDT,267850,매출액또는손익구조30%(대규모법인은15%)이상변경,20220214801267,아시아나IDT,20220214,유정
KOSPI,00152385,에이프로젠,007460,전환가액ㆍ신주인수권행사가액ㆍ교환가액의조정(안내공시),20220214801300,에이프로젠,20220214,유
KOSPI,00174527,HS화성,002460,조회공시요구(현저한시황변동)에대한답변(미확정),20220214801321,HS화성,20220214,유
KOSPI,00109806,삼일씨엔에스,004440,매출액또는손익구조30%(대규모법인은15%)이상변경,20220214801331,삼일씨엔에스,20220214,유정
KOSPI,00258801,카카오,035720,기업설명회(IR)개최(안내공시),20220214801336,카카오,20220214,유
KOSPI,00101488,경동나비엔,009450,매출액또는손익구조30%(대규모법인은15%)이상변경,20220214801351,경동나비엔,20220214,유
KOSPI,00728638,한세실업,105630,매출액또는손익구조30%(대규모법인은15%)이상변경,20220214801366,한세실업,20220214,유
KOSPI,00195229,미스토홀딩스,081660,매출액또는손익구조30%(대규모법인은15%)이상변경,20220214801371,미스토홀딩스,20220214,유
KOSPI,00101488,경동나비엔,009450,현금ㆍ현물배당결정,20220214801382,경동나비엔,20220214,유
KOSPI,00161976,한세예스24홀딩스,016450,매출액또는손익구조30%(대규모법인은15%)이상변경(자회사의 주요경영사항),20220214801386,한세예스24홀딩스,20220214,유
KOSPI,00171265,파라다이스,034230,결산실적공시예고,20220214900396,파라다이스,20220214,코정
KOSPI,00157399,한솔테크닉스,004710,[기재정정]증권신고서(채무증권),20220214001157,한솔테크닉스,20220215,정
KOSPI,00109806,삼일씨엔에스,004440,주요사항보고서(회사분할결정),20220214001160,삼일씨엔에스,20220215,
KOSPI,00157399,한솔테크닉스,004710,[발행조건확정]증권신고서(채무증권),20220214001162,한솔테크닉스,20220215,
KOSPI,00120182,NH투자증권,005940,증권발행실적보고서,20220215000014,NH투자증권,20220215,
KOSPI,00120182,NH투자증권,005940,증권발행실적보고서,20220215000015,NH투자증권,20220215,
KOSPI,00104856,삼성증권,016360,증권발행실적보고서,20220215000019,삼성증권,20220215,
KOSPI,00104856,삼성증권,016360,증권발행실적보고서,20220215000021,삼성증권,20220215,
KOSPI,00104856,삼성증권,016360,일괄신고추가서류(파생결합사채-주가연계파생결합사채),20220215000145,삼성증권,20220215,
KOSPI,00148610,한화투자증권,003530,일괄신고추가서류(파생결합증권-주가연계증권),20220215000146,한화투자증권,20220215,
KOSPI,00148610,한화투자증권,003530,투자설명서(일괄신고),20220215000191,한화투자증권,20220215,
KOSPI,00104856,삼성증권,016360,투자설명서(일괄신고),20220215000211,삼성증권,20220215,
KOSPI,00113359,교보증권,030610,증권발행실적보고서,20220215000362,교보증권,20220215,
KOSPI,00140946,한솔로지스틱스,009180,주주총회소집공고,20220215000451,한솔로지스틱스,20220215,정
KOSPI,00140946,한솔로지스틱스,009180,의결권대리행사권유참고서류,20220215000454,한솔로지스틱스,20220215,정
KOSPI,00129989,코스모신소재,005070,주식등의대량보유상황보고서(일반),20220215000465,코스모화학,20220215,
KOSPI,00126371,삼성전기,009150,주주총회소집공고,20220215000470,삼성전기,20220215,
KOSPI,00145163,파미셀,005690,주요사항보고서(유형자산양수결정),20220215000474,파미셀,20220215,정
KOSPI,00126186,삼성에스디에스,018260,주주총회소집공고,20220215000476,삼성에스디에스,20220215,
KOSPI,00117601,유안타증권,003470,일괄신고추가서류(파생결합증권-주가연계증권),20220215000481,유안타증권,20220215,
KOSPI,00126186,삼성에스디에스,018260,의결권대리행사권유참고서류,20220215000483,삼성에스디에스,20220215,
KOSPI,00111722,미래에셋증권,006800,일괄신고추가서류(파생결합증권-주가연계증권),20220215000509,미래에셋증권,20220215,
KOSPI,00117601,유안타증권,003470,투자설명서(일괄신고),20220215000511,유안타증권,20220215,
KOSPI,00126371,삼성전기,009150,의결권대리행사권유참고서류,20220215000537,삼성전기,20220215,
KOSPI,00120182,NH투자증권,005940,일괄신고추가서류(파생결합증권-주가연계증권),20220215000546,NH투자증권,20220215,
KOSPI,00110893,대신증권,003540,일괄신고추가서류(파생결합증권-주가연계증권),20220215000555,대신증권,20220215,
KOSPI,00111722,미래에셋증권,006800,투자설명서(일괄신고),20220215000563,미래에셋증권,20220215,
KOSPI,00110893,대신증권,003540,투자설명서(일괄신고),20220215000582,대신증권,20220215,
KOSPI,00120182,NH투자증권,005940,투자설명서(일괄신고),20220215000595,NH투자증권,20220215,
KOSPI,00120182,NH투자증권,005940,일괄신고추가서류(파생결합증권-주가연계증권),20220215000636,NH투자증권,20220215,
KOSPI,00120182,NH투자증권,005940,투자설명서(일괄신고),20220215000645,NH투자증권,20220215,
KOSPI,00113359,교보증권,030610,일괄신고추가서류(파생결합증권-주가연계증권),20220215000651,교보증권,20220215,
KOSPI,00164742,현대자동차,005380,특수관계인으로부터기타유가증권매수,20220215000652,현대자동차,20220215,공
KOSPI,00113359,교보증권,030610,투자설명서(일괄신고),20220215000657,교보증권,20220215,
KOSPI,00113359,교보증권,030610,일괄신고추가서류(파생결합증권-주가연계증권),20220215000661,교보증권,20220215,
KOSPI,00113359,교보증권,030610,투자설명서(일괄신고),20220215000664,교보증권,20220215,
KOSPI,00296290,키움증권,039490,일괄신고추가서류(파생결합증권-주가연계증권),20220215000675,키움증권,20220215,
KOSPI,00113359,교보증권,030610,일괄신고추가서류(파생결합증권-주가연계증권),20220215000683,교보증권,20220215,
KOSPI,00111722,미래에셋증권,006800,일괄신고추가서류(파생결합증권-주가연계증권),20220215000685,미래에셋증권,20220215,
KOSPI,00296290,키움증권,039490,투자설명서(일괄신고),20220215000688,키움증권,20220215,
KOSPI,00260392,대원전선,006340,임원ㆍ주요주주특정증권등소유상황보고서,20220215000691,서정석,20220215,
KOSPI,00148610,한화투자증권,003530,주식등의대량보유상황보고서(일반),20220215000705,한화자산운용,20220215,
KOSPI,00111722,미래에셋증권,006800,투자설명서(일괄신고),20220215000708,미래에셋증권,20220215,
KOSPI,00149655,삼성물산,028260,임원ㆍ주요주주특정증권등소유상황보고서,20220215000712,고정석,20220215,
KOSPI,00113359,교보증권,030610,투자설명서(일괄신고),20220215000719,교보증권,20220215,
KOSPI,01350869,우리금융지주,316140,주식등의대량보유상황보고서(약식),20220215000724,예금보험공사,20220215,
KOSPI,00146454,일양약품,007570,임원ㆍ주요주주특정증권등소유상황보고서,20220215000733,김준겸,20220215,
KOSPI,00140946,한솔로지스틱스,009180,주식등의대량보유상황보고서(일반),20220215000762,한솔홀딩스,20220215,
KOSPI,00157681,롯데정밀화학,004000,임원ㆍ주요주주특정증권등소유상황보고서,20220215000764,롯데케미칼,20220215,
KOSPI,00117601,유안타증권,003470,일괄신고추가서류(파생결합증권-주가연계증권),20220215000768,유안타증권,20220215,
KOSPI,00126380,삼성전자,005930,특수관계인과의보험거래,20220215000770,삼성전자,20220215,공
KOSPI,00173944,우진,105840,주식등의대량보유상황보고서(일반),20220215000779,이재원,20220215,
KOSPI,00113359,교보증권,030610,일괄신고추가서류(파생결합증권-주가연계증권),20220215000780,교보증권,20220215,
KOSPI,00117601,유안타증권,003470,투자설명서(일괄신고),20220215000784,유안타증권,20220215,
KOSPI,00120182,NH투자증권,005940,일괄신고추가서류(파생결합증권-주가연계증권),20220215000785,NH투자증권,20220215,
KOSPI,01234297,미원에스씨,268280,임원ㆍ주요주주특정증권등소유상황보고서,20220215000787,미원스페셜티케미칼우리사주조합,20220215,
KOSPI,00111722,미래에셋증권,006800,일괄신고추가서류(파생결합증권-주가연계증권),20220215000788,미래에셋증권,20220215,
KOSPI,01204056,하이브,352820,임원ㆍ주요주주특정증권등소유상황보고서,20220215000793,이진형,20220215,
KOSPI,00112059,상상인증권,001290,주요사항보고서(유상증자결정),20220215000799,상상인증권,20220215,정
KOSPI,00117601,유안타증권,003470,일괄신고추가서류(파생결합증권-주가연계증권),20220215000809,유안타증권,20220215,
KOSPI,00120182,NH투자증권,005940,투자설명서(일괄신고),20220215000811,NH투자증권,20220215,
KOSPI,00126566,한화에어로스페이스,012450,임원ㆍ주요주주특정증권등소유상황보고서,20220215000814,강형석,20220215,
KOSPI,00117498,스틱인베스트먼트,026890,합병등종료보고서(분할),20220215000817,스틱인베스트먼트,20220215,
KOSPI,00111722,미래에셋증권,006800,투자설명서(일괄신고),20220215000833,미래에셋증권,20220215,
KOSPI,00117601,유안타증권,003470,투자설명서(일괄신고),20220215000844,유안타증권,20220215,
KOSPI,00113359,교보증권,030610,투자설명서(일괄신고),20220215000845,교보증권,20220215,
KOSPI,00126566,한화에어로스페이스,012450,임원ㆍ주요주주특정증권등소유상황보고서,20220215000847,문승학,20220215,
KOSPI,00164636,HDC,012630,주식등의대량보유상황보고서(일반),20220215000849,정몽규,20220215,
KOSPI,00164779,SK하이닉스,000660,임원ㆍ주요주주특정증권등소유상황보고서,20220215000854,이동호,20220215,
KOSPI,00113359,교보증권,030610,일괄신고추가서류(파생결합증권-주가연계증권),20220215000865,교보증권,20220215,
KOSPI,00113359,교보증권,030610,투자설명서(일괄신고),20220215000872,교보증권,20220215,
KOSPI,00126380,삼성전자,005930,동일인등출자계열회사와의상품ㆍ용역거래변경,20220215000889,삼성전자,20220215,공
KOSPI,00126380,삼성전자,005930,동일인등출자계열회사와의상품ㆍ용역거래변경,20220215000895,삼성전자,20220215,공
KOSPI,00126380,삼성전자,005930,동일인등출자계열회사와의상품ㆍ용역거래변경,20220215000897,삼성전자,20220215,공
KOSPI,00126380,삼성전자,005930,동일인등출자계열회사와의상품ㆍ용역거래변경,20220215000900,삼성전자,20220215,공
KOSPI,00126380,삼성전자,005930,주주총회소집공고,20220215000951,삼성전자,20220215,
KOSPI,00120562,롯데지주,004990,증권신고서(채무증권),20220215000958,롯데지주,20220215,정
KOSPI,00126380,삼성전자,005930,의결권대리행사권유참고서류,20220215000969,삼성전자,20220215,
KOSPI,00140946,한솔로지스틱스,009180,[기재정정]주주총회소집공고,20220215000997,한솔로지스틱스,20220215,
KOSPI,00140946,한솔로지스틱스,009180,[첨부정정]의결권대리행사권유참고서류,20220215001001,한솔로지스틱스,20220215,
KOSPI,00108038,엔피씨,004250,임원ㆍ주요주주특정증권등소유상황보고서,20220215001021,박두식,20220215,
KOSPI,00155531,풍산홀딩스,005810,임원ㆍ주요주주특정증권등소유상황보고서,20220215001041,황세영,20220215,
KOSPI,00135962,신라교역,004970,매출액또는손익구조30%(대규모법인은15%)이상변경,20220215800105,신라교역,20220215,유정
KOSPI,01568413,F&F,383220,연결재무제표기준영업(잠정)실적(공정공시),20220215800110,F&F,20220215,유
KOSPI,00132628,성문전자,014910,현금ㆍ현물배당결정,20220215800147,성문전자,20220215,유
KOSPI,00145260,율촌화학,008730,매출액또는손익구조30%(대규모법인은15%)이상변경,20220215800174,율촌화학,20220215,유
KOSPI,00459871,농심홀딩스,072710,매출액또는손익구조30%(대규모법인은15%)이상변경(자회사의 주요경영사항),20220215800177,농심홀딩스,20220215,유
KOSPI,00767460,PI첨단소재,178920,풍문또는보도에대한해명(미확정),20220215800181,PI첨단소재,20220215,유
KOSPI,00132628,성문전자,014910,매출액또는손익구조30%(대규모법인은15%)이상변경,20220215800198,성문전자,20220215,유정
KOSPI,00132628,성문전자,014910,주주총회소집결의,20220215800209,성문전자,20220215,유
KOSPI,00112165,디아이씨,092200,매출액또는손익구조30%(대규모법인은15%)이상변경,20220215800232,디아이씨,20220215,유정
KOSPI,00111704,한화오션,042660,소송등의제기ㆍ신청(일정금액이상의청구),20220215800250,한화오션,20220215,유정
KOSPI,00102432,계룡건설산업,013580,타인에대한채무보증결정,20220215800272,계룡건설산업,20220215,유
KOSPI,00122056,미창석유공업,003650,매출액또는손익구조30%(대규모법인은15%)이상변경,20220215800291,미창석유공업,20220215,유정
KOSPI,00121288,모나미,005360,매출액또는손익구조30%(대규모법인은15%)이상변경,20220215800297,모나미,20220215,유정
KOSPI,00140946,한솔로지스틱스,009180,주주총회소집결의,20220215800302,한솔로지스틱스,20220215,유
KOSPI,00126186,삼성에스디에스,018260,주주총회소집결의,20220215800307,삼성에스디에스,20220215,유
KOSPI,00126371,삼성전기,009150,주주총회소집결의,20220215800311,삼성전기,20220215,유
KOSPI,00145109,유한양행,000100,기업설명회(IR)개최(안내공시),20220215800312,유한양행,20220215,유
KOSPI,00140946,한솔로지스틱스,009180,현금ㆍ현물배당결정,20220215800317,한솔로지스틱스,20220215,유
KOSPI,00427483,대웅제약,069620,영업(잠정)실적(공정공시),20220215800331,대웅제약,20220215,유
KOSPI,00427483,대웅제약,069620,매출액또는손익구조30%(대규모법인은15%)이상변경,20220215800334,대웅제약,20220215,유
KOSPI,00428251,현대백화점,069960,기업설명회(IR)개최(안내공시),20220215800343,현대백화점,20220215,유
KOSPI,00128227,삼정펄프,009770,매출액또는손익구조30%(대규모법인은15%)이상변경,20220215800353,삼정펄프,20220215,유정
KOSPI,00111810,대웅,003090,매출액또는손익구조30%(대규모법인은15%)이상변경(자회사의 주요경영사항),20220215800355,대웅,20220215,유
KOSPI,00126380,삼성전자,005930,주주총회소집결의,20220215800376,삼성전자,20220215,유
KOSPI,00409672,티비에이치글로벌,084870,매출액또는손익구조30%(대규모법인은15%)이상변경,20220215800408,티비에이치글로벌,20220215,유
KOSPI,01430475,코람코라이프인프라리츠,357120,정기주주총회결과,20220215800410,코람코라이프인프라리츠,20220215,유
KOSPI,00261443,NC,036570,연결재무제표기준영업(잠정)실적(공정공시),20220215800411,NC,20220215,유
KOSPI,00409672,티비에이치글로벌,084870,영업(잠정)실적(공정공시),20220215800415,티비에이치글로벌,20220215,유
KOSPI,00261443,NC,036570,현금ㆍ현물배당결정,20220215800418,NC,20220215,유
KOSPI,00409672,티비에이치글로벌,084870,주주총회소집결의,20220215800419,티비에이치글로벌,20220215,유
KOSPI,00261443,NC,036570,주주총회소집결의,20220215800423,NC,20220215,유
KOSPI,00261443,NC,036570,수시공시의무관련사항(공정공시),20220215800425,NC,20220215,유
KOSPI,00129989,코스모신소재,005070,주주총회소집결의,20220215800431,코스모신소재,20220215,유
KOSPI,00486705,아주스틸,139990,매출액또는손익구조30%(대규모법인은15%)이상변경,20220215800466,아주스틸,20220215,유
KOSPI,00113535,대한해운,005880,매출액또는손익구조30%(대규모법인은15%)이상변경,20220215800467,대한해운,20220215,유
KOSPI,00103662,광명전기,017040,매출액또는손익구조30%(대규모법인은15%)이상변경,20220215800469,광명전기,20220215,유
KOSPI,00107066,남광토건,001260,[기재정정]단일판매ㆍ공급계약체결,20220215800470,남광토건,20220215,유정
KOSPI,01436628,이지스레지던스리츠,350520,부동산투자회사금전배당결정,20220215800476,이지스레지던스리츠,20220215,유
KOSPI,00261443,NC,036570,매출액또는손익구조30%(대규모법인은15%)이상변경,20220215800478,NC,20220215,유
KOSPI,00178754,동아지질,028100,[기재정정]단일판매ㆍ공급계약체결,20220215800482,동아지질,20220215,유정
KOSPI,01436628,이지스레지던스리츠,350520,주주총회소집결의,20220215800483,이지스레지던스리츠,20220215,유
KOSPI,01436628,이지스레지던스리츠,350520,감사보고서제출,20220215800486,이지스레지던스리츠,20220215,유
KOSPI,00261285,한국가스공사,036460,영업(잠정)실적(공정공시),20220215800508,한국가스공사,20220215,유
KOSPI,00148920,조광페인트,004910,현금ㆍ현물배당결정,20220215800509,조광페인트,20220215,유
KOSPI,00260392,대원전선,006340,최대주주등소유주식변동신고서,20220215800510,대원전선,20220215,유
KOSPI,00177199,디씨엠,024090,주주총회소집결의,20220215800512,디씨엠,20220215,유
KOSPI,00120562,롯데지주,004990,최대주주등소유주식변동신고서,20220215800517,롯데지주,20220215,유
KOSPI,00177199,디씨엠,024090,현금ㆍ현물배당결정,20220215800521,디씨엠,20220215,유
KOSPI,00117498,스틱인베스트먼트,026890,대표이사(대표집행임원)변경(안내공시),20220215800528,스틱인베스트먼트,20220215,유
KOSPI,00190321,케이티,030200,타법인주식및출자증권취득결정,20220215800534,케이티,20220215,유
KOSPI,00148920,조광페인트,004910,주주총회소집결의,20220215800537,조광페인트,20220215,유
KOSPI,00176914,다우기술,023590,최대주주등소유주식변동신고서,20220215800591,다우기술,20220215,유
KOSPI,00126380,삼성전자,005930,대표이사(대표집행임원)변경(안내공시),20220215800605,삼성전자,20220215,유
KOSPI,00126380,삼성전자,005930,기타경영사항(자율공시),20220215800618,삼성전자,20220215,유
KOSPI,00992871,종근당,185750,기업설명회(IR)개최(안내공시),20220215800620,종근당,20220215,유
KOSPI,01412822,솔루스첨단소재,336370,기업설명회(IR)개최(안내공시),20220215800621,솔루스첨단소재,20220215,유
KOSPI,00160047,한국앤컴퍼니,000240,연결재무제표기준영업(잠정)실적(공정공시),20220215800622,한국앤컴퍼니,20220215,유
KOSPI,00112059,상상인증권,001290,매출액또는손익구조30%(대규모법인은15%)이상변경,20220215800656,상상인증권,20220215,유
KOSPI,00160047,한국앤컴퍼니,000240,매출액또는손익구조30%(대규모법인은15%)이상변경,20220215800658,한국앤컴퍼니,20220215,유정
KOSPI,00129013,CJ씨푸드,011150,영업(잠정)실적(공정공시),20220215800696,CJ씨푸드,20220215,유
KOSPI,00164636,HDC,012630,최대주주등소유주식변동신고서,20220215800702,HDC,20220215,유
KOSPI,00148920,조광페인트,004910,매출액또는손익구조30%(대규모법인은15%)이상변경,20220215800729,조광페인트,20220215,유정
KOSPI,00157681,롯데정밀화학,004000,최대주주등소유주식변동신고서,20220215800743,롯데정밀화학,20220215,유
KOSPI,00164742,현대자동차,005380,기업설명회(IR)개최(안내공시),20220215800753,현대자동차,20220215,유
KOSPI,01267170,SK케미칼,285130,소송등의제기ㆍ신청(경영권분쟁소송),20220215800762,SK케미칼,20220215,유
KOSPI,00131832,SK디스커버리,006120,소송등의제기ㆍ신청(경영권분쟁소송)(자회사의 주요경영사항),20220215800763,SK디스커버리,20220215,유
KOSPI,01010110,더블유게임즈,192080,기업설명회(IR)개최(안내공시),20220215800765,더블유게임즈,20220215,유
KOSPI,00109286,대동,000490,매출액또는손익구조30%(대규모법인은15%)이상변경,20220215800772,대동,20220215,유
KOSPI,00118521,진원생명과학,011000,매출액또는손익구조30%(대규모법인은15%)이상변경,20220215800777,진원생명과학,20220215,유
KOSPI,00360142,아이마켓코리아,122900,연결재무제표기준영업(잠정)실적(공정공시),20220215800780,아이마켓코리아,20220215,유
KOSPI,00360142,아이마켓코리아,122900,매출액또는손익구조30%(대규모법인은15%)이상변경,20220215800786,아이마켓코리아,20220215,유
KOSPI,00360142,아이마켓코리아,122900,현금ㆍ현물배당결정,20220215800795,아이마켓코리아,20220215,유
KOSPI,00132211,SUN&L,002820,매출액또는손익구조30%(대규모법인은15%)이상변경,20220215800799,SUN&L,20220215,유
KOSPI,00111704,한화오션,042660,[기재정정]소송등의제기ㆍ신청(일정금액이상의청구),20220215800802,한화오션,20220215,유
KOSPI,00372882,KTcs,058850,매출액또는손익구조30%(대규모법인은15%)이상변경,20220215800806,KTcs,20220215,유
KOSPI,00372882,KTcs,058850,현금ㆍ현물배당결정,20220215800809,KTcs,20220215,유
KOSPI,01168383,일동제약,249420,투자판단관련주요경영사항,20220215800836,일동제약,20220215,유
KOSPI,00126487,F&F 홀딩스,007700,매출액또는손익구조30%(대규모법인은15%)이상변경,20220215800844,F&F 홀딩스,20220215,유
KOSPI,00155531,풍산홀딩스,005810,매출액또는손익구조30%(대규모법인은15%)이상변경(자회사의 주요경영사항),20220215800848,풍산홀딩스,20220215,유
KOSPI,00170558,코웨이,021240,주주총회소집결의,20220215800864,코웨이,20220215,유
KOSPI,00155531,풍산홀딩스,005810,현금ㆍ현물배당결정(자회사의 주요경영사항),20220215800867,풍산홀딩스,20220215,유
KOSPI,00134316,세원정공,021820,타인에대한채무보증결정,20220215800868,세원정공,20220215,유
KOSPI,00170558,코웨이,021240,매출액또는손익구조30%(대규모법인은15%)이상변경,20220215800870,코웨이,20220215,유
KOSPI,00372882,KTcs,058850,영업(잠정)실적(공정공시),20220215800873,KTcs,20220215,유
KOSPI,00372882,KTcs,058850,연결재무제표기준영업(잠정)실적(공정공시),20220215800877,KTcs,20220215,유
KOSPI,00146083,일동홀딩스,000230,투자판단관련주요경영사항(자회사의 주요경영사항),20220215800878,일동홀딩스,20220215,유
KOSPI,00170558,코웨이,021240,타인에대한채무보증결정,20220215800887,코웨이,20220215,유
KOSPI,00937324,한국타이어앤테크놀로지,161390,매출액또는손익구조30%(대규모법인은15%)이상변경,20220215800889,한국타이어앤테크놀로지,20220215,유정
KOSPI,00108038,엔피씨,004250,최대주주등소유주식변동신고서,20220215800891,엔피씨,20220215,유
KOSPI,00170558,코웨이,021240,현금ㆍ현물배당결정,20220215800892,코웨이,20220215,유
KOSPI,00138792,아시아나항공,020560,영업(잠정)실적(공정공시),20220215800893,아시아나항공,20220215,유
KOSPI,00152385,에이프로젠,007460,매출액또는손익구조30%(대규모법인은15%)이상변경,20220215800894,에이프로젠,20220215,유
KOSPI,00937324,한국타이어앤테크놀로지,161390,[기재정정]연결재무제표기준영업(잠정)실적(공정공시),20220215800906,한국타이어앤테크놀로지,20220215,유정
KOSPI,00360142,아이마켓코리아,122900,타법인주식및출자증권취득결정,20220215800917,아이마켓코리아,20220215,유정
KOSPI,00160047,한국앤컴퍼니,000240,매출액또는손익구조30%(대규모법인은15%)이상변경(자회사의 주요경영사항),20220215800920,한국앤컴퍼니,20220215,유정
KOSPI,00138792,아시아나항공,020560,매출액또는손익구조30%(대규모법인은15%)이상변경,20220215800923,아시아나항공,20220215,유
KOSPI,00149655,삼성물산,028260,최대주주등소유주식변동신고서,20220215800926,삼성물산,20220215,유
KOSPI,00508344,SK디앤디,210980,투자판단관련주요경영사항,20220215800944,SK디앤디,20220215,유
KOSPI,00131832,SK디스커버리,006120,투자판단관련주요경영사항(자회사의 주요경영사항),20220215800969,SK디스커버리,20220215,유
KOSPI,00102618,계양전기,012200,횡령ㆍ배임혐의발생,20220215800980,계양전기,20220215,유정
KOSPI,00102618,계양전기,012200,기타시장안내(상장적격성 실질심사 사유 발생 안내),20220215800982,유가증권시장본부,20220215,유
KOSPI,00398701,엘앤에프,066970,전환가액의조정,20220215900680,엘앤에프,20220215,코
KOSPI,00126566,한화에어로스페이스,012450,임원ㆍ주요주주특정증권등소유상황보고서,20220216000004,이광민,20220216,
KOSPI,00688996,KB금융,105560,[첨부정정]증권신고서(채무증권),20220216000005,KB금융,20220216,
KOSPI,00688996,KB금융,105560,투자설명서,20220216000008,KB금융,20220216,
KOSPI,01325979,세아제강,306200,주식등의대량보유상황보고서(일반),20220216000051,세아제강지주,20220216,
KOSPI,00137997,현대차증권,001500,일괄신고추가서류(파생결합사채-주가연계파생결합사채),20220216000066,현대차증권,20220216,
KOSPI,00137997,현대차증권,001500,일괄신고추가서류(파생결합증권-주가연계증권),20220216000074,현대차증권,20220216,
KOSPI,00104856,삼성증권,016360,일괄신고추가서류(파생결합사채-주가연계파생결합사채),20220216000082,삼성증권,20220216,
KOSPI,00104856,삼성증권,016360,일괄신고추가서류(파생결합증권-주가연계증권),20220216000086,삼성증권,20220216,
KOSPI,00104856,삼성증권,016360,투자설명서(일괄신고),20220216000110,삼성증권,20220216,
KOSPI,00104856,삼성증권,016360,투자설명서(일괄신고),20220216000117,삼성증권,20220216,
KOSPI,00104856,삼성증권,016360,증권발행실적보고서,20220216000131,삼성증권,20220216,
KOSPI,00152385,에이프로젠,007460,주식등의대량보유상황보고서(일반),20220216000150,지베이스,20220216,
KOSPI,00148276,제일기획,030000,동일인등출자계열회사와의상품ㆍ용역거래,20220216000152,제일기획,20220216,공
KOSPI,00148610,한화투자증권,003530,증권발행실적보고서,20220216000154,한화투자증권,20220216,
KOSPI,00137997,현대차증권,001500,투자설명서(일괄신고),20220216000162,현대차증권,20220216,
KOSPI,00120182,NH투자증권,005940,증권발행실적보고서,20220216000180,NH투자증권,20220216,
KOSPI,00137997,현대차증권,001500,투자설명서(일괄신고),20220216000208,현대차증권,20220216,
KOSPI,00104856,삼성증권,016360,일괄신고추가서류(파생결합증권-주가연계증권),20220216000233,삼성증권,20220216,
KOSPI,00137997,현대차증권,001500,일괄신고추가서류(파생결합증권-주가연계증권),20220216000250,현대차증권,20220216,
KOSPI,00120182,NH투자증권,005940,일괄신고추가서류(파생결합사채-주가연계파생결합사채),20220216000254,NH투자증권,20220216,
KOSPI,00104856,삼성증권,016360,투자설명서(일괄신고),20220216000259,삼성증권,20220216,
KOSPI,00145163,파미셀,005690,주식등의대량보유상황보고서(일반),20220216000269,김현수,20220216,
KOSPI,00104856,삼성증권,016360,일괄신고추가서류(파생결합증권-주가연계증권),20220216000280,삼성증권,20220216,
KOSPI,00877059,삼성바이오로직스,207940,[기재정정]증권신고서(지분증권),20220216000288,삼성바이오로직스,20220216,정
KOSPI,00104856,삼성증권,016360,투자설명서(일괄신고),20220216000298,삼성증권,20220216,
KOSPI,00166227,화승인더스트리,006060,주요사항보고서(자기주식취득신탁계약체결결정),20220216000299,화승인더스트리,20220216,
KOSPI,01437186,ESR켄달스퀘어리츠,365550,[기재정정]주주총회소집공고,20220216000347,ESR켄달스퀘어리츠,20220216,
KOSPI,00104856,삼성증권,016360,일괄신고추가서류(파생결합증권-주가연계증권),20220216000362,삼성증권,20220216,
KOSPI,00115694,DB증권,016610,일괄신고추가서류(기타파생결합사채),20220216000367,DB증권,20220216,
KOSPI,00111722,미래에셋증권,006800,일괄신고추가서류(파생결합증권-주가연계증권),20220216000369,미래에셋증권,20220216,
KOSPI,00120182,NH투자증권,005940,투자설명서(일괄신고),20220216000374,NH투자증권,20220216,
KOSPI,00104856,삼성증권,016360,일괄신고추가서류(파생결합증권-상장지수증권),20220216000385,삼성증권,20220216,
KOSPI,00115694,DB증권,016610,일괄신고추가서류(파생결합사채-주가연계파생결합사채),20220216000393,DB증권,20220216,
KOSPI,00113359,교보증권,030610,일괄신고추가서류(파생결합증권-주가연계증권),20220216000395,교보증권,20220216,
KOSPI,00104856,삼성증권,016360,투자설명서(일괄신고),20220216000420,삼성증권,20220216,
KOSPI,00137997,현대차증권,001500,투자설명서(일괄신고),20220216000422,현대차증권,20220216,
KOSPI,00104856,삼성증권,016360,투자설명서(일괄신고),20220216000428,삼성증권,20220216,
KOSPI,00104856,삼성증권,016360,증권발행실적보고서,20220216000432,삼성증권,20220216,
KOSPI,00110893,대신증권,003540,증권발행실적보고서,20220216000435,대신증권,20220216,
KOSPI,00113359,교보증권,030610,투자설명서(일괄신고),20220216000446,교보증권,20220216,
KOSPI,00115694,DB증권,016610,투자설명서(일괄신고),20220216000521,DB증권,20220216,
KOSPI,00115694,DB증권,016610,투자설명서(일괄신고),20220216000531,DB증권,20220216,
KOSPI,00152385,에이프로젠,007460,[기재정정]주요사항보고서(회사합병결정),20220216000585,에이프로젠,20220216,정
KOSPI,00145109,유한양행,000100,주요사항보고서(자기주식취득신탁계약체결결정),20220216000609,유한양행,20220216,정
KOSPI,00939331,한국콜마,161890,임원ㆍ주요주주특정증권등소유상황보고서,20220216000613,홍진수,20220216,
KOSPI,00162063,한신공영,004960,[기재정정]증권신고서(채무증권),20220216000622,한신공영,20220216,정
KOSPI,00104856,삼성증권,016360,일괄신고추가서류(파생결합증권-주가연계증권),20220216000633,삼성증권,20220216,
KOSPI,00162063,한신공영,004960,[발행조건확정]증권신고서(채무증권),20220216000634,한신공영,20220216,정
KOSPI,00110893,대신증권,003540,일괄신고추가서류(파생결합사채-주가연계파생결합사채),20220216000641,대신증권,20220216,
KOSPI,00110893,대신증권,003540,일괄신고추가서류(파생결합증권-주가연계증권),20220216000650,대신증권,20220216,
KOSPI,00148276,제일기획,030000,주주총회소집공고,20220216000657,제일기획,20220216,정
KOSPI,00120182,NH투자증권,005940,일괄신고추가서류(파생결합증권-주가연계증권),20220216000662,NH투자증권,20220216,
KOSPI,00104856,삼성증권,016360,투자설명서(일괄신고),20220216000664,삼성증권,20220216,
KOSPI,00148276,제일기획,030000,의결권대리행사권유참고서류,20220216000670,제일기획,20220216,정
KOSPI,00120182,NH투자증권,005940,투자설명서(일괄신고),20220216000671,NH투자증권,20220216,
KOSPI,00117601,유안타증권,003470,일괄신고추가서류(파생결합증권-주가연계증권),20220216000678,유안타증권,20220216,
KOSPI,00104856,삼성증권,016360,일괄신고추가서류(파생결합증권-주가연계증권),20220216000683,삼성증권,20220216,
KOSPI,00117601,유안타증권,003470,투자설명서(일괄신고),20220216000685,유안타증권,20220216,
KOSPI,00104856,삼성증권,016360,증권발행실적보고서,20220216000690,삼성증권,20220216,
KOSPI,00110893,대신증권,003540,투자설명서(일괄신고),20220216000693,대신증권,20220216,
KOSPI,00104856,삼성증권,016360,투자설명서(일괄신고),20220216000698,삼성증권,20220216,
KOSPI,00110893,대신증권,003540,투자설명서(일괄신고),20220216000700,대신증권,20220216,
KOSPI,00148610,한화투자증권,003530,일괄신고추가서류(파생결합증권-주가연계증권),20220216000706,한화투자증권,20220216,
KOSPI,00115694,DB증권,016610,일괄신고추가서류(파생결합증권-주가연계증권),20220216000719,DB증권,20220216,
KOSPI,00113359,교보증권,030610,일괄신고추가서류(파생결합증권-주가연계증권),20220216000725,교보증권,20220216,
KOSPI,00148610,한화투자증권,003530,투자설명서(일괄신고),20220216000726,한화투자증권,20220216,
KOSPI,00111722,미래에셋증권,006800,일괄신고추가서류(파생결합증권-상장지수증권),20220216000733,미래에셋증권,20220216,
KOSPI,00108746,DKME,015590,주식등의대량보유상황보고서(일반),20220216000736,크레오에스지,20220216,
KOSPI,00111722,미래에셋증권,006800,일괄신고추가서류(파생결합증권-주가연계증권),20220216000741,미래에셋증권,20220216,
KOSPI,00115694,DB증권,016610,투자설명서(일괄신고),20220216000742,DB증권,20220216,
KOSPI,00152385,에이프로젠,007460,[기재정정]증권신고서(합병),20220216000744,에이프로젠,20220216,정
KOSPI,00115694,DB증권,016610,일괄신고추가서류(파생결합사채-주가연계파생결합사채),20220216000750,DB증권,20220216,
KOSPI,00113359,교보증권,030610,투자설명서(일괄신고),20220216000751,교보증권,20220216,
KOSPI,00111722,미래에셋증권,006800,일괄신고추가서류(기타파생결합사채),20220216000757,미래에셋증권,20220216,정
KOSPI,00432102,한국금융지주,071050,특수관계인에대한자금대여,20220216000764,한국금융지주,20220216,공
KOSPI,00111722,미래에셋증권,006800,투자설명서(일괄신고),20220216000808,미래에셋증권,20220216,정
KOSPI,00115694,DB증권,016610,투자설명서(일괄신고),20220216000817,DB증권,20220216,
KOSPI,00113410,CJ대한통운,000120,임원ㆍ주요주주특정증권등소유상황보고서,20220216000820,김경훈,20220216,
KOSPI,01009789,코스맥스,192820,임원ㆍ주요주주특정증권등소유상황보고서,20220216000821,박천호,20220216,
KOSPI,00111722,미래에셋증권,006800,투자설명서(일괄신고),20220216000824,미래에셋증권,20220216,
KOSPI,00113359,교보증권,030610,일괄신고추가서류(파생결합증권-주가연계증권),20220216000826,교보증권,20220216,정
KOSPI,00148610,한화투자증권,003530,일괄신고추가서류(파생결합증권-주가연계증권),20220216000828,한화투자증권,20220216,
KOSPI,00148610,한화투자증권,003530,투자설명서(일괄신고),20220216000837,한화투자증권,20220216,
KOSPI,00111722,미래에셋증권,006800,일괄신고서,20220216000840,미래에셋증권,20220216,정
KOSPI,00126308,삼성E&A,028050,주주총회소집공고,20220216000845,삼성E&A,20220216,정
KOSPI,00111722,미래에셋증권,006800,투자설명서(일괄신고),20220216000847,미래에셋증권,20220216,
KOSPI,00113359,교보증권,030610,투자설명서(일괄신고),20220216000851,교보증권,20220216,정
KOSPI,00126308,삼성E&A,028050,의결권대리행사권유참고서류,20220216000853,삼성E&A,20220216,
KOSPI,00107677,비비안,002070,주식등의대량보유상황보고서(일반),20220216000858,쌍방울,20220216,
KOSPI,01276594,신한알파리츠,293940,주요사항보고서(유상증자결정),20220216000862,신한알파리츠,20220216,정
KOSPI,01437292,미래에셋맵스리츠,357250,사업보고서 (2021.11),20220216000865,미래에셋맵스리츠,20220216,
KOSPI,00122579,BYC,001460,임원ㆍ주요주주특정증권등소유상황보고서,20220216000869,한승우,20220216,
KOSPI,00688996,KB금융,105560,증권발행실적보고서,20220216000873,KB금융,20220216,
KOSPI,00117601,유안타증권,003470,증권발행실적보고서,20220216000877,유안타증권,20220216,
KOSPI,00111722,미래에셋증권,006800,[기재정정]투자설명서(일괄신고),20220216000880,미래에셋증권,20220216,
KOSPI,00145464,이구산업,025820,임원ㆍ주요주주특정증권등소유상황보고서,20220216000883,권득호,20220216,
KOSPI,00120182,NH투자증권,005940,일괄신고추가서류(파생결합증권-주가연계증권),20220216000900,NH투자증권,20220216,
KOSPI,00121039,명문제약,017180,주식등의대량보유상황보고서(일반),20220216000904,우석민,20220216,
KOSPI,00120182,NH투자증권,005940,투자설명서(일괄신고),20220216000913,NH투자증권,20220216,
KOSPI,00165413,롯데케미칼,011170,증권신고서(채무증권),20220216000980,롯데케미칼,20220216,정
KOSPI,00149655,삼성물산,028260,주주총회소집공고,20220216001003,삼성물산,20220216,
KOSPI,00111722,미래에셋증권,006800,일괄신고추가서류(파생결합증권-주가연계증권),20220216001006,미래에셋증권,20220216,
KOSPI,00117601,유안타증권,003470,일괄신고추가서류(파생결합증권-주가연계증권),20220216001012,유안타증권,20220216,
KOSPI,00148610,한화투자증권,003530,일괄신고추가서류(파생결합증권-주가연계증권),20220216001014,한화투자증권,20220216,
KOSPI,00111722,미래에셋증권,006800,일괄신고추가서류(파생결합사채-주가연계파생결합사채),20220216001015,미래에셋증권,20220216,
KOSPI,00126308,삼성E&A,028050,[기재정정]주주총회소집공고,20220216001017,삼성E&A,20220216,
KOSPI,00117601,유안타증권,003470,투자설명서(일괄신고),20220216001019,유안타증권,20220216,
KOSPI,00148610,한화투자증권,003530,투자설명서(일괄신고),20220216001021,한화투자증권,20220216,
KOSPI,00113359,교보증권,030610,일괄신고추가서류(파생결합증권-주가연계증권),20220216001027,교보증권,20220216,
KOSPI,00181712,SK,034730,[기재정정]증권신고서(채무증권),20220216001028,SK,20220216,정
KOSPI,00113359,교보증권,030610,투자설명서(일괄신고),20220216001038,교보증권,20220216,
KOSPI,00149655,삼성물산,028260,의결권대리행사권유참고서류,20220216001045,삼성물산,20220216,
KOSPI,01524093,DL이앤씨,375500,임원ㆍ주요주주특정증권등소유상황보고서,20220216001046,DL,20220216,
KOSPI,01524093,DL이앤씨,375500,주식등의대량보유상황보고서(일반),20220216001049,DL,20220216,
KOSPI,00111722,미래에셋증권,006800,투자설명서(일괄신고),20220216001054,미래에셋증권,20220216,
KOSPI,00117601,유안타증권,003470,일괄신고추가서류(파생결합증권-주가연계증권),20220216001061,유안타증권,20220216,
KOSPI,00111722,미래에셋증권,006800,일괄신고추가서류(파생결합증권-주가연계증권),20220216001065,미래에셋증권,20220216,
KOSPI,00181712,SK,034730,[발행조건확정]증권신고서(채무증권),20220216001068,SK,20220216,정
KOSPI,00117601,유안타증권,003470,투자설명서(일괄신고),20220216001069,유안타증권,20220216,
KOSPI,00565154,이노션,214320,임원ㆍ주요주주특정증권등소유상황보고서,20220216001078,이용우,20220216,
KOSPI,00113058,한화생명,088350,임원ㆍ주요주주특정증권등소유상황보고서,20220216001079,이경섭,20220216,
KOSPI,00111722,미래에셋증권,006800,투자설명서(일괄신고),20220216001087,미래에셋증권,20220216,
KOSPI,00565154,이노션,214320,주식등의대량보유상황보고서(일반),20220216001088,정성이,20220216,
KOSPI,00111722,미래에셋증권,006800,투자설명서(일괄신고),20220216001094,미래에셋증권,20220216,
KOSPI,00138057,써니전자,004770,주주총회소집공고,20220216001097,써니전자,20220216,정
KOSPI,00135917,한화손해보험,000370,임원ㆍ주요주주특정증권등소유상황보고서,20220216001109,여상훈,20220216,
KOSPI,00896285,삼양사,145990,[기재정정]증권신고서(채무증권),20220216001112,삼양사,20220216,정
KOSPI,00138057,써니전자,004770,의결권대리행사권유참고서류,20220216001116,써니전자,20220216,정
KOSPI,00149655,삼성물산,028260,임원ㆍ주요주주특정증권등소유상황보고서,20220216001123,허영우,20220216,
KOSPI,00896285,삼양사,145990,[발행조건확정]증권신고서(채무증권),20220216001137,삼양사,20220216,정
KOSPI,00469799,이엔플러스,074610,[기재정정]주요사항보고서(전환사채권발행결정),20220216001145,이엔플러스,20220216,정
KOSPI,00164706,현대약품,004310,사업보고서 (2021.11),20220216001148,현대약품,20220216,
KOSPI,00469799,이엔플러스,074610,[기재정정]주요사항보고서(전환사채권발행결정),20220216001156,이엔플러스,20220216,정
KOSPI,00149655,삼성물산,028260,특수관계인에대한채권매도,20220216001166,삼성물산,20220216,공
KOSPI,00138279,S-Oil,010950,[발행조건확정]증권신고서(채무증권),20220216001172,S-Oil,20220216,
KOSPI,00125743,현대비앤지스틸,004560,증권신고서(채무증권),20220216001178,현대비앤지스틸,20220216,정
KOSPI,01258507,롯데웰푸드,280360,[발행조건확정]증권신고서(채무증권),20220216001180,롯데웰푸드,20220216,
KOSPI,00111722,미래에셋증권,006800,투자설명서(일괄신고),20220216001198,미래에셋증권,20220216,
KOSPI,00111722,미래에셋증권,006800,[기재정정]일괄신고추가서류(기타파생결합사채),20220216001206,미래에셋증권,20220216,
KOSPI,00855163,미원화학,134380,최대주주등소유주식변동신고서,20220216800095,미원화학,20220216,유
KOSPI,00108746,DKME,015590,단일판매ㆍ공급계약체결,20220216800108,DKME,20220216,유정
KOSPI,00159786,유니드,014830,주주총회소집결의,20220216800139,유니드,20220216,유
KOSPI,00135111,수산세보틱스,017550,매출액또는손익구조30%(대규모법인은15%)이상변경,20220216800157,수산세보틱스,20220216,유정
KOSPI,00102113,경인양행,012610,현금ㆍ현물배당결정,20220216800167,경인양행,20220216,유
KOSPI,01276594,신한알파리츠,293940,기타경영사항(자율공시),20220216800188,신한알파리츠,20220216,유
KOSPI,00102113,경인양행,012610,매출액또는손익구조30%(대규모법인은15%)이상변경,20220216800189,경인양행,20220216,유
KOSPI,00135111,수산세보틱스,017550,[기재정정]매출액또는손익구조30%(대규모법인은15%)이상변경,20220216800192,수산세보틱스,20220216,유정
KOSPI,00145163,파미셀,005690,최대주주등소유주식변동신고서,20220216800195,파미셀,20220216,유
KOSPI,00135111,수산세보틱스,017550,[기재정정]매출액또는손익구조30%(대규모법인은15%)이상변경,20220216800223,수산세보틱스,20220216,유정
KOSPI,01325979,세아제강,306200,최대주주등소유주식변동신고서,20220216800227,세아제강,20220216,유
KOSPI,00413046,셀트리온,068270,영업(잠정)실적(공정공시),20220216800241,셀트리온,20220216,유
KOSPI,00413046,셀트리온,068270,연결재무제표기준영업(잠정)실적(공정공시),20220216800243,셀트리온,20220216,유
KOSPI,00413046,셀트리온,068270,매출액또는손익구조30%(대규모법인은15%)이상변경,20220216800244,셀트리온,20220216,유정
KOSPI,00413046,셀트리온,068270,주주총회소집결의,20220216800246,셀트리온,20220216,유
KOSPI,00136271,신성이엔지,011930,주주총회소집결의,20220216800249,신성이엔지,20220216,유
KOSPI,01276594,신한알파리츠,293940,기타경영사항(자율공시),20220216800266,신한알파리츠,20220216,유
KOSPI,00129420,까뮤이앤씨,013700,단일판매ㆍ공급계약체결,20220216800310,까뮤이앤씨,20220216,유정
KOSPI,00164742,현대자동차,005380,기업설명회(IR)개최(안내공시),20220216800317,현대자동차,20220216,유
KOSPI,00140779,영보화학,014440,주주총회소집결의,20220216800330,영보화학,20220216,유
KOSPI,00125974,삼부토건,001470,단일판매ㆍ공급계약체결,20220216800332,삼부토건,20220216,유
KOSPI,00148276,제일기획,030000,주주총회소집결의,20220216800337,제일기획,20220216,유
KOSPI,01310269,IPARK현대산업개발,294870,타인에대한채무보증결정,20220216800341,IPARK현대산업개발,20220216,유
KOSPI,00135962,신라교역,004970,최대주주등소유주식변동신고서,20220216800348,신라교역,20220216,유
KOSPI,00164636,HDC,012630,타인에대한채무보증결정(자회사의 주요경영사항),20220216800350,HDC,20220216,유
KOSPI,00140779,영보화학,014440,현금ㆍ현물배당결정,20220216800354,영보화학,20220216,유
KOSPI,00145109,유한양행,000100,매출액또는손익구조30%(대규모법인은15%)이상변경,20220216800364,유한양행,20220216,유
KOSPI,00145109,유한양행,000100,현금ㆍ현물배당결정,20220216800387,유한양행,20220216,유
KOSPI,00145109,유한양행,000100,주주총회소집결의,20220216800391,유한양행,20220216,유
KOSPI,00939331,한국콜마,161890,최대주주등소유주식변동신고서,20220216800418,한국콜마,20220216,유
KOSPI,00427483,대웅제약,069620,기업설명회(IR)개최(안내공시),20220216800428,대웅제약,20220216,유
KOSPI,00107677,비비안,002070,매출액또는손익구조30%(대규모법인은15%)이상변경,20220216800488,비비안,20220216,유정
KOSPI,00127167,삼영무역,002810,매출액또는손익구조30%(대규모법인15%)미만변경(자율공시),20220216800516,삼영무역,20220216,유
KOSPI,00148984,시알홀딩스,000480,매출액또는손익구조30%(대규모법인은15%)이상변경,20220216800518,시알홀딩스,20220216,유
KOSPI,00127167,삼영무역,002810,주주총회소집결의,20220216800524,삼영무역,20220216,유
KOSPI,00170558,코웨이,021240,연결재무제표기준영업(잠정)실적(공정공시),20220216800535,코웨이,20220216,유
KOSPI,00147860,에스엠벡셀,010580,매출액또는손익구조30%(대규모법인은15%)이상변경,20220216800543,에스엠벡셀,20220216,유
KOSPI,00152385,에이프로젠,007460,[기재정정]주주총회소집결의,20220216800545,에이프로젠,20220216,유정
KOSPI,00118451,동일제강,002690,매출액또는손익구조30%(대규모법인은15%)이상변경,20220216800552,동일제강,20220216,유
KOSPI,00127167,삼영무역,002810,현금ㆍ현물배당결정,20220216800556,삼영무역,20220216,유
KOSPI,00116824,동아쏘시오홀딩스,000640,[기재정정]단일판매ㆍ공급계약체결(자회사의 주요경영사항),20220216800558,동아쏘시오홀딩스,20220216,유
KOSPI,00203315,콘텐트리중앙,036420,매출액또는손익구조30%(대규모법인은15%)이상변경(자회사의 주요경영사항),20220216800560,콘텐트리중앙,20220216,유
KOSPI,01133217,카카오뱅크,323410,기업설명회(IR)개최(안내공시),20220216800562,카카오뱅크,20220216,유
KOSPI,00170558,코웨이,021240,연결재무제표기준영업실적등에대한전망(공정공시),20220216800577,코웨이,20220216,유
KOSPI,00126308,삼성E&A,028050,주주총회소집결의,20220216800580,삼성E&A,20220216,유정
KOSPI,00545716,롯데렌탈,089860,기타안내사항(안내공시),20220216800583,롯데렌탈,20220216,유
KOSPI,00545716,롯데렌탈,089860,기업설명회(IR)개최(안내공시),20220216800588,롯데렌탈,20220216,유
KOSPI,00145464,이구산업,025820,최대주주등소유주식변동신고서,20220216800591,이구산업,20220216,유
KOSPI,00872984,이마트,139480,유상증자결정(종속회사의주요경영사항),20220216800595,이마트,20220216,유
KOSPI,00145437,아센디오,012170,전환가액ㆍ신주인수권행사가액ㆍ교환가액의조정(안내공시),20220216800602,아센디오,20220216,유
KOSPI,00122579,BYC,001460,최대주주등소유주식변동신고서,20220216800623,BYC,20220216,유
KOSPI,00486705,아주스틸,139990,기타안내사항(안내공시),20220216800635,아주스틸,20220216,유
KOSPI,00500254,GS,078930,현금ㆍ현물배당결정(자회사의 주요경영사항),20220216800636,GS,20220216,유
KOSPI,00119140,핸즈코퍼레이션,143210,영업(잠정)실적(공정공시),20220216800646,핸즈코퍼레이션,20220216,유정
KOSPI,00119140,핸즈코퍼레이션,143210,연결재무제표기준영업(잠정)실적(공정공시),20220216800650,핸즈코퍼레이션,20220216,유정
KOSPI,00500254,GS,078930,투자판단관련주요경영사항(자회사의 주요경영사항),20220216800652,GS,20220216,유
KOSPI,00119140,핸즈코퍼레이션,143210,매출액또는손익구조30%(대규모법인은15%)이상변경,20220216800655,핸즈코퍼레이션,20220216,유정
KOSPI,00406046,HD현대마린엔진,071970,매출액또는손익구조30%(대규모법인은15%)이상변경,20220216800666,HD현대마린엔진,20220216,유
KOSPI,00121039,명문제약,017180,매출액또는손익구조30%(대규모법인은15%)이상변경,20220216800669,명문제약,20220216,유
KOSPI,00145437,아센디오,012170,전환가액ㆍ신주인수권행사가액ㆍ교환가액의조정(안내공시),20220216800672,아센디오,20220216,유
KOSPI,00219486,신세계I&C,035510,[기재정정]매출액또는손익구조30%(대규모법인은15%)이상변경,20220216800679,신세계I&C,20220216,유
KOSPI,00149655,삼성물산,028260,주주총회소집결의,20220216800684,삼성물산,20220216,유
KOSPI,00219486,신세계I&C,035510,[기재정정]영업(잠정)실적(공정공시),20220216800695,신세계I&C,20220216,유
KOSPI,01263022,BGF리테일,282330,기업설명회(IR)개최(안내공시),20220216800705,BGF리테일,20220216,유
KOSPI,00219097,BGF,027410,기업설명회(IR)개최(안내공시),20220216800707,BGF,20220216,유
KOSPI,00347734,진양화학,051630,[기재정정]매출액또는손익구조30%(대규모법인은15%)이상변경,20220216800710,진양화학,20220216,유
KOSPI,00130091,샘표,007540,매출액또는손익구조30%(대규모법인은15%)이상변경,20220216800721,샘표,20220216,유
KOSPI,00539274,대상홀딩스,084690,단기차입금증가결정(자회사의 주요경영사항),20220216800739,대상홀딩스,20220216,유
KOSPI,00130091,샘표,007540,주주총회소집결의,20220216800754,샘표,20220216,유
KOSPI,00173795,신흥,004080,최대주주등소유주식변동신고서,20220216800757,신흥,20220216,유
KOSPI,00174527,HS화성,002460,현금ㆍ현물배당결정,20220216800763,HS화성,20220216,유정
KOSPI,01261893,케이씨텍,281820,최대주주등소유주식변동신고서,20220216800770,케이씨텍,20220216,유
KOSPI,00130091,샘표,007540,현금ㆍ현물배당결정,20220216800771,샘표,20220216,유
KOSPI,00174527,HS화성,002460,주주총회소집결의,20220216800772,HS화성,20220216,유정
KOSPI,00174527,HS화성,002460,타인에대한채무보증결정,20220216800780,HS화성,20220216,유
KOSPI,01167056,샘표식품,248170,주주총회소집결의,20220216800786,샘표식품,20220216,유
KOSPI,01167056,샘표식품,248170,현금ㆍ현물배당결정,20220216800798,샘표식품,20220216,유
KOSPI,00130091,샘표,007540,현금ㆍ현물배당결정(자회사의 주요경영사항),20220216800799,샘표,20220216,유
KOSPI,00152880,코오롱글로벌,003070,타인에대한채무보증결정,20220216800804,코오롱글로벌,20220216,유
KOSPI,00152862,코오롱,002020,타인에대한채무보증결정(자회사의 주요경영사항),20220216800805,코오롱,20220216,유
KOSPI,00126308,삼성E&A,028050,[기재정정]주주총회소집결의,20220216800811,삼성E&A,20220216,유
KOSPI,00266961,NAVER,035420,풍문또는보도에대한해명(미확정),20220216800812,NAVER,20220216,유
KOSPI,00164706,현대약품,004310,감사보고서제출,20220216800818,현대약품,20220216,유
KOSPI,00113562,롯데손해보험,000400,매출액또는손익구조30%(대규모법인은15%)이상변경,20220216800826,롯데손해보험,20220216,유
KOSPI,00134565,이스타코,015020,매출액또는손익구조30%(대규모법인은15%)이상변경,20220216800834,이스타코,20220216,유정
KOSPI,01524093,DL이앤씨,375500,최대주주등소유주식변동신고서,20220216800839,DL이앤씨,20220216,유
KOSPI,00983040,한진칼,180640,영업정지(종속회사의주요경영사항),20220216800851,한진칼,20220216,유
KOSPI,00753643,주성코퍼레이션,109070,매출액또는손익구조30%(대규모법인은15%)이상변경,20220216800852,주성코퍼레이션,20220216,유
KOSPI,00753643,주성코퍼레이션,109070,주주총회소집결의,20220216800857,주성코퍼레이션,20220216,유
KOSPI,00159740,KISCO홀딩스,001940,매출액또는손익구조30%(대규모법인은15%)이상변경,20220216800858,KISCO홀딩스,20220216,유
KOSPI,00130879,서울식품공업,004410,매출액또는손익구조30%(대규모법인은15%)이상변경,20220216800859,서울식품공업,20220216,유정
KOSPI,00816544,토니모리,214420,연결재무제표기준영업(잠정)실적(공정공시),20220216800875,토니모리,20220216,유정
KOSPI,00156150,엑시큐어하이트론,019490,매출액또는손익구조30%(대규모법인은15%)이상변경,20220216800891,엑시큐어하이트론,20220216,유
KOSPI,00107066,남광토건,001260,[기재정정]타인에대한채무보증결정,20220216800903,남광토건,20220216,유
KOSPI,00144818,유유제약,000220,매출액또는손익구조30%(대규모법인은15%)이상변경,20220216800913,유유제약,20220216,유
KOSPI,00111722,미래에셋증권,006800,최대주주등소유주식변동신고서,20220216800916,미래에셋증권,20220216,유
KOSPI,00372882,KTcs,058850,[기재정정]타법인주식및출자증권처분결정(자율공시),20220216800920,KTcs,20220216,유정
KOSPI,00469799,이엔플러스,074610,대표이사(대표집행임원)변경(안내공시),20220216800923,이엔플러스,20220216,유
KOSPI,00816544,토니모리,214420,매출액또는손익구조30%(대규모법인은15%)이상변경,20220216800947,토니모리,20220216,유
KOSPI,00469799,이엔플러스,074610,타법인주식및출자증권취득결정,20220216800951,이엔플러스,20220216,유정
KOSPI,00428321,해태제과식품,101530,벌금등의부과,20220216800957,해태제과식품,20220216,유
KOSPI,00153126,크라운해태홀딩스,005740,벌금등의부과(자회사의 주요경영사항),20220216800958,크라운해태홀딩스,20220216,유
KOSPI,00124726,빙그레,005180,벌금등의부과,20220216800963,빙그레,20220216,유
KOSPI,00138190,GS글로벌,001250,[기재정정]타인에대한채무보증결정,20220216800967,GS글로벌,20220216,유
KOSPI,00171265,파라다이스,034230,[기재정정]결산실적공시예고,20220216900700,파라다이스,20220216,코
KOSPI,01350869,우리금융지주,316140,투자설명서,20220217000003,우리금융지주,20220217,
KOSPI,00138279,S-Oil,010950,투자설명서,20220217000005,S-Oil,20220217,
KOSPI,01258507,롯데웰푸드,280360,투자설명서,20220217000006,롯데웰푸드,20220217,
KOSPI,00860332,메리츠금융지주,138040,투자설명서,20220217000010,메리츠금융지주,20220217,
KOSPI,00670340,씨에스윈드,112610,주요사항보고서(자기주식취득신탁계약체결결정),20220217000084,씨에스윈드,20220217,
KOSPI,00148610,한화투자증권,003530,증권발행실적보고서,20220217000094,한화투자증권,20220217,
KOSPI,00877059,삼성바이오로직스,207940,투자설명서,20220217000117,삼성바이오로직스,20220217,정
KOSPI,01437186,ESR켄달스퀘어리츠,365550,사업보고서 (2021.11),20220217000191,ESR켄달스퀘어리츠,20220217,연
KOSPI,00110893,대신증권,003540,일괄신고추가서류(파생결합증권-주가연계증권),20220217000233,대신증권,20220217,
KOSPI,00104856,삼성증권,016360,일괄신고추가서류(파생결합증권-주가연계증권),20220217000298,삼성증권,20220217,정
KOSPI,00296290,키움증권,039490,일괄신고추가서류(파생결합사채-주가연계파생결합사채),20220217000319,키움증권,20220217,
KOSPI,00148610,한화투자증권,003530,증권발행실적보고서,20220217000404,한화투자증권,20220217,
KOSPI,00104856,삼성증권,016360,[기재정정]일괄신고추가서류(파생결합증권-주가연계증권),20220217000422,삼성증권,20220217,
KOSPI,00104856,삼성증권,016360,투자설명서(일괄신고),20220217000441,삼성증권,20220217,
KOSPI,00296290,키움증권,039490,투자설명서(일괄신고),20220217000449,키움증권,20220217,
KOSPI,00110893,대신증권,003540,투자설명서(일괄신고),20220217000453,대신증권,20220217,
KOSPI,00162461,한화솔루션,009830,동일인등출자계열회사와의상품ㆍ용역거래,20220217000467,한화솔루션,20220217,공
KOSPI,00113359,교보증권,030610,[기재정정]일괄신고추가서류(파생결합증권-주가연계증권),20220217000498,교보증권,20220217,
KOSPI,00113359,교보증권,030610,[기재정정]투자설명서(일괄신고),20220217000500,교보증권,20220217,
KOSPI,00104856,삼성증권,016360,증권발행실적보고서,20220217000511,삼성증권,20220217,
KOSPI,00113207,대한전선,001440,임원ㆍ주요주주특정증권등소유상황보고서,20220217000518,하성호,20220217,
KOSPI,00296290,키움증권,039490,일괄신고추가서류(파생결합증권-주가연계증권),20220217000528,키움증권,20220217,
KOSPI,00113207,대한전선,001440,임원ㆍ주요주주특정증권등소유상황보고서,20220217000529,임익순,20220217,
KOSPI,00113207,대한전선,001440,임원ㆍ주요주주특정증권등소유상황보고서,20220217000544,남정세,20220217,
KOSPI,00113207,대한전선,001440,임원ㆍ주요주주특정증권등소유상황보고서,20220217000552,백승호,20220217,
KOSPI,00113207,대한전선,001440,임원ㆍ주요주주특정증권등소유상황보고서,20220217000559,이춘원,20220217,
KOSPI,00113207,대한전선,001440,임원ㆍ주요주주특정증권등소유상황보고서,20220217000581,김영택,20220217,
KOSPI,00117601,유안타증권,003470,증권발행실적보고서,20220217000583,유안타증권,20220217,
KOSPI,00113207,대한전선,001440,임원ㆍ주요주주특정증권등소유상황보고서,20220217000598,곽대식,20220217,
KOSPI,00113207,대한전선,001440,임원ㆍ주요주주특정증권등소유상황보고서,20220217000608,김현주,20220217,
KOSPI,00126292,삼성카드,029780,특수관계인과의보험거래,20220217000621,삼성카드,20220217,공
KOSPI,00113207,대한전선,001440,임원ㆍ주요주주특정증권등소유상황보고서,20220217000626,이찬열,20220217,
KOSPI,00113207,대한전선,001440,임원ㆍ주요주주특정증권등소유상황보고서,20220217000633,이기원,20220217,
KOSPI,00126292,삼성카드,029780,특수관계인과의보험거래,20220217000636,삼성카드,20220217,공
KOSPI,00113207,대한전선,001440,임원ㆍ주요주주특정증권등소유상황보고서,20220217000639,김윤수,20220217,
KOSPI,00113207,대한전선,001440,임원ㆍ주요주주특정증권등소유상황보고서,20220217000644,나형균,20220217,
KOSPI,00101220,KG케미칼,001390,임원ㆍ주요주주특정증권등소유상황보고서,20220217000652,백민재,20220217,
KOSPI,00113359,교보증권,030610,일괄신고추가서류(파생결합증권-주가연계증권),20220217000660,교보증권,20220217,
KOSPI,00113359,교보증권,030610,투자설명서(일괄신고),20220217000670,교보증권,20220217,
KOSPI,00860332,메리츠금융지주,138040,증권발행실적보고서,20220217000721,메리츠금융지주,20220217,
KOSPI,00113359,교보증권,030610,일괄신고추가서류(파생결합증권-주가연계증권),20220217000754,교보증권,20220217,
KOSPI,00113207,대한전선,001440,임원ㆍ주요주주특정증권등소유상황보고서,20220217000761,호반산업,20220217,
KOSPI,00111722,미래에셋증권,006800,증권발행실적보고서,20220217000783,미래에셋증권,20220217,
KOSPI,00113359,교보증권,030610,투자설명서(일괄신고),20220217000801,교보증권,20220217,
KOSPI,00296290,키움증권,039490,투자설명서(일괄신고),20220217000837,키움증권,20220217,
KOSPI,01060744,한솔제지,213500,[기재정정]주요사항보고서(회사합병결정),20220217000859,한솔제지,20220217,
KOSPI,00111722,미래에셋증권,006800,증권발행실적보고서,20220217000884,미래에셋증권,20220217,
KOSPI,00164742,현대자동차,005380,[기재정정]사업보고서 (2014.12),20220217000891,현대자동차,20220217,연
KOSPI,01350869,우리금융지주,316140,증권발행실적보고서,20220217000892,우리금융지주,20220217,
KOSPI,00162461,한화솔루션,009830,주요사항보고서(자기주식취득결정),20220217000899,한화솔루션,20220217,
KOSPI,00164742,현대자동차,005380,[기재정정]사업보고서 (2015.12),20220217000915,현대자동차,20220217,연
KOSPI,00176914,다우기술,023590,주식등의대량보유상황보고서(일반),20220217000923,다우데이타,20220217,
KOSPI,00113526,대한항공,003490,[기재정정]특수관계인과의내부거래,20220217000934,대한항공,20220217,공
KOSPI,00162461,한화솔루션,009830,특수관계인에대한출자,20220217000939,한화솔루션,20220217,공
KOSPI,00111722,미래에셋증권,006800,증권발행실적보고서,20220217000941,미래에셋증권,20220217,
KOSPI,01437292,미래에셋맵스리츠,357250,임원ㆍ주요주주특정증권등소유상황보고서,20220217000944,미래에셋자산운용,20220217,
KOSPI,00111722,미래에셋증권,006800,증권발행실적보고서,20220217000945,미래에셋증권,20220217,
KOSPI,00164742,현대자동차,005380,[기재정정]사업보고서 (2016.12),20220217000946,현대자동차,20220217,연
KOSPI,01258507,롯데웰푸드,280360,증권발행실적보고서,20220217000964,롯데웰푸드,20220217,
KOSPI,00164742,현대자동차,005380,[기재정정]사업보고서 (2017.12),20220217000967,현대자동차,20220217,연
KOSPI,00111722,미래에셋증권,006800,증권발행실적보고서,20220217000976,미래에셋증권,20220217,
KOSPI,00164742,현대자동차,005380,[기재정정]사업보고서 (2018.12),20220217000981,현대자동차,20220217,연
KOSPI,00111722,미래에셋증권,006800,증권발행실적보고서,20220217000996,미래에셋증권,20220217,
KOSPI,00135962,신라교역,004970,주식등의대량보유상황보고서(일반),20220217001011,신라홀딩스,20220217,
KOSPI,00164742,현대자동차,005380,[기재정정]사업보고서 (2019.12),20220217001012,현대자동차,20220217,연
KOSPI,00111722,미래에셋증권,006800,일괄신고추가서류(파생결합증권-주가연계증권),20220217001015,미래에셋증권,20220217,
KOSPI,00164742,현대자동차,005380,[기재정정]사업보고서 (2020.12),20220217001036,현대자동차,20220217,연
KOSPI,00111722,미래에셋증권,006800,투자설명서(일괄신고),20220217001065,미래에셋증권,20220217,
KOSPI,00162461,한화솔루션,009830,특수관계인에대한자산양도,20220217001079,한화솔루션,20220217,공정
KOSPI,00162461,한화솔루션,009830,특수관계인에대한출자,20220217001088,한화솔루션,20220217,공
KOSPI,01436628,이지스레지던스리츠,350520,주주총회소집공고,20220217001145,이지스레지던스리츠,20220217,
KOSPI,00162461,한화솔루션,009830,[기재정정]특수관계인에대한자산양도,20220217001150,한화솔루션,20220217,공
KOSPI,01436628,이지스레지던스리츠,350520,의결권대리행사권유참고서류,20220217001160,이지스레지던스리츠,20220217,정
KOSPI,00105873,LG디스플레이,034220,[기재정정]증권신고서(채무증권),20220217001175,LG디스플레이,20220217,정
KOSPI,00109693,DL,000210,특수관계인에대한담보제공,20220217001194,DL,20220217,공
KOSPI,00105873,LG디스플레이,034220,[발행조건확정]증권신고서(채무증권),20220217001198,LG디스플레이,20220217,정
KOSPI,00481454,금호타이어,073240,임원ㆍ주요주주특정증권등소유상황보고서,20220217001204,채양기,20220217,
KOSPI,00138279,S-Oil,010950,증권발행실적보고서,20220217001228,S-Oil,20220217,
KOSPI,00233653,한국토지신탁,034830,[기재정정]증권신고서(채무증권),20220217001232,한국토지신탁,20220217,정
KOSPI,00653024,진에어,272450,[기재정정]특수관계인과의리스거래,20220217001233,진에어,20220217,공
KOSPI,00233653,한국토지신탁,034830,[발행조건확정]증권신고서(채무증권),20220217001247,한국토지신탁,20220217,정
KOSPI,00138057,써니전자,004770,[기재정정]주주총회소집공고,20220217001260,써니전자,20220217,정
KOSPI,00138057,써니전자,004770,[기재정정]의결권대리행사권유참고서류,20220217001273,써니전자,20220217,정
KOSPI,01205709,HD현대,267250,증권신고서(채무증권),20220217001312,HD현대,20220217,정
KOSPI,00121932,미원상사,002840,임원ㆍ주요주주특정증권등소유상황보고서,20220217001316,미원상사우리사주,20220217,
KOSPI,00155319,POSCO홀딩스,005490,주주총회소집공고,20220217001326,POSCO홀딩스,20220217,
KOSPI,00161116,HL D&I,014790,[기재정정]증권신고서(채무증권),20220217001333,HL D&I,20220217,정
KOSPI,00105101,INVENI,015360,[발행조건확정]증권신고서(채무증권),20220217001344,INVENI,20220217,
KOSPI,00155319,POSCO홀딩스,005490,의결권대리행사권유참고서류,20220217001347,POSCO홀딩스,20220217,
KOSPI,00161116,HL D&I,014790,[발행조건확정]증권신고서(채무증권),20220217001350,HL D&I,20220217,정
KOSPI,00162461,한화솔루션,009830,특수관계인으로부터영업양수,20220217001352,한화솔루션,20220217,공
KOSPI,00162461,한화솔루션,009830,특수관계인으로부터자산양수,20220217001359,한화솔루션,20220217,공
KOSPI,00164788,현대모비스,012330,주주총회소집공고,20220217001362,현대모비스,20220217,
KOSPI,01276594,신한알파리츠,293940,증권신고서(집합투자증권-회사형)((주)신한알파위탁관리부동산투자회사),20220217001366,신한알파리츠,20220217,정
KOSPI,00164788,현대모비스,012330,의결권대리행사권유참고서류,20220217001367,현대모비스,20220217,
KOSPI,00939331,한국콜마,161890,증권신고서(채무증권),20220217001368,한국콜마,20220217,정
KOSPI,00162461,한화솔루션,009830,특수관계인으로부터주식의취득,20220217001370,한화솔루션,20220217,공
KOSPI,00161693,한샘,009240,임원ㆍ주요주주특정증권등소유상황보고서,20220217001378,김진태,20220217,
KOSPI,00117601,유안타증권,003470,일괄신고추가서류(기타파생결합사채),20220217001394,유안타증권,20220217,
KOSPI,00117601,유안타증권,003470,투자설명서(일괄신고),20220217001406,유안타증권,20220217,
KOSPI,00258801,카카오,035720,자기주식처분결과보고서,20220217001423,카카오,20220217,
KOSPI,00980122,JB금융지주,175330,[발행조건확정]증권신고서(채무증권),20220217001437,JB금융지주,20220217,
KOSPI,00117601,유안타증권,003470,일괄신고추가서류(기타파생결합사채),20220217001457,유안타증권,20220217,
KOSPI,00117601,유안타증권,003470,투자설명서(일괄신고),20220217001460,유안타증권,20220217,
KOSPI,00161693,한샘,009240,임원ㆍ주요주주특정증권등소유상황보고서,20220217001461,이수열,20220217,
KOSPI,00855163,미원화학,134380,최대주주등소유주식변동신고서,20220217800077,미원화학,20220217,유
KOSPI,00113058,한화생명,088350,영업(잠정)실적(공정공시),20220217800081,한화생명,20220217,유
KOSPI,00159616,두산에너빌리티,034020,유상증자또는주식관련사채등의청약결과(자율공시),20220217800088,두산에너빌리티,20220217,유
KOSPI,00339391,한화시스템,272210,결산실적공시예고(안내공시),20220217800094,한화시스템,20220217,유
KOSPI,00339391,한화시스템,272210,기업설명회(IR)개최(안내공시),20220217800095,한화시스템,20220217,유
KOSPI,00362441,현대오토에버,307950,기업설명회(IR)개최(안내공시),20220217800121,현대오토에버,20220217,유
KOSPI,01258507,롯데웰푸드,280360,풍문또는보도에대한해명(미확정),20220217800122,롯데웰푸드,20220217,유
KOSPI,00109824,대림통상,006570,매출액또는손익구조30%(대규모법인은15%)이상변경,20220217800127,대림통상,20220217,유정
KOSPI,00111704,한화오션,042660,[기재정정]단일판매ㆍ공급계약체결,20220217800154,한화오션,20220217,유정
KOSPI,00367844,자이에스앤디,317400,투자판단관련주요경영사항,20220217800157,자이에스앤디,20220217,유정
KOSPI,00153621,참엔지니어링,009310,투자판단관련주요경영사항(최대주주 변경을 수반하는 주식매매계약 체결),20220217800159,참엔지니어링,20220217,유정
KOSPI,00126566,한화에어로스페이스,012450,기업설명회(IR)개최(안내공시),20220217800179,한화에어로스페이스,20220217,유
KOSPI,00162461,한화솔루션,009830,매출액또는손익구조30%(대규모법인은15%)이상변경,20220217800191,한화솔루션,20220217,유
KOSPI,00162461,한화솔루션,009830,연결재무제표기준영업(잠정)실적(공정공시),20220217800203,한화솔루션,20220217,유
KOSPI,00126292,삼성카드,029780,주주총회소집결의,20220217800204,삼성카드,20220217,유
KOSPI,00414850,효성 ITX,094280,주주총회소집결의,20220217800209,효성 ITX,20220217,유
KOSPI,00414850,효성 ITX,094280,현금ㆍ현물배당결정,20220217800210,효성 ITX,20220217,유
KOSPI,00129350,삼화콘덴서공업,001820,주주총회소집결의,20220217800253,삼화콘덴서공업,20220217,유
KOSPI,00115384,동방아그로,007590,주주총회소집결의,20220217800260,동방아그로,20220217,유
KOSPI,00115384,동방아그로,007590,현금ㆍ현물배당결정,20220217800261,동방아그로,20220217,유
KOSPI,01510489,프레스티지바이오파마,950210,기타경영사항(자율공시)(PBP1510 임상 1/2a상 시험 계획에 대한 스페인 AEMPS의 승인),20220217800262,프레스티지바이오파마,20220217,유
KOSPI,00164830,HD한국조선해양,009540,생산재개(자율공시)(자회사의 주요경영사항),20220217800273,HD한국조선해양,20220217,유
KOSPI,00129350,삼화콘덴서공업,001820,현금ㆍ현물배당결정,20220217800275,삼화콘덴서공업,20220217,유
KOSPI,01205851,HD현대일렉트릭,267260,최대주주등소유주식변동신고서,20220217800276,HD현대일렉트릭,20220217,유
KOSPI,01205851,HD현대일렉트릭,267260,주주총회소집결의,20220217800282,HD현대일렉트릭,20220217,유
KOSPI,00129271,삼화전기,009470,주주총회소집결의,20220217800289,삼화전기,20220217,유정
KOSPI,00309503,한국항공우주,047810,기타경영사항(자율공시),20220217800296,한국항공우주,20220217,유
KOSPI,00129271,삼화전기,009470,현금ㆍ현물배당결정,20220217800299,삼화전기,20220217,유
KOSPI,00109161,태경케미컬,006890,주주총회소집결의,20220217800302,태경케미컬,20220217,유
KOSPI,00162461,한화솔루션,009830,주주총회소집결의,20220217800324,한화솔루션,20220217,유
KOSPI,00441243,형지엘리트,093240,주주총회소집결의,20220217800342,형지엘리트,20220217,유
KOSPI,00171636,한솔홀딩스,004150,[기재정정]주요사항보고서(회사합병결정)(자회사의 주요경영사항),20220217800354,한솔홀딩스,20220217,유
KOSPI,00706715,미원홀딩스,107590,최대주주등소유주식변동신고서,20220217800364,미원홀딩스,20220217,유
KOSPI,00129280,삼화전자공업,011230,주주총회소집결의,20220217800368,삼화전자공업,20220217,유
KOSPI,00142883,우신시스템,017370,최대주주등소유주식변동신고서,20220217800372,우신시스템,20220217,유
KOSPI,00149947,JW중외제약,001060,공정거래자율준수프로그램운영현황(안내공시),20220217800389,JW중외제약,20220217,유
KOSPI,00203315,콘텐트리중앙,036420,유상증자결정(자회사의 주요경영사항),20220217800395,콘텐트리중앙,20220217,유
KOSPI,00181712,SK,034730,현금ㆍ현물배당결정(자회사의 주요경영사항),20220217800397,SK,20220217,유
KOSPI,00122694,범양건영,002410,[기재정정]단일판매ㆍ공급계약체결,20220217800398,범양건영,20220217,유정
KOSPI,00129554,갤럭시아에스엠,011420,조회공시요구(현저한시황변동)에대한답변(미확정),20220217800400,갤럭시아에스엠,20220217,유
KOSPI,00203315,콘텐트리중앙,036420,주권관련사채권의취득결정(자율공시)(자회사의 주요경영사항),20220217800401,콘텐트리중앙,20220217,유
KOSPI,00162461,한화솔루션,009830,타법인주식및출자증권취득결정,20220217800422,한화솔루션,20220217,유
KOSPI,00181712,SK,034730,매출액또는손익구조30%(대규모법인은15%)이상변경(자회사의 주요경영사항),20220217800423,SK,20220217,유
KOSPI,00138279,S-Oil,010950,기업설명회(IR)개최(안내공시),20220217800429,S-Oil,20220217,유
KOSPI,00149345,조흥,002600,현금ㆍ현물배당결정,20220217800437,조흥,20220217,유
KOSPI,00146861,자화전자,033240,매출액또는손익구조30%(대규모법인은15%)이상변경,20220217800439,자화전자,20220217,유
KOSPI,00121969,에쓰씨엔지니어링,023960,전환가액ㆍ신주인수권행사가액ㆍ교환가액의조정(안내공시),20220217800441,에쓰씨엔지니어링,20220217,유
KOSPI,00162461,한화솔루션,009830,유상증자결정(종속회사의주요경영사항),20220217800453,한화솔루션,20220217,유
KOSPI,00163716,한창,005110,[기재정정]타법인주식및출자증권취득결정,20220217800464,한창,20220217,유
KOSPI,00178754,동아지질,028100,단기차입금증가결정,20220217800472,동아지질,20220217,유
KOSPI,00126380,삼성전자,005930,감사보고서제출,20220217800476,삼성전자,20220217,유
KOSPI,00153861,태영건설,009410,타인에대한채무보증결정,20220217800482,태영건설,20220217,유
KOSPI,00106368,금호석유화학,011780,소송등의제기ㆍ신청(경영권분쟁소송),20220217800484,금호석유화학,20220217,유
KOSPI,00155124,평화홀딩스,010770,타인에대한채무보증결정(자회사의 주요경영사항),20220217800491,평화홀딩스,20220217,유
KOSPI,00122579,BYC,001460,매출액또는손익구조30%(대규모법인은15%)이상변경,20220217800502,BYC,20220217,유
KOSPI,00149345,조흥,002600,주주총회소집결의,20220217800511,조흥,20220217,유
KOSPI,00427483,대웅제약,069620,투자판단관련주요경영사항,20220217800512,대웅제약,20220217,유
KOSPI,00357360,한세엠케이,069640,주주총회소집결의,20220217800528,한세엠케이,20220217,유정
KOSPI,01497869,티와이홀딩스,363280,타인에대한채무보증결정(자회사의 주요경영사항),20220217800529,티와이홀딩스,20220217,유
KOSPI,01168383,일동제약,249420,영업(잠정)실적(공정공시),20220217800533,일동제약,20220217,유
KOSPI,01168383,일동제약,249420,매출액또는손익구조30%(대규모법인은15%)이상변경,20220217800537,일동제약,20220217,유
KOSPI,01168383,일동제약,249420,주주총회소집결의,20220217800554,일동제약,20220217,유
KOSPI,01168383,일동제약,249420,공정거래자율준수프로그램운영현황(안내공시),20220217800556,일동제약,20220217,유
KOSPI,00146083,일동홀딩스,000230,연결재무제표기준영업(잠정)실적(공정공시),20220217800560,일동홀딩스,20220217,유
KOSPI,00111810,대웅,003090,투자판단관련주요경영사항(자회사의 주요경영사항),20220217800561,대웅,20220217,유
KOSPI,00146083,일동홀딩스,000230,매출액또는손익구조30%(대규모법인은15%)이상변경,20220217800566,일동홀딩스,20220217,유
KOSPI,00164788,현대모비스,012330,주주총회소집결의,20220217800572,현대모비스,20220217,유
KOSPI,00145862,인천도시가스,034590,주주총회소집결의,20220217800573,인천도시가스,20220217,유
KOSPI,01262032,롯데이노베이트,286940,[기재정정]유상증자결정(종속회사의주요경영사항),20220217800576,롯데이노베이트,20220217,유
KOSPI,00146083,일동홀딩스,000230,주주총회소집결의,20220217800579,일동홀딩스,20220217,유
KOSPI,00146083,일동홀딩스,000230,현금ㆍ현물배당결정,20220217800584,일동홀딩스,20220217,유
KOSPI,00233653,한국토지신탁,034830,기업설명회(IR)개최(안내공시),20220217800586,한국토지신탁,20220217,유
KOSPI,00152880,코오롱글로벌,003070,타인에대한채무보증결정,20220217800587,코오롱글로벌,20220217,유
KOSPI,00152862,코오롱,002020,타인에대한채무보증결정(자회사의 주요경영사항),20220217800588,코오롱,20220217,유
KOSPI,00146083,일동홀딩스,000230,매출액또는손익구조30%(대규모법인은15%)이상변경(자회사의 주요경영사항),20220217800589,일동홀딩스,20220217,유
KOSPI,00161693,한샘,009240,최대주주등소유주식변동신고서,20220217800606,한샘,20220217,유
KOSPI,00119195,동화약품,000020,매출액또는손익구조30%(대규모법인은15%)이상변경,20220217800611,동화약품,20220217,유
KOSPI,00164788,현대모비스,012330,현금ㆍ현물배당결정,20220217800616,현대모비스,20220217,유
KOSPI,00164788,현대모비스,012330,수시공시의무관련사항(공정공시),20220217800636,현대모비스,20220217,유
KOSPI,00164788,현대모비스,012330,기업설명회(IR)개최(안내공시),20220217800648,현대모비스,20220217,유
KOSPI,00164788,현대모비스,012330,기업설명회(IR)개최(안내공시),20220217800654,현대모비스,20220217,유
KOSPI,00357360,한세엠케이,069640,매출액또는손익구조30%(대규모법인은15%)이상변경,20220217800655,한세엠케이,20220217,유
KOSPI,00164788,현대모비스,012330,기업설명회(IR)개최(안내공시),20220217800656,현대모비스,20220217,유
KOSPI,00861076,케이탑리츠,145270,결산실적공시예고(안내공시),20220217800657,케이탑리츠,20220217,유
KOSPI,00195229,미스토홀딩스,081660,기업설명회(IR)개최(안내공시),20220217800668,미스토홀딩스,20220217,유
KOSPI,00155319,POSCO홀딩스,005490,[기재정정]주주총회소집결의,20220217800672,POSCO홀딩스,20220217,유정
KOSPI,00158307,롯데하이마트,071840,최대주주등소유주식변동신고서,20220217800675,롯데하이마트,20220217,유
KOSPI,00124540,대우건설,047040,타인에대한채무보증결정,20220217800677,대우건설,20220217,유
KOSPI,00124540,대우건설,047040,타인에대한채무보증결정,20220217800679,대우건설,20220217,유정
KOSPI,00161976,한세예스24홀딩스,016450,매출액또는손익구조30%(대규모법인은15%)이상변경(자회사의 주요경영사항),20220217800708,한세예스24홀딩스,20220217,유
KOSPI,00171265,파라다이스,034230,연결재무제표기준영업(잠정)실적(공정공시),20220217900106,파라다이스,20220217,코
KOSPI,00398701,엘앤에프,066970,신주인수권행사,20220217900514,엘앤에프,20220217,코
KOSPI,01205709,HD현대,267250,[기재정정]증권신고서(채무증권),20220217001492,HD현대,20220218,정
KOSPI,00157399,한솔테크닉스,004710,투자설명서,20220218000004,한솔테크닉스,20220218,
KOSPI,00105101,INVENI,015360,투자설명서,20220218000011,INVENI,20220218,
KOSPI,00120182,NH투자증권,005940,증권발행실적보고서,20220218000051,NH투자증권,20220218,
KOSPI,00117601,유안타증권,003470,증권발행실적보고서,20220218000075,유안타증권,20220218,
KOSPI,00980122,JB금융지주,175330,투자설명서,20220218000092,JB금융지주,20220218,
KOSPI,00102140,케이아이이,009140,임원ㆍ주요주주특정증권등소유상황보고서,20220218000147,김성은,20220218,
KOSPI,00104856,삼성증권,016360,증권발행실적보고서,20220218000174,삼성증권,20220218,
KOSPI,00104856,삼성증권,016360,일괄신고추가서류(파생결합증권-주가연계증권),20220218000177,삼성증권,20220218,
KOSPI,00104856,삼성증권,016360,일괄신고추가서류(파생결합사채-주가연계파생결합사채),20220218000193,삼성증권,20220218,
KOSPI,00111722,미래에셋증권,006800,일괄신고추가서류(파생결합증권-주가연계증권),20220218000212,미래에셋증권,20220218,
KOSPI,00113359,교보증권,030610,일괄신고추가서류(파생결합증권-주가연계증권),20220218000225,교보증권,20220218,
KOSPI,00104856,삼성증권,016360,투자설명서(일괄신고),20220218000249,삼성증권,20220218,
KOSPI,00148610,한화투자증권,003530,증권발행실적보고서,20220218000271,한화투자증권,20220218,
KOSPI,00104856,삼성증권,016360,투자설명서(일괄신고),20220218000280,삼성증권,20220218,
KOSPI,00113359,교보증권,030610,투자설명서(일괄신고),20220218000296,교보증권,20220218,
KOSPI,00120182,NH투자증권,005940,증권발행실적보고서,20220218000308,NH투자증권,20220218,
KOSPI,00111722,미래에셋증권,006800,일괄신고추가서류(파생결합증권-주가연계증권),20220218000310,미래에셋증권,20220218,
KOSPI,00113359,교보증권,030610,일괄신고추가서류(파생결합증권-주가연계증권),20220218000312,교보증권,20220218,
KOSPI,00113359,교보증권,030610,투자설명서(일괄신고),20220218000330,교보증권,20220218,
KOSPI,00120182,NH투자증권,005940,증권발행실적보고서,20220218000356,NH투자증권,20220218,
KOSPI,00296290,키움증권,039490,증권발행실적보고서,20220218000382,키움증권,20220218,
KOSPI,00136721,신영증권,001720,일괄신고추가서류(파생결합증권-주가연계증권),20220218000385,신영증권,20220218,
KOSPI,00296290,키움증권,039490,증권발행실적보고서,20220218000395,키움증권,20220218,
KOSPI,00296290,키움증권,039490,증권발행실적보고서,20220218000405,키움증권,20220218,
KOSPI,00117601,유안타증권,003470,증권발행실적보고서,20220218000416,유안타증권,20220218,
KOSPI,00113359,교보증권,030610,증권발행실적보고서,20220218000417,교보증권,20220218,
KOSPI,00136721,신영증권,001720,투자설명서(일괄신고),20220218000418,신영증권,20220218,
KOSPI,00113359,교보증권,030610,증권발행실적보고서,20220218000419,교보증권,20220218,
KOSPI,00159102,DB손해보험,005830,임원ㆍ주요주주특정증권등소유상황보고서,20220218000446,국민연금공단,20220218,
KOSPI,00153621,참엔지니어링,009310,주식등의대량보유상황보고서(일반),20220218000453,김인한,20220218,정
KOSPI,00157991,한국석유공업,004090,의결권대리행사권유참고서류,20220218000458,한국석유공업,20220218,정
KOSPI,00136721,신영증권,001720,일괄신고추가서류(파생결합증권-주가연계증권),20220218000630,신영증권,20220218,
KOSPI,00136721,신영증권,001720,투자설명서(일괄신고),20220218000644,신영증권,20220218,
KOSPI,00111722,미래에셋증권,006800,투자설명서(일괄신고),20220218000700,미래에셋증권,20220218,
KOSPI,00117601,유안타증권,003470,증권발행실적보고서,20220218000708,유안타증권,20220218,
KOSPI,00136721,신영증권,001720,일괄신고추가서류(파생결합증권-주가연계증권),20220218000713,신영증권,20220218,
KOSPI,00111722,미래에셋증권,006800,투자설명서(일괄신고),20220218000727,미래에셋증권,20220218,
KOSPI,00136721,신영증권,001720,투자설명서(일괄신고),20220218000762,신영증권,20220218,
KOSPI,00296290,키움증권,039490,증권발행실적보고서,20220218000776,키움증권,20220218,
KOSPI,00136721,신영증권,001720,일괄신고추가서류(파생결합증권-주가연계증권),20220218000852,신영증권,20220218,
KOSPI,00113359,교보증권,030610,증권발행실적보고서,20220218000872,교보증권,20220218,
KOSPI,00115694,DB증권,016610,증권발행실적보고서,20220218000874,DB증권,20220218,
KOSPI,00120182,NH투자증권,005940,증권발행실적보고서,20220218000875,NH투자증권,20220218,
KOSPI,00113359,교보증권,030610,증권발행실적보고서,20220218000880,교보증권,20220218,
KOSPI,00157681,롯데정밀화학,004000,주식등의대량보유상황보고서(일반),20220218000887,롯데케미칼,20220218,
KOSPI,00113359,교보증권,030610,증권발행실적보고서,20220218000888,교보증권,20220218,
KOSPI,00136721,신영증권,001720,투자설명서(일괄신고),20220218000893,신영증권,20220218,
KOSPI,00113359,교보증권,030610,일괄신고추가서류(기타파생결합사채),20220218000911,교보증권,20220218,
KOSPI,00113359,교보증권,030610,증권발행실적보고서,20220218000917,교보증권,20220218,
KOSPI,00117601,유안타증권,003470,증권발행실적보고서,20220218000929,유안타증권,20220218,
KOSPI,00115694,DB증권,016610,증권발행실적보고서,20220218000962,DB증권,20220218,
KOSPI,00114552,도화엔지니어링,002150,주주총회소집공고,20220218000966,도화엔지니어링,20220218,
KOSPI,00111722,미래에셋증권,006800,일괄신고추가서류(파생결합증권-주가연계증권),20220218000997,미래에셋증권,20220218,
KOSPI,00115694,DB증권,016610,증권발행실적보고서,20220218001004,DB증권,20220218,
KOSPI,00134477,SNT다이내믹스,003570,사업보고서 (2021.12),20220218001040,SNT다이내믹스,20220218,연
KOSPI,00398792,SNT모티브,064960,사업보고서 (2021.12),20220218001046,SNT모티브,20220218,연
KOSPI,00104856,삼성증권,016360,증권발행실적보고서,20220218001051,삼성증권,20220218,
KOSPI,00111722,미래에셋증권,006800,투자설명서(일괄신고),20220218001062,미래에셋증권,20220218,
KOSPI,00117601,유안타증권,003470,증권발행실적보고서,20220218001064,유안타증권,20220218,
KOSPI,00104856,삼성증권,016360,증권발행실적보고서,20220218001083,삼성증권,20220218,
KOSPI,00648721,SNT에너지,100840,사업보고서 (2021.12),20220218001091,SNT에너지,20220218,연
KOSPI,00157399,한솔테크닉스,004710,증권발행실적보고서,20220218001123,한솔테크닉스,20220218,
KOSPI,00132868,우성머티리얼스,011300,[기재정정]사업보고서 (2019.12),20220218001138,우성머티리얼스,20220218,연
KOSPI,01205851,HD현대일렉트릭,267260,주주총회소집공고,20220218001149,HD현대일렉트릭,20220218,
KOSPI,00111722,미래에셋증권,006800,증권발행실적보고서,20220218001153,미래에셋증권,20220218,
KOSPI,00113359,교보증권,030610,증권발행실적보고서,20220218001154,교보증권,20220218,
KOSPI,00980122,JB금융지주,175330,증권발행실적보고서,20220218001163,JB금융지주,20220218,
KOSPI,00110893,대신증권,003540,증권발행실적보고서,20220218001201,대신증권,20220218,
KOSPI,00113359,교보증권,030610,투자설명서(일괄신고),20220218001202,교보증권,20220218,
KOSPI,01436628,이지스레지던스리츠,350520,[첨부정정]의결권대리행사권유참고서류,20220218001203,이지스레지던스리츠,20220218,
KOSPI,00148610,한화투자증권,003530,증권발행실적보고서,20220218001207,한화투자증권,20220218,
KOSPI,00110893,대신증권,003540,증권발행실적보고서,20220218001215,대신증권,20220218,
KOSPI,00159616,두산에너빌리티,034020,증권발행실적보고서,20220218001217,두산에너빌리티,20220218,
KOSPI,00110893,대신증권,003540,증권발행실적보고서,20220218001219,대신증권,20220218,
KOSPI,00428729,대호에이엘,069460,[기재정정]주요사항보고서(전환사채권발행결정),20220218001220,대호에이엘,20220218,정
KOSPI,01205851,HD현대일렉트릭,267260,의결권대리행사권유참고서류,20220218001241,HD현대일렉트릭,20220218,
KOSPI,00110893,대신증권,003540,주요사항보고서(자기주식처분결정),20220218001289,대신증권,20220218,
KOSPI,00126292,삼성카드,029780,[기재정정]증권신고서(채무증권),20220218001296,삼성카드,20220218,
KOSPI,00104856,삼성증권,016360,증권발행실적보고서,20220218001302,삼성증권,20220218,
KOSPI,01009789,코스맥스,192820,임원ㆍ주요주주특정증권등소유상황보고서,20220218001334,강병하,20220218,
KOSPI,00415628,세진중공업,075580,주식등의대량보유상황보고서(일반),20220218001340,윤지원,20220218,
KOSPI,00117601,유안타증권,003470,증권발행실적보고서,20220218001361,유안타증권,20220218,
KOSPI,00104856,삼성증권,016360,증권발행실적보고서,20220218001366,삼성증권,20220218,
KOSPI,00132725,SB성보,003080,주식등의대량보유상황보고서(일반),20220218001374,윤정선,20220218,
KOSPI,01009789,코스맥스,192820,임원ㆍ주요주주특정증권등소유상황보고서,20220218001383,신성연,20220218,
KOSPI,00165680,호텔신라,008770,주주총회소집공고,20220218001385,호텔신라,20220218,
KOSPI,00165680,호텔신라,008770,의결권대리행사권유참고서류,20220218001400,호텔신라,20220218,정
KOSPI,00225159,SNT홀딩스,036530,사업보고서 (2021.12),20220218001429,SNT홀딩스,20220218,연
KOSPI,00142883,우신시스템,017370,임원ㆍ주요주주특정증권등소유상황보고서,20220218001432,허우영,20220218,
KOSPI,00339391,한화시스템,272210,임원ㆍ주요주주특정증권등소유상황보고서,20220218001446,박병철,20220218,
KOSPI,00136721,신영증권,001720,일괄신고추가서류(파생결합증권-주가연계증권),20220218001461,신영증권,20220218,
KOSPI,00339391,한화시스템,272210,임원ㆍ주요주주특정증권등소유상황보고서,20220218001467,신동일,20220218,
KOSPI,00120182,NH투자증권,005940,일괄신고추가서류(파생결합증권-주가연계증권),20220218001468,NH투자증권,20220218,
KOSPI,00148610,한화투자증권,003530,일괄신고추가서류(파생결합증권-주가연계증권),20220218001510,한화투자증권,20220218,
KOSPI,00137997,현대차증권,001500,증권발행실적보고서,20220218001515,현대차증권,20220218,
KOSPI,00136721,신영증권,001720,투자설명서(일괄신고),20220218001529,신영증권,20220218,
KOSPI,00148610,한화투자증권,003530,투자설명서(일괄신고),20220218001530,한화투자증권,20220218,
KOSPI,00110893,대신증권,003540,일괄신고추가서류(파생결합증권-주가연계증권),20220218001535,대신증권,20220218,
KOSPI,00120182,NH투자증권,005940,투자설명서(일괄신고),20220218001554,NH투자증권,20220218,
KOSPI,00164742,현대자동차,005380,자기주식취득결과보고서,20220218001565,현대자동차,20220218,
KOSPI,00110893,대신증권,003540,증권발행실적보고서,20220218001577,대신증권,20220218,
KOSPI,00111722,미래에셋증권,006800,일괄신고추가서류(파생결합사채-주가연계파생결합사채),20220218001579,미래에셋증권,20220218,
KOSPI,00105101,INVENI,015360,증권발행실적보고서,20220218001583,INVENI,20220218,
KOSPI,00110893,대신증권,003540,투자설명서(일괄신고),20220218001588,대신증권,20220218,
KOSPI,00111722,미래에셋증권,006800,일괄신고추가서류(기타파생결합사채),20220218001601,미래에셋증권,20220218,
KOSPI,01199550,HD현대에너지솔루션,322000,주주총회소집공고,20220218001603,HD현대에너지솔루션,20220218,
KOSPI,00136721,신영증권,001720,일괄신고추가서류(파생결합증권-주가연계증권),20220218001635,신영증권,20220218,
KOSPI,00181712,SK,034730,임원ㆍ주요주주특정증권등소유상황보고서,20220218001639,노찬규,20220218,
KOSPI,00111722,미래에셋증권,006800,투자설명서(일괄신고),20220218001649,미래에셋증권,20220218,
KOSPI,00197759,미래산업,025560,임원ㆍ주요주주특정증권등소유상황보고서,20220218001656,김경태,20220218,
KOSPI,00181712,SK,034730,임원ㆍ주요주주특정증권등소유상황보고서,20220218001665,박지훈,20220218,
KOSPI,00111722,미래에셋증권,006800,투자설명서(일괄신고),20220218001679,미래에셋증권,20220218,
KOSPI,00155212,포스코DX,022100,주주총회소집공고,20220218001684,포스코DX,20220218,정
KOSPI,00120182,NH투자증권,005940,일괄신고추가서류(파생결합증권-주가연계증권),20220218001695,NH투자증권,20220218,
KOSPI,00181712,SK,034730,임원ㆍ주요주주특정증권등소유상황보고서,20220218001699,하형은,20220218,
KOSPI,00111722,미래에셋증권,006800,증권발행실적보고서,20220218001710,미래에셋증권,20220218,
KOSPI,00120182,NH투자증권,005940,투자설명서(일괄신고),20220218001713,NH투자증권,20220218,
KOSPI,00104856,삼성증권,016360,특수관계인과의수익증권거래,20220218001734,삼성증권,20220218,공
KOSPI,00105101,INVENI,015360,주식등의대량보유상황보고서(일반),20220218001737,구자은,20220218,
KOSPI,01199550,HD현대에너지솔루션,322000,의결권대리행사권유참고서류,20220218001747,HD현대에너지솔루션,20220218,
KOSPI,00155212,포스코DX,022100,의결권대리행사권유참고서류,20220218001750,포스코DX,20220218,정
KOSPI,00104856,삼성증권,016360,임원ㆍ주요주주특정증권등소유상황보고서,20220218001753,삼성생명,20220218,
KOSPI,00469799,이엔플러스,074610,주식등의대량보유상황보고서(일반),20220218001757,오에스티에이,20220218,
KOSPI,00126292,삼성카드,029780,임원ㆍ주요주주특정증권등소유상황보고서,20220218001761,삼성생명,20220218,
KOSPI,00139214,삼성화재해상보험,000810,임원ㆍ주요주주특정증권등소유상황보고서,20220218001772,삼성생명,20220218,
KOSPI,00360595,현대글로비스,086280,약관에의한금융거래시계열금융회사의거래상대방의공시,20220218001780,현대글로비스,20220218,공
KOSPI,00104856,삼성증권,016360,특수관계인과의수익증권거래,20220218001784,삼성증권,20220218,공
KOSPI,00111722,미래에셋증권,006800,증권발행실적보고서,20220218001790,미래에셋증권,20220218,
KOSPI,00545716,롯데렌탈,089860,증권신고서(채무증권),20220218001797,롯데렌탈,20220218,정
KOSPI,00168331,온타이드,005320,주식매수선택권부여에관한신고,20220218001802,온타이드,20220218,
KOSPI,00104856,삼성증권,016360,주주총회소집공고,20220218001812,삼성증권,20220218,
KOSPI,00164636,HDC,012630,주식등의대량보유상황보고서(일반),20220218001814,정몽규,20220218,정
KOSPI,00104856,삼성증권,016360,의결권대리행사권유참고서류,20220218001828,삼성증권,20220218,
KOSPI,00136721,신영증권,001720,투자설명서(일괄신고),20220218001829,신영증권,20220218,
KOSPI,00146861,자화전자,033240,주요사항보고서(주식교환ㆍ이전결정),20220218001860,자화전자,20220218,
KOSPI,00105873,LG디스플레이,034220,주주총회소집결의,20220218800002,LG디스플레이,20220218,유
KOSPI,00118521,진원생명과학,011000,[기재정정]단일판매ㆍ공급계약체결,20220218800059,진원생명과학,20220218,유
KOSPI,00855163,미원화학,134380,최대주주등소유주식변동신고서,20220218800069,미원화학,20220218,유
KOSPI,00136457,SH에너지화학,002360,매출액또는손익구조30%(대규모법인은15%)이상변경,20220218800094,SH에너지화학,20220218,유
KOSPI,00102140,케이아이이,009140,최대주주등소유주식변동신고서,20220218800104,케이아이이,20220218,유
KOSPI,00159740,KISCO홀딩스,001940,매출액또는손익구조30%(대규모법인은15%)이상변경(자회사의 주요경영사항),20220218800178,KISCO홀딩스,20220218,유
KOSPI,00157991,한국석유공업,004090,주주총회소집결의,20220218800186,한국석유공업,20220218,유
KOSPI,00157991,한국석유공업,004090,현금ㆍ현물배당결정,20220218800188,한국석유공업,20220218,유
KOSPI,00114093,덕성,004830,주주총회소집결의,20220218800212,덕성,20220218,유
KOSPI,00114093,덕성,004830,현금ㆍ현물배당결정,20220218800214,덕성,20220218,유
KOSPI,00161860,한성기업,003680,주주총회소집결의,20220218800216,한성기업,20220218,유
KOSPI,00106623,현대위아,011210,현금ㆍ현물배당결정,20220218800222,현대위아,20220218,유
KOSPI,00106623,현대위아,011210,주주총회소집결의,20220218800226,현대위아,20220218,유
KOSPI,00112679,대창단조,015230,매출액또는손익구조30%(대규모법인은15%)이상변경,20220218800241,대창단조,20220218,유정
KOSPI,00126362,삼성SDI,006400,주주총회소집결의,20220218800258,삼성SDI,20220218,유
KOSPI,00126362,삼성SDI,006400,기타경영사항(자율공시),20220218800260,삼성SDI,20220218,유
KOSPI,00936787,애경케미칼,161000,주주총회소집결의,20220218800270,애경케미칼,20220218,유
KOSPI,00151298,DSR제강,069730,최대주주등소유주식변동신고서,20220218800294,DSR제강,20220218,유
KOSPI,00797364,KC코트렐,119650,결산실적공시예고(안내공시),20220218800302,KC코트렐,20220218,유
KOSPI,00539274,대상홀딩스,084690,매출액또는손익구조30%(대규모법인은15%)이상변경,20220218800309,대상홀딩스,20220218,유
KOSPI,00132868,우성머티리얼스,011300,[기재정정]감사보고서제출,20220218800315,우성머티리얼스,20220218,유
KOSPI,00157681,롯데정밀화학,004000,최대주주등소유주식변동신고서,20220218800328,롯데정밀화학,20220218,유
KOSPI,00539274,대상홀딩스,084690,풍문또는보도에대한해명(미확정),20220218800332,대상홀딩스,20220218,유
KOSPI,00648721,SNT에너지,100840,감사보고서제출,20220218800334,SNT에너지,20220218,유
KOSPI,00134477,SNT다이내믹스,003570,감사보고서제출,20220218800335,SNT다이내믹스,20220218,유
KOSPI,00398792,SNT모티브,064960,감사보고서제출,20220218800336,SNT모티브,20220218,유
KOSPI,00114552,도화엔지니어링,002150,주주총회소집결의,20220218800339,도화엔지니어링,20220218,유
KOSPI,00114552,도화엔지니어링,002150,현금ㆍ현물배당결정,20220218800350,도화엔지니어링,20220218,유
KOSPI,00166573,환인제약,016580,유형자산취득결정(자율공시),20220218800355,환인제약,20220218,유
KOSPI,00106313,금호건설,002990,[기재정정]단일판매ㆍ공급계약체결,20220218800356,금호건설,20220218,유
KOSPI,00225159,SNT홀딩스,036530,감사보고서제출(자회사의 주요경영사항),20220218800361,SNT홀딩스,20220218,유
KOSPI,00225159,SNT홀딩스,036530,감사보고서제출(자회사의 주요경영사항),20220218800362,SNT홀딩스,20220218,유
KOSPI,00101220,KG케미칼,001390,매출액또는손익구조30%(대규모법인은15%)이상변경,20220218800363,KG케미칼,20220218,유
KOSPI,00225159,SNT홀딩스,036530,감사보고서제출(자회사의 주요경영사항),20220218800383,SNT홀딩스,20220218,유
KOSPI,01390344,HD현대중공업,329180,주주총회소집결의,20220218800388,HD현대중공업,20220218,유
KOSPI,00854997,에스디바이오센서,137310,단일판매ㆍ공급계약체결,20220218800417,에스디바이오센서,20220218,유정
KOSPI,00159616,두산에너빌리티,034020,유상증자또는주식관련사채등의발행결과(자율공시),20220218800419,두산에너빌리티,20220218,유
KOSPI,00153861,태영건설,009410,[기재정정]매출액또는손익구조30%(대규모법인은15%)이상변경,20220218800434,태영건설,20220218,유
KOSPI,00153861,태영건설,009410,주주총회소집결의,20220218800436,태영건설,20220218,유
KOSPI,00153861,태영건설,009410,현금ㆍ현물배당결정,20220218800437,태영건설,20220218,유
KOSPI,00225159,SNT홀딩스,036530,감사보고서제출,20220218800453,SNT홀딩스,20220218,유
KOSPI,00120030,GS건설,006360,[기재정정]단일판매ㆍ공급계약체결,20220218800469,GS건설,20220218,유정
KOSPI,00120030,GS건설,006360,[기재정정]단일판매ㆍ공급계약체결,20220218800476,GS건설,20220218,유정
KOSPI,01391033,NH프라임리츠,338100,정기주주총회결과,20220218800494,NH프라임리츠,20220218,유
KOSPI,00149646,기업은행,024110,기업설명회(IR)개최(안내공시),20220218800496,기업은행,20220218,유
KOSPI,01480780,NH올원리츠,400760,부동산투자회사부동산임대,20220218800510,NH올원리츠,20220218,유정
KOSPI,00163716,한창,005110,불성실공시법인지정예고,20220218800511,유가증권시장본부,20220218,유
KOSPI,01497869,티와이홀딩스,363280,[기재정정]매출액또는손익구조30%(대규모법인은15%)이상변경(자회사의 주요경영사항),20220218800512,티와이홀딩스,20220218,유
KOSPI,01497869,티와이홀딩스,363280,현금ㆍ현물배당결정(자회사의 주요경영사항),20220218800518,티와이홀딩스,20220218,유
KOSPI,00165680,호텔신라,008770,주주총회소집결의,20220218800526,호텔신라,20220218,유
KOSPI,01412725,두산퓨얼셀,336260,기업설명회(IR)개최(안내공시),20220218800535,두산퓨얼셀,20220218,유
KOSPI,01480780,NH올원리츠,400760,부동산투자회사부동산임대,20220218800547,NH올원리츠,20220218,유정
KOSPI,00163761,한창제지,009460,현금ㆍ현물배당결정,20220218800554,한창제지,20220218,유
KOSPI,00163761,한창제지,009460,주주총회소집결의,20220218800571,한창제지,20220218,유
KOSPI,01363818,롯데리츠,330590,[기재정정]주주총회소집결의,20220218800587,롯데리츠,20220218,유
KOSPI,00163761,한창제지,009460,[기재정정]신규시설투자등,20220218800591,한창제지,20220218,유
KOSPI,00204208,마니커,027740,유형자산처분결정,20220218800594,마니커,20220218,유
KOSPI,00159616,두산에너빌리티,034020,전환가액ㆍ신주인수권행사가액ㆍ교환가액의조정(안내공시),20220218800596,두산에너빌리티,20220218,유정
KOSPI,00159616,두산에너빌리티,034020,전환가액ㆍ신주인수권행사가액ㆍ교환가액의조정(안내공시),20220218800601,두산에너빌리티,20220218,유
KOSPI,00159616,두산에너빌리티,034020,전환가액ㆍ신주인수권행사가액ㆍ교환가액의조정(안내공시),20220218800606,두산에너빌리티,20220218,유
KOSPI,00159616,두산에너빌리티,034020,전환가액ㆍ신주인수권행사가액ㆍ교환가액의조정(안내공시),20220218800608,두산에너빌리티,20220218,유
KOSPI,00122694,범양건영,002410,타인에대한채무보증결정,20220218800610,범양건영,20220218,유정
KOSPI,00178754,동아지질,028100,매출액또는손익구조30%(대규모법인은15%)이상변경,20220218800614,동아지질,20220218,유
KOSPI,00422895,세이브존I&C,067830,현금ㆍ현물배당결정,20220218800617,세이브존I&C,20220218,유
KOSPI,01199550,HD현대에너지솔루션,322000,주주총회소집결의,20220218800622,HD현대에너지솔루션,20220218,유
KOSPI,00422895,세이브존I&C,067830,주주총회소집결의,20220218800630,세이브존I&C,20220218,유
KOSPI,00106119,금양,001570,전환가액ㆍ신주인수권행사가액ㆍ교환가액의조정(안내공시),20220218800639,금양,20220218,유
KOSPI,00159616,두산에너빌리티,034020,[기재정정]전환가액ㆍ신주인수권행사가액ㆍ교환가액의조정(안내공시),20220218800643,두산에너빌리티,20220218,유
KOSPI,00128980,삼호개발,010960,[기재정정]단일판매ㆍ공급계약체결,20220218800656,삼호개발,20220218,유정
KOSPI,00178754,동아지질,028100,주주총회소집결의,20220218800681,동아지질,20220218,유
KOSPI,00176914,다우기술,023590,최대주주등소유주식변동신고서,20220218800720,다우기술,20220218,유
KOSPI,00112332,미래에셋생명,085620,영업(잠정)실적(공정공시),20220218800729,미래에셋생명,20220218,유
KOSPI,00112332,미래에셋생명,085620,연결재무제표기준영업(잠정)실적(공정공시),20220218800738,미래에셋생명,20220218,유
KOSPI,00178754,동아지질,028100,현금ㆍ현물배당결정,20220218800744,동아지질,20220218,유
KOSPI,00564562,엠씨넥스,097520,매출액또는손익구조30%(대규모법인은15%)이상변경,20220218800746,엠씨넥스,20220218,유
KOSPI,00112332,미래에셋생명,085620,기업설명회(IR)개최(안내공시),20220218800751,미래에셋생명,20220218,유
KOSPI,00125521,에스엘,005850,타인에대한채무보증결정,20220218800755,에스엘,20220218,유
KOSPI,00148276,제일기획,030000,최대주주등소유주식변동신고서,20220218800756,제일기획,20220218,유
KOSPI,00129509,한익스프레스,014130,단기차입금증가결정,20220218800757,한익스프레스,20220218,유
KOSPI,00796994,조선선재,120030,금전대여결정,20220218800764,조선선재,20220218,유
KOSPI,00149026,CS홀딩스,000590,금전대여결정(자회사의 주요경영사항),20220218800765,CS홀딩스,20220218,유
KOSPI,00125521,에스엘,005850,매출액또는손익구조30%(대규모법인은15%)이상변경,20220218800777,에스엘,20220218,유
KOSPI,00149947,JW중외제약,001060,[기재정정]주주총회소집결의,20220218800788,JW중외제약,20220218,유
KOSPI,00117629,KBI동양철관,008970,매출액또는손익구조30%(대규모법인은15%)이상변경,20220218800795,KBI동양철관,20220218,유
KOSPI,00105101,INVENI,015360,최대주주등소유주식변동신고서,20220218800809,INVENI,20220218,유
KOSPI,00124151,부산주공,005030,전환가액ㆍ신주인수권행사가액ㆍ교환가액의조정(안내공시),20220218800810,부산주공,20220218,유
KOSPI,00469799,이엔플러스,074610,[기재정정]투자판단관련주요경영사항,20220218800813,이엔플러스,20220218,유정
KOSPI,00181712,SK,034730,최대주주등소유주식변동신고서,20220218800814,SK,20220218,유
KOSPI,00688996,KB금융,105560,상각형조건부자본증권발행결정(자회사의 주요경영사항),20220218800823,KB금융,20220218,유정
KOSPI,01350869,우리금융지주,316140,기업설명회(IR)개최(안내공시),20220218800828,우리금융지주,20220218,유
KOSPI,00360595,현대글로비스,086280,신규시설투자등,20220218800847,현대글로비스,20220218,유
KOSPI,00360595,현대글로비스,086280,주주총회소집결의,20220218800851,현대글로비스,20220218,유
KOSPI,00161976,한세예스24홀딩스,016450,주주총회소집결의,20220218800852,한세예스24홀딩스,20220218,유
KOSPI,01310269,IPARK현대산업개발,294870,타인에대한채무보증결정,20220218800854,IPARK현대산업개발,20220218,유
KOSPI,00106395,금호전기,001210,매출액또는손익구조30%(대규모법인은15%)이상변경,20220218800857,금호전기,20220218,유
KOSPI,00360595,현대글로비스,086280,공정거래자율준수프로그램운영현황(안내공시),20220218800861,현대글로비스,20220218,유
KOSPI,00442835,메타랩스,090370,매출액또는손익구조30%(대규모법인은15%)이상변경,20220218800864,메타랩스,20220218,유
KOSPI,00173874,넥센타이어,002350,매출액또는손익구조30%(대규모법인은15%)이상변경,20220218800866,넥센타이어,20220218,유
KOSPI,00382199,신한지주,055550,기업설명회(IR)개최(안내공시),20220218800873,신한지주,20220218,유
KOSPI,00161976,한세예스24홀딩스,016450,매출액또는손익구조30%(대규모법인은15%)이상변경,20220218800874,한세예스24홀딩스,20220218,유
KOSPI,00104856,삼성증권,016360,주주총회소집결의,20220218800881,삼성증권,20220218,유
KOSPI,00164636,HDC,012630,타인에대한채무보증결정(자회사의 주요경영사항),20220218800890,HDC,20220218,유
KOSPI,00161976,한세예스24홀딩스,016450,현금ㆍ현물배당결정,20220218800893,한세예스24홀딩스,20220218,유
KOSPI,00121969,에쓰씨엔지니어링,023960,기타안내사항(안내공시),20220218800895,에쓰씨엔지니어링,20220218,유
KOSPI,00360595,현대글로비스,086280,기업설명회(IR)개최(안내공시),20220218800901,현대글로비스,20220218,유
KOSPI,00167192,넥센,005720,매출액또는손익구조30%(대규모법인은15%)이상변경(자회사의 주요경영사항),20220218800902,넥센,20220218,유
KOSPI,00155319,POSCO홀딩스,005490,[기재정정]주주총회소집결의,20220218800906,POSCO홀딩스,20220218,유
KOSPI,00164636,HDC,012630,최대주주등소유주식변동신고서,20220218800908,HDC,20220218,유
KOSPI,00143527,경동인베스트,012320,매출액또는손익구조30%(대규모법인은15%)이상변경(자회사의 주요경영사항),20220218800917,경동인베스트,20220218,유
KOSPI,00143527,경동인베스트,012320,현금ㆍ현물배당결정(자회사의 주요경영사항),20220218800923,경동인베스트,20220218,유
KOSPI,00104856,삼성증권,016360,[기재정정]매출액또는손익구조30%(대규모법인은15%)이상변경,20220218800924,삼성증권,20220218,유
KOSPI,00146861,자화전자,033240,매매거래정지및정지해제(중요내용공시),20220218800934,유가증권시장본부,20220218,유
KOSPI,00112332,미래에셋생명,085620,[기재정정]최대주주등소유주식변동신고서,20220218800949,미래에셋생명,20220218,유
KOSPI,00146861,자화전자,033240,주주총회소집결의,20220218800959,자화전자,20220218,유
KOSPI,00171265,파라다이스,034230,매출액또는손익구조30%(대규모법인은15%)이상변동,20220218900319,파라다이스,20220218,코
KOSPI,00171265,파라다이스,034230,타법인주식및출자증권취득결정(자율공시),20220218900343,파라다이스,20220218,코
KOSPI,00171265,파라다이스,034230,[기재정정]타인에대한담보제공결정,20220218900371,파라다이스,20220218,코정
KOSPI,00171265,파라다이스,034230,유상증자결정(종속회사의주요경영사항),20220218900382,파라다이스,20220218,코
KOSPI,00525934,LX세미콘,108320,주주총회소집결의,20220218900719,LX세미콘,20220218,코
KOSPI,00155212,포스코DX,022100,주주총회소집결의,20220218900766,포스코DX,20220218,코
KOSPI,00164636,HDC,012630,[기재정정]주식등의대량보유상황보고서(일반),20220218001919,정몽규,20220221,
KOSPI,00120182,NH투자증권,005940,증권발행실적보고서,20220221000044,NH투자증권,20220221,
KOSPI,00126292,삼성카드,029780,투자설명서,20220221000045,삼성카드,20220221,
KOSPI,00413046,셀트리온,068270,자기주식취득결과보고서,20220221000073,셀트리온,20220221,
KOSPI,00132725,SB성보,003080,주식등의대량보유상황보고서(약식),20220221000094,서울대학교발전기금,20220221,
KOSPI,00153621,참엔지니어링,009310,[기재정정]주식등의대량보유상황보고서(일반),20220221000155,김인한,20220221,
KOSPI,00104856,삼성증권,016360,증권발행실적보고서,20220221000309,삼성증권,20220221,
KOSPI,00104856,삼성증권,016360,증권발행실적보고서,20220221000349,삼성증권,20220221,
KOSPI,00104856,삼성증권,016360,증권발행실적보고서,20220221000389,삼성증권,20220221,
KOSPI,00113359,교보증권,030610,증권발행실적보고서,20220221000429,교보증권,20220221,
KOSPI,00120182,NH투자증권,005940,증권발행실적보고서,20220221000583,NH투자증권,20220221,
KOSPI,00111722,미래에셋증권,006800,증권발행실적보고서,20220221000609,미래에셋증권,20220221,
KOSPI,00111722,미래에셋증권,006800,증권발행실적보고서,20220221000627,미래에셋증권,20220221,
KOSPI,00148610,한화투자증권,003530,증권발행실적보고서,20220221000870,한화투자증권,20220221,
KOSPI,00413046,셀트리온,068270,주요사항보고서(자기주식취득결정),20220221000982,셀트리온,20220221,
KOSPI,00414850,효성 ITX,094280,주주총회소집공고,20220221001043,효성 ITX,20220221,
KOSPI,00414850,효성 ITX,094280,의결권대리행사권유참고서류,20220221001226,효성 ITX,20220221,
KOSPI,00115612,동부건설,005960,주식등의대량보유상황보고서(일반),20220221001227,키스톤에코프라임,20220221,
KOSPI,00129387,SP삼화,000390,주주총회소집공고,20220221001291,SP삼화,20220221,
KOSPI,00129387,SP삼화,000390,의결권대리행사권유참고서류,20220221001302,SP삼화,20220221,
KOSPI,00115694,DB증권,016610,증권발행실적보고서,20220221001340,DB증권,20220221,
KOSPI,00760971,크래프톤,259960,주식등의대량보유상황보고서(일반),20220221001403,장병규,20220221,
KOSPI,00126292,삼성카드,029780,증권발행실적보고서,20220221001429,삼성카드,20220221,
KOSPI,00130684,서울도시가스,017390,임원ㆍ주요주주특정증권등소유상황보고서,20220221001517,진용민,20220221,
KOSPI,00130684,서울도시가스,017390,임원ㆍ주요주주특정증권등소유상황보고서,20220221001529,김광수,20220221,
KOSPI,00115694,DB증권,016610,증권발행실적보고서,20220221001554,DB증권,20220221,
KOSPI,00110893,대신증권,003540,임원ㆍ주요주주특정증권등소유상황보고서,20220221001576,홍대한,20220221,
KOSPI,00110893,대신증권,003540,임원ㆍ주요주주특정증권등소유상황보고서,20220221001618,박현식,20220221,
KOSPI,00110893,대신증권,003540,임원ㆍ주요주주특정증권등소유상황보고서,20220221001632,이성영,20220221,
KOSPI,00111999,대원제약,003220,주요사항보고서(무상증자결정),20220221001654,대원제약,20220221,
KOSPI,00110893,대신증권,003540,임원ㆍ주요주주특정증권등소유상황보고서,20220221001657,이정훈,20220221,
KOSPI,00113225,대한제강,084010,주요사항보고서(자기주식취득신탁계약체결결정),20220221001667,대한제강,20220221,
KOSPI,00110893,대신증권,003540,임원ㆍ주요주주특정증권등소유상황보고서,20220221001677,김성원,20220221,
KOSPI,00110893,대신증권,003540,임원ㆍ주요주주특정증권등소유상황보고서,20220221001690,강윤기,20220221,
KOSPI,00149354,종근당홀딩스,001630,주식등의대량보유상황보고서(일반),20220221001695,이장한,20220221,
KOSPI,00110893,대신증권,003540,임원ㆍ주요주주특정증권등소유상황보고서,20220221001698,강준규,20220221,
KOSPI,00110893,대신증권,003540,임원ㆍ주요주주특정증권등소유상황보고서,20220221001704,신재범,20220221,
KOSPI,00110893,대신증권,003540,임원ㆍ주요주주특정증권등소유상황보고서,20220221001714,나유석,20220221,
KOSPI,00110893,대신증권,003540,임원ㆍ주요주주특정증권등소유상황보고서,20220221001723,김상원,20220221,
KOSPI,00110893,대신증권,003540,임원ㆍ주요주주특정증권등소유상황보고서,20220221001736,최근영,20220221,
KOSPI,00110893,대신증권,003540,임원ㆍ주요주주특정증권등소유상황보고서,20220221001751,홍종국,20220221,
KOSPI,00110893,대신증권,003540,임원ㆍ주요주주특정증권등소유상황보고서,20220221001766,김수창,20220221,
KOSPI,00173944,우진,105840,주식등의대량보유상황보고서(일반),20220221001778,이재원,20220221,
KOSPI,00110893,대신증권,003540,임원ㆍ주요주주특정증권등소유상황보고서,20220221001781,임민수,20220221,
KOSPI,00117498,스틱인베스트먼트,026890,주식등의대량보유상황보고서(일반),20220221001791,도용환,20220221,
KOSPI,00110893,대신증권,003540,임원ㆍ주요주주특정증권등소유상황보고서,20220221001795,이순남,20220221,
KOSPI,00117498,스틱인베스트먼트,026890,임원ㆍ주요주주특정증권등소유상황보고서,20220221001796,조재용,20220221,
KOSPI,00110893,대신증권,003540,임원ㆍ주요주주특정증권등소유상황보고서,20220221001808,이재우,20220221,
KOSPI,00161116,HL D&I,014790,임원ㆍ주요주주특정증권등소유상황보고서,20220221001812,정희종,20220221,
KOSPI,00110893,대신증권,003540,임원ㆍ주요주주특정증권등소유상황보고서,20220221001824,정연우,20220221,
KOSPI,00110893,대신증권,003540,임원ㆍ주요주주특정증권등소유상황보고서,20220221001835,김호중,20220221,
KOSPI,00110893,대신증권,003540,임원ㆍ주요주주특정증권등소유상황보고서,20220221001850,정연규,20220221,
KOSPI,00110893,대신증권,003540,임원ㆍ주요주주특정증권등소유상황보고서,20220221001867,권택현,20220221,
KOSPI,00160588,한화,000880,임원ㆍ주요주주특정증권등소유상황보고서,20220221001873,전진배,20220221,
KOSPI,00110893,대신증권,003540,임원ㆍ주요주주특정증권등소유상황보고서,20220221001882,진승욱,20220221,
KOSPI,00110893,대신증권,003540,임원ㆍ주요주주특정증권등소유상황보고서,20220221001899,이정화,20220221,
KOSPI,00113508,노루홀딩스,000320,[연장결정]주요사항보고서(자기주식취득신탁계약체결결정),20220221001904,노루홀딩스,20220221,정
KOSPI,00110893,대신증권,003540,임원ㆍ주요주주특정증권등소유상황보고서,20220221001906,박성준,20220221,
KOSPI,00160232,KSS해운,044450,임원ㆍ주요주주특정증권등소유상황보고서,20220221001919,케이에스에스해운우리사주조합,20220221,
KOSPI,00110893,대신증권,003540,임원ㆍ주요주주특정증권등소유상황보고서,20220221001922,유창범,20220221,
KOSPI,00160588,한화,000880,임원ㆍ주요주주특정증권등소유상황보고서,20220221001923,최원균,20220221,
KOSPI,00113508,노루홀딩스,000320,[연장결정]주요사항보고서(자기주식취득신탁계약체결결정),20220221001925,노루홀딩스,20220221,정
KOSPI,00110893,대신증권,003540,임원ㆍ주요주주특정증권등소유상황보고서,20220221001939,길기모,20220221,
KOSPI,00110893,대신증권,003540,임원ㆍ주요주주특정증권등소유상황보고서,20220221001949,송혁,20220221,
KOSPI,00160588,한화,000880,임원ㆍ주요주주특정증권등소유상황보고서,20220221001964,정민수,20220221,
KOSPI,00110893,대신증권,003540,임원ㆍ주요주주특정증권등소유상황보고서,20220221001967,김범철,20220221,
KOSPI,00631518,SK이노베이션,096770,주주총회소집공고,20220221001976,SK이노베이션,20220221,정
KOSPI,00110893,대신증권,003540,임원ㆍ주요주주특정증권등소유상황보고서,20220221001978,오익근,20220221,
KOSPI,00860332,메리츠금융지주,138040,주요사항보고서(자기주식취득신탁계약체결결정),20220221001983,메리츠금융지주,20220221,
KOSPI,00110893,대신증권,003540,임원ㆍ주요주주특정증권등소유상황보고서,20220221001992,양홍석,20220221,
KOSPI,00160588,한화,000880,임원ㆍ주요주주특정증권등소유상황보고서,20220221002019,이장준,20220221,
KOSPI,00631518,SK이노베이션,096770,의결권대리행사권유참고서류,20220221002030,SK이노베이션,20220221,정
KOSPI,00160588,한화,000880,임원ㆍ주요주주특정증권등소유상황보고서,20220221002073,김종호,20220221,
KOSPI,00161860,한성기업,003680,주식등의대량보유상황보고서(일반),20220221002102,임우근,20220221,
KOSPI,00137997,현대차증권,001500,증권발행실적보고서,20220221002104,현대차증권,20220221,
KOSPI,00110893,대신증권,003540,자기주식처분결과보고서,20220221002117,대신증권,20220221,
KOSPI,00160588,한화,000880,임원ㆍ주요주주특정증권등소유상황보고서,20220221002125,김경일,20220221,
KOSPI,01009789,코스맥스,192820,임원ㆍ주요주주특정증권등소유상황보고서,20220221002136,김재희,20220221,
KOSPI,01390344,HD현대중공업,329180,주주총회소집공고,20220221002159,HD현대중공업,20220221,
KOSPI,00117601,유안타증권,003470,일괄신고추가서류(기타파생결합사채),20220221002184,유안타증권,20220221,
KOSPI,00102858,고려아연,010130,주주총회소집공고,20220221002192,고려아연,20220221,
KOSPI,00117601,유안타증권,003470,투자설명서(일괄신고),20220221002283,유안타증권,20220221,
KOSPI,00102858,고려아연,010130,의결권대리행사권유참고서류,20220221002316,고려아연,20220221,정
KOSPI,00126478,삼성중공업,010140,주주총회소집공고,20220221002336,삼성중공업,20220221,정
KOSPI,00126478,삼성중공업,010140,의결권대리행사권유참고서류,20220221002356,삼성중공업,20220221,정
KOSPI,01205842,HD건설기계,267270,[기재정정]합병등종료보고서(영업양수도),20220221002381,HD건설기계,20220221,정
KOSPI,00382199,신한지주,055550,일괄신고추가서류,20220221002397,신한지주,20220221,
KOSPI,00103592,광동제약,009290,[기재정정]주식매수선택권부여에관한신고,20220221002431,광동제약,20220221,정
KOSPI,00105873,LG디스플레이,034220,주주총회소집공고,20220221002497,LG디스플레이,20220221,
KOSPI,00144164,SK가스,018670,[기재정정]특수관계인과의내부거래,20220221002500,SK가스,20220221,공
KOSPI,01205842,HD건설기계,267270,주주총회소집공고,20220221002527,HD건설기계,20220221,정
KOSPI,00382199,신한지주,055550,투자설명서(일괄신고),20220221002551,신한지주,20220221,
KOSPI,00169048,HLB글로벌,003580,주요사항보고서(타법인주식및출자증권양도결정),20220221002566,HLB글로벌,20220221,정
KOSPI,01205842,HD건설기계,267270,의결권대리행사권유참고서류,20220221002573,HD건설기계,20220221,정
KOSPI,00164973,현대해상,001450,임원ㆍ주요주주특정증권등소유상황보고서,20220221002609,정몽윤,20220221,
KOSPI,00203315,콘텐트리중앙,036420,주식등의대량보유상황보고서(일반),20220221002628,중앙홀딩스,20220221,
KOSPI,00164973,현대해상,001450,주식등의대량보유상황보고서(일반),20220221002631,정몽윤,20220221,
KOSPI,00120562,롯데지주,004990,[기재정정]증권신고서(채무증권),20220221002641,롯데지주,20220221,정
KOSPI,00115694,DB증권,016610,일괄신고추가서류(파생결합사채-주가연계파생결합사채),20220221002679,DB증권,20220221,
KOSPI,00148610,한화투자증권,003530,일괄신고추가서류(기타파생결합사채),20220221002695,한화투자증권,20220221,
KOSPI,00983271,NHN,181710,주식등의대량보유상황보고서(일반),20220221002697,이준호,20220221,
KOSPI,00120562,롯데지주,004990,[발행조건확정]증권신고서(채무증권),20220221002718,롯데지주,20220221,정
KOSPI,00164830,HD한국조선해양,009540,주주총회소집공고,20220221002724,HD한국조선해양,20220221,
KOSPI,00115694,DB증권,016610,투자설명서(일괄신고),20220221002729,DB증권,20220221,
KOSPI,00148610,한화투자증권,003530,투자설명서(일괄신고),20220221002731,한화투자증권,20220221,
KOSPI,00161693,한샘,009240,임원ㆍ주요주주특정증권등소유상황보고서,20220221002741,고영남,20220221,
KOSPI,00631518,SK이노베이션,096770,[기재정정]주주총회소집공고,20220221002743,SK이노베이션,20220221,정
KOSPI,00403632,현대퓨처넷,126560,주요사항보고서(감자결정),20220221002746,현대퓨처넷,20220221,
KOSPI,00266961,NAVER,035420,[첨부정정]의결권대리행사권유참고서류,20220221002786,NAVER,20220221,
KOSPI,00631518,SK이노베이션,096770,[기재정정]의결권대리행사권유참고서류,20220221002788,SK이노베이션,20220221,정
KOSPI,00162063,한신공영,004960,[발행조건확정]증권신고서(채무증권),20220221002791,한신공영,20220221,
KOSPI,00181712,SK,034730,[발행조건확정]증권신고서(채무증권),20220221002803,SK,20220221,
KOSPI,00896285,삼양사,145990,[발행조건확정]증권신고서(채무증권),20220221002824,삼양사,20220221,
KOSPI,00256955,테이팩스,055490,주주총회소집공고,20220221002834,테이팩스,20220221,정
KOSPI,01325979,세아제강,306200,주주총회소집공고,20220221002847,세아제강,20220221,
KOSPI,00124799,사조산업,007160,주주총회소집공고,20220221002849,사조산업,20220221,
KOSPI,00105873,LG디스플레이,034220,의결권대리행사권유참고서류,20220221002862,LG디스플레이,20220221,
KOSPI,01325979,세아제강,306200,의결권대리행사권유참고서류,20220221002881,세아제강,20220221,정
KOSPI,00631518,SK이노베이션,096770,[기재정정]의결권대리행사권유참고서류,20220221002886,SK이노베이션,20220221,정
KOSPI,00139214,삼성화재해상보험,000810,영업(잠정)실적(공정공시),20220221800019,삼성화재해상보험,20220221,유
KOSPI,00140131,키다리스튜디오,020120,투자판단관련주요경영사항,20220221800223,키다리스튜디오,20220221,유
KOSPI,00152880,코오롱글로벌,003070,단일판매ㆍ공급계약체결,20220221800242,코오롱글로벌,20220221,유정
KOSPI,00152862,코오롱,002020,단일판매ㆍ공급계약체결(자회사의 주요경영사항),20220221800257,코오롱,20220221,유정
KOSPI,00878915,iM금융지주,139130,기업설명회(IR)개최(안내공시),20220221800258,iM금융지주,20220221,유
KOSPI,00158149,한국쉘석유,002960,결산실적공시예고(안내공시),20220221800262,한국쉘석유,20220221,유
KOSPI,00146232,일성건설,013360,결산실적공시예고(안내공시),20220221800303,일성건설,20220221,유
KOSPI,00159971,KC그린홀딩스,009440,결산실적공시예고(안내공시),20220221800304,KC그린홀딩스,20220221,유
KOSPI,00480455,STX엔진,077970,단일판매ㆍ공급계약체결,20220221800312,STX엔진,20220221,유
KOSPI,00164830,HD한국조선해양,009540,단일판매ㆍ공급계약체결(자회사의 주요경영사항),20220221800326,HD한국조선해양,20220221,유
KOSPI,01205709,HD현대,267250,단일판매ㆍ공급계약체결(자회사의 주요경영사항),20220221800348,HD현대,20220221,유
KOSPI,00112679,대창단조,015230,현금ㆍ현물배당결정,20220221800369,대창단조,20220221,유
KOSPI,00112679,대창단조,015230,주주총회소집결의,20220221800372,대창단조,20220221,유
KOSPI,00112679,대창단조,015230,주주총회집중일개최사유신고,20220221800376,대창단조,20220221,유
KOSPI,00124197,세아제강지주,003030,주주총회소집결의,20220221800377,세아제강지주,20220221,유
KOSPI,00256955,테이팩스,055490,[기재정정]주주총회소집결의,20220221800392,테이팩스,20220221,유
KOSPI,01391033,NH프라임리츠,338100,정기주주총회결과,20220221800393,NH프라임리츠,20220221,유
KOSPI,00124197,세아제강지주,003030,현금ㆍ현물배당결정,20220221800395,세아제강지주,20220221,유
KOSPI,00231363,LG유플러스,032640,기업설명회(IR)개최(안내공시),20220221800417,LG유플러스,20220221,유
KOSPI,00145260,율촌화학,008730,주주총회소집결의,20220221800420,율촌화학,20220221,유
KOSPI,00116949,DN오토모티브,007340,매출액또는손익구조30%(대규모법인은15%)이상변경,20220221800423,DN오토모티브,20220221,유
KOSPI,00145446,이건산업,008250,매출액또는손익구조30%(대규모법인은15%)이상변경,20220221800445,이건산업,20220221,유
KOSPI,01475609,디앤디플랫폼리츠,377190,주주총회소집결의,20220221800458,디앤디플랫폼리츠,20220221,유
KOSPI,00261285,한국가스공사,036460,결산실적공시예고(안내공시),20220221800467,한국가스공사,20220221,유
KOSPI,00261285,한국가스공사,036460,기업설명회(IR)개최(안내공시),20220221800469,한국가스공사,20220221,유
KOSPI,00129387,SP삼화,000390,주주총회집중일개최사유신고,20220221800487,SP삼화,20220221,유
KOSPI,00145880,현대제철,004020,기업설명회(IR)개최(안내공시),20220221800496,현대제철,20220221,유
KOSPI,00130684,서울도시가스,017390,최대주주등소유주식변동신고서,20220221800502,서울도시가스,20220221,유
KOSPI,00141529,오뚜기,007310,주주총회소집결의,20220221800510,오뚜기,20220221,유
KOSPI,00157070,한국단자공업,025540,주주총회소집결의,20220221800526,한국단자공업,20220221,유
KOSPI,00167192,넥센,005720,매출액또는손익구조30%(대규모법인은15%)이상변경,20220221800527,넥센,20220221,유
KOSPI,00157070,한국단자공업,025540,현금ㆍ현물배당결정,20220221800529,한국단자공업,20220221,유
KOSPI,00156488,휴스틸,005010,주주총회소집결의,20220221800551,휴스틸,20220221,유
KOSPI,00106641,기아,000270,기업설명회(IR)개최(안내공시),20220221800556,기아,20220221,유
KOSPI,00112022,대원화성,024890,주주총회소집결의,20220221800558,대원화성,20220221,유
KOSPI,00156488,휴스틸,005010,현금ㆍ현물배당결정,20220221800559,휴스틸,20220221,유
KOSPI,00149354,종근당홀딩스,001630,최대주주등소유주식변동신고서,20220221800571,종근당홀딩스,20220221,유
KOSPI,00146269,일신방직,003200,매출액또는손익구조30%(대규모법인은15%)이상변경,20220221800572,일신방직,20220221,유
KOSPI,00141529,오뚜기,007310,현금ㆍ현물배당결정,20220221800574,오뚜기,20220221,유
KOSPI,00146269,일신방직,003200,현금ㆍ현물배당결정,20220221800575,일신방직,20220221,유
KOSPI,00146269,일신방직,003200,주주총회소집결의,20220221800579,일신방직,20220221,유
KOSPI,00146269,일신방직,003200,신규시설투자등,20220221800581,일신방직,20220221,유정
KOSPI,00152880,코오롱글로벌,003070,결산실적공시예고(안내공시),20220221800588,코오롱글로벌,20220221,유
KOSPI,00117498,스틱인베스트먼트,026890,최대주주등소유주식변동신고서,20220221800598,스틱인베스트먼트,20220221,유
KOSPI,00173944,우진,105840,[기재정정]단일판매ㆍ공급계약체결(자율공시),20220221800612,우진,20220221,유정
KOSPI,00173944,우진,105840,[기재정정]단일판매ㆍ공급계약체결(자율공시),20220221800618,우진,20220221,유정
KOSPI,00173944,우진,105840,[기재정정]단일판매ㆍ공급계약체결,20220221800624,우진,20220221,유정
KOSPI,01208885,경동도시가스,267290,결산실적공시예고(안내공시),20220221800626,경동도시가스,20220221,유
KOSPI,00365387,AJ네트웍스,095570,매출액또는손익구조30%(대규모법인은15%)이상변경,20220221800628,AJ네트웍스,20220221,유
KOSPI,00112022,대원화성,024890,주주총회집중일개최사유신고,20220221800638,대원화성,20220221,유
KOSPI,00134963,송원산업,004430,주주총회소집결의,20220221800642,송원산업,20220221,유
KOSPI,00159254,한국전자홀딩스,006200,매출액또는손익구조30%(대규모법인은15%)이상변경,20220221800644,한국전자홀딩스,20220221,유
KOSPI,01205842,HD건설기계,267270,주주총회소집결의,20220221800645,HD건설기계,20220221,유
KOSPI,00159102,DB손해보험,005830,영업(잠정)실적(공정공시),20220221800649,DB손해보험,20220221,유
KOSPI,00861076,케이탑리츠,145270,부동산투자회사자금차입,20220221800652,케이탑리츠,20220221,유
KOSPI,00134963,송원산업,004430,현금ㆍ현물배당결정,20220221800653,송원산업,20220221,유
KOSPI,00159254,한국전자홀딩스,006200,파생상품거래손실발생,20220221800655,한국전자홀딩스,20220221,유
KOSPI,00545716,롯데렌탈,089860,최대주주등소유주식변동신고서,20220221800666,롯데렌탈,20220221,유
KOSPI,00860332,메리츠금융지주,138040,주요사항보고서(자기주식취득신탁계약체결결정)(자회사의 주요경영사항),20220221800671,메리츠금융지주,20220221,유
KOSPI,00105606,금호에이치티,214330,매출액또는손익구조30%(대규모법인은15%)이상변경,20220221800674,금호에이치티,20220221,유
KOSPI,00154329,TP,007980,매출액또는손익구조30%(대규모법인은15%)이상변경,20220221800676,TP,20220221,유
KOSPI,00102858,고려아연,010130,주주총회소집결의,20220221800684,고려아연,20220221,유
KOSPI,00861076,케이탑리츠,145270,매출액또는손익구조30%(대규모법인은15%)이상변경,20220221800700,케이탑리츠,20220221,유
KOSPI,00110893,대신증권,003540,최대주주등소유주식변동신고서,20220221800705,대신증권,20220221,유
KOSPI,00631518,SK이노베이션,096770,주주총회소집결의,20220221800719,SK이노베이션,20220221,유정
KOSPI,00112022,대원화성,024890,매출액또는손익구조30%(대규모법인은15%)이상변경,20220221800723,대원화성,20220221,유정
KOSPI,00631518,SK이노베이션,096770,주주총회집중일개최사유신고,20220221800724,SK이노베이션,20220221,유
KOSPI,00131054,유진증권,001200,기업설명회(IR)개최(안내공시),20220221800744,유진증권,20220221,유
KOSPI,00102858,고려아연,010130,현금ㆍ현물배당결정,20220221800749,고려아연,20220221,유
KOSPI,00861076,케이탑리츠,145270,현금ㆍ현물배당결정,20220221800766,케이탑리츠,20220221,유
KOSPI,00103592,광동제약,009290,매출액또는손익구조30%(대규모법인은15%)이상변경,20220221800771,광동제약,20220221,유
KOSPI,00861076,케이탑리츠,145270,주주총회소집결의,20220221800777,케이탑리츠,20220221,유
KOSPI,00260383,대한유화,006650,최대주주등소유주식변동신고서,20220221800779,대한유화,20220221,유
KOSPI,00159616,두산에너빌리티,034020,최대주주등소유주식변동신고서,20220221800781,두산에너빌리티,20220221,유
KOSPI,00120526,롯데쇼핑,023530,기업설명회(IR)개최(안내공시),20220221800783,롯데쇼핑,20220221,유
KOSPI,01261893,케이씨텍,281820,최대주주등소유주식변동신고서,20220221800790,케이씨텍,20220221,유
KOSPI,01205842,HD건설기계,267270,[기재정정]매출액또는손익구조30%(대규모법인은15%)이상변경,20220221800801,HD건설기계,20220221,유
KOSPI,00631518,SK이노베이션,096770,[기재정정]주주총회소집결의,20220221800806,SK이노베이션,20220221,유
KOSPI,00102858,고려아연,010130,수시공시의무관련사항(공정공시),20220221800809,고려아연,20220221,유
KOSPI,00126478,삼성중공업,010140,주주총회소집결의,20220221800826,삼성중공업,20220221,유
KOSPI,00113243,대한제분,001130,매출액또는손익구조30%(대규모법인은15%)이상변경,20220221800853,대한제분,20220221,유
KOSPI,00103592,광동제약,009290,현금ㆍ현물배당결정,20220221800856,광동제약,20220221,유
KOSPI,00103592,광동제약,009290,주주총회소집결의,20220221800867,광동제약,20220221,유
KOSPI,01032486,두산밥캣,241560,기업설명회(IR)개최(안내공시),20220221800869,두산밥캣,20220221,유
KOSPI,00101628,경방,000050,감사보고서제출,20220221800873,경방,20220221,유
KOSPI,00939331,한국콜마,161890,영업(잠정)실적(공정공시),20220221800914,한국콜마,20220221,유
KOSPI,00159740,KISCO홀딩스,001940,타법인주식및출자증권취득결정(자율공시),20220221800915,KISCO홀딩스,20220221,유
KOSPI,00174527,HS화성,002460,[기재정정]현금ㆍ현물배당결정,20220221800923,HS화성,20220221,유정
KOSPI,00190321,케이티,030200,주주총회소집결의,20220221800926,케이티,20220221,유
KOSPI,01316236,효성화학,298000,타인에대한채무보증결정,20220221800931,효성화학,20220221,유
KOSPI,00144164,SK가스,018670,[기재정정]타인에대한채무보증결정,20220221800936,SK가스,20220221,유정
KOSPI,00131832,SK디스커버리,006120,[기재정정]타인에대한채무보증결정(자회사의 주요경영사항),20220221800937,SK디스커버리,20220221,유정
KOSPI,00190321,케이티,030200,주주총회집중일개최사유신고,20220221800950,케이티,20220221,유
KOSPI,00118965,티에이치엔,019180,타법인주식및출자증권취득결정,20220221800951,티에이치엔,20220221,유
KOSPI,00150633,지누스,013890,타인에대한채무보증결정,20220221800957,지누스,20220221,유
KOSPI,00164973,현대해상,001450,최대주주등소유주식변동신고서,20220221800983,현대해상,20220221,유
KOSPI,00136402,신송홀딩스,006880,주주총회소집결의,20220221800989,신송홀딩스,20220221,유
KOSPI,00164830,HD한국조선해양,009540,주주총회소집결의,20220221800995,HD한국조선해양,20220221,유
KOSPI,00939331,한국콜마,161890,매출액또는손익구조30%(대규모법인은15%)이상변경,20220221800996,한국콜마,20220221,유
KOSPI,00109718,사조대림,003960,매출액또는손익구조30%(대규모법인은15%)이상변경,20220221800997,사조대림,20220221,유
KOSPI,00136402,신송홀딩스,006880,매출액또는손익구조30%(대규모법인은15%)이상변경,20220221801001,신송홀딩스,20220221,유
KOSPI,00136402,신송홀딩스,006880,현금ㆍ현물배당결정,20220221801014,신송홀딩스,20220221,유
KOSPI,00118965,티에이치엔,019180,유상증자결정(종속회사의주요경영사항),20220221801024,티에이치엔,20220221,유
KOSPI,00203290,콜마홀딩스,024720,매출액또는손익구조30%(대규모법인은15%)이상변경(자회사의 주요경영사항),20220221801026,콜마홀딩스,20220221,유
KOSPI,00469799,이엔플러스,074610,[기재정정]투자판단관련주요경영사항,20220221801033,이엔플러스,20220221,유정
KOSPI,00109718,사조대림,003960,주주총회소집결의,20220221801039,사조대림,20220221,유
KOSPI,00114792,동국홀딩스,001230,[기재정정]단일판매ㆍ공급계약체결,20220221801040,동국홀딩스,20220221,유
KOSPI,00403632,현대퓨처넷,126560,주주총회소집결의,20220221801041,현대퓨처넷,20220221,유
KOSPI,00124799,사조산업,007160,매출액또는손익구조30%(대규모법인은15%)이상변경,20220221801070,사조산업,20220221,유
KOSPI,00124799,사조산업,007160,주주총회소집결의,20220221801077,사조산업,20220221,유
KOSPI,00109718,사조대림,003960,현금ㆍ현물배당결정,20220221801081,사조대림,20220221,유
KOSPI,00136402,신송홀딩스,006880,매출액또는손익구조30%(대규모법인은15%)이상변경(자회사의 주요경영사항),20220221801084,신송홀딩스,20220221,유
KOSPI,00136402,신송홀딩스,006880,현금ㆍ현물배당결정(자회사의 주요경영사항),20220221801095,신송홀딩스,20220221,유
KOSPI,00124799,사조산업,007160,현금ㆍ현물배당결정,20220221801100,사조산업,20220221,유
KOSPI,00544452,이리츠코크렙,088260,주주총회소집결의,20220221801108,이리츠코크렙,20220221,유
KOSPI,00544452,이리츠코크렙,088260,부동산투자회사금전배당결정,20220221801111,이리츠코크렙,20220221,유
KOSPI,00117212,두산,000150,조회공시요구(풍문또는보도),20220221801121,유가증권시장본부,20220221,유
KOSPI,00133618,우양피앤엘,002420,주주총회소집결의,20220221801132,우양피앤엘,20220221,유
KOSPI,00174527,HS화성,002460,[기재정정]현금ㆍ현물배당결정,20220221801136,HS화성,20220221,유정
KOSPI,00160047,한국앤컴퍼니,000240,[기재정정]타법인주식및출자증권취득결정,20220221801163,한국앤컴퍼니,20220221,유
KOSPI,00127200,삼영전자공업,005680,[기재정정]주주총회소집공고,20220221002893,삼영전자공업,20220222,정
KOSPI,00631518,SK이노베이션,096770,[기재정정]주주총회소집공고,20220221002904,SK이노베이션,20220222,정
KOSPI,00127200,삼영전자공업,005680,[기재정정]주주총회소집공고,20220221002909,삼영전자공업,20220222,정
KOSPI,00162063,한신공영,004960,투자설명서,20220222000019,한신공영,20220222,
KOSPI,00896285,삼양사,145990,투자설명서,20220222000031,삼양사,20220222,
KOSPI,00181712,SK,034730,투자설명서,20220222000034,SK,20220222,
KOSPI,00137997,현대차증권,001500,일괄신고추가서류(파생결합사채-주가연계파생결합사채),20220222000236,현대차증권,20220222,
KOSPI,00296290,키움증권,039490,일괄신고추가서류(파생결합증권-주가연계증권),20220222000265,키움증권,20220222,
KOSPI,00296290,키움증권,039490,투자설명서(일괄신고),20220222000370,키움증권,20220222,
KOSPI,00129989,코스모신소재,005070,주주총회소집공고,20220222000569,코스모신소재,20220222,정
KOSPI,00113359,교보증권,030610,증권발행실적보고서,20220222000819,교보증권,20220222,
KOSPI,00113359,교보증권,030610,증권발행실적보고서,20220222000824,교보증권,20220222,
KOSPI,00157399,한솔테크닉스,004710,[기재정정]주식매수선택권부여에관한신고,20220222001004,한솔테크닉스,20220222,
KOSPI,00157399,한솔테크닉스,004710,주주총회소집공고,20220222001010,한솔테크닉스,20220222,정
KOSPI,00157399,한솔테크닉스,004710,의결권대리행사권유참고서류,20220222001022,한솔테크닉스,20220222,정
KOSPI,00760971,크래프톤,259960,임원ㆍ주요주주특정증권등소유상황보고서,20220222001041,장병규,20220222,
KOSPI,00111722,미래에셋증권,006800,일괄신고추가서류(파생결합증권-주가연계증권),20220222001042,미래에셋증권,20220222,
KOSPI,01168383,일동제약,249420,주식등의대량보유상황보고서(약식),20220222001079,케이비제3호바이오사모투자,20220222,
KOSPI,00137997,현대차증권,001500,투자설명서(일괄신고),20220222001311,현대차증권,20220222,
KOSPI,00132628,성문전자,014910,주식등의대량보유상황보고서(일반),20220222001340,신동열,20220222,
KOSPI,00164478,현대건설,000720,주주총회소집공고,20220222001367,현대건설,20220222,
KOSPI,00131054,유진증권,001200,일괄신고추가서류(파생결합증권-주가연계증권),20220222001372,유진증권,20220222,
KOSPI,00164478,현대건설,000720,의결권대리행사권유참고서류,20220222001412,현대건설,20220222,정
KOSPI,00164478,현대건설,000720,약관에의한금융거래시계열금융회사의거래상대방의공시,20220222001423,현대건설,20220222,공
KOSPI,00131054,유진증권,001200,투자설명서(일괄신고),20220222001476,유진증권,20220222,
KOSPI,00148276,제일기획,030000,[기재정정]주주총회소집공고,20220222001597,제일기획,20220222,
KOSPI,00120182,NH투자증권,005940,일괄신고추가서류(파생결합증권-주가연계증권),20220222001643,NH투자증권,20220222,
KOSPI,00111722,미래에셋증권,006800,일괄신고추가서류(파생결합증권-주가연계증권),20220222001656,미래에셋증권,20220222,
KOSPI,00148276,제일기획,030000,[기재정정]의결권대리행사권유참고서류,20220222001663,제일기획,20220222,
KOSPI,00120182,NH투자증권,005940,일괄신고추가서류(파생결합사채-주가연계파생결합사채),20220222001668,NH투자증권,20220222,
KOSPI,00120182,NH투자증권,005940,투자설명서(일괄신고),20220222001716,NH투자증권,20220222,
KOSPI,00117601,유안타증권,003470,증권발행실적보고서,20220222001804,유안타증권,20220222,
KOSPI,00162063,한신공영,004960,증권발행실적보고서,20220222001823,한신공영,20220222,
KOSPI,00111722,미래에셋증권,006800,투자설명서(일괄신고),20220222001865,미래에셋증권,20220222,
KOSPI,00111722,미래에셋증권,006800,투자설명서(일괄신고),20220222001877,미래에셋증권,20220222,
KOSPI,00992871,종근당,185750,임원ㆍ주요주주특정증권등소유상황보고서,20220222001882,종근당홀딩스,20220222,
KOSPI,00140946,한솔로지스틱스,009180,사업보고서 (2021.12),20220222001884,한솔로지스틱스,20220222,연
KOSPI,00356361,LG화학,051910,주주총회소집공고,20220222001900,LG화학,20220222,
KOSPI,00111722,미래에셋증권,006800,일괄신고추가서류(파생결합증권-주가연계증권),20220222001904,미래에셋증권,20220222,
KOSPI,00356361,LG화학,051910,의결권대리행사권유참고서류,20220222001933,LG화학,20220222,
KOSPI,00111722,미래에셋증권,006800,증권발행실적보고서,20220222001943,미래에셋증권,20220222,
KOSPI,00113359,교보증권,030610,일괄신고추가서류(파생결합증권-주가연계증권),20220222001961,교보증권,20220222,
KOSPI,00113359,교보증권,030610,투자설명서(일괄신고),20220222002026,교보증권,20220222,
KOSPI,00120182,NH투자증권,005940,투자설명서(일괄신고),20220222002052,NH투자증권,20220222,
KOSPI,00120182,NH투자증권,005940,증권발행실적보고서,20220222002053,NH투자증권,20220222,
KOSPI,00111722,미래에셋증권,006800,증권발행실적보고서,20220222002058,미래에셋증권,20220222,
KOSPI,01009789,코스맥스,192820,주식등의대량보유상황보고서(일반),20220222002080,코스맥스비티아이,20220222,
KOSPI,00111722,미래에셋증권,006800,투자설명서(일괄신고),20220222002087,미래에셋증권,20220222,
KOSPI,00219486,신세계I&C,035510,주주총회소집공고,20220222002110,신세계I&C,20220222,
KOSPI,01009789,코스맥스,192820,임원ㆍ주요주주특정증권등소유상황보고서,20220222002120,최경,20220222,
KOSPI,00120182,NH투자증권,005940,증권발행실적보고서,20220222002138,NH투자증권,20220222,
KOSPI,00120182,NH투자증권,005940,증권발행실적보고서,20220222002143,NH투자증권,20220222,
KOSPI,00261443,NC,036570,주주총회소집공고,20220222002148,NC,20220222,
KOSPI,00126380,삼성전자,005930,임원ㆍ주요주주특정증권등소유상황보고서,20220222002179,이정배,20220222,
KOSPI,00120182,NH투자증권,005940,증권발행실적보고서,20220222002204,NH투자증권,20220222,
KOSPI,00126478,삼성중공업,010140,[첨부정정]의결권대리행사권유참고서류,20220222002210,삼성중공업,20220222,정
KOSPI,00120182,NH투자증권,005940,증권발행실적보고서,20220222002246,NH투자증권,20220222,
KOSPI,00136721,신영증권,001720,일괄신고추가서류(파생결합증권-주가연계증권),20220222002264,신영증권,20220222,정
KOSPI,00360595,현대글로비스,086280,주주총회소집공고,20220222002266,현대글로비스,20220222,
KOSPI,00302926,현대로템,064350,주주총회소집공고,20220222002268,현대로템,20220222,
KOSPI,00360595,현대글로비스,086280,의결권대리행사권유참고서류,20220222002270,현대글로비스,20220222,
KOSPI,00403632,현대퓨처넷,126560,주주총회소집공고,20220222002279,현대퓨처넷,20220222,
KOSPI,00302926,현대로템,064350,의결권대리행사권유참고서류,20220222002299,현대로템,20220222,
KOSPI,00382199,신한지주,055550,증권발행실적보고서,20220222002300,신한지주,20220222,
KOSPI,00234412,신세계인터내셔날,031430,주주총회소집공고,20220222002314,신세계인터내셔날,20220222,
KOSPI,00403632,현대퓨처넷,126560,의결권대리행사권유참고서류,20220222002345,현대퓨처넷,20220222,정
KOSPI,00234412,신세계인터내셔날,031430,의결권대리행사권유참고서류,20220222002349,신세계인터내셔날,20220222,
KOSPI,00117601,유안타증권,003470,일괄신고추가서류(파생결합증권-주가연계증권),20220222002353,유안타증권,20220222,
KOSPI,00117601,유안타증권,003470,투자설명서(일괄신고),20220222002396,유안타증권,20220222,
KOSPI,00106641,기아,000270,특수관계인으로부터기타유가증권매수,20220222002405,기아,20220222,공
KOSPI,00382199,신한지주,055550,임원ㆍ주요주주특정증권등소유상황보고서,20220222002413,이태경,20220222,
KOSPI,00113359,교보증권,030610,일괄신고추가서류(파생결합증권-주가연계증권),20220222002436,교보증권,20220222,
KOSPI,00165413,롯데케미칼,011170,[기재정정]증권신고서(채무증권),20220222002440,롯데케미칼,20220222,정
KOSPI,00118266,DRB동일,004840,주요사항보고서(회사분할결정),20220222002447,DRB동일,20220222,정
KOSPI,00113526,대한항공,003490,주주총회소집공고,20220222002450,대한항공,20220222,
KOSPI,00113526,대한항공,003490,의결권대리행사권유참고서류,20220222002451,대한항공,20220222,
KOSPI,00165413,롯데케미칼,011170,[발행조건확정]증권신고서(채무증권),20220222002452,롯데케미칼,20220222,정
KOSPI,00120182,NH투자증권,005940,일괄신고추가서류(파생결합증권-주가연계증권),20220222002457,NH투자증권,20220222,
KOSPI,00113359,교보증권,030610,투자설명서(일괄신고),20220222002460,교보증권,20220222,정
KOSPI,00219486,신세계I&C,035510,의결권대리행사권유참고서류,20220222002481,신세계I&C,20220222,
KOSPI,00136721,신영증권,001720,투자설명서(일괄신고),20220222002485,신영증권,20220222,정
KOSPI,01316254,HS효성첨단소재,298050,임원ㆍ주요주주특정증권등소유상황보고서,20220222002497,조석래,20220222,
KOSPI,00113359,교보증권,030610,일괄신고추가서류(파생결합증권-주가연계증권),20220222002511,교보증권,20220222,
KOSPI,00565154,이노션,214320,주주총회소집공고,20220222002515,이노션,20220222,
KOSPI,00565154,이노션,214320,의결권대리행사권유참고서류,20220222002521,이노션,20220222,
KOSPI,00113359,교보증권,030610,투자설명서(일괄신고),20220222002533,교보증권,20220222,
KOSPI,00162461,한화솔루션,009830,의결권대리행사권유참고서류,20220222002539,한화솔루션,20220222,정
KOSPI,00117188,효성,004800,임원ㆍ주요주주특정증권등소유상황보고서,20220222002541,조석래,20220222,
KOSPI,00113359,교보증권,030610,일괄신고추가서류(파생결합증권-주가연계증권),20220222002607,교보증권,20220222,
KOSPI,00220561,광주신세계,037710,주주총회소집공고,20220222002614,광주신세계,20220222,
KOSPI,00162461,한화솔루션,009830,주주총회소집공고,20220222002621,한화솔루션,20220222,
KOSPI,00113359,교보증권,030610,투자설명서(일괄신고),20220222002634,교보증권,20220222,
KOSPI,00117601,유안타증권,003470,일괄신고추가서류(파생결합증권-주가연계증권),20220222002663,유안타증권,20220222,
KOSPI,00111722,미래에셋증권,006800,증권발행실적보고서,20220222002669,미래에셋증권,20220222,
KOSPI,00896285,삼양사,145990,증권발행실적보고서,20220222002671,삼양사,20220222,
KOSPI,00140955,한솔케미칼,014680,주주총회소집공고,20220222002675,한솔케미칼,20220222,정
KOSPI,00117601,유안타증권,003470,투자설명서(일괄신고),20220222002683,유안타증권,20220222,
KOSPI,00111722,미래에셋증권,006800,증권발행실적보고서,20220222002690,미래에셋증권,20220222,
KOSPI,00220561,광주신세계,037710,의결권대리행사권유참고서류,20220222002733,광주신세계,20220222,
KOSPI,00153621,참엔지니어링,009310,주식등의대량보유상황보고서(일반),20220222002740,HB투자파트너스,20220222,
KOSPI,00113359,교보증권,030610,[기재정정]투자설명서(일괄신고),20220222002769,교보증권,20220222,
KOSPI,00135917,한화손해보험,000370,임원ㆍ주요주주특정증권등소유상황보고서,20220222002770,남준우,20220222,
KOSPI,00135917,한화손해보험,000370,증권신고서(채무증권),20220222002774,한화손해보험,20220222,정
KOSPI,00181712,SK,034730,증권발행실적보고서,20220222002789,SK,20220222,
KOSPI,00671376,트리니티항공,091810,주요사항보고서(유상증자결정),20220222002794,트리니티항공,20220222,정
KOSPI,00125743,현대비앤지스틸,004560,[발행조건확정]증권신고서(채무증권),20220222002815,현대비앤지스틸,20220222,정
KOSPI,00233653,한국토지신탁,034830,[발행조건확정]증권신고서(채무증권),20220222002860,한국토지신탁,20220222,
KOSPI,00161116,HL D&I,014790,[발행조건확정]증권신고서(채무증권),20220222002897,HL D&I,20220222,
KOSPI,00631518,SK이노베이션,096770,[기재정정]주주총회소집공고,20220222002898,SK이노베이션,20220222,정
KOSPI,00105873,LG디스플레이,034220,[발행조건확정]증권신고서(채무증권),20220222002909,LG디스플레이,20220222,
KOSPI,00631518,SK이노베이션,096770,[기재정정]의결권대리행사권유참고서류,20220222002916,SK이노베이션,20220222,정
KOSPI,00159698,지역난방공사,071320,일괄신고추가서류,20220222002917,지역난방공사,20220222,
KOSPI,00105961,LG이노텍,011070,주주총회소집공고,20220222002928,LG이노텍,20220222,
KOSPI,00140955,한솔케미칼,014680,[기재정정]주주총회소집공고,20220222002931,한솔케미칼,20220222,
KOSPI,00117601,유안타증권,003470,일괄신고추가서류(파생결합증권-주가연계증권),20220222002946,유안타증권,20220222,
KOSPI,00159698,지역난방공사,071320,투자설명서(일괄신고),20220222002950,지역난방공사,20220222,
KOSPI,00105961,LG이노텍,011070,의결권대리행사권유참고서류,20220222002951,LG이노텍,20220222,
KOSPI,00117601,유안타증권,003470,투자설명서(일괄신고),20220222002954,유안타증권,20220222,
KOSPI,00118275,디아이,003160,단일판매ㆍ공급계약체결(자율공시),20220222800123,디아이,20220222,유
KOSPI,00454946,그린케미칼,083420,주주총회소집결의,20220222800147,그린케미칼,20220222,유
KOSPI,00117212,두산,000150,조회공시요구(풍문또는보도)에대한답변(미확정),20220222800192,두산,20220222,유
KOSPI,00159193,한국전력공사,015760,결산실적공시예고(안내공시),20220222800214,한국전력공사,20220222,유
KOSPI,00159193,한국전력공사,015760,기업설명회(IR)개최(안내공시),20220222800216,한국전력공사,20220222,유
KOSPI,00148896,OCI홀딩스,010060,타법인주식및출자증권취득결정,20220222800238,OCI홀딩스,20220222,유
KOSPI,00123718,부광약품,003000,투자판단관련주요경영사항,20220222800239,부광약품,20220222,유
KOSPI,00157399,한솔테크닉스,004710,주주총회소집결의,20220222800240,한솔테크닉스,20220222,유
KOSPI,00137809,SHD,001770,주주총회소집결의,20220222800246,SHD,20220222,유정
KOSPI,00339391,한화시스템,272210,연결재무제표기준영업(잠정)실적(공정공시),20220222800250,한화시스템,20220222,유
KOSPI,01205709,HD현대,267250,현금ㆍ현물배당결정(자회사의 주요경영사항),20220222800253,HD현대,20220222,유
KOSPI,00137809,SHD,001770,현금ㆍ현물배당결정,20220222800254,SHD,20220222,유
KOSPI,00231372,롯데관광개발,032350,기업설명회(IR)개최(안내공시),20220222800260,롯데관광개발,20220222,유
KOSPI,00118044,동원수산,030720,매출액또는손익구조30%(대규모법인은15%)이상변경,20220222800263,동원수산,20220222,유
KOSPI,00760971,크래프톤,259960,최대주주등소유주식변동신고서,20220222800264,크래프톤,20220222,유
KOSPI,00142883,우신시스템,017370,주주총회소집결의,20220222800266,우신시스템,20220222,유정
KOSPI,00160302,코스모화학,005420,주주총회소집결의,20220222800269,코스모화학,20220222,유
KOSPI,00339391,한화시스템,272210,매출액또는손익구조30%(대규모법인은15%)이상변경,20220222800271,한화시스템,20220222,유
KOSPI,00117230,TYM,002900,매출액또는손익구조30%(대규모법인은15%)이상변경,20220222800276,TYM,20220222,유
KOSPI,00339391,한화시스템,272210,현금ㆍ현물배당결정,20220222800278,한화시스템,20220222,유
KOSPI,00164478,현대건설,000720,주주총회소집결의,20220222800281,현대건설,20220222,유
KOSPI,00339391,한화시스템,272210,[기재정정]타법인주식및출자증권취득결정,20220222800290,한화시스템,20220222,유
KOSPI,00122056,미창석유공업,003650,기타경영사항(자율공시)(부대항소장 및 부대항소이유서),20220222800306,미창석유공업,20220222,유정
KOSPI,00164478,현대건설,000720,현금ㆍ현물배당결정,20220222800311,현대건설,20220222,유
KOSPI,00339391,한화시스템,272210,타법인주식및출자증권취득결정,20220222800323,한화시스템,20220222,유정
KOSPI,00131197,서원,021050,매출액또는손익구조30%(대규모법인은15%)이상변경,20220222800350,서원,20220222,유
KOSPI,00148610,한화투자증권,003530,기타경영사항(자율공시),20220222800356,한화투자증권,20220222,유
KOSPI,00815369,에스제이엠,123700,주주총회소집결의,20220222800360,에스제이엠,20220222,유정
KOSPI,00815369,에스제이엠,123700,현금ㆍ현물배당결정,20220222800362,에스제이엠,20220222,유정
KOSPI,00148610,한화투자증권,003530,타법인주식및출자증권취득결정(자율공시),20220222800365,한화투자증권,20220222,유
KOSPI,00339391,한화시스템,272210,유상증자결정(종속회사의주요경영사항),20220222800367,한화시스템,20220222,유정
KOSPI,00128412,삼진제약,005500,주주총회소집결의,20220222800370,삼진제약,20220222,유정
KOSPI,00128412,삼진제약,005500,현금ㆍ현물배당결정,20220222800375,삼진제약,20220222,유
KOSPI,00339391,한화시스템,272210,타법인주식및출자증권취득결정,20220222800377,한화시스템,20220222,유
KOSPI,00181943,에스제이엠홀딩스,025530,현금ㆍ현물배당결정(자회사의 주요경영사항),20220222800380,에스제이엠홀딩스,20220222,유정
KOSPI,00131197,서원,021050,현금ㆍ현물배당결정,20220222800381,서원,20220222,유
KOSPI,00145109,유한양행,000100,기업설명회(IR)개최(안내공시),20220222800383,유한양행,20220222,유
KOSPI,00219486,신세계I&C,035510,주주총회소집결의,20220222800385,신세계I&C,20220222,유
KOSPI,00339391,한화시스템,272210,유상증자결정(종속회사의주요경영사항),20220222800387,한화시스템,20220222,유
KOSPI,00219486,신세계I&C,035510,주식분할결정,20220222800391,신세계I&C,20220222,유
KOSPI,00339391,한화시스템,272210,타법인주식및출자증권취득결정(종속회사의주요경영사항),20220222800401,한화시스템,20220222,유
KOSPI,00140946,한솔로지스틱스,009180,감사보고서제출,20220222800404,한솔로지스틱스,20220222,유
KOSPI,00181943,에스제이엠홀딩스,025530,자본잠식50%이상또는매출액50억원미만사실발생(자회사의 주요경영사항),20220222800405,에스제이엠홀딩스,20220222,유
KOSPI,00131054,유진증권,001200,장래사업ㆍ경영계획(공정공시),20220222800412,유진증권,20220222,유정
KOSPI,00815369,에스제이엠,123700,[첨부정정]현금ㆍ현물배당결정,20220222800413,에스제이엠,20220222,유
KOSPI,00427483,대웅제약,069620,기업설명회(IR)개최(안내공시),20220222800417,대웅제약,20220222,유
KOSPI,00815369,에스제이엠,123700,[기재정정]주주총회소집결의,20220222800421,에스제이엠,20220222,유
KOSPI,00181943,에스제이엠홀딩스,025530,현금ㆍ현물배당결정(자회사의 주요경영사항),20220222800426,에스제이엠홀딩스,20220222,유
KOSPI,00111810,대웅,003090,매출액또는손익구조30%(대규모법인은15%)이상변경(자회사의 주요경영사항),20220222800431,대웅,20220222,유
KOSPI,00181943,에스제이엠홀딩스,025530,[첨부정정]현금ㆍ현물배당결정(자회사의 주요경영사항),20220222800432,에스제이엠홀딩스,20220222,유
KOSPI,00113492,깨끗한나라,004540,주주총회소집결의,20220222800433,깨끗한나라,20220222,유
KOSPI,00339391,한화시스템,272210,기타경영사항(자율공시),20220222800435,한화시스템,20220222,유
KOSPI,00339391,한화시스템,272210,기업설명회(IR)개최(안내공시),20220222800438,한화시스템,20220222,유
KOSPI,00111810,대웅,003090,매출액또는손익구조30%(대규모법인은15%)이상변경,20220222800446,대웅,20220222,유
KOSPI,00356361,LG화학,051910,주주총회소집결의,20220222800447,LG화학,20220222,유
KOSPI,00300548,현대리바트,079430,기업설명회(IR)개최(안내공시),20220222800455,현대리바트,20220222,유
KOSPI,00164973,현대해상,001450,영업(잠정)실적(공정공시),20220222800464,현대해상,20220222,유
KOSPI,00234412,신세계인터내셔날,031430,주식분할결정,20220222800482,신세계인터내셔날,20220222,유
KOSPI,01204056,하이브,352820,연결재무제표기준영업(잠정)실적(공정공시),20220222800483,하이브,20220222,유
KOSPI,01204056,하이브,352820,매출액또는손익구조30%(대규모법인은15%)이상변경,20220222800485,하이브,20220222,유
KOSPI,00992871,종근당,185750,최대주주등소유주식변동신고서,20220222800487,종근당,20220222,유
KOSPI,00113535,대한해운,005880,주주총회소집결의,20220222800489,대한해운,20220222,유
KOSPI,00339391,한화시스템,272210,주주총회소집결의,20220222800495,한화시스템,20220222,유
KOSPI,00122056,미창석유공업,003650,[기재정정]기타경영사항(자율공시)(부대항소장 및 부대항소이유서),20220222800508,미창석유공업,20220222,유
KOSPI,00160588,한화,000880,결산실적공시예고(안내공시),20220222800511,한화,20220222,유
KOSPI,00160588,한화,000880,기업설명회(IR)개최(안내공시),20220222800517,한화,20220222,유
KOSPI,00302926,현대로템,064350,주주총회소집결의,20220222800523,현대로템,20220222,유
KOSPI,00126371,삼성전기,009150,감사보고서제출,20220222800529,삼성전기,20220222,유
KOSPI,00795135,코오롱인더,120110,결산실적공시예고(안내공시),20220222800531,코오롱인더,20220222,유
KOSPI,00795135,코오롱인더,120110,기업설명회(IR)개최(안내공시),20220222800542,코오롱인더,20220222,유
KOSPI,00181943,에스제이엠홀딩스,025530,매출액또는손익구조30%(대규모법인은15%)이상변경,20220222800545,에스제이엠홀딩스,20220222,유
KOSPI,00152862,코오롱,002020,결산실적공시예고(안내공시),20220222800548,코오롱,20220222,유
KOSPI,00261443,NC,036570,주주총회집중일개최사유신고,20220222800579,NC,20220222,유
KOSPI,00234412,신세계인터내셔날,031430,주주총회소집결의,20220222800598,신세계인터내셔날,20220222,유
KOSPI,00137252,사조동아원,008040,매출액또는손익구조30%(대규모법인은15%)이상변경,20220222800599,사조동아원,20220222,유
KOSPI,00118044,동원수산,030720,주주총회소집결의,20220222800609,동원수산,20220222,유
KOSPI,00137252,사조동아원,008040,주주총회소집결의,20220222800612,사조동아원,20220222,유
KOSPI,00687711,한국철강,104700,현금ㆍ현물배당결정,20220222800615,한국철강,20220222,유
KOSPI,00159740,KISCO홀딩스,001940,현금ㆍ현물배당결정(자회사의 주요경영사항),20220222800616,KISCO홀딩스,20220222,유
KOSPI,00687711,한국철강,104700,주주총회소집결의,20220222800618,한국철강,20220222,유정
KOSPI,00148443,제일파마홀딩스,002620,매출액또는손익구조30%(대규모법인은15%)이상변경,20220222800619,제일파마홀딩스,20220222,유
KOSPI,00858364,BNK금융지주,138930,기업설명회(IR)개최(안내공시),20220222800620,BNK금융지주,20220222,유
KOSPI,00939687,동일고무벨트,163560,매출액또는손익구조30%(대규모법인은15%)이상변경,20220222800621,동일고무벨트,20220222,유
KOSPI,00159740,KISCO홀딩스,001940,현금ㆍ현물배당결정,20220222800628,KISCO홀딩스,20220222,유
KOSPI,00159740,KISCO홀딩스,001940,주주총회소집결의,20220222800634,KISCO홀딩스,20220222,유정
KOSPI,00347734,진양화학,051630,주주총회소집결의,20220222800638,진양화학,20220222,유
KOSPI,00939687,동일고무벨트,163560,현금ㆍ현물배당결정,20220222800639,동일고무벨트,20220222,유
KOSPI,00153861,태영건설,009410,타인에대한채무보증결정,20220222800642,태영건설,20220222,유
KOSPI,00939687,동일고무벨트,163560,주주총회소집결의,20220222800643,동일고무벨트,20220222,유
KOSPI,01236897,제일약품,271980,매출액또는손익구조30%(대규모법인은15%)이상변경,20220222800645,제일약품,20220222,유
KOSPI,01497869,티와이홀딩스,363280,타인에대한채무보증결정(자회사의 주요경영사항),20220222800646,티와이홀딩스,20220222,유
KOSPI,00404701,한국자산신탁,123890,기업설명회(IR)개최(안내공시),20220222800652,한국자산신탁,20220222,유
KOSPI,00118266,DRB동일,004840,현금ㆍ현물배당결정,20220222800656,DRB동일,20220222,유
KOSPI,00118266,DRB동일,004840,주주총회소집결의,20220222800667,DRB동일,20220222,유
KOSPI,00159740,KISCO홀딩스,001940,주주총회집중일개최사유신고,20220222800670,KISCO홀딩스,20220222,유
KOSPI,00220561,광주신세계,037710,주식분할결정,20220222800676,광주신세계,20220222,유
KOSPI,00105961,LG이노텍,011070,감사보고서제출,20220222800683,LG이노텍,20220222,유
KOSPI,00191588,삼원강재,023000,감사보고서제출,20220222800686,삼원강재,20220222,유
KOSPI,00113526,대한항공,003490,주주총회소집결의,20220222800697,대한항공,20220222,유
KOSPI,00565154,이노션,214320,주주총회소집결의,20220222800698,이노션,20220222,유
KOSPI,00728638,한세실업,105630,현금ㆍ현물배당결정,20220222800699,한세실업,20220222,유
KOSPI,00161976,한세예스24홀딩스,016450,현금ㆍ현물배당결정(자회사의 주요경영사항),20220222800700,한세예스24홀딩스,20220222,유
KOSPI,00101044,에이프로젠바이오로직스,003060,매출액또는손익구조30%(대규모법인은15%)이상변경,20220222800707,에이프로젠바이오로직스,20220222,유
KOSPI,00113359,교보증권,030610,주주총회소집결의,20220222800712,교보증권,20220222,유
KOSPI,00687711,한국철강,104700,주주총회집중일개최사유신고,20220222800733,한국철강,20220222,유
KOSPI,00181943,에스제이엠홀딩스,025530,주주총회소집결의,20220222800736,에스제이엠홀딩스,20220222,유
KOSPI,00126566,한화에어로스페이스,012450,[기재정정]타법인주식및출자증권취득결정(종속회사의주요경영사항),20220222800740,한화에어로스페이스,20220222,유정
KOSPI,00469799,이엔플러스,074610,최대주주변경,20220222800743,이엔플러스,20220222,유
KOSPI,00126566,한화에어로스페이스,012450,유상증자결정(종속회사의주요경영사항),20220222800750,한화에어로스페이스,20220222,유정
KOSPI,00117188,효성,004800,최대주주등소유주식변동신고서,20220222800755,효성,20220222,유
KOSPI,00220561,광주신세계,037710,주주총회소집결의,20220222800759,광주신세계,20220222,유
KOSPI,01316254,HS효성첨단소재,298050,최대주주등소유주식변동신고서,20220222800761,HS효성첨단소재,20220222,유
KOSPI,00126566,한화에어로스페이스,012450,타법인주식및출자증권취득결정(종속회사의주요경영사항),20220222800764,한화에어로스페이스,20220222,유정
KOSPI,00126566,한화에어로스페이스,012450,타법인주식및출자증권취득결정(종속회사의주요경영사항),20220222800771,한화에어로스페이스,20220222,유
KOSPI,00141307,영풍,000670,매출액또는손익구조30%(대규모법인은15%)이상변경,20220222800772,영풍,20220222,유
KOSPI,00401731,LG전자,066570,주주총회소집결의,20220222800774,LG전자,20220222,유정
KOSPI,00565154,이노션,214320,주주총회집중일개최사유신고,20220222800779,이노션,20220222,유
KOSPI,00188089,한섬,020000,주주총회소집결의,20220222800780,한섬,20220222,유
KOSPI,00104856,삼성증권,016360,기업설명회(IR)개최(안내공시),20220222800782,삼성증권,20220222,유
KOSPI,00118266,DRB동일,004840,매출액또는손익구조30%(대규모법인은15%)이상변경,20220222800784,DRB동일,20220222,유
KOSPI,00126566,한화에어로스페이스,012450,[기재정정]타법인주식및출자증권취득결정(종속회사의주요경영사항),20220222800788,한화에어로스페이스,20220222,유
KOSPI,00126566,한화에어로스페이스,012450,유상증자결정(종속회사의주요경영사항),20220222800794,한화에어로스페이스,20220222,유
KOSPI,00126566,한화에어로스페이스,012450,타법인주식및출자증권취득결정(종속회사의주요경영사항),20220222800799,한화에어로스페이스,20220222,유
KOSPI,01168383,일동제약,249420,투자판단관련주요경영사항,20220222800804,일동제약,20220222,유정
KOSPI,00129420,까뮤이앤씨,013700,타인에대한담보제공결정,20220222800819,까뮤이앤씨,20220222,유정
KOSPI,00109806,삼일씨엔에스,004440,[기재정정]단일판매ㆍ공급계약체결,20220222800820,삼일씨엔에스,20220222,유정
KOSPI,00104856,삼성증권,016360,기업설명회(IR)개최(안내공시),20220222800825,삼성증권,20220222,유
KOSPI,00146083,일동홀딩스,000230,투자판단관련주요경영사항(자회사의 주요경영사항),20220222800832,일동홀딩스,20220222,유정
KOSPI,00181943,에스제이엠홀딩스,025530,현금ㆍ현물배당결정,20220222800836,에스제이엠홀딩스,20220222,유
KOSPI,01524093,DL이앤씨,375500,주주총회소집결의,20220222800837,DL이앤씨,20220222,유
KOSPI,01310269,IPARK현대산업개발,294870,타인에대한채무보증결정,20220222800840,IPARK현대산업개발,20220222,유
KOSPI,01524093,DL이앤씨,375500,현금ㆍ현물배당결정,20220222800841,DL이앤씨,20220222,유
KOSPI,00117230,TYM,002900,기타경영사항(자율공시),20220222800842,TYM,20220222,유
KOSPI,00133858,세방전지,004490,주주총회소집결의,20220222800843,세방전지,20220222,유정
KOSPI,01524093,DL이앤씨,375500,기타경영사항(자율공시),20220222800844,DL이앤씨,20220222,유
KOSPI,00164636,HDC,012630,타인에대한채무보증결정(자회사의 주요경영사항),20220222800852,HDC,20220222,유
KOSPI,00133858,세방전지,004490,현금ㆍ현물배당결정,20220222800859,세방전지,20220222,유
KOSPI,00109514,티웨이홀딩스,004870,유상증자결정(종속회사의주요경영사항),20220222800870,티웨이홀딩스,20220222,유정
KOSPI,00161693,한샘,009240,최대주주등소유주식변동신고서,20220222800879,한샘,20220222,유
KOSPI,00138792,아시아나항공,020560,[기재정정]벌금등의부과,20220222800881,아시아나항공,20220222,유정
KOSPI,00105961,LG이노텍,011070,신규시설투자등,20220222800890,LG이노텍,20220222,유
KOSPI,00105961,LG이노텍,011070,주주총회소집결의,20220222800894,LG이노텍,20220222,유
KOSPI,01386916,SK아이이테크놀로지,361610,주주총회소집결의,20220222800934,SK아이이테크놀로지,20220222,유
KOSPI,00133858,세방전지,004490,주요사항보고서(자기주식취득신탁계약체결결정),20220222002974,세방전지,20220223,
KOSPI,00105961,LG이노텍,011070,사업보고서 (2021.12),20220222003015,LG이노텍,20220223,연
KOSPI,00105873,LG디스플레이,034220,투자설명서,20220223000013,LG디스플레이,20220223,
KOSPI,00161116,HL D&I,014790,투자설명서,20220223000021,HL D&I,20220223,
KOSPI,00233653,한국토지신탁,034830,투자설명서,20220223000025,한국토지신탁,20220223,
KOSPI,00104856,삼성증권,016360,증권발행실적보고서,20220223000050,삼성증권,20220223,
KOSPI,00104856,삼성증권,016360,일괄신고추가서류(파생결합사채-주가연계파생결합사채),20220223000094,삼성증권,20220223,
KOSPI,00104856,삼성증권,016360,투자설명서(일괄신고),20220223000126,삼성증권,20220223,
KOSPI,00138279,S-Oil,010950,대규모기업집단현황공시[분기별공시(대표회사용)],20220223000311,S-Oil,20220223,공
KOSPI,00111722,미래에셋증권,006800,일괄신고추가서류(파생결합증권-주가연계증권),20220223000379,미래에셋증권,20220223,
KOSPI,00137997,현대차증권,001500,일괄신고추가서류(파생결합증권-주가연계증권),20220223000412,현대차증권,20220223,
KOSPI,00163716,한창,005110,주식등의대량보유상황보고서(일반),20220223000505,매지움,20220223,
KOSPI,00137997,현대차증권,001500,일괄신고추가서류(파생결합사채-주가연계파생결합사채),20220223000551,현대차증권,20220223,
KOSPI,00148610,한화투자증권,003530,일괄신고추가서류(파생결합증권-주가연계증권),20220223000582,한화투자증권,20220223,
KOSPI,00115694,DB증권,016610,일괄신고추가서류(기타파생결합사채),20220223000625,DB증권,20220223,
KOSPI,00148610,한화투자증권,003530,투자설명서(일괄신고),20220223000656,한화투자증권,20220223,
KOSPI,00137997,현대차증권,001500,투자설명서(일괄신고),20220223000684,현대차증권,20220223,
KOSPI,00115694,DB증권,016610,투자설명서(일괄신고),20220223000745,DB증권,20220223,
KOSPI,00126292,삼성카드,029780,주주총회소집공고,20220223000770,삼성카드,20220223,
KOSPI,00136721,신영증권,001720,[기재정정]일괄신고추가서류(파생결합증권-주가연계증권),20220223000782,신영증권,20220223,
KOSPI,00126292,삼성카드,029780,의결권대리행사권유참고서류,20220223000798,삼성카드,20220223,정
KOSPI,00136721,신영증권,001720,[기재정정]투자설명서(일괄신고),20220223000823,신영증권,20220223,
KOSPI,00113359,교보증권,030610,일괄신고추가서류(파생결합증권-주가연계증권),20220223000874,교보증권,20220223,
KOSPI,00129989,코스모신소재,005070,[기재정정]주주총회소집공고,20220223001013,코스모신소재,20220223,정
KOSPI,00129989,코스모신소재,005070,의결권대리행사권유참고서류,20220223001045,코스모신소재,20220223,정
KOSPI,00113359,교보증권,030610,투자설명서(일괄신고),20220223001049,교보증권,20220223,
KOSPI,00137997,현대차증권,001500,투자설명서(일괄신고),20220223001117,현대차증권,20220223,
KOSPI,00159786,유니드,014830,특수관계인에대한채무면제,20220223001149,유니드,20220223,공
KOSPI,00113359,교보증권,030610,일괄신고추가서류(파생결합증권-주가연계증권),20220223001289,교보증권,20220223,
KOSPI,00120182,NH투자증권,005940,증권발행실적보고서,20220223001305,NH투자증권,20220223,
KOSPI,00113359,교보증권,030610,투자설명서(일괄신고),20220223001331,교보증권,20220223,
KOSPI,00111722,미래에셋증권,006800,일괄신고추가서류(파생결합증권-주가연계증권),20220223001339,미래에셋증권,20220223,
KOSPI,00671376,트리니티항공,091810,[기재정정]주요사항보고서(유상증자결정),20220223001352,트리니티항공,20220223,정
KOSPI,00111722,미래에셋증권,006800,일괄신고추가서류(파생결합사채-주가연계파생결합사채),20220223001354,미래에셋증권,20220223,
KOSPI,00111722,미래에셋증권,006800,투자설명서(일괄신고),20220223001476,미래에셋증권,20220223,
KOSPI,00111722,미래에셋증권,006800,일괄신고추가서류(파생결합증권-주가연계증권),20220223001624,미래에셋증권,20220223,
KOSPI,00115694,DB증권,016610,일괄신고추가서류(파생결합사채-주가연계파생결합사채),20220223001645,DB증권,20220223,
KOSPI,00120076,LX인터내셔널,001120,주주총회소집공고,20220223001711,LX인터내셔널,20220223,
KOSPI,00646732,진양홀딩스,100250,주주총회소집공고,20220223001729,진양홀딩스,20220223,
KOSPI,00120076,LX인터내셔널,001120,의결권대리행사권유참고서류,20220223001746,LX인터내셔널,20220223,
KOSPI,00148610,한화투자증권,003530,일괄신고추가서류(파생결합증권-주가연계증권),20220223001767,한화투자증권,20220223,
KOSPI,00148610,한화투자증권,003530,투자설명서(일괄신고),20220223001860,한화투자증권,20220223,
KOSPI,00120076,LX인터내셔널,001120,특수관계인에대한출자,20220223001932,LX인터내셔널,20220223,공
KOSPI,00115694,DB증권,016610,투자설명서(일괄신고),20220223001993,DB증권,20220223,
KOSPI,00157991,한국석유공업,004090,[첨부정정]의결권대리행사권유참고서류,20220223002002,한국석유공업,20220223,
KOSPI,00138279,S-Oil,010950,임원ㆍ주요주주특정증권등소유상황보고서,20220223002021,방주완,20220223,
KOSPI,00136721,신영증권,001720,일괄신고추가서류(파생결합증권-주가연계증권),20220223002042,신영증권,20220223,
KOSPI,00106623,현대위아,011210,주주총회소집공고,20220223002088,현대위아,20220223,
KOSPI,00136721,신영증권,001720,투자설명서(일괄신고),20220223002111,신영증권,20220223,
KOSPI,00106623,현대위아,011210,의결권대리행사권유참고서류,20220223002153,현대위아,20220223,
KOSPI,00120182,NH투자증권,005940,투자설명서(일괄신고),20220223002162,NH투자증권,20220223,
KOSPI,00102618,계양전기,012200,주식등의대량보유상황보고서(일반),20220223002250,케이머스원,20220223,
KOSPI,00111722,미래에셋증권,006800,투자설명서(일괄신고),20220223002257,미래에셋증권,20220223,
KOSPI,00111722,미래에셋증권,006800,투자설명서(일괄신고),20220223002283,미래에셋증권,20220223,
KOSPI,00728638,한세실업,105630,주식등의대량보유상황보고서(일반),20220223002290,한세예스24홀딩스,20220223,
KOSPI,00145880,현대제철,004020,주주총회소집공고,20220223002301,현대제철,20220223,
KOSPI,00148984,시알홀딩스,000480,주식등의대량보유상황보고서(일반),20220223002329,이인옥,20220223,
KOSPI,00145880,현대제철,004020,의결권대리행사권유참고서류,20220223002354,현대제철,20220223,
KOSPI,00124504,포스코인터내셔널,047050,주주총회소집공고,20220223002355,포스코인터내셔널,20220223,
KOSPI,00124504,포스코인터내셔널,047050,의결권대리행사권유참고서류,20220223002398,포스코인터내셔널,20220223,정
KOSPI,00150439,진양산업,003780,주주총회소집공고,20220223002411,진양산업,20220223,
KOSPI,00150439,진양산업,003780,의결권대리행사권유참고서류,20220223002428,진양산업,20220223,정
KOSPI,00110893,대신증권,003540,일괄신고추가서류(파생결합사채-주가연계파생결합사채),20220223002559,대신증권,20220223,
KOSPI,00113359,교보증권,030610,일괄신고추가서류(파생결합사채-주가연계파생결합사채),20220223002578,교보증권,20220223,
KOSPI,00120182,NH투자증권,005940,일괄신고추가서류(파생결합증권-주가연계증권),20220223002605,NH투자증권,20220223,
KOSPI,00111722,미래에셋증권,006800,일괄신고추가서류(기타파생결합사채),20220223002630,미래에셋증권,20220223,
KOSPI,00111722,미래에셋증권,006800,투자설명서(일괄신고),20220223002640,미래에셋증권,20220223,
KOSPI,01009789,코스맥스,192820,임원ㆍ주요주주특정증권등소유상황보고서,20220223002686,홍장욱,20220223,
KOSPI,00113359,교보증권,030610,투자설명서(일괄신고),20220223002692,교보증권,20220223,
KOSPI,00110893,대신증권,003540,투자설명서(일괄신고),20220223002702,대신증권,20220223,
KOSPI,00105873,LG디스플레이,034220,증권발행실적보고서,20220223002729,LG디스플레이,20220223,
KOSPI,00164742,현대자동차,005380,주주총회소집공고,20220223002736,현대자동차,20220223,
KOSPI,00671376,트리니티항공,091810,증권신고서(지분증권),20220223002745,트리니티항공,20220223,정
KOSPI,00159698,지역난방공사,071320,증권발행실적보고서,20220223002764,지역난방공사,20220223,
KOSPI,00428729,대호에이엘,069460,[기재정정]주요사항보고서(타법인주식및출자증권양수결정),20220223002768,대호에이엘,20220223,
KOSPI,00164742,현대자동차,005380,특수관계인으로부터기타유가증권매수,20220223002773,현대자동차,20220223,공
KOSPI,00583424,아모레퍼시픽,090430,주주총회소집공고,20220223002783,아모레퍼시픽,20220223,정
KOSPI,00164742,현대자동차,005380,의결권대리행사권유참고서류,20220223002799,현대자동차,20220223,
KOSPI,00188089,한섬,020000,주주총회소집공고,20220223002811,한섬,20220223,
KOSPI,01390344,HD현대중공업,329180,의결권대리행사권유참고서류,20220223002817,HD현대중공업,20220223,
KOSPI,00117601,유안타증권,003470,증권발행실적보고서,20220223002844,유안타증권,20220223,
KOSPI,00936787,애경케미칼,161000,[기재정정]주식매수선택권부여에관한신고,20220223002877,애경케미칼,20220223,정
KOSPI,00120182,NH투자증권,005940,투자설명서(일괄신고),20220223002907,NH투자증권,20220223,
KOSPI,00169048,HLB글로벌,003580,주주총회소집공고,20220223002919,HLB글로벌,20220223,
KOSPI,00583424,아모레퍼시픽,090430,의결권대리행사권유참고서류,20220223002936,아모레퍼시픽,20220223,정
KOSPI,00157681,롯데정밀화학,004000,임원ㆍ주요주주특정증권등소유상황보고서,20220223002939,롯데케미칼,20220223,
KOSPI,00164830,HD한국조선해양,009540,의결권대리행사권유참고서류,20220223002945,HD한국조선해양,20220223,
KOSPI,00135917,한화손해보험,000370,임원ㆍ주요주주특정증권등소유상황보고서,20220223002948,서지훈,20220223,
KOSPI,00136721,신영증권,001720,일괄신고추가서류(파생결합증권-주가연계증권),20220223002958,신영증권,20220223,
KOSPI,00122579,BYC,001460,임원ㆍ주요주주특정증권등소유상황보고서,20220223002966,한서원,20220223,
KOSPI,00136721,신영증권,001720,투자설명서(일괄신고),20220223002970,신영증권,20220223,
KOSPI,00169048,HLB글로벌,003580,의결권대리행사권유참고서류,20220223002974,HLB글로벌,20220223,
KOSPI,00111722,미래에셋증권,006800,일괄신고추가서류(파생결합사채-주가연계파생결합사채),20220223002978,미래에셋증권,20220223,
KOSPI,00339391,한화시스템,272210,주주총회소집공고,20220223002988,한화시스템,20220223,
KOSPI,00124799,사조산업,007160,임원ㆍ주요주주특정증권등소유상황보고서,20220223003014,사조시스템즈,20220223,
KOSPI,00339391,한화시스템,272210,의결권대리행사권유참고서류,20220223003034,한화시스템,20220223,정
KOSPI,00136721,신영증권,001720,일괄신고추가서류(파생결합증권-주가연계증권),20220223003037,신영증권,20220223,
KOSPI,01524093,DL이앤씨,375500,주주총회소집공고,20220223003042,DL이앤씨,20220223,
KOSPI,01524093,DL이앤씨,375500,의결권대리행사권유참고서류,20220223003044,DL이앤씨,20220223,
KOSPI,00687711,한국철강,104700,임원ㆍ주요주주특정증권등소유상황보고서,20220223003080,KISCO홀딩스,20220223,
KOSPI,00136721,신영증권,001720,투자설명서(일괄신고),20220223003086,신영증권,20220223,
KOSPI,00226316,호전실업,111110,주식등의대량보유상황보고서(일반),20220223003090,박진호,20220223,
KOSPI,00258801,카카오,035720,대규모기업집단현황공시[분기별공시(대표회사용)],20220223003097,카카오,20220223,공
KOSPI,01478712,대덕전자,353200,임원ㆍ주요주주특정증권등소유상황보고서,20220223003120,김동희,20220223,
KOSPI,00687711,한국철강,104700,임원ㆍ주요주주특정증권등소유상황보고서,20220223003122,신금순,20220223,
KOSPI,00161116,HL D&I,014790,증권발행실적보고서,20220223003135,HL D&I,20220223,
KOSPI,00687711,한국철강,104700,주식등의대량보유상황보고서(일반),20220223003148,KISCO홀딩스,20220223,
KOSPI,01261893,케이씨텍,281820,임원ㆍ주요주주특정증권등소유상황보고서,20220223003184,케이씨,20220223,
KOSPI,01205709,HD현대,267250,[기재정정]증권신고서(채무증권),20220223003189,HD현대,20220223,정
KOSPI,01205842,HD건설기계,267270,임원ㆍ주요주주특정증권등소유상황보고서,20220223003200,문재영,20220223,정
KOSPI,01428203,케이씨씨글라스,344820,특수관계인에대한자금대여,20220223003209,케이씨씨글라스,20220223,공
KOSPI,00137997,현대차증권,001500,주주총회소집공고,20220223003211,현대차증권,20220223,
KOSPI,00149026,CS홀딩스,000590,신탁계약에의한취득상황보고서,20220223003222,CS홀딩스,20220223,
KOSPI,00126362,삼성SDI,006400,주주총회소집공고,20220223003225,삼성SDI,20220223,
KOSPI,01205709,HD현대,267250,[발행조건확정]증권신고서(채무증권),20220223003228,HD현대,20220223,정
KOSPI,00137997,현대차증권,001500,의결권대리행사권유참고서류,20220223003246,현대차증권,20220223,정
KOSPI,00136721,신영증권,001720,일괄신고추가서류(파생결합증권-주가연계증권),20220223003249,신영증권,20220223,
KOSPI,00120030,GS건설,006360,주주총회소집공고,20220223003256,GS건설,20220223,
KOSPI,00983040,한진칼,180640,특수관계인에대한자금대여,20220223003257,한진칼,20220223,공
KOSPI,01238169,오리온,271560,주주총회소집공고,20220223003278,오리온,20220223,정
KOSPI,00120030,GS건설,006360,의결권대리행사권유참고서류,20220223003289,GS건설,20220223,
KOSPI,00154462,아모레퍼시픽홀딩스,002790,주주총회소집공고,20220223003292,아모레퍼시픽홀딩스,20220223,
KOSPI,00126362,삼성SDI,006400,의결권대리행사권유참고서류,20220223003302,삼성SDI,20220223,
KOSPI,00164478,현대건설,000720,[첨부정정]의결권대리행사권유참고서류,20220223003314,현대건설,20220223,
KOSPI,00117577,오리온홀딩스,001800,주주총회소집공고,20220223003317,오리온홀딩스,20220223,정
KOSPI,00174527,HS화성,002460,주식등의대량보유상황보고서(일반),20220223003330,이인중,20220223,
KOSPI,01238169,오리온,271560,의결권대리행사권유참고서류,20220223003370,오리온,20220223,정
KOSPI,00120182,NH투자증권,005940,일괄신고추가서류(파생결합증권-주가연계증권),20220223003383,NH투자증권,20220223,
KOSPI,00120182,NH투자증권,005940,투자설명서(일괄신고),20220223003408,NH투자증권,20220223,
KOSPI,00131692,서흥,008490,주요사항보고서(회사분할결정),20220223003409,서흥,20220223,
KOSPI,00222532,LG헬로비전,037560,주주총회소집공고,20220223003411,LG헬로비전,20220223,
KOSPI,00115676,KG스틸,016380,주주총회소집공고,20220223003413,KG스틸,20220223,정
KOSPI,00939331,한국콜마,161890,[기재정정]증권신고서(채무증권),20220223003426,한국콜마,20220223,정
KOSPI,00117577,오리온홀딩스,001800,의결권대리행사권유참고서류,20220223003430,오리온홀딩스,20220223,정
KOSPI,00136378,신세계,004170,주주총회소집공고,20220223003435,신세계,20220223,
KOSPI,00159616,두산에너빌리티,034020,임원ㆍ주요주주특정증권등소유상황보고서,20220223003438,강홍규,20220223,
KOSPI,00136378,신세계,004170,의결권대리행사권유참고서류,20220223003456,신세계,20220223,
KOSPI,00127200,삼영전자공업,005680,[기재정정]주주총회소집공고,20220223003474,삼영전자공업,20220223,
KOSPI,00145260,율촌화학,008730,주식등의대량보유상황보고서(일반),20220223003477,신동윤,20220223,
KOSPI,00939331,한국콜마,161890,[발행조건확정]증권신고서(채무증권),20220223003478,한국콜마,20220223,정
KOSPI,00136721,신영증권,001720,투자설명서(일괄신고),20220223003491,신영증권,20220223,
KOSPI,00131692,서흥,008490,주주총회소집공고,20220223003495,서흥,20220223,정
KOSPI,00540605,이월드,084680,주식등의대량보유상황보고서(일반),20220223003504,이랜드파크,20220223,
KOSPI,00154462,아모레퍼시픽홀딩스,002790,의결권대리행사권유참고서류,20220223003515,아모레퍼시픽홀딩스,20220223,정
KOSPI,00113058,한화생명,088350,임원ㆍ주요주주특정증권등소유상황보고서,20220223003521,민정기,20220223,
KOSPI,00120182,NH투자증권,005940,일괄신고추가서류(파생결합증권-주가연계증권),20220223003526,NH투자증권,20220223,
KOSPI,00983040,한진칼,180640,주주총회소집공고,20220223003549,한진칼,20220223,정
KOSPI,00111722,미래에셋증권,006800,투자설명서(일괄신고),20220223003578,미래에셋증권,20220223,
KOSPI,00983040,한진칼,180640,의결권대리행사권유참고서류,20220223003585,한진칼,20220223,정
KOSPI,00233653,한국토지신탁,034830,증권발행실적보고서,20220223003597,한국토지신탁,20220223,
KOSPI,00120182,NH투자증권,005940,투자설명서(일괄신고),20220223003600,NH투자증권,20220223,
KOSPI,00156150,엑시큐어하이트론,019490,[기재정정]주요사항보고서(전환사채권발행결정),20220223003606,엑시큐어하이트론,20220223,정
KOSPI,00159616,두산에너빌리티,034020,임원ㆍ주요주주특정증권등소유상황보고서,20220223003615,공성필,20220223,
KOSPI,00156150,엑시큐어하이트론,019490,주요사항보고서(유상증자결정),20220223003649,엑시큐어하이트론,20220223,정
KOSPI,00113058,한화생명,088350,임원ㆍ주요주주특정증권등소유상황보고서,20220223003660,김상일,20220223,
KOSPI,00111722,미래에셋증권,006800,투자설명서(일괄신고),20220223003704,미래에셋증권,20220223,
KOSPI,00118521,진원생명과학,011000,단일판매ㆍ공급계약체결,20220223800118,진원생명과학,20220223,유
KOSPI,00115065,동남합성,023450,주주총회소집결의,20220223800122,동남합성,20220223,유
KOSPI,00401731,LG전자,066570,영업정지(자율공시),20220223800147,LG전자,20220223,유
KOSPI,00158316,NICE,034310,현금ㆍ현물배당결정,20220223800176,NICE,20220223,유
KOSPI,00106395,금호전기,001210,전환가액ㆍ신주인수권행사가액ㆍ교환가액의조정(안내공시),20220223800179,금호전기,20220223,유
KOSPI,00105299,금강공업,014280,매출액또는손익구조30%(대규모법인은15%)이상변경,20220223800181,금강공업,20220223,유
KOSPI,00105299,금강공업,014280,현금ㆍ현물배당결정,20220223800191,금강공업,20220223,유
KOSPI,01475609,디앤디플랫폼리츠,377190,기타경영사항(자율공시),20220223800211,디앤디플랫폼리츠,20220223,유
KOSPI,00113614,대현,016090,주주총회소집결의,20220223800216,대현,20220223,유
KOSPI,00113614,대현,016090,기타경영사항(자율공시),20220223800217,대현,20220223,유
KOSPI,00140131,키다리스튜디오,020120,매출액또는손익구조30%(대규모법인은15%)이상변경,20220223800218,키다리스튜디오,20220223,유정
KOSPI,00118965,티에이치엔,019180,현금ㆍ현물배당결정,20220223800257,티에이치엔,20220223,유
KOSPI,00118965,티에이치엔,019180,매출액또는손익구조30%(대규모법인은15%)이상변경,20220223800267,티에이치엔,20220223,유
KOSPI,00126478,삼성중공업,010140,단일판매ㆍ공급계약체결,20220223800278,삼성중공업,20220223,유
KOSPI,00332927,제이에스코퍼레이션,194370,현금ㆍ현물배당결정,20220223800295,제이에스코퍼레이션,20220223,유
KOSPI,00122481,태경비케이,014580,주주총회소집결의,20220223800296,태경비케이,20220223,유
KOSPI,00332927,제이에스코퍼레이션,194370,매출액또는손익구조30%(대규모법인은15%)이상변경,20220223800318,제이에스코퍼레이션,20220223,유
KOSPI,00332927,제이에스코퍼레이션,194370,주주총회소집결의,20220223800319,제이에스코퍼레이션,20220223,유
KOSPI,00115287,동방,004140,대표이사(대표집행임원)변경(안내공시),20220223800338,동방,20220223,유
KOSPI,00120076,LX인터내셔널,001120,주주총회소집결의,20220223800343,LX인터내셔널,20220223,유
KOSPI,00102751,고려산업,002140,매출액또는손익구조30%(대규모법인은15%)이상변경,20220223800346,고려산업,20220223,유
KOSPI,00102751,고려산업,002140,현금ㆍ현물배당결정,20220223800347,고려산업,20220223,유
KOSPI,00126292,삼성카드,029780,기업지배구조보고서공시,20220223800349,삼성카드,20220223,유
KOSPI,00109514,티웨이홀딩스,004870,[기재정정]유상증자결정(종속회사의주요경영사항),20220223800351,티웨이홀딩스,20220223,유정
KOSPI,00646732,진양홀딩스,100250,주주총회소집결의,20220223800352,진양홀딩스,20220223,유
KOSPI,00112378,KR모터스,000040,전환가액ㆍ신주인수권행사가액ㆍ교환가액의조정(안내공시),20220223800357,KR모터스,20220223,유
KOSPI,00130684,서울도시가스,017390,주주총회소집결의,20220223800358,서울도시가스,20220223,유정
KOSPI,00161383,한미반도체,042700,주주총회소집결의,20220223800364,한미반도체,20220223,유
KOSPI,00161383,한미반도체,042700,현금ㆍ현물배당결정,20220223800365,한미반도체,20220223,유
KOSPI,00145686,이화산업,000760,주주총회소집결의,20220223800367,이화산업,20220223,유
KOSPI,00118965,티에이치엔,019180,주주총회소집결의,20220223800369,티에이치엔,20220223,유
KOSPI,00122551,백산,035150,매출액또는손익구조30%(대규모법인은15%)이상변경,20220223800371,백산,20220223,유
KOSPI,00120076,LX인터내셔널,001120,타법인주식및출자증권취득결정,20220223800380,LX인터내셔널,20220223,유정
KOSPI,00140131,키다리스튜디오,020120,연결재무제표기준영업실적등에대한전망(공정공시),20220223800392,키다리스튜디오,20220223,유
KOSPI,00161383,한미반도체,042700,주식분할결정,20220223800396,한미반도체,20220223,유
KOSPI,00122551,백산,035150,현금ㆍ현물배당결정,20220223800397,백산,20220223,유
KOSPI,01562589,LX홀딩스,383800,타법인주식및출자증권취득결정(자회사의 주요경영사항),20220223800400,LX홀딩스,20220223,유정
KOSPI,00122551,백산,035150,주주총회소집결의,20220223800406,백산,20220223,유
KOSPI,00122551,백산,035150,주주총회집중일개최사유신고,20220223800409,백산,20220223,유
KOSPI,00583424,아모레퍼시픽,090430,주주총회소집결의,20220223800415,아모레퍼시픽,20220223,유
KOSPI,00787376,대성에너지,117580,[기재정정]현금ㆍ현물배당결정,20220223800431,대성에너지,20220223,유정
KOSPI,00583424,아모레퍼시픽,090430,현금ㆍ현물배당결정,20220223800443,아모레퍼시픽,20220223,유
KOSPI,00154462,아모레퍼시픽홀딩스,002790,현금ㆍ현물배당결정(자회사의 주요경영사항),20220223800445,아모레퍼시픽홀딩스,20220223,유
KOSPI,00401731,LG전자,066570,[기재정정]주주총회소집결의,20220223800454,LG전자,20220223,유
KOSPI,00103042,케이씨티시,009070,주주총회소집결의,20220223800455,케이씨티시,20220223,유
KOSPI,00103042,케이씨티시,009070,매출액또는손익구조30%(대규모법인은15%)이상변경,20220223800456,케이씨티시,20220223,유
KOSPI,00154462,아모레퍼시픽홀딩스,002790,주주총회소집결의,20220223800462,아모레퍼시픽홀딩스,20220223,유
KOSPI,00103042,케이씨티시,009070,현금ㆍ현물배당결정(49기결산현금배당결정공시),20220223800464,케이씨티시,20220223,유
KOSPI,00154462,아모레퍼시픽홀딩스,002790,현금ㆍ현물배당결정,20220223800479,아모레퍼시픽홀딩스,20220223,유
KOSPI,00145880,현대제철,004020,주주총회소집결의,20220223800487,현대제철,20220223,유
KOSPI,00108135,녹십자홀딩스,005250,최대주주등소유주식변동신고서,20220223800491,녹십자홀딩스,20220223,유
KOSPI,00124504,포스코인터내셔널,047050,주주총회소집결의,20220223800494,포스코인터내셔널,20220223,유
KOSPI,00115676,KG스틸,016380,주주총회소집결의,20220223800506,KG스틸,20220223,유
KOSPI,00150439,진양산업,003780,주주총회소집결의,20220223800509,진양산업,20220223,유
KOSPI,00165343,혜인,003010,주주총회소집결의,20220223800511,혜인,20220223,유
KOSPI,01238169,오리온,271560,연결재무제표기준영업(잠정)실적(공정공시),20220223800519,오리온,20220223,유정
KOSPI,00166519,화천기공,000850,주주총회소집결의,20220223800521,화천기공,20220223,유
KOSPI,00166519,화천기공,000850,현금ㆍ현물배당결정,20220223800523,화천기공,20220223,유
KOSPI,00166519,화천기공,000850,매출액또는손익구조30%(대규모법인은15%)이상변경,20220223800525,화천기공,20220223,유
KOSPI,00361488,텔코웨어,078000,주주총회소집결의,20220223800529,텔코웨어,20220223,유
KOSPI,00166272,화승코퍼레이션,013520,타인에대한채무보증결정,20220223800534,화승코퍼레이션,20220223,유정
KOSPI,00150439,진양산업,003780,[기재정정]현금ㆍ현물배당결정,20220223800546,진양산업,20220223,유
KOSPI,00134565,이스타코,015020,최대주주등소유주식변동신고서,20220223800547,이스타코,20220223,유
KOSPI,00101628,경방,000050,현금ㆍ현물배당결정,20220223800549,경방,20220223,유
KOSPI,00165343,혜인,003010,현금ㆍ현물배당결정,20220223800562,혜인,20220223,유
KOSPI,00158149,한국쉘석유,002960,주주총회소집결의,20220223800575,한국쉘석유,20220223,유
KOSPI,01532603,화승알앤에이,378850,타인에대한채무보증결정,20220223800578,화승알앤에이,20220223,유
KOSPI,00249247,YG PLUS,037270,매출액또는손익구조30%(대규모법인은15%)이상변경,20220223800590,YG PLUS,20220223,유
KOSPI,00146214,일성아이에스,003120,최대주주등소유주식변동신고서,20220223800593,일성아이에스,20220223,유
KOSPI,00164742,현대자동차,005380,주주총회소집결의,20220223800594,현대자동차,20220223,유
KOSPI,00158149,한국쉘석유,002960,현금ㆍ현물배당결정,20220223800603,한국쉘석유,20220223,유
KOSPI,00249247,YG PLUS,037270,주주총회소집결의,20220223800617,YG PLUS,20220223,유
KOSPI,00103662,광명전기,017040,주주총회소집결의,20220223800621,광명전기,20220223,유
KOSPI,00116268,동성제약,002210,전환가액ㆍ신주인수권행사가액ㆍ교환가액의조정(안내공시),20220223800622,동성제약,20220223,유
KOSPI,00120021,LG,003550,[기재정정]타법인주식및출자증권처분결정(종속회사의주요경영사항),20220223800624,LG,20220223,유정
KOSPI,00103662,광명전기,017040,주주총회집중일개최사유신고,20220223800628,광명전기,20220223,유
KOSPI,00103662,광명전기,017040,현금ㆍ현물배당결정,20220223800632,광명전기,20220223,유
KOSPI,00101628,경방,000050,주주총회소집결의,20220223800650,경방,20220223,유
KOSPI,00787376,대성에너지,117580,[기재정정]현금ㆍ현물배당결정,20220223800653,대성에너지,20220223,유
KOSPI,00166272,화승코퍼레이션,013520,[기재정정]타인에대한채무보증결정,20220223800655,화승코퍼레이션,20220223,유
KOSPI,00109189,대덕,008060,매출액또는손익구조30%(대규모법인은15%)이상변경,20220223800677,대덕,20220223,유
KOSPI,01238169,오리온,271560,주주총회소집결의,20220223800699,오리온,20220223,유
KOSPI,00526599,덴티움,145720,유형자산취득결정,20220223800719,덴티움,20220223,유
KOSPI,00169048,HLB글로벌,003580,주주총회소집결의,20220223800720,HLB글로벌,20220223,유
KOSPI,01478712,대덕전자,353200,매출액또는손익구조30%(대규모법인은15%)이상변경,20220223800723,대덕전자,20220223,유
KOSPI,00120030,GS건설,006360,주주총회소집결의,20220223800733,GS건설,20220223,유
KOSPI,00131832,SK디스커버리,006120,단일판매ㆍ공급계약체결(자회사의 주요경영사항),20220223800738,SK디스커버리,20220223,유정
KOSPI,00139764,에넥스,011090,매출액또는손익구조30%(대규모법인은15%)이상변경,20220223800741,에넥스,20220223,유
KOSPI,00670340,씨에스윈드,112610,타법인주식및출자증권취득결정,20220223800744,씨에스윈드,20220223,유
KOSPI,00109754,대림바스,005750,주주총회소집결의,20220223800747,대림바스,20220223,유
KOSPI,00159740,KISCO홀딩스,001940,현금ㆍ현물배당결정(자회사의 주요경영사항),20220223800749,KISCO홀딩스,20220223,유
KOSPI,00109754,대림바스,005750,현금ㆍ현물배당결정,20220223800753,대림바스,20220223,유
KOSPI,00122579,BYC,001460,최대주주등소유주식변동신고서,20220223800757,BYC,20220223,유
KOSPI,00109189,대덕,008060,매출액또는손익구조30%(대규모법인은15%)이상변경(자회사의 주요경영사항),20220223800760,대덕,20220223,유
KOSPI,00158149,한국쉘석유,002960,영업(잠정)실적(공정공시),20220223800761,한국쉘석유,20220223,유
KOSPI,01478712,대덕전자,353200,기업설명회(IR)개최(안내공시),20220223800764,대덕전자,20220223,유
KOSPI,00687711,한국철강,104700,최대주주등소유주식변동신고서,20220223800766,한국철강,20220223,유
KOSPI,00157681,롯데정밀화학,004000,최대주주등소유주식변동신고서,20220223800782,롯데정밀화학,20220223,유
KOSPI,00120030,GS건설,006360,주주총회집중일개최사유신고,20220223800785,GS건설,20220223,유
KOSPI,00137997,현대차증권,001500,주주총회소집결의,20220223800790,현대차증권,20220223,유정
KOSPI,00137997,현대차증권,001500,현금ㆍ현물배당결정,20220223800793,현대차증권,20220223,유
KOSPI,00797364,KC코트렐,119650,주주총회소집결의,20220223800796,KC코트렐,20220223,유
KOSPI,01316227,효성티앤씨,298020,주주총회소집결의,20220223800797,효성티앤씨,20220223,유
KOSPI,00126256,삼성생명,032830,주주총회소집결의,20220223800802,삼성생명,20220223,유
KOSPI,00135917,한화손해보험,000370,영업(잠정)실적(공정공시),20220223800807,한화손해보험,20220223,유
KOSPI,00797364,KC코트렐,119650,매출액또는손익구조30%(대규모법인은15%)이상변경,20220223800808,KC코트렐,20220223,유
KOSPI,00117577,오리온홀딩스,001800,주주총회소집결의,20220223800810,오리온홀딩스,20220223,유
KOSPI,01316236,효성화학,298000,타인에대한채무보증결정,20220223800813,효성화학,20220223,유
KOSPI,00176914,다우기술,023590,최대주주등소유주식변동신고서,20220223800818,다우기술,20220223,유
KOSPI,01316236,효성화학,298000,타인에대한채무보증결정,20220223800819,효성화학,20220223,유
KOSPI,00141875,사조오양,006090,현금ㆍ현물배당결정,20220223800822,사조오양,20220223,유
KOSPI,00113207,대한전선,001440,주주총회소집결의,20220223800823,대한전선,20220223,유
KOSPI,00159971,KC그린홀딩스,009440,매출액또는손익구조30%(대규모법인은15%)이상변경(자회사의 주요경영사항),20220223800826,KC그린홀딩스,20220223,유
KOSPI,01316227,효성티앤씨,298020,현금ㆍ현물배당결정,20220223800827,효성티앤씨,20220223,유
KOSPI,00113207,대한전선,001440,매출액또는손익구조30%(대규모법인은15%)이상변경,20220223800830,대한전선,20220223,유정
KOSPI,00428321,해태제과식품,101530,매출액또는손익구조30%(대규모법인은15%)이상변경,20220223800831,해태제과식품,20220223,유
KOSPI,00148984,시알홀딩스,000480,주주총회소집결의,20220223800849,시알홀딩스,20220223,유
KOSPI,00158149,한국쉘석유,002960,매출액또는손익구조30%(대규모법인은15%)이상변경,20220223800854,한국쉘석유,20220223,유
KOSPI,00148984,시알홀딩스,000480,현금ㆍ현물배당결정,20220223800860,시알홀딩스,20220223,유
KOSPI,00983040,한진칼,180640,수시공시의무관련사항(공정공시),20220223800861,한진칼,20220223,유
KOSPI,00520887,비상교육,100220,주주총회소집결의,20220223800863,비상교육,20220223,유
KOSPI,00138297,STX,011810,금전대여결정,20220223800865,STX,20220223,유
KOSPI,00111704,한화오션,042660,소송등의제기ㆍ신청(일정금액이상의청구),20220223800885,한화오션,20220223,유
KOSPI,00145260,율촌화학,008730,최대주주등소유주식변동신고서,20220223800887,율촌화학,20220223,유
KOSPI,00136378,신세계,004170,주주총회소집결의,20220223800890,신세계,20220223,유
KOSPI,00176914,다우기술,023590,매출액또는손익구조30%(대규모법인은15%)이상변경,20220223800893,다우기술,20220223,유
KOSPI,00983040,한진칼,180640,[기재정정]매출액또는손익구조30%(대규모법인은15%)이상변경,20220223800899,한진칼,20220223,유
KOSPI,00144164,SK가스,018670,타인에대한담보제공결정,20220223800903,SK가스,20220223,유
KOSPI,00131832,SK디스커버리,006120,타인에대한담보제공결정(자회사의 주요경영사항),20220223800904,SK디스커버리,20220223,유
KOSPI,00983040,한진칼,180640,[첨부추가]주주총회소집결의,20220223800906,한진칼,20220223,유정
KOSPI,00124799,사조산업,007160,최대주주등소유주식변동신고서,20220223800907,사조산업,20220223,유
KOSPI,00153126,크라운해태홀딩스,005740,매출액또는손익구조30%(대규모법인은15%)이상변경(자회사의 주요경영사항),20220223800912,크라운해태홀딩스,20220223,유
KOSPI,00428321,해태제과식품,101530,주주총회소집결의,20220223800913,해태제과식품,20220223,유정
KOSPI,00124780,사조씨푸드,014710,현금ㆍ현물배당결정,20220223800917,사조씨푸드,20220223,유
KOSPI,00159698,지역난방공사,071320,주주총회소집결의,20220223800919,지역난방공사,20220223,유정
KOSPI,00116824,동아쏘시오홀딩스,000640,매출액또는손익구조30%(대규모법인은15%)이상변경,20220223800922,동아쏘시오홀딩스,20220223,유
KOSPI,00203290,콜마홀딩스,024720,매출액또는손익구조30%(대규모법인은15%)이상변경,20220223800927,콜마홀딩스,20220223,유
KOSPI,00176914,다우기술,023590,현금ㆍ현물배당결정,20220223800943,다우기술,20220223,유
KOSPI,00428321,해태제과식품,101530,현금ㆍ현물배당결정,20220223800946,해태제과식품,20220223,유정
KOSPI,00153126,크라운해태홀딩스,005740,현금ㆍ현물배당결정(자회사의 주요경영사항),20220223800947,크라운해태홀딩스,20220223,유정
KOSPI,00103176,흥국화재,000540,주주총회소집결의,20220223800950,흥국화재,20220223,유
KOSPI,00176914,다우기술,023590,주주총회소집결의,20220223800954,다우기술,20220223,유
KOSPI,00222532,LG헬로비전,037560,주주총회소집결의,20220223800957,LG헬로비전,20220223,유
KOSPI,00131692,서흥,008490,주주총회소집결의,20220223800960,서흥,20220223,유정
KOSPI,00131692,서흥,008490,주주총회집중일개최사유신고,20220223800963,서흥,20220223,유
KOSPI,00141875,사조오양,006090,주주총회소집결의,20220223800986,사조오양,20220223,유
KOSPI,00123143,보령,003850,현금ㆍ현물배당결정,20220223800990,보령,20220223,유
KOSPI,00103176,흥국화재,000540,[기재정정]매출액또는손익구조30%(대규모법인은15%)이상변경,20220223800991,흥국화재,20220223,유
KOSPI,00159698,지역난방공사,071320,현금ㆍ현물배당결정,20220223800995,지역난방공사,20220223,유
KOSPI,00124780,사조씨푸드,014710,주주총회소집결의,20220223801002,사조씨푸드,20220223,유
KOSPI,00103176,흥국화재,000540,영업(잠정)실적(공정공시),20220223801007,흥국화재,20220223,유
KOSPI,00123143,보령,003850,주주총회소집결의,20220223801011,보령,20220223,유
KOSPI,00139214,삼성화재해상보험,000810,주주총회소집결의,20220223801023,삼성화재해상보험,20220223,유
KOSPI,00139214,삼성화재해상보험,000810,[기재정정]매출액또는손익구조30%(대규모법인은15%)이상변경,20220223801048,삼성화재해상보험,20220223,유
KOSPI,00102113,경인양행,012610,임원ㆍ주요주주특정증권등소유상황보고서,20220224000001,이의재,20220224,
KOSPI,00164779,SK하이닉스,000660,주요사항보고서(자기주식처분결정),20220224000002,SK하이닉스,20220224,
KOSPI,00164779,SK하이닉스,000660,주식매수선택권부여에관한신고,20220224000003,SK하이닉스,20220224,정
KOSPI,00164779,SK하이닉스,000660,주주총회소집공고,20220224000008,SK하이닉스,20220224,
KOSPI,00164779,SK하이닉스,000660,의결권대리행사권유참고서류,20220224000011,SK하이닉스,20220224,정
KOSPI,01497869,티와이홀딩스,363280,대규모기업집단현황공시[분기별공시(대표회사용)],20220224000018,티와이홀딩스,20220224,공정
KOSPI,00161426,한미사이언스,008930,임원ㆍ주요주주특정증권등소유상황보고서,20220224000044,임종윤,20220224,
KOSPI,00161426,한미사이언스,008930,임원ㆍ주요주주특정증권등소유상황보고서,20220224000046,임주현,20220224,
KOSPI,00123143,보령,003850,[연장결정]주요사항보고서(자기주식취득신탁계약체결결정),20220224000048,보령,20220224,정
KOSPI,00161426,한미사이언스,008930,주식등의대량보유상황보고서(일반),20220224000049,송영숙,20220224,
KOSPI,00120182,NH투자증권,005940,증권발행실적보고서,20220224000079,NH투자증권,20220224,
KOSPI,00161693,한샘,009240,주식등의대량보유상황보고서(일반),20220224000472,하임,20220224,
KOSPI,00148610,한화투자증권,003530,증권발행실적보고서,20220224000484,한화투자증권,20220224,
KOSPI,00872984,이마트,139480,임원ㆍ주요주주특정증권등소유상황보고서,20220224000554,국민연금공단,20220224,
KOSPI,00129989,코스모신소재,005070,주식등의대량보유상황보고서(일반),20220224000560,코스모화학,20220224,
KOSPI,00113207,대한전선,001440,대규모기업집단현황공시[분기별공시(개별회사용)],20220224000783,대한전선,20220224,공
KOSPI,00136864,신원,009270,주주총회소집공고,20220224000821,신원,20220224,
KOSPI,00113535,대한해운,005880,대규모기업집단현황공시[분기별공시(대표회사용)],20220224000913,대한해운,20220224,공정
KOSPI,00148610,한화투자증권,003530,증권발행실적보고서,20220224000926,한화투자증권,20220224,
KOSPI,00130684,서울도시가스,017390,주식등의대량보유상황보고서(일반),20220224000960,김영민,20220224,
KOSPI,00138279,S-Oil,010950,임원ㆍ주요주주특정증권등소유상황보고서,20220224000962,조용국,20220224,
KOSPI,00136864,신원,009270,의결권대리행사권유참고서류,20220224001000,신원,20220224,정
KOSPI,00130684,서울도시가스,017390,임원ㆍ주요주주특정증권등소유상황보고서,20220224001007,황주석,20220224,
KOSPI,01244601,카카오페이,377300,대규모기업집단현황공시[분기별공시(개별회사용)],20220224001047,카카오페이,20220224,공
KOSPI,00113359,교보증권,030610,일괄신고추가서류(파생결합사채-주가연계파생결합사채),20220224001082,교보증권,20220224,
KOSPI,00120182,NH투자증권,005940,일괄신고추가서류(파생결합사채-주가연계파생결합사채),20220224001094,NH투자증권,20220224,
KOSPI,00296290,키움증권,039490,일괄신고추가서류(파생결합사채-주가연계파생결합사채),20220224001143,키움증권,20220224,
KOSPI,00113359,교보증권,030610,투자설명서(일괄신고),20220224001352,교보증권,20220224,
KOSPI,00120182,NH투자증권,005940,투자설명서(일괄신고),20220224001376,NH투자증권,20220224,
KOSPI,00113359,교보증권,030610,증권발행실적보고서,20220224001409,교보증권,20220224,
KOSPI,00152862,코오롱,002020,대규모기업집단현황공시[분기별공시(대표회사용)],20220224001479,코오롱,20220224,공
KOSPI,00125080,AK홀딩스,006840,대규모기업집단현황공시[분기별공시(대표회사용)],20220224001571,AK홀딩스,20220224,공
KOSPI,00367844,자이에스앤디,317400,주주총회소집공고,20220224001599,자이에스앤디,20220224,정
KOSPI,01180118,코람코더원리츠,417310,[기재정정]증권신고서(집합투자증권-회사형)(㈜코람코더원위탁관리부동산투자회사),20220224001613,코람코더원리츠,20220224,
KOSPI,00139214,삼성화재해상보험,000810,특수관계인에대한자금대여,20220224001684,삼성화재해상보험,20220224,공
KOSPI,00139214,삼성화재해상보험,000810,특수관계인과의수익증권거래,20220224001720,삼성화재해상보험,20220224,공
KOSPI,00367844,자이에스앤디,317400,의결권대리행사권유참고서류,20220224001786,자이에스앤디,20220224,정
KOSPI,00108241,농심,004370,주주총회소집공고,20220224001861,농심,20220224,정
KOSPI,00123143,보령,003850,[연장결정]주요사항보고서(자기주식취득신탁계약체결결정),20220224001882,보령,20220224,정
KOSPI,00367844,자이에스앤디,317400,[기재정정]주주총회소집공고,20220224001885,자이에스앤디,20220224,
KOSPI,00160375,진양폴리우레탄,010640,주주총회소집공고,20220224001943,진양폴리우레탄,20220224,
KOSPI,00106669,세아베스틸지주,001430,주주총회소집공고,20220224002123,세아베스틸지주,20220224,
KOSPI,00126292,삼성카드,029780,일괄신고추가서류,20220224002149,삼성카드,20220224,
KOSPI,00148540,CJ,001040,대규모기업집단현황공시[분기별공시(대표회사용)],20220224002191,CJ,20220224,공
KOSPI,00296290,키움증권,039490,투자설명서(일괄신고),20220224002223,키움증권,20220224,
KOSPI,00296290,키움증권,039490,일괄신고추가서류(파생결합증권-주가연계증권),20220224002237,키움증권,20220224,
KOSPI,00104722,국제약품,002720,주주총회소집공고,20220224002281,국제약품,20220224,정
KOSPI,01205709,HD현대,267250,주주총회소집공고,20220224002319,HD현대,20220224,
KOSPI,01205709,HD현대,267250,의결권대리행사권유참고서류,20220224002394,HD현대,20220224,
KOSPI,00126292,삼성카드,029780,투자설명서(일괄신고),20220224002430,삼성카드,20220224,
KOSPI,00123143,보령,003850,[연장결정]주요사항보고서(자기주식취득신탁계약체결결정),20220224002442,보령,20220224,정
KOSPI,00635134,CJ제일제당,097950,대규모기업집단현황공시[분기별공시(개별회사용)],20220224002443,CJ제일제당,20220224,공
KOSPI,00155319,POSCO홀딩스,005490,대규모기업집단현황공시[분기별공시(대표회사용)],20220224002449,POSCO홀딩스,20220224,공
KOSPI,00113359,교보증권,030610,일괄신고추가서류(파생결합사채-주가연계파생결합사채),20220224002538,교보증권,20220224,
KOSPI,00110893,대신증권,003540,증권발행실적보고서,20220224002544,대신증권,20220224,
KOSPI,00125150,SGC에너지,005090,주주총회소집공고,20220224002574,SGC에너지,20220224,
KOSPI,00137997,현대차증권,001500,증권발행실적보고서,20220224002655,현대차증권,20220224,
KOSPI,00296290,키움증권,039490,투자설명서(일괄신고),20220224002661,키움증권,20220224,
KOSPI,00125150,SGC에너지,005090,의결권대리행사권유참고서류,20220224002666,SGC에너지,20220224,
KOSPI,00123143,보령,003850,[연장결정]주요사항보고서(자기주식취득신탁계약체결결정),20220224002691,보령,20220224,정
KOSPI,00173944,우진,105840,주식등의대량보유상황보고서(일반),20220224002710,이재원,20220224,
KOSPI,00113359,교보증권,030610,투자설명서(일괄신고),20220224002712,교보증권,20220224,
KOSPI,00129013,CJ씨푸드,011150,대규모기업집단현황공시[분기별공시(개별회사용)],20220224002724,CJ씨푸드,20220224,공
KOSPI,01060744,한솔제지,213500,증권신고서(채무증권),20220224002750,한솔제지,20220224,정
KOSPI,00162461,한화솔루션,009830,[첨부정정]의결권대리행사권유참고서류,20220224002778,한화솔루션,20220224,
KOSPI,01325979,세아제강,306200,[첨부정정]의결권대리행사권유참고서류,20220224002944,세아제강,20220224,정
KOSPI,00108746,DKME,015590,임원ㆍ주요주주특정증권등소유상황보고서,20220224002949,권경훈,20220224,
KOSPI,00108746,DKME,015590,주식등의대량보유상황보고서(일반),20220224002963,크레오에스지,20220224,
KOSPI,00157681,롯데정밀화학,004000,주주총회소집공고,20220224003009,롯데정밀화학,20220224,
KOSPI,00123143,보령,003850,[연장결정]주요사항보고서(자기주식취득신탁계약체결결정),20220224003011,보령,20220224,정
KOSPI,00111722,미래에셋증권,006800,일괄신고추가서류(파생결합사채-주가연계파생결합사채),20220224003023,미래에셋증권,20220224,
KOSPI,00157681,롯데정밀화학,004000,의결권대리행사권유참고서류,20220224003030,롯데정밀화학,20220224,
KOSPI,00244455,케이티앤지,033780,대규모기업집단현황공시[분기별공시(대표회사용)],20220224003041,케이티앤지,20220224,공
KOSPI,00120872,만호제강,001080,임원ㆍ주요주주특정증권등소유상황보고서,20220224003061,김상환,20220224,
KOSPI,00222532,LG헬로비전,037560,의결권대리행사권유참고서류,20220224003091,LG헬로비전,20220224,
KOSPI,00155212,포스코DX,022100,[기재정정]주주총회소집공고,20220224003092,포스코DX,20220224,
KOSPI,00155212,포스코DX,022100,[기재정정]의결권대리행사권유참고서류,20220224003117,포스코DX,20220224,
KOSPI,00136402,신송홀딩스,006880,주주총회소집공고,20220224003122,신송홀딩스,20220224,
KOSPI,00110893,대신증권,003540,일괄신고추가서류(파생결합증권-주가연계증권),20220224003129,대신증권,20220224,
KOSPI,00126256,삼성생명,032830,주식등의대량보유상황보고서(약식),20220224003131,국민연금공단,20220224,
KOSPI,00150439,진양산업,003780,[첨부정정]의결권대리행사권유참고서류,20220224003159,진양산업,20220224,
KOSPI,01205709,HD현대,267250,특수관계인으로부터주식의취득,20220224003252,HD현대,20220224,공
KOSPI,00113410,CJ대한통운,000120,대규모기업집단현황공시[분기별공시(개별회사용)],20220224003263,CJ대한통운,20220224,공
KOSPI,00159023,SK텔레콤,017670,임원ㆍ주요주주특정증권등소유상황보고서,20220224003295,최태원,20220224,
KOSPI,00159023,SK텔레콤,017670,주요사항보고서(자기주식처분결정),20220224003305,SK텔레콤,20220224,
KOSPI,00123143,보령,003850,[연장결정]주요사항보고서(자기주식취득신탁계약체결결정),20220224003310,보령,20220224,정
KOSPI,00111722,미래에셋증권,006800,증권발행실적보고서,20220224003311,미래에셋증권,20220224,
KOSPI,00136402,신송홀딩스,006880,의결권대리행사권유참고서류,20220224003312,신송홀딩스,20220224,
KOSPI,00303873,CJ CGV,079160,대규모기업집단현황공시[분기별공시(개별회사용)],20220224003323,CJ CGV,20220224,공
KOSPI,00111722,미래에셋증권,006800,증권발행실적보고서,20220224003349,미래에셋증권,20220224,
KOSPI,00111722,미래에셋증권,006800,투자설명서(일괄신고),20220224003366,미래에셋증권,20220224,
KOSPI,00111722,미래에셋증권,006800,증권발행실적보고서,20220224003373,미래에셋증권,20220224,
KOSPI,00130772,SBS,034120,대규모기업집단현황공시[분기별공시(개별회사용)],20220224003374,SBS,20220224,공
KOSPI,00145163,파미셀,005690,주주총회소집공고,20220224003385,파미셀,20220224,정
KOSPI,00111722,미래에셋증권,006800,증권발행실적보고서,20220224003409,미래에셋증권,20220224,
KOSPI,01316227,효성티앤씨,298020,임원ㆍ주요주주특정증권등소유상황보고서,20220224003450,조석래,20220224,
KOSPI,00126292,삼성카드,029780,[첨부정정]의결권대리행사권유참고서류,20220224003453,삼성카드,20220224,
KOSPI,00145163,파미셀,005690,의결권대리행사권유참고서류,20220224003470,파미셀,20220224,정
KOSPI,00124504,포스코인터내셔널,047050,[첨부정정]의결권대리행사권유참고서류,20220224003471,포스코인터내셔널,20220224,
KOSPI,00119195,동화약품,000020,주식등의대량보유상황보고서(일반),20220224003474,윤도준,20220224,정
KOSPI,01437292,미래에셋맵스리츠,357250,임원ㆍ주요주주특정증권등소유상황보고서,20220224003528,미래에셋자산운용,20220224,
KOSPI,00104722,국제약품,002720,[기재정정]주주총회소집공고,20220224003545,국제약품,20220224,
KOSPI,00149804,디와이에이,002880,주식등의대량보유상황보고서(일반),20220224003554,대유홀딩스,20220224,
KOSPI,00110893,대신증권,003540,투자설명서(일괄신고),20220224003621,대신증권,20220224,
KOSPI,00426086,티케이지휴켐스,069260,주주총회소집공고,20220224003624,티케이지휴켐스,20220224,
KOSPI,00105952,LS,006260,대규모기업집단현황공시[분기별공시(대표회사용)],20220224003657,LS,20220224,공
KOSPI,00403632,현대퓨처넷,126560,[첨부정정]의결권대리행사권유참고서류,20220224003662,현대퓨처넷,20220224,
KOSPI,00159023,SK텔레콤,017670,주주총회소집공고,20220224003676,SK텔레콤,20220224,
KOSPI,00126089,DH오토넥스,000300,주식등의대량보유상황보고서(일반),20220224003687,대유홀딩스,20220224,
KOSPI,00164706,현대약품,004310,독립이사의선임ㆍ해임또는중도퇴임에관한신고,20220224003699,현대약품,20220224,
KOSPI,00111722,미래에셋증권,006800,특수관계인과의수익증권거래,20220224003701,미래에셋증권,20220224,공
KOSPI,00106313,금호건설,002990,대규모기업집단현황공시[분기별공시(대표회사용)],20220224003705,금호건설,20220224,공정
KOSPI,00266961,NAVER,035420,대규모기업집단현황공시[분기별공시(대표회사용)],20220224003711,NAVER,20220224,공
KOSPI,00123781,부국철강,026940,임원ㆍ주요주주특정증권등소유상황보고서,20220224003716,남상오,20220224,
KOSPI,00159023,SK텔레콤,017670,의결권대리행사권유참고서류,20220224003740,SK텔레콤,20220224,
KOSPI,00428251,현대백화점,069960,주주총회소집공고,20220224003784,현대백화점,20220224,
KOSPI,00128555,삼천리,004690,대규모기업집단현황공시[분기별공시(대표회사용)],20220224003790,삼천리,20220224,공
KOSPI,00104722,국제약품,002720,의결권대리행사권유참고서류,20220224003805,국제약품,20220224,정
KOSPI,00128412,삼진제약,005500,임원ㆍ주요주주특정증권등소유상황보고서,20220224003846,이규일,20220224,
KOSPI,00339391,한화시스템,272210,[첨부정정]의결권대리행사권유참고서류,20220224003851,한화시스템,20220224,
KOSPI,00139214,삼성화재해상보험,000810,주주총회소집공고,20220224003863,삼성화재해상보험,20220224,
KOSPI,00428251,현대백화점,069960,의결권대리행사권유참고서류,20220224003869,현대백화점,20220224,
KOSPI,00218575,황금에스티,032560,[기재정정]사업보고서 (2019.12),20220224003906,황금에스티,20220224,연
KOSPI,01316245,효성중공업,298040,주주총회소집공고,20220224003912,효성중공업,20220224,
KOSPI,01316245,효성중공업,298040,의결권대리행사권유참고서류,20220224003929,효성중공업,20220224,
KOSPI,00139214,삼성화재해상보험,000810,의결권대리행사권유참고서류,20220224003930,삼성화재해상보험,20220224,
KOSPI,00111722,미래에셋증권,006800,일괄신고추가서류(파생결합사채-주가연계파생결합사채),20220224003935,미래에셋증권,20220224,
KOSPI,00159616,두산에너빌리티,034020,임원ㆍ주요주주특정증권등소유상황보고서,20220224003937,김덕수,20220224,
KOSPI,00367844,자이에스앤디,317400,[기재정정]의결권대리행사권유참고서류,20220224003945,자이에스앤디,20220224,정
KOSPI,00159616,두산에너빌리티,034020,임원ㆍ주요주주특정증권등소유상황보고서,20220224003957,김재갑,20220224,
KOSPI,00159616,두산에너빌리티,034020,임원ㆍ주요주주특정증권등소유상황보고서,20220224003967,김재이,20220224,정
KOSPI,00159616,두산에너빌리티,034020,임원ㆍ주요주주특정증권등소유상황보고서,20220224003979,김정일,20220224,
KOSPI,00163691,유수홀딩스,000700,주식등의대량보유상황보고서(일반),20220224003986,최은영,20220224,
KOSPI,00111722,미래에셋증권,006800,투자설명서(일괄신고),20220224004003,미래에셋증권,20220224,
KOSPI,00136864,신원,009270,[첨부정정]의결권대리행사권유참고서류,20220224004039,신원,20220224,
KOSPI,00105271,케이씨씨,002380,주요사항보고서(자기주식취득신탁계약체결결정),20220224004048,케이씨씨,20220224,정
KOSPI,00113058,한화생명,088350,특수관계인과의수익증권거래,20220224004053,한화생명,20220224,공
KOSPI,01436628,이지스레지던스리츠,350520,사업보고서 (2021.12),20220224004089,이지스레지던스리츠,20220224,
KOSPI,01316254,HS효성첨단소재,298050,의결권대리행사권유참고서류,20220224004113,HS효성첨단소재,20220224,
KOSPI,01316254,HS효성첨단소재,298050,주주총회소집공고,20220224004127,HS효성첨단소재,20220224,
KOSPI,00129989,코스모신소재,005070,[첨부정정]의결권대리행사권유참고서류,20220224004130,코스모신소재,20220224,정
KOSPI,00141149,영진약품,003520,대규모기업집단현황공시[분기별공시(개별회사용)],20220224004132,영진약품,20220224,공
KOSPI,00159616,두산에너빌리티,034020,임원ㆍ주요주주특정증권등소유상황보고서,20220224004138,김종석,20220224,
KOSPI,00105271,케이씨씨,002380,주식등의대량보유상황보고서(일반),20220224004141,정몽진,20220224,
KOSPI,00453488,다이나믹디자인,145210,주요사항보고서(감자결정),20220224004148,다이나믹디자인,20220224,정
KOSPI,00860332,메리츠금융지주,138040,주주총회소집공고,20220224004175,메리츠금융지주,20220224,
KOSPI,00114792,동국홀딩스,001230,대규모기업집단현황공시[분기별공시(대표회사용)],20220224004187,동국홀딩스,20220224,공
KOSPI,00123541,보해양조,000890,주주총회소집공고,20220224004219,보해양조,20220224,정
KOSPI,00218575,황금에스티,032560,[기재정정]사업보고서 (2020.12),20220224004228,황금에스티,20220224,정연
KOSPI,00123143,보령,003850,[연장결정]주요사항보고서(자기주식취득신탁계약체결결정),20220224004231,보령,20220224,정
KOSPI,00860332,메리츠금융지주,138040,의결권대리행사권유참고서류,20220224004233,메리츠금융지주,20220224,
KOSPI,00133812,세방,004360,주주총회소집공고,20220224004241,세방,20220224,정
KOSPI,01325979,세아제강,306200,[첨부정정]의결권대리행사권유참고서류,20220224004252,세아제강,20220224,
KOSPI,00139764,에넥스,011090,임원ㆍ주요주주특정증권등소유상황보고서,20220224004255,박유재,20220224,
KOSPI,00231363,LG유플러스,032640,주주총회소집공고,20220224004263,LG유플러스,20220224,
KOSPI,00164830,HD한국조선해양,009540,주식등의대량보유상황보고서(약식),20220224004264,케이씨씨,20220224,
KOSPI,00113058,한화생명,088350,특수관계인에대한부동산임대,20220224004265,한화생명,20220224,공정
KOSPI,00123541,보해양조,000890,의결권대리행사권유참고서류,20220224004266,보해양조,20220224,정
KOSPI,00159616,두산에너빌리티,034020,임원ㆍ주요주주특정증권등소유상황보고서,20220224004272,나기용,20220224,
KOSPI,00113058,한화생명,088350,특수관계인에대한부동산임대,20220224004288,한화생명,20220224,공
KOSPI,00631518,SK이노베이션,096770,[기재정정]의결권대리행사권유참고서류,20220224004294,SK이노베이션,20220224,
KOSPI,00135917,한화손해보험,000370,특수관계인과의수익증권거래,20220224004295,한화손해보험,20220224,공
KOSPI,00231363,LG유플러스,032640,의결권대리행사권유참고서류,20220224004302,LG유플러스,20220224,
KOSPI,00139764,에넥스,011090,임원ㆍ주요주주특정증권등소유상황보고서,20220224004305,김주환,20220224,
KOSPI,00109693,DL,000210,주주총회소집공고,20220224004322,DL,20220224,정
KOSPI,00631518,SK이노베이션,096770,[기재정정]주주총회소집공고,20220224004324,SK이노베이션,20220224,
KOSPI,00109693,DL,000210,의결권대리행사권유참고서류,20220224004331,DL,20220224,정
KOSPI,01262032,롯데이노베이트,286940,주주총회소집공고,20220224004333,롯데이노베이트,20220224,
KOSPI,00139764,에넥스,011090,임원ㆍ주요주주특정증권등소유상황보고서,20220224004335,김시철,20220224,
KOSPI,00129989,코스모신소재,005070,[첨부정정]의결권대리행사권유참고서류,20220224004353,코스모신소재,20220224,
KOSPI,01262032,롯데이노베이트,286940,의결권대리행사권유참고서류,20220224004369,롯데이노베이트,20220224,정
KOSPI,00139764,에넥스,011090,임원ㆍ주요주주특정증권등소유상황보고서,20220224004370,남상민,20220224,
KOSPI,00159616,두산에너빌리티,034020,임원ㆍ주요주주특정증권등소유상황보고서,20220224004383,류제욱,20220224,
KOSPI,00120562,롯데지주,004990,[발행조건확정]증권신고서(채무증권),20220224004417,롯데지주,20220224,
KOSPI,00159616,두산에너빌리티,034020,임원ㆍ주요주주특정증권등소유상황보고서,20220224004452,이동수,20220224,
KOSPI,00258801,카카오,035720,주요사항보고서(자기주식처분결정),20220224004460,카카오,20220224,
KOSPI,01316227,효성티앤씨,298020,주주총회소집공고,20220224004468,효성티앤씨,20220224,
KOSPI,01316227,효성티앤씨,298020,의결권대리행사권유참고서류,20220224004499,효성티앤씨,20220224,
KOSPI,00164779,SK하이닉스,000660,주주총회소집결의,20220224800001,SK하이닉스,20220224,유
KOSPI,00164779,SK하이닉스,000660,주주총회집중일개최사유신고,20220224800007,SK하이닉스,20220224,유
KOSPI,01596425,SK스퀘어,402340,주요사항보고서(자기주식처분결정)(자회사의 주요경영사항),20220224800009,SK스퀘어,20220224,유
KOSPI,00161426,한미사이언스,008930,최대주주등소유주식변동신고서,20220224800067,한미사이언스,20220224,유
KOSPI,00195229,미스토홀딩스,081660,장래사업ㆍ경영계획(공정공시),20220224800082,미스토홀딩스,20220224,유
KOSPI,00195229,미스토홀딩스,081660,수시공시의무관련사항(공정공시),20220224800083,미스토홀딩스,20220224,유
KOSPI,00339391,한화시스템,272210,단일판매ㆍ공급계약체결,20220224800109,한화시스템,20220224,유정
KOSPI,00127857,삼익악기,002450,매출액또는손익구조30%(대규모법인은15%)이상변경,20220224800123,삼익악기,20220224,유
KOSPI,00127857,삼익악기,002450,주주총회소집결의,20220224800138,삼익악기,20220224,유
KOSPI,00136864,신원,009270,매출액또는손익구조30%(대규모법인은15%)이상변경,20220224800157,신원,20220224,유
KOSPI,00136864,신원,009270,현금ㆍ현물배당결정,20220224800175,신원,20220224,유
KOSPI,00136864,신원,009270,주주총회소집결의,20220224800178,신원,20220224,유
KOSPI,00136864,신원,009270,주주총회집중일개최사유신고,20220224800197,신원,20220224,유
KOSPI,00130684,서울도시가스,017390,최대주주등소유주식변동신고서,20220224800201,서울도시가스,20220224,유
KOSPI,00128032,삼일제약,000520,주주총회소집결의,20220224800220,삼일제약,20220224,유
KOSPI,00128032,삼일제약,000520,현금ㆍ현물배당결정,20220224800224,삼일제약,20220224,유
KOSPI,00104722,국제약품,002720,주주총회소집결의,20220224800227,국제약품,20220224,유
KOSPI,00123107,보락,002760,매출액또는손익구조30%(대규모법인은15%)이상변경,20220224800233,보락,20220224,유
KOSPI,00123107,보락,002760,주주총회소집결의,20220224800234,보락,20220224,유
KOSPI,00123107,보락,002760,현금ㆍ현물배당결정(현금.현물 배당 결정),20220224800238,보락,20220224,유
KOSPI,00121288,모나미,005360,주주총회소집결의,20220224800245,모나미,20220224,유
KOSPI,00121288,모나미,005360,현금ㆍ현물배당결정,20220224800250,모나미,20220224,유
KOSPI,00106881,인디에프,014990,주주총회소집결의,20220224800253,인디에프,20220224,유
KOSPI,00111999,대원제약,003220,주주총회소집결의,20220224800260,대원제약,20220224,유
KOSPI,00111999,대원제약,003220,현금ㆍ현물배당결정,20220224800265,대원제약,20220224,유
KOSPI,00111999,대원제약,003220,주주총회집중일개최사유신고,20220224800266,대원제약,20220224,유
KOSPI,00104722,국제약품,002720,주주총회집중일개최사유신고,20220224800271,국제약품,20220224,유
KOSPI,00367844,자이에스앤디,317400,주주총회소집결의,20220224800290,자이에스앤디,20220224,유
KOSPI,00367844,자이에스앤디,317400,주주총회집중일개최사유신고,20220224800296,자이에스앤디,20220224,유
KOSPI,00123541,보해양조,000890,주주총회소집결의,20220224800301,보해양조,20220224,유
KOSPI,00126362,삼성SDI,006400,감사보고서제출,20220224800316,삼성SDI,20220224,유
KOSPI,00226316,호전실업,111110,결산실적공시예고(안내공시),20220224800318,호전실업,20220224,유
KOSPI,00132211,SUN&L,002820,현금ㆍ현물배당결정,20220224800341,SUN&L,20220224,유
KOSPI,00108977,대구백화점,006370,매출액또는손익구조30%(대규모법인은15%)이상변경,20220224800347,대구백화점,20220224,유
KOSPI,00160375,진양폴리우레탄,010640,주주총회소집결의,20220224800349,진양폴리우레탄,20220224,유
KOSPI,00108977,대구백화점,006370,현금ㆍ현물배당결정,20220224800352,대구백화점,20220224,유
KOSPI,00108977,대구백화점,006370,주주총회소집결의,20220224800354,대구백화점,20220224,유
KOSPI,00108977,대구백화점,006370,주주총회집중일개최사유신고,20220224800358,대구백화점,20220224,유
KOSPI,00160418,한국무브넥스,010100,주주총회소집결의,20220224800359,한국무브넥스,20220224,유
KOSPI,00160418,한국무브넥스,010100,매출액또는손익구조30%(대규모법인은15%)이상변경,20220224800362,한국무브넥스,20220224,유
KOSPI,00160418,한국무브넥스,010100,현금ㆍ현물배당결정,20220224800364,한국무브넥스,20220224,유
KOSPI,00125150,SGC에너지,005090,현금ㆍ현물배당결정,20220224800382,SGC에너지,20220224,유
KOSPI,00125150,SGC에너지,005090,주주총회소집결의,20220224800389,SGC에너지,20220224,유
KOSPI,01205709,HD현대,267250,주주총회소집결의,20220224800402,HD현대,20220224,유
KOSPI,01437292,미래에셋맵스리츠,357250,정기주주총회결과,20220224800405,미래에셋맵스리츠,20220224,유
KOSPI,01437292,미래에셋맵스리츠,357250,대표이사(대표집행임원)변경(안내공시),20220224800411,미래에셋맵스리츠,20220224,유
KOSPI,00414601,유니퀘스트,077500,매출액또는손익구조30%(대규모법인은15%)이상변경,20220224800425,유니퀘스트,20220224,유
KOSPI,00159573,한국주철관공업,000970,매출액또는손익구조30%(대규모법인은15%)이상변경,20220224800427,한국주철관공업,20220224,유
KOSPI,00163673,한진중공업홀딩스,003480,주주총회소집결의,20220224800430,한진중공업홀딩스,20220224,유정
KOSPI,00159193,한국전력공사,015760,연결재무제표기준영업(잠정)실적(공정공시),20220224800442,한국전력공사,20220224,유정
KOSPI,00218575,황금에스티,032560,[기재정정]감사보고서제출,20220224800452,황금에스티,20220224,유
KOSPI,00129989,코스모신소재,005070,최대주주등소유주식변동신고서,20220224800459,코스모신소재,20220224,유
KOSPI,00117337,동양,001520,단일판매ㆍ공급계약체결,20220224800460,동양,20220224,유정
KOSPI,00413523,한미글로벌,053690,타인에대한채무보증결정,20220224800466,한미글로벌,20220224,유
KOSPI,00138279,S-Oil,010950,최대주주등소유주식변동신고서,20220224800471,S-Oil,20220224,유
KOSPI,00161046,한독,002390,공정거래자율준수프로그램운영현황(안내공시),20220224800476,한독,20220224,유
KOSPI,01205709,HD현대,267250,[기재정정]현금ㆍ현물배당결정,20220224800479,HD현대,20220224,유
KOSPI,00106669,세아베스틸지주,001430,주주총회집중일개최사유신고,20220224800481,세아베스틸지주,20220224,유
KOSPI,00413523,한미글로벌,053690,주주총회소집결의,20220224800483,한미글로벌,20220224,유
KOSPI,00688996,KB금융,105560,주주총회소집결의,20220224800487,KB금융,20220224,유
KOSPI,00159573,한국주철관공업,000970,현금ㆍ현물배당결정,20220224800497,한국주철관공업,20220224,유
KOSPI,01262032,롯데이노베이트,286940,주주총회소집결의,20220224800501,롯데이노베이트,20220224,유
KOSPI,00413523,한미글로벌,053690,현금ㆍ현물배당결정,20220224800507,한미글로벌,20220224,유
KOSPI,00157681,롯데정밀화학,004000,주주총회소집결의,20220224800508,롯데정밀화학,20220224,유
KOSPI,00145598,이연제약,102460,주주총회소집결의,20220224800511,이연제약,20220224,유
KOSPI,00119195,동화약품,000020,공정거래자율준수프로그램운영현황(안내공시),20220224800519,동화약품,20220224,유
KOSPI,00137997,현대차증권,001500,기업지배구조보고서공시,20220224800534,현대차증권,20220224,유
KOSPI,00119195,동화약품,000020,현금ㆍ현물배당결정,20220224800537,동화약품,20220224,유
KOSPI,00191588,삼원강재,023000,[기재정정]주주총회소집결의,20220224800542,삼원강재,20220224,유
KOSPI,00163673,한진중공업홀딩스,003480,매출액또는손익구조30%(대규모법인은15%)이상변경,20220224800544,한진중공업홀딩스,20220224,유
KOSPI,00116824,동아쏘시오홀딩스,000640,매출액또는손익구조30%(대규모법인은15%)이상변동(자회사의 주요경영사항),20220224800546,동아쏘시오홀딩스,20220224,유
KOSPI,00163673,한진중공업홀딩스,003480,현금ㆍ현물배당결정,20220224800549,한진중공업홀딩스,20220224,유
KOSPI,00159218,한전KPS,051600,[기재정정]단일판매ㆍ공급계약체결,20220224800567,한전KPS,20220224,유정
KOSPI,00983271,NHN,181710,기업설명회(IR)개최(안내공시),20220224800574,NHN,20220224,유
KOSPI,00128980,삼호개발,010960,단일판매ㆍ공급계약체결,20220224800589,삼호개발,20220224,유정
KOSPI,00157681,롯데정밀화학,004000,기타경영사항(자율공시),20220224800599,롯데정밀화학,20220224,유
KOSPI,00683469,일진전기,103590,매출액또는손익구조30%(대규모법인은15%)이상변경,20220224800607,일진전기,20220224,유
KOSPI,00116824,동아쏘시오홀딩스,000640,현금ㆍ현물배당결정(자회사의 주요경영사항),20220224800613,동아쏘시오홀딩스,20220224,유정
KOSPI,00159573,한국주철관공업,000970,주주총회소집결의,20220224800634,한국주철관공업,20220224,유
KOSPI,01262032,롯데이노베이트,286940,기타경영사항(자율공시),20220224800638,롯데이노베이트,20220224,유
KOSPI,00159193,한국전력공사,015760,매출액또는손익구조30%(대규모법인은15%)이상변경,20220224800644,한국전력공사,20220224,유정
KOSPI,00120872,만호제강,001080,최대주주등소유주식변동신고서,20220224800647,만호제강,20220224,유
KOSPI,00120182,NH투자증권,005940,기업지배구조보고서공시,20220224800652,NH투자증권,20220224,유정
KOSPI,00146649,일진홀딩스,015860,매출액또는손익구조30%(대규모법인은15%)이상변경(자회사의 주요경영사항),20220224800653,일진홀딩스,20220224,유
KOSPI,00148522,퍼스텍,010820,주주총회소집결의,20220224800659,퍼스텍,20220224,유
KOSPI,00152385,에이프로젠,007460,전환가액ㆍ신주인수권행사가액ㆍ교환가액의조정(안내공시),20220224800661,에이프로젠,20220224,유
KOSPI,00152880,코오롱글로벌,003070,매출액또는손익구조30%(대규모법인은15%)이상변경,20220224800662,코오롱글로벌,20220224,유
KOSPI,00152385,에이프로젠,007460,전환가액ㆍ신주인수권행사가액ㆍ교환가액의조정(안내공시),20220224800663,에이프로젠,20220224,유
KOSPI,00105606,금호에이치티,214330,주주총회소집결의,20220224800666,금호에이치티,20220224,유정
KOSPI,00426086,티케이지휴켐스,069260,주주총회소집결의,20220224800676,티케이지휴켐스,20220224,유
KOSPI,00139764,에넥스,011090,최대주주등소유주식변동신고서,20220224800683,에넥스,20220224,유
KOSPI,00113225,대한제강,084010,주주총회소집결의,20220224800687,대한제강,20220224,유
KOSPI,00633835,HJ중공업,097230,주주총회소집결의,20220224800689,HJ중공업,20220224,유정
KOSPI,00119195,동화약품,000020,주주총회소집결의,20220224800691,동화약품,20220224,유
KOSPI,00130772,SBS,034120,주주총회소집결의,20220224800693,SBS,20220224,유정
KOSPI,00159193,한국전력공사,015760,주주총회소집결의,20220224800701,한국전력공사,20220224,유
KOSPI,00414601,유니퀘스트,077500,주주총회소집결의,20220224800703,유니퀘스트,20220224,유
KOSPI,00633835,HJ중공업,097230,[기재정정]매출액또는손익구조30%(대규모법인은15%)이상변경,20220224800704,HJ중공업,20220224,유
KOSPI,00129271,삼화전기,009470,[기재정정]주주총회소집결의,20220224800710,삼화전기,20220224,유
KOSPI,00159023,SK텔레콤,017670,주주총회소집결의,20220224800711,SK텔레콤,20220224,유
KOSPI,00130772,SBS,034120,현금ㆍ현물배당결정,20220224800713,SBS,20220224,유
KOSPI,01497869,티와이홀딩스,363280,현금ㆍ현물배당결정(자회사의 주요경영사항),20220224800714,티와이홀딩스,20220224,유
KOSPI,00130772,SBS,034120,주주총회집중일개최사유신고,20220224800719,SBS,20220224,유
KOSPI,00146214,일성아이에스,003120,최대주주등소유주식변동신고서,20220224800720,일성아이에스,20220224,유
KOSPI,00428251,현대백화점,069960,주주총회소집결의,20220224800721,현대백화점,20220224,유
KOSPI,00158501,에스원,012750,주주총회소집결의,20220224800736,에스원,20220224,유
KOSPI,00181712,SK,034730,주요사항보고서(자기주식처분결정)(자회사의 주요경영사항),20220224800738,SK,20220224,유
KOSPI,00360595,현대글로비스,086280,기업설명회(IR)개최(안내공시),20220224800740,현대글로비스,20220224,유
KOSPI,00159023,SK텔레콤,017670,주주총회집중일개최사유신고,20220224800756,SK텔레콤,20220224,유
KOSPI,00152862,코오롱,002020,매출액또는손익구조30%(대규모법인은15%)이상변경(자회사의 주요경영사항),20220224800760,코오롱,20220224,유
KOSPI,00164706,현대약품,004310,정기주주총회결과,20220224800768,현대약품,20220224,유
KOSPI,00587466,KPX홀딩스,092230,주주총회소집결의,20220224800772,KPX홀딩스,20220224,유
KOSPI,00191472,KPX케미칼,025000,주주총회소집결의,20220224800776,KPX케미칼,20220224,유
KOSPI,00269241,주연테크,044380,매출액또는손익구조30%(대규모법인은15%)이상변경,20220224800777,주연테크,20220224,유
KOSPI,00152880,코오롱글로벌,003070,현금ㆍ현물배당결정,20220224800786,코오롱글로벌,20220224,유
KOSPI,00152862,코오롱,002020,현금ㆍ현물배당결정(자회사의 주요경영사항),20220224800787,코오롱,20220224,유
KOSPI,00113225,대한제강,084010,현금ㆍ현물배당결정,20220224800791,대한제강,20220224,유
KOSPI,01316227,효성티앤씨,298020,최대주주등소유주식변동신고서,20220224800793,효성티앤씨,20220224,유
KOSPI,00146649,일진홀딩스,015860,매출액또는손익구조30%(대규모법인은15%)이상변경,20220224800804,일진홀딩스,20220224,유
KOSPI,00160047,한국앤컴퍼니,000240,주주총회소집결의,20220224800809,한국앤컴퍼니,20220224,유
KOSPI,00113058,한화생명,088350,주주총회소집결의,20220224800810,한화생명,20220224,유
KOSPI,00118275,디아이,003160,매출액또는손익구조30%(대규모법인은15%)이상변경,20220224800812,디아이,20220224,유
KOSPI,00119195,동화약품,000020,주주총회집중일개최사유신고,20220224800833,동화약품,20220224,유
KOSPI,00162993,한일홀딩스,003300,타법인주식및출자증권처분결정,20220224800836,한일홀딩스,20220224,유
KOSPI,01234297,미원에스씨,268280,[기재정정]매출액또는손익구조30%(대규모법인은15%)이상변경,20220224800844,미원에스씨,20220224,유
KOSPI,01234297,미원에스씨,268280,현금ㆍ현물배당결정,20220224800855,미원에스씨,20220224,유
KOSPI,00706715,미원홀딩스,107590,현금ㆍ현물배당결정(자회사의 주요경영사항),20220224800856,미원홀딩스,20220224,유
KOSPI,00661847,화인베스틸,133820,최대주주등소유주식변동신고서,20220224800865,화인베스틸,20220224,유
KOSPI,00160047,한국앤컴퍼니,000240,현금ㆍ현물배당결정,20220224800868,한국앤컴퍼니,20220224,유
KOSPI,00426086,티케이지휴켐스,069260,주주총회집중일개최사유신고,20220224800872,티케이지휴켐스,20220224,유
KOSPI,00459871,농심홀딩스,072710,주주총회소집결의,20220224800874,농심홀딩스,20220224,유
KOSPI,00854997,에스디바이오센서,137310,기업설명회(IR)개최(안내공시),20220224800876,에스디바이오센서,20220224,유
KOSPI,00111722,미래에셋증권,006800,주주총회소집결의,20220224800879,미래에셋증권,20220224,유
KOSPI,01234297,미원에스씨,268280,주주총회소집결의,20220224800885,미원에스씨,20220224,유
KOSPI,00159971,KC그린홀딩스,009440,주주총회소집결의,20220224800898,KC그린홀딩스,20220224,유정
KOSPI,00142661,우성,006980,매출액또는손익구조30%(대규모법인은15%)이상변경,20220224800901,우성,20220224,유
KOSPI,00159971,KC그린홀딩스,009440,현금ㆍ현물배당결정,20220224800902,KC그린홀딩스,20220224,유정
KOSPI,00147222,전방,000950,주주총회소집결의,20220224800911,전방,20220224,유
KOSPI,00147222,전방,000950,매출액또는손익구조30%(대규모법인은15%)이상변경,20220224800919,전방,20220224,유
KOSPI,00159971,KC그린홀딩스,009440,매출액또는손익구조30%(대규모법인은15%)이상변경,20220224800925,KC그린홀딩스,20220224,유정
KOSPI,00152880,코오롱글로벌,003070,주주총회소집결의,20220224800928,코오롱글로벌,20220224,유정
KOSPI,00706715,미원홀딩스,107590,[기재정정]매출액또는손익구조30%(대규모법인은15%)이상변경(자회사의 주요경영사항),20220224800931,미원홀딩스,20220224,유
KOSPI,01316245,효성중공업,298040,주주총회소집결의,20220224800936,효성중공업,20220224,유
KOSPI,00147222,전방,000950,주주총회집중일개최사유신고,20220224800937,전방,20220224,유
KOSPI,01261893,케이씨텍,281820,최대주주등소유주식변동신고서,20220224800938,케이씨텍,20220224,유
KOSPI,00155355,풀무원,017810,주주총회소집결의,20220224800941,풀무원,20220224,유
KOSPI,00231372,롯데관광개발,032350,주주총회소집결의,20220224800945,롯데관광개발,20220224,유
KOSPI,00118275,디아이,003160,현금ㆍ현물배당결정,20220224800948,디아이,20220224,유
KOSPI,00126201,삼성공조,006660,매출액또는손익구조30%(대규모법인은15%)이상변경,20220224800952,삼성공조,20220224,유
KOSPI,01263022,BGF리테일,282330,기업설명회(IR)개최(안내공시),20220224800953,BGF리테일,20220224,유
KOSPI,00219097,BGF,027410,기업설명회(IR)개최(안내공시),20220224800955,BGF,20220224,유
KOSPI,00133812,세방,004360,주주총회소집결의,20220224800966,세방,20220224,유정
KOSPI,00122472,PKC,001340,현금ㆍ현물배당결정,20220224800967,PKC,20220224,유
KOSPI,00122472,PKC,001340,주주총회소집결의,20220224800973,PKC,20220224,유
KOSPI,00133812,세방,004360,현금ㆍ현물배당결정,20220224800974,세방,20220224,유
KOSPI,00111722,미래에셋증권,006800,[기재정정]매출액또는손익구조30%(대규모법인은15%)이상변경,20220224800978,미래에셋증권,20220224,유
KOSPI,01316254,HS효성첨단소재,298050,주주총회소집결의,20220224800988,HS효성첨단소재,20220224,유
KOSPI,00153126,크라운해태홀딩스,005740,현금ㆍ현물배당결정,20220224800989,크라운해태홀딩스,20220224,유정
KOSPI,00153126,크라운해태홀딩스,005740,주주총회소집결의,20220224800997,크라운해태홀딩스,20220224,유정
KOSPI,00155355,풀무원,017810,주주총회집중일개최사유신고,20220224801001,풀무원,20220224,유
KOSPI,00155355,풀무원,017810,현금ㆍ현물배당결정,20220224801007,풀무원,20220224,유
KOSPI,00153126,크라운해태홀딩스,005740,매출액또는손익구조30%(대규모법인은15%)이상변경,20220224801008,크라운해태홀딩스,20220224,유
KOSPI,00133812,세방,004360,주주총회집중일개최사유신고,20220224801015,세방,20220224,유
KOSPI,01316254,HS효성첨단소재,298050,현금ㆍ현물배당결정,20220224801016,HS효성첨단소재,20220224,유
KOSPI,00937324,한국타이어앤테크놀로지,161390,주주총회소집결의,20220224801019,한국타이어앤테크놀로지,20220224,유
KOSPI,00134723,페이퍼코리아,001020,매출액또는손익구조30%(대규모법인은15%)이상변경,20220224801021,페이퍼코리아,20220224,유
KOSPI,00141149,영진약품,003520,주주총회소집결의,20220224801023,영진약품,20220224,유
KOSPI,00860332,메리츠금융지주,138040,주주총회소집결의,20220224801035,메리츠금융지주,20220224,유
KOSPI,00113058,한화생명,088350,기타경영사항(자율공시),20220224801045,한화생명,20220224,유
KOSPI,00109693,DL,000210,주주총회소집결의,20220224801046,DL,20220224,유
KOSPI,00218575,황금에스티,032560,[기재정정]감사보고서제출,20220224801048,황금에스티,20220224,유
KOSPI,00110893,대신증권,003540,기업지배구조보고서공시,20220224801051,대신증권,20220224,유
KOSPI,00126201,삼성공조,006660,현금ㆍ현물배당결정,20220224801055,삼성공조,20220224,유
KOSPI,00937324,한국타이어앤테크놀로지,161390,현금ㆍ현물배당결정,20220224801060,한국타이어앤테크놀로지,20220224,유
KOSPI,00160047,한국앤컴퍼니,000240,현금ㆍ현물배당결정(자회사의 주요경영사항),20220224801062,한국앤컴퍼니,20220224,유
KOSPI,00105271,케이씨씨,002380,타법인주식및출자증권처분결정,20220224801064,케이씨씨,20220224,유
KOSPI,00142661,우성,006980,주주총회소집결의,20220224801076,우성,20220224,유
KOSPI,00855093,선진,136490,[기재정정]주주총회소집결의,20220224801077,선진,20220224,유
KOSPI,01350869,우리금융지주,316140,기업설명회(IR)개최(안내공시),20220224801082,우리금융지주,20220224,유
KOSPI,00139454,애경산업,018250,현금ㆍ현물배당결정,20220224801085,애경산업,20220224,유
KOSPI,00231363,LG유플러스,032640,주주총회소집결의,20220224801096,LG유플러스,20220224,유
KOSPI,00759513,LX하우시스,108670,주주총회소집결의,20220224801102,LX하우시스,20220224,유
KOSPI,00356370,LG생활건강,051900,주주총회소집결의,20220224801105,LG생활건강,20220224,유
KOSPI,00139454,애경산업,018250,주주총회소집결의,20220224801110,애경산업,20220224,유
KOSPI,00125080,AK홀딩스,006840,현금ㆍ현물배당결정(자회사의 주요경영사항),20220224801111,AK홀딩스,20220224,유
KOSPI,00135917,한화손해보험,000370,주주총회소집결의,20220224801125,한화손해보험,20220224,유
KOSPI,00109189,대덕,008060,매출액또는손익구조30%(대규모법인은15%)이상변동(자회사의 주요경영사항),20220224801133,대덕,20220224,유
KOSPI,00135917,한화손해보험,000370,기타경영사항(자율공시),20220224801139,한화손해보험,20220224,유
KOSPI,00356370,LG생활건강,051900,감사보고서제출,20220224801141,LG생활건강,20220224,유
KOSPI,00106313,금호건설,002990,[기재정정]단일판매ㆍ공급계약체결,20220224801147,금호건설,20220224,유정
KOSPI,00142661,우성,006980,현금ㆍ현물배당결정,20220224801157,우성,20220224,유
KOSPI,00109693,DL,000210,현금ㆍ현물배당결정,20220224801164,DL,20220224,유
KOSPI,00453488,다이나믹디자인,145210,매매거래정지및정지해제(중요내용공시),20220224801167,유가증권시장본부,20220224,유
KOSPI,00109693,DL,000210,주주총회집중일개최사유신고,20220224801168,DL,20220224,유
KOSPI,00161693,한샘,009240,주주총회소집결의,20220224801177,한샘,20220224,유
KOSPI,00109693,DL,000210,[기재정정]매출액또는손익구조30%(대규모법인은15%)이상변경,20220224801179,DL,20220224,유
KOSPI,00107066,남광토건,001260,[기재정정]단일판매ㆍ공급계약체결,20220224801181,남광토건,20220224,유정
KOSPI,00139889,SKC,011790,[기재정정]유상증자결정(종속회사의주요경영사항),20220224801183,SKC,20220224,유정
KOSPI,00453488,다이나믹디자인,145210,주주총회소집결의,20220224801187,다이나믹디자인,20220224,유정
KOSPI,01394377,이지스밸류플러스리츠,334890,[기재정정]부동산투자회사자금차입,20220224801191,이지스밸류플러스리츠,20220224,유
KOSPI,00161693,한샘,009240,현금ㆍ현물배당결정,20220224801196,한샘,20220224,유
KOSPI,00113058,한화생명,088350,[기재정정]매출액또는손익구조30%(대규모법인은15%)이상변경,20220224801201,한화생명,20220224,유
KOSPI,00258801,카카오,035720,주주총회소집결의,20220224801214,카카오,20220224,유정
KOSPI,00878915,iM금융지주,139130,[기재정정]상각형조건부자본증권발행결정(자회사의 주요경영사항),20220224801222,iM금융지주,20220224,유정
KOSPI,00258801,카카오,035720,기업설명회(IR)개최(안내공시),20220224801223,카카오,20220224,유
KOSPI,00753643,주성코퍼레이션,109070,기타경영사항(자율공시),20220224801228,주성코퍼레이션,20220224,유
KOSPI,01204056,하이브,352820,[기재정정]영업양수결정(종속회사의주요경영사항),20220224801232,하이브,20220224,유
KOSPI,00157681,롯데정밀화학,004000,[기재정정]매출액또는손익구조30%(대규모법인은15%)이상변경,20220224801251,롯데정밀화학,20220224,유
KOSPI,00135917,한화손해보험,000370,[기재정정]매출액또는손익구조30%(대규모법인은15%)이상변경,20220224801252,한화손해보험,20220224,유
KOSPI,00157681,롯데정밀화학,004000,[기재정정]연결재무제표기준영업(잠정)실적(공정공시),20220224801253,롯데정밀화학,20220224,유
KOSPI,01596425,SK스퀘어,402340,기타경영사항(자율공시),20220224801278,SK스퀘어,20220224,유
KOSPI,01596425,SK스퀘어,402340,주주총회소집결의,20220224801280,SK스퀘어,20220224,유
KOSPI,00168331,온타이드,005320,매출액또는손익구조30%(대규모법인은15%)이상변경,20220224801283,온타이드,20220224,유정
KOSPI,01316236,효성화학,298000,주주총회소집결의,20220224801285,효성화학,20220224,유
KOSPI,00258801,카카오,035720,주요사항보고서(감자결정),20220224004544,카카오,20220225,
KOSPI,01316236,효성화학,298000,주주총회소집공고,20220224004733,효성화학,20220225,
KOSPI,01180118,코람코더원리츠,417310,효력발생안내( 2022.2.24. 제출 증권신고서(집합투자증권-회사형) ),20220224100060,금융감독원,20220225,
KOSPI,01596425,SK스퀘어,402340,주주총회소집공고,20220225000076,SK스퀘어,20220225,정
KOSPI,01596425,SK스퀘어,402340,의결권대리행사권유참고서류,20220225000079,SK스퀘어,20220225,정
KOSPI,00120562,롯데지주,004990,투자설명서,20220225000117,롯데지주,20220225,
KOSPI,00120182,NH투자증권,005940,증권발행실적보고서,20220225000125,NH투자증권,20220225,
KOSPI,01180118,코람코더원리츠,417310,[기재정정]투자설명서(집합투자증권)(㈜코람코더원위탁관리부동산투자회사),20220225000136,코람코더원리츠,20220225,
KOSPI,00160047,한국앤컴퍼니,000240,대규모기업집단현황공시[분기별공시(대표회사용)],20220225000145,한국앤컴퍼니,20220225,공
KOSPI,00139764,에넥스,011090,주식등의대량보유상황보고서(일반),20220225000165,박진규,20220225,
KOSPI,01093007,LS에코에너지,229640,대규모기업집단현황공시[분기별공시(개별회사용)],20220225000230,LS에코에너지,20220225,공
KOSPI,00937324,한국타이어앤테크놀로지,161390,대규모기업집단현황공시[분기별공시(개별회사용)],20220225000313,한국타이어앤테크놀로지,20220225,공
KOSPI,00132637,동원시스템즈,014820,대규모기업집단현황공시[분기별공시(개별회사용)],20220225000375,동원시스템즈,20220225,공
KOSPI,00299002,HL홀딩스,060980,대규모기업집단현황공시[분기별공시(대표회사용)],20220225000376,HL홀딩스,20220225,공
KOSPI,00124504,포스코인터내셔널,047050,대규모기업집단현황공시[분기별공시(개별회사용)],20220225000408,포스코인터내셔널,20220225,공
KOSPI,00151368,인터지스,129260,대규모기업집단현황공시[분기별공시(개별회사용)],20220225000426,인터지스,20220225,공
KOSPI,00102140,케이아이이,009140,임원ㆍ주요주주특정증권등소유상황보고서,20220225000453,김성은,20220225,
KOSPI,00139454,애경산업,018250,대규모기업집단현황공시[분기별공시(개별회사용)],20220225000467,애경산업,20220225,공
KOSPI,00104856,삼성증권,016360,일괄신고추가서류(파생결합증권-주가연계증권),20220225000474,삼성증권,20220225,
KOSPI,00111999,대원제약,003220,임원ㆍ주요주주특정증권등소유상황보고서,20220225000479,이소라,20220225,
KOSPI,00164742,현대자동차,005380,대규모기업집단현황공시[분기별공시(대표회사용)],20220225000501,현대자동차,20220225,공정
KOSPI,00104856,삼성증권,016360,일괄신고추가서류(파생결합사채-주가연계파생결합사채),20220225000515,삼성증권,20220225,
KOSPI,01205842,HD건설기계,267270,[기재정정]임원ㆍ주요주주특정증권등소유상황보고서,20220225000675,문재영,20220225,
KOSPI,00104856,삼성증권,016360,투자설명서(일괄신고),20220225000773,삼성증권,20220225,
KOSPI,00106623,현대위아,011210,대규모기업집단현황공시[분기별공시(개별회사용)],20220225000776,현대위아,20220225,공
KOSPI,00302926,현대로템,064350,대규모기업집단현황공시[분기별공시(개별회사용)],20220225000817,현대로템,20220225,공
KOSPI,00138792,아시아나항공,020560,대규모기업집단현황공시[분기별공시(개별회사용)],20220225000818,아시아나항공,20220225,공
KOSPI,00137997,현대차증권,001500,대규모기업집단현황공시[분기별공시(개별회사용)],20220225000820,현대차증권,20220225,공
KOSPI,00120182,NH투자증권,005940,증권발행실적보고서,20220225000851,NH투자증권,20220225,
KOSPI,00115977,아이에스동서,010780,대규모기업집단현황공시[분기별공시(개별회사용)],20220225000870,아이에스동서,20220225,공
KOSPI,00111722,미래에셋증권,006800,일괄신고추가서류(파생결합증권-주가연계증권),20220225000960,미래에셋증권,20220225,
KOSPI,00104856,삼성증권,016360,투자설명서(일괄신고),20220225000977,삼성증권,20220225,
KOSPI,00218575,황금에스티,032560,[첨부정정]사업보고서 (2020.12),20220225000997,황금에스티,20220225,연
KOSPI,00117601,유안타증권,003470,증권발행실적보고서,20220225001004,유안타증권,20220225,
KOSPI,00164779,SK하이닉스,000660,[첨부정정]의결권대리행사권유참고서류,20220225001023,SK하이닉스,20220225,
KOSPI,00198697,일진디스플,020760,[기재정정]주요사항보고서(유상증자결정),20220225001071,일진디스플,20220225,
KOSPI,00164478,현대건설,000720,대규모기업집단현황공시[분기별공시(개별회사용)],20220225001180,현대건설,20220225,공
KOSPI,00198697,일진디스플,020760,[발행조건확정]증권신고서(지분증권),20220225001250,일진디스플,20220225,
KOSPI,00155276,포스코퓨처엠,003670,특수관계인에대한출자,20220225001270,포스코퓨처엠,20220225,공
KOSPI,00500254,GS,078930,대규모기업집단현황공시[분기별공시(대표회사용)],20220225001271,GS,20220225,공
KOSPI,00104856,삼성증권,016360,일괄신고추가서류(파생결합증권-상장지수증권),20220225001282,삼성증권,20220225,
KOSPI,00155276,포스코퓨처엠,003670,대규모기업집단현황공시[분기별공시(개별회사용)],20220225001288,포스코퓨처엠,20220225,공
KOSPI,00148610,한화투자증권,003530,증권발행실적보고서,20220225001289,한화투자증권,20220225,
KOSPI,00120562,롯데지주,004990,대규모기업집단현황공시[분기별공시(대표회사용)],20220225001298,롯데지주,20220225,공
KOSPI,00198697,일진디스플,020760,[기재정정]투자설명서,20220225001323,일진디스플,20220225,
KOSPI,00651901,에어부산,298690,대규모기업집단현황공시[분기별공시(개별회사용)],20220225001426,에어부산,20220225,공
KOSPI,00104768,가온전선,000500,대규모기업집단현황공시[분기별공시(개별회사용)],20220225001481,가온전선,20220225,공
KOSPI,00118026,동원산업,006040,대규모기업집단현황공시[분기별공시(개별회사용)],20220225001507,동원산업,20220225,공
KOSPI,00165583,E1,017940,대규모기업집단현황공시[분기별공시(개별회사용)],20220225001510,E1,20220225,공
KOSPI,00155276,포스코퓨처엠,003670,주주총회소집공고,20220225001539,포스코퓨처엠,20220225,정
KOSPI,01386916,SK아이이테크놀로지,361610,주주총회소집공고,20220225001543,SK아이이테크놀로지,20220225,
KOSPI,00155276,포스코퓨처엠,003670,의결권대리행사권유참고서류,20220225001591,포스코퓨처엠,20220225,정
KOSPI,01386916,SK아이이테크놀로지,361610,의결권대리행사권유참고서류,20220225001659,SK아이이테크놀로지,20220225,정
KOSPI,01258507,롯데웰푸드,280360,대규모기업집단현황공시[분기별공시(개별회사용)],20220225001696,롯데웰푸드,20220225,공
KOSPI,00503668,LIG디펜스앤에어로스페이스,079550,주주총회소집공고,20220225001868,LIG디펜스앤에어로스페이스,20220225,
KOSPI,00113359,교보증권,030610,증권발행실적보고서,20220225001899,교보증권,20220225,
KOSPI,00126308,삼성E&A,028050,임원ㆍ주요주주특정증권등소유상황보고서,20220225001901,이상윤,20220225,
KOSPI,00113359,교보증권,030610,증권발행실적보고서,20220225001910,교보증권,20220225,
KOSPI,00104856,삼성증권,016360,투자설명서(일괄신고),20220225001924,삼성증권,20220225,
KOSPI,00113359,교보증권,030610,증권발행실적보고서,20220225001926,교보증권,20220225,
KOSPI,00104856,삼성증권,016360,증권발행실적보고서,20220225001932,삼성증권,20220225,
KOSPI,00113359,교보증권,030610,증권발행실적보고서,20220225001934,교보증권,20220225,
KOSPI,00101220,KG케미칼,001390,주주총회소집공고,20220225001939,KG케미칼,20220225,
KOSPI,00503668,LIG디펜스앤에어로스페이스,079550,의결권대리행사권유참고서류,20220225001963,LIG디펜스앤에어로스페이스,20220225,
KOSPI,00113359,교보증권,030610,증권발행실적보고서,20220225001979,교보증권,20220225,
KOSPI,00872984,이마트,139480,주요사항보고서(자기주식취득결정),20220225002066,이마트,20220225,
KOSPI,00164830,HD한국조선해양,009540,대규모기업집단현황공시[분기별공시(대표회사용)],20220225002126,HD한국조선해양,20220225,공
KOSPI,00126292,삼성카드,029780,증권발행실적보고서,20220225002152,삼성카드,20220225,
KOSPI,01262032,롯데이노베이트,286940,대규모기업집단현황공시[분기별공시(개별회사용)],20220225002201,롯데이노베이트,20220225,공
KOSPI,01316236,효성화학,298000,의결권대리행사권유참고서류,20220225002232,효성화학,20220225,
KOSPI,00155212,포스코DX,022100,대규모기업집단현황공시[분기별공시(개별회사용)],20220225002247,포스코DX,20220225,공
KOSPI,00106641,기아,000270,대규모기업집단현황공시[분기별공시(개별회사용)],20220225002251,기아,20220225,공
KOSPI,00113526,대한항공,003490,대규모기업집단현황공시[분기별공시(대표회사용)],20220225002280,대한항공,20220225,공
KOSPI,00872984,이마트,139480,주주총회소집공고,20220225002289,이마트,20220225,
KOSPI,00872984,이마트,139480,의결권대리행사권유참고서류,20220225002348,이마트,20220225,
KOSPI,00545716,롯데렌탈,089860,대규모기업집단현황공시[분기별공시(개별회사용)],20220225002356,롯데렌탈,20220225,공
KOSPI,00360595,현대글로비스,086280,대규모기업집단현황공시[분기별공시(개별회사용)],20220225002368,현대글로비스,20220225,공
KOSPI,00155258,포스코스틸리온,058430,대규모기업집단현황공시[분기별공시(개별회사용)],20220225002384,포스코스틸리온,20220225,공
KOSPI,01205709,HD현대,267250,대규모기업집단현황공시[분기별공시(개별회사용)],20220225002391,HD현대,20220225,공
KOSPI,00145880,현대제철,004020,대규모기업집단현황공시[분기별공시(개별회사용)],20220225002411,현대제철,20220225,공
KOSPI,00296290,키움증권,039490,증권발행실적보고서,20220225002491,키움증권,20220225,
KOSPI,00565154,이노션,214320,대규모기업집단현황공시[분기별공시(개별회사용)],20220225002498,이노션,20220225,공
KOSPI,00164779,SK하이닉스,000660,자기주식처분결과보고서,20220225002499,SK하이닉스,20220225,
KOSPI,00106368,금호석유화학,011780,대규모기업집단현황공시[분기별공시(대표회사용)],20220225002506,금호석유화학,20220225,공
KOSPI,00160588,한화,000880,대규모기업집단현황공시[분기별공시(대표회사용)],20220225002535,한화,20220225,공
KOSPI,00653024,진에어,272450,대규모기업집단현황공시[분기별공시(개별회사용)],20220225002563,진에어,20220225,공
KOSPI,00113359,교보증권,030610,증권발행실적보고서,20220225002614,교보증권,20220225,
KOSPI,00148993,하이트진로홀딩스,000140,대규모기업집단현황공시[분기별공시(대표회사용)],20220225002628,하이트진로홀딩스,20220225,공
KOSPI,00109693,DL,000210,대규모기업집단현황공시[분기별공시(대표회사용)],20220225002630,DL,20220225,공
KOSPI,00162461,한화솔루션,009830,대규모기업집단현황공시[분기별공시(개별회사용)],20220225002636,한화솔루션,20220225,공
KOSPI,00165413,롯데케미칼,011170,대규모기업집단현황공시[분기별공시(개별회사용)],20220225002638,롯데케미칼,20220225,공
KOSPI,00653024,진에어,272450,임원ㆍ주요주주특정증권등소유상황보고서,20220225002643,이장훈,20220225,
KOSPI,00149655,삼성물산,028260,임원ㆍ주요주주특정증권등소유상황보고서,20220225002675,김용수,20220225,정
KOSPI,00153861,태영건설,009410,대규모기업집단현황공시[분기별공시(개별회사용)],20220225002709,태영건설,20220225,공
KOSPI,01363818,롯데리츠,330590,대규모기업집단현황공시[분기별공시(개별회사용)],20220225002742,롯데리츠,20220225,공
KOSPI,00415646,드림텍,192650,주요사항보고서(유상증자결정),20220225002755,드림텍,20220225,
KOSPI,00150244,하이트진로,000080,대규모기업집단현황공시[분기별공시(개별회사용)],20220225002774,하이트진로,20220225,공
KOSPI,00117212,두산,000150,대규모기업집단현황공시[분기별공시(대표회사용)],20220225002808,두산,20220225,공
KOSPI,00126566,한화에어로스페이스,012450,대규모기업집단현황공시[분기별공시(개별회사용)],20220225002810,한화에어로스페이스,20220225,공
KOSPI,00111722,미래에셋증권,006800,일괄신고추가서류(파생결합증권-주가연계증권),20220225002846,미래에셋증권,20220225,
KOSPI,00157681,롯데정밀화학,004000,대규모기업집단현황공시[분기별공시(개별회사용)],20220225002893,롯데정밀화학,20220225,공
KOSPI,00362441,현대오토에버,307950,대규모기업집단현황공시[분기별공시(개별회사용)],20220225002895,현대오토에버,20220225,공
KOSPI,01480780,NH올원리츠,400760,주식등의대량보유상황보고서(약식),20220225002907,한화저축은행,20220225,
KOSPI,00181712,SK,034730,대규모기업집단현황공시[분기별공시(대표회사용)],20220225002945,SK,20220225,공
KOSPI,00101220,KG케미칼,001390,의결권대리행사권유참고서류,20220225002947,KG케미칼,20220225,정
KOSPI,00163512,한진,002320,대규모기업집단현황공시[분기별공시(개별회사용)],20220225002959,한진,20220225,공
KOSPI,01199550,HD현대에너지솔루션,322000,대규모기업집단현황공시[분기별공시(개별회사용)],20220225002977,HD현대에너지솔루션,20220225,공
KOSPI,01105153,두산로보틱스,454910,대규모기업집단현황공시[분기별공시(개별회사용)],20220225003018,두산로보틱스,20220225,공
KOSPI,00148610,한화투자증권,003530,대규모기업집단현황공시[분기별공시(개별회사용)],20220225003019,한화투자증권,20220225,공
KOSPI,00339391,한화시스템,272210,대규모기업집단현황공시[분기별공시(개별회사용)],20220225003052,한화시스템,20220225,공
KOSPI,00125743,현대비앤지스틸,004560,대규모기업집단현황공시[분기별공시(개별회사용)],20220225003125,현대비앤지스틸,20220225,공
KOSPI,00164779,SK하이닉스,000660,임원ㆍ주요주주특정증권등소유상황보고서,20220225003165,박정호,20220225,
KOSPI,00113359,교보증권,030610,증권발행실적보고서,20220225003177,교보증권,20220225,
KOSPI,00120030,GS건설,006360,대규모기업집단현황공시[분기별공시(개별회사용)],20220225003189,GS건설,20220225,공
KOSPI,00120182,NH투자증권,005940,증권발행실적보고서,20220225003195,NH투자증권,20220225,
KOSPI,01510489,프레스티지바이오파마,950210,반기보고서 (2021.12),20220225003218,프레스티지바이오파마,20220225,
KOSPI,01194689,HD현대마린솔루션,443060,대규모기업집단현황공시[분기별공시(개별회사용)],20220225003233,HD현대마린솔루션,20220225,공
KOSPI,00120562,롯데지주,004990,증권발행실적보고서,20220225003278,롯데지주,20220225,
KOSPI,00126937,삼양홀딩스,000070,대규모기업집단현황공시[분기별공시(대표회사용)],20220225003375,삼양홀딩스,20220225,공
KOSPI,00795135,코오롱인더,120110,대규모기업집단현황공시[분기별공시(개별회사용)],20220225003405,코오롱인더,20220225,공
KOSPI,00795135,코오롱인더,120110,동일인등출자계열회사와의상품ㆍ용역거래,20220225003423,코오롱인더,20220225,공
KOSPI,00877059,삼성바이오로직스,207940,[기재정정]주요사항보고서(유상증자결정),20220225003434,삼성바이오로직스,20220225,정
KOSPI,00795135,코오롱인더,120110,동일인등출자계열회사와의상품ㆍ용역거래,20220225003440,코오롱인더,20220225,공
KOSPI,00428251,현대백화점,069960,대규모기업집단현황공시[분기별공시(대표회사용)],20220225003485,현대백화점,20220225,공
KOSPI,00120571,롯데칠성음료,005300,대규모기업집단현황공시[분기별공시(개별회사용)],20220225003510,롯데칠성음료,20220225,공
KOSPI,00877059,삼성바이오로직스,207940,[발행조건확정]증권신고서(지분증권),20220225003536,삼성바이오로직스,20220225,정
KOSPI,00104856,삼성증권,016360,증권발행실적보고서,20220225003540,삼성증권,20220225,
KOSPI,00105101,INVENI,015360,대규모기업집단현황공시[분기별공시(개별회사용)],20220225003557,INVENI,20220225,공
KOSPI,00158307,롯데하이마트,071840,대규모기업집단현황공시[분기별공시(개별회사용)],20220225003566,롯데하이마트,20220225,공
KOSPI,00163345,DB,012030,대규모기업집단현황공시[분기별공시(대표회사용)],20220225003571,DB,20220225,공
KOSPI,00877059,삼성바이오로직스,207940,[기재정정]투자설명서,20220225003573,삼성바이오로직스,20220225,정
KOSPI,01060814,삼양패키징,272550,대규모기업집단현황공시[분기별공시(개별회사용)],20220225003580,삼양패키징,20220225,공
KOSPI,00104856,삼성증권,016360,증권발행실적보고서,20220225003586,삼성증권,20220225,
KOSPI,01276594,신한알파리츠,293940,[기재정정]증권신고서(집합투자증권-회사형)((주)신한알파위탁관리부동산투자회사),20220225003597,신한알파리츠,20220225,정
KOSPI,00142883,우신시스템,017370,주식등의대량보유상황보고서(일반),20220225003606,허우영,20220225,
KOSPI,00156691,한국공항,005430,대규모기업집단현황공시[분기별공시(개별회사용)],20220225003625,한국공항,20220225,공
KOSPI,00296290,키움증권,039490,증권발행실적보고서,20220225003629,키움증권,20220225,
KOSPI,00122348,방림,003610,주식등의대량보유상황보고서(약식),20220225003646,조문원,20220225,
KOSPI,00138190,GS글로벌,001250,대규모기업집단현황공시[분기별공시(개별회사용)],20220225003651,GS글로벌,20220225,공
KOSPI,01390344,HD현대중공업,329180,대규모기업집단현황공시[분기별공시(개별회사용)],20220225003654,HD현대중공업,20220225,공
KOSPI,00159500,한국종합기술,023350,[연장결정]주요사항보고서(자기주식취득신탁계약체결결정),20220225003655,한국종합기술,20220225,정
KOSPI,00141307,영풍,000670,대규모기업집단현황공시[분기별공시(대표회사용)],20220225003663,영풍,20220225,공
KOSPI,00296290,키움증권,039490,증권발행실적보고서,20220225003677,키움증권,20220225,
KOSPI,00149655,삼성물산,028260,[기재정정]임원ㆍ주요주주특정증권등소유상황보고서,20220225003681,김용수,20220225,
KOSPI,00159616,두산에너빌리티,034020,대규모기업집단현황공시[분기별공시(개별회사용)],20220225003739,두산에너빌리티,20220225,공
KOSPI,01497869,티와이홀딩스,363280,[기재정정]대규모기업집단현황공시[분기별공시(대표회사용)],20220225003757,티와이홀딩스,20220225,공
KOSPI,00138701,아세아,002030,주요사항보고서(자기주식취득신탁계약체결결정),20220225003767,아세아,20220225,
KOSPI,00126566,한화에어로스페이스,012450,주주총회소집공고,20220225003800,한화에어로스페이스,20220225,
KOSPI,00105280,현대지에프홀딩스,005440,대규모기업집단현황공시[분기별공시(개별회사용)],20220225003828,현대지에프홀딩스,20220225,공
KOSPI,00164779,SK하이닉스,000660,임원ㆍ주요주주특정증권등소유상황보고서,20220225003840,이석희,20220225,
KOSPI,00131832,SK디스커버리,006120,대규모기업집단현황공시[분기별공시(개별회사용)],20220225003867,SK디스커버리,20220225,공
KOSPI,00126566,한화에어로스페이스,012450,의결권대리행사권유참고서류,20220225003876,한화에어로스페이스,20220225,정
KOSPI,00115694,DB증권,016610,증권발행실적보고서,20220225003931,DB증권,20220225,
KOSPI,00110893,대신증권,003540,증권발행실적보고서,20220225003951,대신증권,20220225,
KOSPI,00148896,OCI홀딩스,010060,대규모기업집단현황공시[분기별공시(대표회사용)],20220225004034,OCI홀딩스,20220225,공
KOSPI,00164742,현대자동차,005380,[기재정정]대규모기업집단현황공시[분기별공시(대표회사용)],20220225004044,현대자동차,20220225,공
KOSPI,00795135,코오롱인더,120110,주요사항보고서(회사분할결정),20220225004079,코오롱인더,20220225,
KOSPI,00260408,팜스코,036580,주식등의대량보유상황보고서(일반),20220225004114,하림지주,20220225,
KOSPI,00159786,유니드,014830,대규모기업집단현황공시[분기별공시(개별회사용)],20220225004120,유니드,20220225,공
KOSPI,01319808,한일시멘트,300720,주주총회소집공고,20220225004158,한일시멘트,20220225,
KOSPI,00855093,선진,136490,주식등의대량보유상황보고서(일반),20220225004159,하림지주,20220225,
KOSPI,00190321,케이티,030200,대규모기업집단현황공시[분기별공시(대표회사용)],20220225004172,케이티,20220225,공
KOSPI,00164788,현대모비스,012330,대규모기업집단현황공시[분기별공시(개별회사용)],20220225004192,현대모비스,20220225,공
KOSPI,00164636,HDC,012630,대규모기업집단현황공시[분기별공시(대표회사용)],20220225004210,HDC,20220225,공
KOSPI,00113359,교보증권,030610,일괄신고추가서류(파생결합증권-주가연계증권),20220225004217,교보증권,20220225,
KOSPI,00111722,미래에셋증권,006800,투자설명서(일괄신고),20220225004222,미래에셋증권,20220225,
KOSPI,00113359,교보증권,030610,일괄신고추가서류(기타파생결합사채),20220225004247,교보증권,20220225,
KOSPI,00113359,교보증권,030610,투자설명서(일괄신고),20220225004252,교보증권,20220225,
KOSPI,00113359,교보증권,030610,일괄신고추가서류(파생결합증권-주가연계증권),20220225004271,교보증권,20220225,
KOSPI,00111722,미래에셋증권,006800,일괄신고추가서류(파생결합증권-주가연계증권),20220225004280,미래에셋증권,20220225,
KOSPI,00113359,교보증권,030610,투자설명서(일괄신고),20220225004283,교보증권,20220225,
KOSPI,00148610,한화투자증권,003530,일괄신고추가서류(파생결합증권-주가연계증권),20220225004305,한화투자증권,20220225,
KOSPI,00113359,교보증권,030610,투자설명서(일괄신고),20220225004308,교보증권,20220225,
KOSPI,00135917,한화손해보험,000370,대규모기업집단현황공시[분기별공시(개별회사용)],20220225004357,한화손해보험,20220225,공
KOSPI,00125150,SGC에너지,005090,대규모기업집단현황공시[분기별공시(개별회사용)],20220225004374,SGC에너지,20220225,공
KOSPI,00120182,NH투자증권,005940,일괄신고추가서류(파생결합증권-주가연계증권),20220225004375,NH투자증권,20220225,
KOSPI,00260408,팜스코,036580,대규모기업집단현황공시[분기별공시(개별회사용)],20220225004376,팜스코,20220225,공
KOSPI,00149646,기업은행,024110,주요사항보고서(상각형조건부자본증권발행결정),20220225004378,기업은행,20220225,정
KOSPI,00109824,대림통상,006570,주식등의대량보유상황보고서(일반),20220225004386,디앤디파트너스,20220225,
KOSPI,00413046,셀트리온,068270,대규모기업집단현황공시[분기별공시(개별회사용)],20220225004419,셀트리온,20220225,공
KOSPI,00131780,SK네트웍스,001740,대규모기업집단현황공시[분기별공시(개별회사용)],20220225004426,SK네트웍스,20220225,공
KOSPI,00162993,한일홀딩스,003300,주주총회소집공고,20220225004492,한일홀딩스,20220225,
KOSPI,00296290,키움증권,039490,대규모기업집단현황공시[분기별공시(대표회사용)],20220225004504,키움증권,20220225,공
KOSPI,00148610,한화투자증권,003530,투자설명서(일괄신고),20220225004535,한화투자증권,20220225,
KOSPI,00583424,아모레퍼시픽,090430,[첨부정정]의결권대리행사권유참고서류,20220225004537,아모레퍼시픽,20220225,정
KOSPI,01208885,경동도시가스,267290,주주총회소집공고,20220225004559,경동도시가스,20220225,
KOSPI,00120182,NH투자증권,005940,투자설명서(일괄신고),20220225004560,NH투자증권,20220225,
KOSPI,00104856,삼성증권,016360,증권발행실적보고서,20220225004565,삼성증권,20220225,
KOSPI,00593032,LF,093050,주주총회소집공고,20220225004592,LF,20220225,
KOSPI,00367844,자이에스앤디,317400,대규모기업집단현황공시[분기별공시(개별회사용)],20220225004597,자이에스앤디,20220225,공
KOSPI,01310269,IPARK현대산업개발,294870,대규모기업집단현황공시[분기별공시(개별회사용)],20220225004624,IPARK현대산업개발,20220225,공
KOSPI,00154462,아모레퍼시픽홀딩스,002790,[첨부정정]의결권대리행사권유참고서류,20220225004649,아모레퍼시픽홀딩스,20220225,
KOSPI,00111722,미래에셋증권,006800,투자설명서(일괄신고),20220225004655,미래에셋증권,20220225,
KOSPI,00896285,삼양사,145990,대규모기업집단현황공시[분기별공시(개별회사용)],20220225004678,삼양사,20220225,공
KOSPI,00203315,콘텐트리중앙,036420,대규모기업집단현황공시[분기별공시(개별회사용)],20220225004697,콘텐트리중앙,20220225,공정
KOSPI,00593032,LF,093050,의결권대리행사권유참고서류,20220225004700,LF,20220225,
KOSPI,00111722,미래에셋증권,006800,투자설명서(일괄신고),20220225004719,미래에셋증권,20220225,
KOSPI,00377610,세아홀딩스,058650,대규모기업집단현황공시[분기별공시(대표회사용)],20220225004758,세아홀딩스,20220225,공
KOSPI,00137997,현대차증권,001500,증권발행실적보고서,20220225004836,현대차증권,20220225,
KOSPI,00980122,JB금융지주,175330,임원ㆍ주요주주특정증권등소유상황보고서,20220225004859,김선호,20220225,
KOSPI,00115694,DB증권,016610,증권발행실적보고서,20220225004882,DB증권,20220225,
KOSPI,00111722,미래에셋증권,006800,증권발행실적보고서,20220225004965,미래에셋증권,20220225,
KOSPI,00152385,에이프로젠,007460,주식등의대량보유상황보고서(일반),20220225004984,지베이스,20220225,
KOSPI,00105855,엘에스일렉트릭,010120,대규모기업집단현황공시[분기별공시(개별회사용)],20220225004997,엘에스일렉트릭,20220225,공
KOSPI,00877059,삼성바이오로직스,207940,주주총회소집공고,20220225005010,삼성바이오로직스,20220225,
KOSPI,00154462,아모레퍼시픽홀딩스,002790,대규모기업집단현황공시[분기별공시(대표회사용)],20220225005035,아모레퍼시픽홀딩스,20220225,공
KOSPI,00148610,한화투자증권,003530,증권발행실적보고서,20220225005044,한화투자증권,20220225,
KOSPI,00555874,제주항공,089590,대규모기업집단현황공시[분기별공시(개별회사용)],20220225005055,제주항공,20220225,공
KOSPI,00120526,롯데쇼핑,023530,대규모기업집단현황공시[분기별공시(개별회사용)],20220225005060,롯데쇼핑,20220225,공
KOSPI,00855093,선진,136490,대규모기업집단현황공시[분기별공시(개별회사용)],20220225005074,선진,20220225,공
KOSPI,00350312,HDC랩스,039570,대규모기업집단현황공시[분기별공시(개별회사용)],20220225005082,HDC랩스,20220225,공
KOSPI,00128412,삼진제약,005500,주식등의대량보유상황보고서(일반),20220225005103,최승주,20220225,
KOSPI,00372882,KTcs,058850,대규모기업집단현황공시[분기별공시(개별회사용)],20220225005105,KTcs,20220225,공
KOSPI,00508344,SK디앤디,210980,대규모기업집단현황공시[분기별공시(개별회사용)],20220225005127,SK디앤디,20220225,공
KOSPI,00583424,아모레퍼시픽,090430,대규모기업집단현황공시[분기별공시(개별회사용)],20220225005169,아모레퍼시픽,20220225,공
KOSPI,00939687,동일고무벨트,163560,의결권대리행사권유참고서류,20220225005175,동일고무벨트,20220225,
KOSPI,00120182,NH투자증권,005940,증권발행실적보고서,20220225005232,NH투자증권,20220225,정
KOSPI,00145464,이구산업,025820,임원ㆍ주요주주특정증권등소유상황보고서,20220225005236,권득호,20220225,
KOSPI,00138190,GS글로벌,001250,주주총회소집공고,20220225005250,GS글로벌,20220225,
KOSPI,00104856,삼성증권,016360,증권발행실적보고서,20220225005270,삼성증권,20220225,
KOSPI,00117601,유안타증권,003470,증권발행실적보고서,20220225005279,유안타증권,20220225,
KOSPI,00124540,대우건설,047040,대규모기업집단현황공시[분기별공시(대표회사용)],20220225005280,대우건설,20220225,공
KOSPI,00118266,DRB동일,004840,의결권대리행사권유참고서류,20220225005281,DRB동일,20220225,정
KOSPI,00117601,유안타증권,003470,증권발행실적보고서,20220225005334,유안타증권,20220225,
KOSPI,00107987,남해화학,025860,대규모기업집단현황공시[분기별공시(개별회사용)],20220225005366,남해화학,20220225,공
KOSPI,00102858,고려아연,010130,대규모기업집단현황공시[분기별공시(개별회사용)],20220225005372,고려아연,20220225,공
KOSPI,01524093,DL이앤씨,375500,대규모기업집단현황공시[분기별공시(개별회사용)],20220225005387,DL이앤씨,20220225,공
KOSPI,01412725,두산퓨얼셀,336260,대규모기업집단현황공시[분기별공시(개별회사용)],20220225005388,두산퓨얼셀,20220225,공
KOSPI,00138729,아세아제지,002310,주주총회소집공고,20220225005407,아세아제지,20220225,
KOSPI,00122737,팬오션,028670,대규모기업집단현황공시[분기별공시(개별회사용)],20220225005427,팬오션,20220225,공
KOSPI,00877059,삼성바이오로직스,207940,의결권대리행사권유참고서류,20220225005431,삼성바이오로직스,20220225,
KOSPI,00122825,프리티,006490,[기재정정]주식매수선택권부여에관한신고,20220225005433,프리티,20220225,
KOSPI,00403632,현대퓨처넷,126560,대규모기업집단현황공시[분기별공시(개별회사용)],20220225005460,현대퓨처넷,20220225,공
KOSPI,00138190,GS글로벌,001250,의결권대리행사권유참고서류,20220225005462,GS글로벌,20220225,정
KOSPI,00356370,LG생활건강,051900,주주총회소집공고,20220225005465,LG생활건강,20220225,
KOSPI,00176914,다우기술,023590,대규모기업집단현황공시[분기별공시(개별회사용)],20220225005477,다우기술,20220225,공
KOSPI,00122737,팬오션,028670,주주총회소집공고,20220225005481,팬오션,20220225,
KOSPI,01208885,경동도시가스,267290,의결권대리행사권유참고서류,20220225005494,경동도시가스,20220225,정
KOSPI,00152862,코오롱,002020,특수관계인에대한출자,20220225005534,코오롱,20220225,공
KOSPI,00122737,팬오션,028670,의결권대리행사권유참고서류,20220225005555,팬오션,20220225,
KOSPI,00125743,현대비앤지스틸,004560,주주총회소집공고,20220225005557,현대비앤지스틸,20220225,
KOSPI,00155319,POSCO홀딩스,005490,[기재정정]주요사항보고서(자기주식처분결정),20220225005562,POSCO홀딩스,20220225,
KOSPI,00138729,아세아제지,002310,의결권대리행사권유참고서류,20220225005575,아세아제지,20220225,
KOSPI,00159616,두산에너빌리티,034020,임원ㆍ주요주주특정증권등소유상황보고서,20220225005578,이상언,20220225,
KOSPI,00136721,신영증권,001720,일괄신고추가서류(파생결합증권-주가연계증권),20220225005587,신영증권,20220225,
KOSPI,00188089,한섬,020000,대규모기업집단현황공시[분기별공시(개별회사용)],20220225005594,한섬,20220225,공
KOSPI,01205842,HD건설기계,267270,[기재정정]주주총회소집공고,20220225005604,HD건설기계,20220225,
KOSPI,00356370,LG생활건강,051900,의결권대리행사권유참고서류,20220225005606,LG생활건강,20220225,
KOSPI,00122825,프리티,006490,[기재정정]주식매수선택권부여에관한신고,20220225005625,프리티,20220225,
KOSPI,00258801,카카오,035720,임원ㆍ주요주주특정증권등소유상황보고서,20220225005654,김기홍,20220225,
KOSPI,01205842,HD건설기계,267270,[기재정정]의결권대리행사권유참고서류,20220225005665,HD건설기계,20220225,
KOSPI,00159616,두산에너빌리티,034020,[기재정정]임원ㆍ주요주주특정증권등소유상황보고서,20220225005668,김재이,20220225,
KOSPI,00153393,태광산업,003240,대규모기업집단현황공시[분기별공시(대표회사용)],20220225005683,태광산업,20220225,공정
KOSPI,00159023,SK텔레콤,017670,대규모기업집단현황공시[분기별공시(개별회사용)],20220225005703,SK텔레콤,20220225,공
KOSPI,00159616,두산에너빌리티,034020,임원ㆍ주요주주특정증권등소유상황보고서,20220225005705,노학준,20220225,
KOSPI,00125743,현대비앤지스틸,004560,의결권대리행사권유참고서류,20220225005715,현대비앤지스틸,20220225,정
KOSPI,00159616,두산에너빌리티,034020,임원ㆍ주요주주특정증권등소유상황보고서,20220225005731,박지원,20220225,
KOSPI,00147860,에스엠벡셀,010580,대규모기업집단현황공시[분기별공시(개별회사용)],20220225005740,에스엠벡셀,20220225,공
KOSPI,00159616,두산에너빌리티,034020,임원ㆍ주요주주특정증권등소유상황보고서,20220225005760,이광열,20220225,
KOSPI,01205842,HD건설기계,267270,대규모기업집단현황공시[분기별공시(개별회사용)],20220225005764,HD건설기계,20220225,공
KOSPI,00173795,신흥,004080,임원ㆍ주요주주특정증권등소유상황보고서,20220225005771,이용익,20220225,
KOSPI,00116824,동아쏘시오홀딩스,000640,임원ㆍ주요주주특정증권등소유상황보고서,20220225005772,강정석,20220225,
KOSPI,00258801,카카오,035720,임원ㆍ주요주주특정증권등소유상황보고서,20220225005776,신민균,20220225,
KOSPI,00159616,두산에너빌리티,034020,임원ㆍ주요주주특정증권등소유상황보고서,20220225005785,이희범,20220225,
KOSPI,00159616,두산에너빌리티,034020,임원ㆍ주요주주특정증권등소유상황보고서,20220225005802,임광재,20220225,
KOSPI,00159616,두산에너빌리티,034020,임원ㆍ주요주주특정증권등소유상황보고서,20220225005839,정영칠,20220225,
KOSPI,00159616,두산에너빌리티,034020,임원ㆍ주요주주특정증권등소유상황보고서,20220225005850,두산,20220225,
KOSPI,00159616,두산에너빌리티,034020,임원ㆍ주요주주특정증권등소유상황보고서,20220225005880,최용길,20220225,
KOSPI,00159616,두산에너빌리티,034020,임원ㆍ주요주주특정증권등소유상황보고서,20220225005907,최진영,20220225,
KOSPI,00111722,미래에셋증권,006800,증권발행실적보고서,20220225005921,미래에셋증권,20220225,
KOSPI,00159616,두산에너빌리티,034020,임원ㆍ주요주주특정증권등소유상황보고서,20220225005925,홍성명,20220225,
KOSPI,00203315,콘텐트리중앙,036420,[기재정정]대규모기업집단현황공시[분기별공시(개별회사용)],20220225005932,콘텐트리중앙,20220225,공
KOSPI,00159616,두산에너빌리티,034020,임원ㆍ주요주주특정증권등소유상황보고서,20220225005948,황현상,20220225,
KOSPI,00164779,SK하이닉스,000660,대규모기업집단현황공시[분기별공시(개별회사용)],20220225005984,SK하이닉스,20220225,공
KOSPI,00631518,SK이노베이션,096770,대규모기업집단현황공시[분기별공시(개별회사용)],20220225005994,SK이노베이션,20220225,공
KOSPI,00111722,미래에셋증권,006800,증권발행실적보고서,20220225006003,미래에셋증권,20220225,
KOSPI,00152880,코오롱글로벌,003070,대규모기업집단현황공시[분기별공시(개별회사용)],20220225006036,코오롱글로벌,20220225,공
KOSPI,00111722,미래에셋증권,006800,일괄신고추가서류(기타파생결합사채),20220225006045,미래에셋증권,20220225,
KOSPI,00159616,두산에너빌리티,034020,임원ㆍ주요주주특정증권등소유상황보고서,20220225006049,조창열,20220225,
KOSPI,01430475,코람코라이프인프라리츠,357120,주요사항보고서(유형자산양수결정),20220225006086,코람코라이프인프라리츠,20220225,
KOSPI,00122825,프리티,006490,주식등의대량보유상황보고서(일반),20220225006107,밀레니엄홀딩스,20220225,
KOSPI,00111722,미래에셋증권,006800,증권발행실적보고서,20220225006113,미래에셋증권,20220225,
KOSPI,00159616,두산에너빌리티,034020,주식등의대량보유상황보고서(일반),20220225006138,두산,20220225,
KOSPI,00983040,한진칼,180640,대규모기업집단현황공시[분기별공시(개별회사용)],20220225006142,한진칼,20220225,공
KOSPI,00937324,한국타이어앤테크놀로지,161390,동일인등출자계열회사와의상품ㆍ용역거래,20220225006193,한국타이어앤테크놀로지,20220225,공
KOSPI,00124197,세아제강지주,003030,대규모기업집단현황공시[분기별공시(개별회사용)],20220225006194,세아제강지주,20220225,공
KOSPI,00122825,프리티,006490,주식매수선택권부여에관한신고,20220225006228,프리티,20220225,정
KOSPI,00111722,미래에셋증권,006800,투자설명서(일괄신고),20220225006244,미래에셋증권,20220225,
KOSPI,00113058,한화생명,088350,임원ㆍ주요주주특정증권등소유상황보고서,20220225006257,최재덕,20220225,
KOSPI,00706715,미원홀딩스,107590,주식등의대량보유상황보고서(일반),20220225006264,김정돈,20220225,
KOSPI,00104856,삼성증권,016360,임원ㆍ주요주주특정증권등소유상황보고서,20220225006300,삼성생명,20220225,
KOSPI,00117188,효성,004800,주주총회소집공고,20220225006310,효성,20220225,
KOSPI,00150244,하이트진로,000080,증권신고서(채무증권),20220225006317,하이트진로,20220225,정
KOSPI,00126292,삼성카드,029780,임원ㆍ주요주주특정증권등소유상황보고서,20220225006342,삼성생명,20220225,
KOSPI,00117188,효성,004800,의결권대리행사권유참고서류,20220225006349,효성,20220225,
KOSPI,00139214,삼성화재해상보험,000810,임원ㆍ주요주주특정증권등소유상황보고서,20220225006386,삼성생명,20220225,
KOSPI,00136721,신영증권,001720,투자설명서(일괄신고),20220225006387,신영증권,20220225,
KOSPI,00442835,메타랩스,090370,[기재정정]주요사항보고서(전환사채권발행결정),20220225006401,메타랩스,20220225,정
KOSPI,00458234,아시아나IDT,267850,대규모기업집단현황공시[분기별공시(개별회사용)],20220225006429,아시아나IDT,20220225,공
KOSPI,00152686,코리아써키트,007810,대규모기업집단현황공시[분기별공시(개별회사용)],20220225006487,코리아써키트,20220225,공
KOSPI,00904672,넷마블,251270,대규모기업집단현황공시[분기별공시(대표회사용)],20220225006532,넷마블,20220225,공
KOSPI,00753643,주성코퍼레이션,109070,독립이사의선임ㆍ해임또는중도퇴임에관한신고,20220225006563,주성코퍼레이션,20220225,
KOSPI,00105271,케이씨씨,002380,증권신고서(채무증권),20220225006574,케이씨씨,20220225,정
KOSPI,01234297,미원에스씨,268280,임원ㆍ주요주주특정증권등소유상황보고서,20220225006661,미원스페셜티케미칼우리사주조합,20220225,
KOSPI,00170558,코웨이,021240,대규모기업집단현황공시[분기별공시(개별회사용)],20220225006669,코웨이,20220225,공
KOSPI,00125743,현대비앤지스틸,004560,[발행조건확정]증권신고서(채무증권),20220225006828,현대비앤지스틸,20220225,
KOSPI,00165413,롯데케미칼,011170,[발행조건확정]증권신고서(채무증권),20220225006833,롯데케미칼,20220225,
KOSPI,00153393,태광산업,003240,[기재정정]사업보고서 (2020.12),20220225006914,태광산업,20220225,연
KOSPI,00195229,미스토홀딩스,081660,주주총회소집공고,20220225006975,미스토홀딩스,20220225,
KOSPI,00117188,효성,004800,대규모기업집단현황공시[분기별공시(대표회사용)],20220225006989,효성,20220225,공정
KOSPI,00258801,카카오,035720,주주총회소집공고,20220225007023,카카오,20220225,정
KOSPI,00105855,엘에스일렉트릭,010120,주주총회소집공고,20220225007024,엘에스일렉트릭,20220225,
KOSPI,00111722,미래에셋증권,006800,주주총회소집공고,20220225007028,미래에셋증권,20220225,
KOSPI,00106669,세아베스틸지주,001430,증권신고서(채무증권),20220225007032,세아베스틸지주,20220225,정
KOSPI,00258801,카카오,035720,의결권대리행사권유참고서류,20220225007053,카카오,20220225,정
KOSPI,00111722,미래에셋증권,006800,의결권대리행사권유참고서류,20220225007056,미래에셋증권,20220225,
KOSPI,00105855,엘에스일렉트릭,010120,의결권대리행사권유참고서류,20220225007070,엘에스일렉트릭,20220225,
KOSPI,00195229,미스토홀딩스,081660,의결권대리행사권유참고서류,20220225007071,미스토홀딩스,20220225,
KOSPI,00339391,한화시스템,272210,[기재정정]타법인주식및출자증권취득결정,20220225800001,한화시스템,20220225,유
KOSPI,00339391,한화시스템,272210,[기재정정]유상증자결정(종속회사의주요경영사항),20220225800002,한화시스템,20220225,유
KOSPI,00126566,한화에어로스페이스,012450,[기재정정]유상증자결정(종속회사의주요경영사항),20220225800003,한화에어로스페이스,20220225,유
KOSPI,00126566,한화에어로스페이스,012450,[기재정정]타법인주식및출자증권취득결정(종속회사의주요경영사항),20220225800004,한화에어로스페이스,20220225,유
KOSPI,00413046,셀트리온,068270,투자판단관련주요경영사항(CT-P63+CT-P66(코로나19 흡입형 치료제) 유럽 임상 3상 시험계획 신청),20220225800096,셀트리온,20220225,유
KOSPI,00117726,DYP,092780,현금ㆍ현물배당결정,20220225800155,DYP,20220225,유정
KOSPI,00117726,DYP,092780,[첨부정정]현금ㆍ현물배당결정,20220225800164,DYP,20220225,유
KOSPI,00129235,삼화왕관,004450,현금ㆍ현물배당결정,20220225800180,삼화왕관,20220225,유
KOSPI,00102140,케이아이이,009140,최대주주등소유주식변동신고서,20220225800193,케이아이이,20220225,유
KOSPI,00117726,DYP,092780,주주총회소집결의,20220225800204,DYP,20220225,유
KOSPI,00160205,한국내화,010040,주주총회소집결의,20220225800220,한국내화,20220225,유
KOSPI,00160205,한국내화,010040,현금ㆍ현물배당결정,20220225800229,한국내화,20220225,유정
KOSPI,01323032,KG모빌리티플랫폼,381970,주주총회소집결의,20220225800247,KG모빌리티플랫폼,20220225,유
KOSPI,00115612,동부건설,005960,[기재정정]단일판매ㆍ공급계약체결,20220225800248,동부건설,20220225,유
KOSPI,00137368,신풍,002870,현금ㆍ현물배당결정,20220225800261,신풍,20220225,유
KOSPI,00137368,신풍,002870,주주총회소집결의,20220225800265,신풍,20220225,유
KOSPI,00198697,일진디스플,020760,유상증자신주발행가액(안내공시),20220225800266,일진디스플,20220225,유
KOSPI,00155276,포스코퓨처엠,003670,주주총회소집결의,20220225800299,포스코퓨처엠,20220225,유
KOSPI,00160205,한국내화,010040,[기재정정]현금ㆍ현물배당결정,20220225800320,한국내화,20220225,유
KOSPI,00116268,동성제약,002210,주주총회소집결의,20220225800324,동성제약,20220225,유
KOSPI,00353878,다스코,058730,단일판매ㆍ공급계약체결(자율공시),20220225800339,다스코,20220225,유정
KOSPI,00155276,포스코퓨처엠,003670,[기재정정]신규시설투자등,20220225800347,포스코퓨처엠,20220225,유
KOSPI,00503668,LIG디펜스앤에어로스페이스,079550,주주총회소집결의,20220225800351,LIG디펜스앤에어로스페이스,20220225,유
KOSPI,00140131,키다리스튜디오,020120,유상증자또는주식관련사채등의발행결과(자율공시),20220225800356,키다리스튜디오,20220225,유
KOSPI,00140131,키다리스튜디오,020120,유상증자또는주식관련사채등의발행결과(자율공시)(자회사의 주요경영사항),20220225800358,키다리스튜디오,20220225,유
KOSPI,00218575,황금에스티,032560,매출액또는손익구조30%(대규모법인은15%)이상변경,20220225800361,황금에스티,20220225,유
KOSPI,00103510,인지컨트롤스,023800,매출액또는손익구조30%(대규모법인은15%)이상변경,20220225800362,인지컨트롤스,20220225,유정
KOSPI,00101220,KG케미칼,001390,주주총회소집결의,20220225800369,KG케미칼,20220225,유
KOSPI,00167192,넥센,005720,주주총회소집결의,20220225800379,넥센,20220225,유
KOSPI,00167192,넥센,005720,현금ㆍ현물배당결정,20220225800381,넥센,20220225,유
KOSPI,00111999,대원제약,003220,공정거래자율준수프로그램운영현황(안내공시),20220225800391,대원제약,20220225,유
KOSPI,00218575,황금에스티,032560,현금ㆍ현물배당결정,20220225800396,황금에스티,20220225,유
KOSPI,00872984,이마트,139480,주주총회소집결의,20220225800412,이마트,20220225,유
KOSPI,00353878,다스코,058730,[기재정정]단일판매ㆍ공급계약체결(자율공시),20220225800415,다스코,20220225,유정
KOSPI,00163673,한진중공업홀딩스,003480,매출액또는손익구조30%(대규모법인은15%)이상변경(자회사의 주요경영사항),20220225800421,한진중공업홀딩스,20220225,유
KOSPI,00163673,한진중공업홀딩스,003480,현금ㆍ현물배당결정(자회사의 주요경영사항),20220225800423,한진중공업홀딩스,20220225,유
KOSPI,00103662,광명전기,017040,단일판매ㆍ공급계약체결,20220225800437,광명전기,20220225,유정
KOSPI,00112651,대창,012800,현금ㆍ현물배당결정,20220225800449,대창,20220225,유
KOSPI,00101433,경농,002100,주주총회소집결의,20220225800454,경농,20220225,유
KOSPI,00101433,경농,002100,현금ㆍ현물배당결정,20220225800474,경농,20220225,유
KOSPI,00153524,태림포장,011280,주주총회소집결의,20220225800477,태림포장,20220225,유
KOSPI,00127802,삼익THK,004380,주주총회소집결의,20220225800481,삼익THK,20220225,유정
KOSPI,00153524,태림포장,011280,매출액또는손익구조30%(대규모법인은15%)이상변경,20220225800482,태림포장,20220225,유
KOSPI,00112651,대창,012800,매출액또는손익구조30%(대규모법인은15%)이상변경,20220225800486,대창,20220225,유정
KOSPI,00128227,삼정펄프,009770,주주총회소집결의,20220225800499,삼정펄프,20220225,유
KOSPI,00218575,황금에스티,032560,주주총회소집결의,20220225800503,황금에스티,20220225,유
KOSPI,01497869,티와이홀딩스,363280,주주총회소집결의,20220225800506,티와이홀딩스,20220225,유
KOSPI,00102432,계룡건설산업,013580,주주총회소집결의,20220225800508,계룡건설산업,20220225,유
KOSPI,00165413,롯데케미칼,011170,최대주주등소유주식변동신고서,20220225800511,롯데케미칼,20220225,유
KOSPI,00390055,종근당바이오,063160,투자판단관련주요경영사항,20220225800513,종근당바이오,20220225,유
KOSPI,00153524,태림포장,011280,현금ㆍ현물배당결정,20220225800516,태림포장,20220225,유
KOSPI,00415646,드림텍,192650,타법인주식및출자증권취득결정,20220225800518,드림텍,20220225,유
KOSPI,00159209,한전기술,052690,임시주주총회결과,20220225800527,한전기술,20220225,유
KOSPI,00990165,아세아시멘트,183190,주식분할결정,20220225800532,아세아시멘트,20220225,유
KOSPI,00149354,종근당홀딩스,001630,투자판단관련주요경영사항(자회사의 주요경영사항),20220225800533,종근당홀딩스,20220225,유
KOSPI,00990165,아세아시멘트,183190,현금ㆍ현물배당결정,20220225800538,아세아시멘트,20220225,유
KOSPI,00990165,아세아시멘트,183190,[첨부추가]주주총회소집결의,20220225800542,아세아시멘트,20220225,유
KOSPI,00854997,에스디바이오센서,137310,매출액또는손익구조30%(대규모법인은15%)이상변경,20220225800543,에스디바이오센서,20220225,유정
KOSPI,00126566,한화에어로스페이스,012450,연결재무제표기준영업(잠정)실적(공정공시),20220225800548,한화에어로스페이스,20220225,유
KOSPI,00128227,삼정펄프,009770,현금ㆍ현물배당결정,20220225800558,삼정펄프,20220225,유
KOSPI,00854997,에스디바이오센서,137310,현금ㆍ현물배당결정,20220225800563,에스디바이오센서,20220225,유
KOSPI,00261285,한국가스공사,036460,연결재무제표기준영업(잠정)실적(공정공시),20220225800588,한국가스공사,20220225,유
KOSPI,00261285,한국가스공사,036460,매출액또는손익구조30%(대규모법인은15%)이상변경,20220225800604,한국가스공사,20220225,유
KOSPI,00146232,일성건설,013360,연결재무제표기준영업(잠정)실적(공정공시),20220225800606,일성건설,20220225,유
KOSPI,00261285,한국가스공사,036460,현금ㆍ현물배당결정,20220225800616,한국가스공사,20220225,유
KOSPI,00146232,일성건설,013360,매출액또는손익구조30%(대규모법인은15%)이상변경,20220225800619,일성건설,20220225,유
KOSPI,00261285,한국가스공사,036460,주주총회소집결의,20220225800625,한국가스공사,20220225,유
KOSPI,00146232,일성건설,013360,현금ㆍ현물배당결정,20220225800627,일성건설,20220225,유
KOSPI,00261285,한국가스공사,036460,기타경영사항(자율공시),20220225800629,한국가스공사,20220225,유
KOSPI,00124197,세아제강지주,003030,타인에대한채무보증결정,20220225800637,세아제강지주,20220225,유
KOSPI,00126566,한화에어로스페이스,012450,매출액또는손익구조30%(대규모법인은15%)이상변경,20220225800641,한화에어로스페이스,20220225,유정
KOSPI,00117188,효성,004800,주주총회소집결의,20220225800647,효성,20220225,유
KOSPI,00113997,롯데에너지머티리얼즈,020150,유상증자결정(종속회사의주요경영사항),20220225800650,롯데에너지머티리얼즈,20220225,유
KOSPI,00105855,엘에스일렉트릭,010120,수시공시의무관련사항(공정공시),20220225800652,엘에스일렉트릭,20220225,유
KOSPI,00138701,아세아,002030,현금ㆍ현물배당결정,20220225800654,아세아,20220225,유
KOSPI,00117188,효성,004800,현금ㆍ현물배당결정,20220225800657,효성,20220225,유
KOSPI,00210856,코아스,071950,주주총회소집결의,20220225800660,코아스,20220225,유
KOSPI,00113997,롯데에너지머티리얼즈,020150,타법인주식및출자증권취득결정(종속회사의주요경영사항),20220225800665,롯데에너지머티리얼즈,20220225,유
KOSPI,00138701,아세아,002030,주주총회소집결의,20220225800666,아세아,20220225,유
KOSPI,01437186,ESR켄달스퀘어리츠,365550,정기주주총회결과,20220225800667,ESR켄달스퀘어리츠,20220225,유
KOSPI,00113997,롯데에너지머티리얼즈,020150,현금ㆍ현물배당결정,20220225800676,롯데에너지머티리얼즈,20220225,유
KOSPI,00126566,한화에어로스페이스,012450,현금ㆍ현물배당결정,20220225800679,한화에어로스페이스,20220225,유정
KOSPI,00113997,롯데에너지머티리얼즈,020150,주주총회소집결의,20220225800680,롯데에너지머티리얼즈,20220225,유
KOSPI,00117498,스틱인베스트먼트,026890,매출액또는손익구조30%(대규모법인은15%)이상변경,20220225800681,스틱인베스트먼트,20220225,유
KOSPI,00117498,스틱인베스트먼트,026890,현금ㆍ현물배당결정,20220225800685,스틱인베스트먼트,20220225,유
KOSPI,00117498,스틱인베스트먼트,026890,주주총회소집결의,20220225800687,스틱인베스트먼트,20220225,유
KOSPI,00117498,스틱인베스트먼트,026890,기타경영사항(자율공시),20220225800690,스틱인베스트먼트,20220225,유
KOSPI,00117027,알루코,001780,매출액또는손익구조30%(대규모법인은15%)이상변경,20220225800694,알루코,20220225,유
KOSPI,00877059,삼성바이오로직스,207940,유상증자신주발행가액(안내공시),20220225800704,삼성바이오로직스,20220225,유
KOSPI,00500254,GS,078930,[기재정정]타법인주식및출자증권취득결정,20220225800706,GS,20220225,유정
KOSPI,00795135,코오롱인더,120110,매출액또는손익구조30%(대규모법인은15%)이상변경,20220225800711,코오롱인더,20220225,유
KOSPI,00117027,알루코,001780,주주총회소집결의,20220225800712,알루코,20220225,유
KOSPI,00126566,한화에어로스페이스,012450,주주총회소집결의,20220225800722,한화에어로스페이스,20220225,유정
KOSPI,00172228,엔케이,085310,매출액또는손익구조30%(대규모법인은15%)이상변경,20220225800731,엔케이,20220225,유
KOSPI,00164478,현대건설,000720,단일판매ㆍ공급계약체결,20220225800732,현대건설,20220225,유
KOSPI,00172228,엔케이,085310,주주총회소집결의,20220225800734,엔케이,20220225,유
KOSPI,00152862,코오롱,002020,매출액또는손익구조30%(대규모법인은15%)이상변경(자회사의 주요경영사항),20220225800735,코오롱,20220225,유
KOSPI,00795135,코오롱인더,120110,연결재무제표기준영업(잠정)실적(공정공시),20220225800736,코오롱인더,20220225,유
KOSPI,01319808,한일시멘트,300720,매출액또는손익구조30%(대규모법인은15%)이상변경,20220225800747,한일시멘트,20220225,유
KOSPI,01319808,한일시멘트,300720,현금ㆍ현물배당결정,20220225800751,한일시멘트,20220225,유
KOSPI,00162993,한일홀딩스,003300,현금ㆍ현물배당결정(자회사의 주요경영사항),20220225800752,한일홀딩스,20220225,유
KOSPI,01319808,한일시멘트,300720,주주총회소집결의,20220225800754,한일시멘트,20220225,유
KOSPI,00162993,한일홀딩스,003300,현금ㆍ현물배당결정,20220225800756,한일홀딩스,20220225,유
KOSPI,00162993,한일홀딩스,003300,주주총회소집결의,20220225800764,한일홀딩스,20220225,유
KOSPI,00149646,기업은행,024110,주주총회소집결의,20220225800768,기업은행,20220225,유
KOSPI,00126566,한화에어로스페이스,012450,[첨부추가]기타경영사항(자율공시)(기업지배구조헌장 제정의 건),20220225800771,한화에어로스페이스,20220225,유정
KOSPI,00162993,한일홀딩스,003300,매출액또는손익구조30%(대규모법인은15%)이상변경(자회사의 주요경영사항),20220225800776,한일홀딩스,20220225,유
KOSPI,00149646,기업은행,024110,현금ㆍ현물배당결정,20220225800789,기업은행,20220225,유
KOSPI,00160205,한국내화,010040,단일판매ㆍ공급계약체결,20220225800790,한국내화,20220225,유
KOSPI,00125743,현대비앤지스틸,004560,주주총회소집결의,20220225800801,현대비앤지스틸,20220225,유
KOSPI,00125743,현대비앤지스틸,004560,현금ㆍ현물배당결정,20220225800809,현대비앤지스틸,20220225,유
KOSPI,00125743,현대비앤지스틸,004560,기타경영사항(자율공시),20220225800818,현대비앤지스틸,20220225,유
KOSPI,00164779,SK하이닉스,000660,최대주주등소유주식변동신고서,20220225800829,SK하이닉스,20220225,유
KOSPI,00105952,LS,006260,타법인주식및출자증권취득결정(자율공시),20220225800840,LS,20220225,유
KOSPI,01208885,경동도시가스,267290,주주총회소집결의,20220225800852,경동도시가스,20220225,유
KOSPI,01208885,경동도시가스,267290,현금ㆍ현물배당결정,20220225800867,경동도시가스,20220225,유
KOSPI,00877059,삼성바이오로직스,207940,주주총회소집결의,20220225800869,삼성바이오로직스,20220225,유
KOSPI,00162993,한일홀딩스,003300,매출액또는손익구조30%(대규모법인은15%)이상변경,20220225800872,한일홀딩스,20220225,유
KOSPI,00152862,코오롱,002020,주요사항보고서(회사분할결정)(자회사의 주요경영사항),20220225800879,코오롱,20220225,유
KOSPI,00152862,코오롱,002020,매출액또는손익구조30%(대규모법인은15%)이상변경,20220225800904,코오롱,20220225,유
KOSPI,00795135,코오롱인더,120110,주주총회소집결의,20220225800905,코오롱인더,20220225,유
KOSPI,00143527,경동인베스트,012320,현금ㆍ현물배당결정(자회사의 주요경영사항),20220225800911,경동인베스트,20220225,유
KOSPI,00795135,코오롱인더,120110,현금ㆍ현물배당결정,20220225800921,코오롱인더,20220225,유
KOSPI,00152862,코오롱,002020,현금ㆍ현물배당결정(자회사의 주요경영사항),20220225800922,코오롱,20220225,유
KOSPI,00367844,자이에스앤디,317400,유상증자또는주식관련사채등의발행결과(자율공시),20220225800929,자이에스앤디,20220225,유
KOSPI,00135917,한화손해보험,000370,기업지배구조보고서공시,20220225800933,한화손해보험,20220225,유
KOSPI,00116949,DN오토모티브,007340,현금ㆍ현물배당결정,20220225800938,DN오토모티브,20220225,유
KOSPI,00120030,GS건설,006360,[기재정정]단일판매ㆍ공급계약체결,20220225800942,GS건설,20220225,유정
KOSPI,00148276,제일기획,030000,최대주주등소유주식변동신고서,20220225800943,제일기획,20220225,유
KOSPI,00116949,DN오토모티브,007340,주주총회소집결의,20220225800948,DN오토모티브,20220225,유
KOSPI,00120030,GS건설,006360,단일판매ㆍ공급계약체결,20220225800952,GS건설,20220225,유정
KOSPI,00339391,한화시스템,272210,[기재정정]투자판단관련주요경영사항('MCRC 성능개량사업' 우선협상대상자 선정),20220225800973,한화시스템,20220225,유
KOSPI,00138260,SIMPAC,009160,매출액또는손익구조30%(대규모법인은15%)이상변경,20220225800978,SIMPAC,20220225,유
KOSPI,00564562,엠씨넥스,097520,주주총회소집결의,20220225800982,엠씨넥스,20220225,유
KOSPI,00129509,한익스프레스,014130,최대주주등소유주식변동신고서,20220225800991,한익스프레스,20220225,유
KOSPI,00152862,코오롱,002020,현금ㆍ현물배당결정,20220225800997,코오롱,20220225,유
KOSPI,00138729,아세아제지,002310,현금ㆍ현물배당결정,20220225800998,아세아제지,20220225,유
KOSPI,00138729,아세아제지,002310,기타경영사항(자율공시),20220225801001,아세아제지,20220225,유
KOSPI,00152862,코오롱,002020,주주총회소집결의,20220225801002,코오롱,20220225,유
KOSPI,00104856,삼성증권,016360,기업지배구조보고서공시,20220225801025,삼성증권,20220225,유정
KOSPI,00126308,삼성E&A,028050,최대주주등소유주식변동신고서,20220225801030,삼성E&A,20220225,유
KOSPI,00435312,하이스틸,071090,주주총회소집결의,20220225801049,하이스틸,20220225,유
KOSPI,00129509,한익스프레스,014130,매출액또는손익구조30%(대규모법인은15%)이상변경,20220225801058,한익스프레스,20220225,유
KOSPI,00105606,금호에이치티,214330,[기재정정]타법인주식및출자증권처분결정,20220225801059,금호에이치티,20220225,유정
KOSPI,00138190,GS글로벌,001250,주주총회소집결의,20220225801074,GS글로벌,20220225,유
KOSPI,00186559,아이티센씨티에스,031820,금전대여결정,20220225801088,아이티센씨티에스,20220225,유
KOSPI,00145464,이구산업,025820,최대주주등소유주식변동신고서,20220225801091,이구산업,20220225,유
KOSPI,00203315,콘텐트리중앙,036420,단기차입금증가결정,20220225801092,콘텐트리중앙,20220225,유
KOSPI,00105952,LS,006260,현금ㆍ현물배당결정(자회사의 주요경영사항),20220225801096,LS,20220225,유
KOSPI,00138729,아세아제지,002310,주주총회소집결의,20220225801103,아세아제지,20220225,유
KOSPI,00203582,한솔홈데코,025750,주주총회소집결의,20220225801107,한솔홈데코,20220225,유
KOSPI,01208885,경동도시가스,267290,주주총회집중일개최사유신고,20220225801109,경동도시가스,20220225,유
KOSPI,00159698,지역난방공사,071320,영업(잠정)실적(공정공시),20220225801116,지역난방공사,20220225,유
KOSPI,00203582,한솔홈데코,025750,현금ㆍ현물배당결정,20220225801117,한솔홈데코,20220225,유
KOSPI,00106641,기아,000270,주주총회소집결의,20220225801120,기아,20220225,유
KOSPI,00161976,한세예스24홀딩스,016450,현금ㆍ현물배당결정(자회사의 주요경영사항),20220225801126,한세예스24홀딩스,20220225,유
KOSPI,01208885,경동도시가스,267290,매출액또는손익구조30%(대규모법인은15%)이상변경,20220225801127,경동도시가스,20220225,유
KOSPI,00791209,메타케어,118000,매출액또는손익구조30%(대규모법인은15%)이상변경,20220225801134,메타케어,20220225,유
KOSPI,00423690,삼성출판사,068290,매출액또는손익구조30%(대규모법인은15%)이상변경,20220225801139,삼성출판사,20220225,유
KOSPI,00435312,하이스틸,071090,현금ㆍ현물배당결정,20220225801149,하이스틸,20220225,유
KOSPI,00143527,경동인베스트,012320,매출액또는손익구조30%(대규모법인은15%)이상변경(자회사의 주요경영사항),20220225801163,경동인베스트,20220225,유
KOSPI,00122694,범양건영,002410,주주총회소집결의,20220225801168,범양건영,20220225,유
KOSPI,00119140,핸즈코퍼레이션,143210,주주총회소집결의,20220225801178,핸즈코퍼레이션,20220225,유
KOSPI,00119140,핸즈코퍼레이션,143210,현금ㆍ현물배당결정,20220225801182,핸즈코퍼레이션,20220225,유
KOSPI,00595191,후성,093370,주주총회소집결의,20220225801193,후성,20220225,유
KOSPI,00119140,핸즈코퍼레이션,143210,타법인주식및출자증권취득결정,20220225801194,핸즈코퍼레이션,20220225,유
KOSPI,00145552,이수화학,005950,주주총회소집결의,20220225801206,이수화학,20220225,유정
KOSPI,00119140,핸즈코퍼레이션,143210,유상증자결정(종속회사의주요경영사항),20220225801212,핸즈코퍼레이션,20220225,유
KOSPI,00149655,삼성물산,028260,[기재정정]유상증자결정(종속회사의주요경영사항),20220225801218,삼성물산,20220225,유정
KOSPI,00956930,동아에스티,170900,매출액또는손익구조30%(대규모법인은15%)이상변경,20220225801220,동아에스티,20220225,유
KOSPI,00122694,범양건영,002410,매출액또는손익구조30%(대규모법인은15%)이상변경,20220225801223,범양건영,20220225,유
KOSPI,01244601,카카오페이,377300,주주총회소집결의,20220225801226,카카오페이,20220225,유정
KOSPI,00595191,후성,093370,현금ㆍ현물배당결정,20220225801233,후성,20220225,유
KOSPI,00129509,한익스프레스,014130,주주총회소집결의,20220225801235,한익스프레스,20220225,유
KOSPI,00106313,금호건설,002990,타법인주식및출자증권처분결정,20220225801237,금호건설,20220225,유정
KOSPI,00116824,동아쏘시오홀딩스,000640,매출액또는손익구조30%(대규모법인은15%)이상변경(자회사의 주요경영사항),20220225801244,동아쏘시오홀딩스,20220225,유
KOSPI,00160621,한국화장품제조,003350,매출액또는손익구조30%(대규모법인은15%)이상변경,20220225801253,한국화장품제조,20220225,유
KOSPI,00166272,화승코퍼레이션,013520,타인에대한채무보증결정,20220225801254,화승코퍼레이션,20220225,유
KOSPI,00161976,한세예스24홀딩스,016450,매출액또는손익구조30%(대규모법인은15%)이상변동(자회사의 주요경영사항),20220225801257,한세예스24홀딩스,20220225,유
KOSPI,00160621,한국화장품제조,003350,주주총회소집결의,20220225801260,한국화장품제조,20220225,유정
KOSPI,00173795,신흥,004080,최대주주등소유주식변동신고서,20220225801292,신흥,20220225,유
KOSPI,00116824,동아쏘시오홀딩스,000640,주주총회소집결의,20220225801296,동아쏘시오홀딩스,20220225,유
KOSPI,00134510,SJG세종,033530,현금ㆍ현물배당결정,20220225801315,SJG세종,20220225,유
KOSPI,00149655,삼성물산,028260,[기재정정]단일판매ㆍ공급계약체결,20220225801324,삼성물산,20220225,유정
KOSPI,00147860,에스엠벡셀,010580,임시주주총회결과,20220225801326,에스엠벡셀,20220225,유
KOSPI,00116824,동아쏘시오홀딩스,000640,현금ㆍ현물배당결정,20220225801332,동아쏘시오홀딩스,20220225,유
KOSPI,00823429,한국화장품,123690,주주총회소집결의,20220225801336,한국화장품,20220225,유정
KOSPI,01430475,코람코라이프인프라리츠,357120,[기재정정]부동산투자회사부동산취득,20220225801343,코람코라이프인프라리츠,20220225,유
KOSPI,01430475,코람코라이프인프라리츠,357120,부동산투자회사부동산임대,20220225801348,코람코라이프인프라리츠,20220225,유
KOSPI,00149655,삼성물산,028260,[기재정정]단일판매ㆍ공급계약체결,20220225801349,삼성물산,20220225,유정
KOSPI,01430475,코람코라이프인프라리츠,357120,[기재정정]부동산투자회사부동산취득,20220225801353,코람코라이프인프라리츠,20220225,유
KOSPI,00878915,iM금융지주,139130,주주총회소집결의,20220225801359,iM금융지주,20220225,유
KOSPI,00144395,동서,026960,최대주주등소유주식변동신고서,20220225801362,동서,20220225,유
KOSPI,00149655,삼성물산,028260,[기재정정]단일판매ㆍ공급계약체결,20220225801367,삼성물산,20220225,유정
KOSPI,00122898,벽산,007210,매출액또는손익구조30%(대규모법인은15%)이상변경,20220225801368,벽산,20220225,유
KOSPI,00120562,롯데지주,004990,투자판단관련주요경영사항,20220225801372,롯데지주,20220225,유
KOSPI,00122898,벽산,007210,주주총회소집결의,20220225801378,벽산,20220225,유
KOSPI,00122898,벽산,007210,현금ㆍ현물배당결정,20220225801387,벽산,20220225,유
KOSPI,00122825,프리티,006490,주주총회소집결의,20220225801391,프리티,20220225,유
KOSPI,00956930,동아에스티,170900,주주총회소집결의,20220225801393,동아에스티,20220225,유
KOSPI,00150828,진흥기업,002780,타인에대한채무보증결정,20220225801404,진흥기업,20220225,유
KOSPI,00956930,동아에스티,170900,현금ㆍ현물배당결정,20220225801425,동아에스티,20220225,유
KOSPI,00116824,동아쏘시오홀딩스,000640,현금ㆍ현물배당결정(자회사의 주요경영사항),20220225801426,동아쏘시오홀딩스,20220225,유
KOSPI,00706715,미원홀딩스,107590,최대주주등소유주식변동신고서,20220225801435,미원홀딩스,20220225,유
KOSPI,00152686,코리아써키트,007810,매출액또는손익구조30%(대규모법인은15%)이상변경,20220225801439,코리아써키트,20220225,유
KOSPI,00823429,한국화장품,123690,매출액또는손익구조30%(대규모법인은15%)이상변경,20220225801444,한국화장품,20220225,유
KOSPI,00753643,주성코퍼레이션,109070,임시주주총회결과,20220225801448,주성코퍼레이션,20220225,유
KOSPI,00106368,금호석유화학,011780,소송등의제기ㆍ신청(경영권분쟁소송),20220225801455,금호석유화학,20220225,유
KOSPI,00469799,이엔플러스,074610,[기재정정]타법인주식및출자증권취득결정,20220225801462,이엔플러스,20220225,유
KOSPI,01497869,티와이홀딩스,363280,[기재정정]매출액또는손익구조30%(대규모법인은15%)이상변경,20220225801471,티와이홀딩스,20220225,유
KOSPI,00122825,프리티,006490,매출액또는손익구조30%(대규모법인은15%)이상변경,20220225801475,프리티,20220225,유
KOSPI,00119672,두올,016740,매출액또는손익구조30%(대규모법인은15%)이상변경,20220225801483,두올,20220225,유
KOSPI,00124726,빙그레,005180,[기재정정]매출액또는손익구조30%(대규모법인은15%)이상변경,20220225801486,빙그레,20220225,유
KOSPI,00119672,두올,016740,현금ㆍ현물배당결정,20220225801487,두올,20220225,유
KOSPI,00980122,JB금융지주,175330,주주총회소집결의,20220225801492,JB금융지주,20220225,유
KOSPI,00146232,일성건설,013360,불성실공시법인지정,20220225801496,유가증권시장본부,20220225,유
KOSPI,00119672,두올,016740,주주총회소집결의,20220225801498,두올,20220225,유
KOSPI,01310269,IPARK현대산업개발,294870,[기재정정]단일판매ㆍ공급계약체결,20220225801505,IPARK현대산업개발,20220225,유정
KOSPI,00155124,평화홀딩스,010770,타인에대한채무보증결정(자회사의 주요경영사항),20220225801506,평화홀딩스,20220225,유
KOSPI,00111722,미래에셋증권,006800,기업지배구조보고서공시,20220225801517,미래에셋증권,20220225,유
KOSPI,00125974,삼부토건,001470,매출액또는손익구조30%(대규모법인은15%)이상변경,20220225801520,삼부토건,20220225,유
KOSPI,00469799,이엔플러스,074610,매출액또는손익구조30%(대규모법인은15%)이상변경,20220225801532,이엔플러스,20220225,유정
KOSPI,00980122,JB금융지주,175330,주주총회집중일개최사유신고,20220225801534,JB금융지주,20220225,유
KOSPI,00125974,삼부토건,001470,[기재정정]단일판매ㆍ공급계약체결,20220225801551,삼부토건,20220225,유정
KOSPI,00164636,HDC,012630,[기재정정]단일판매ㆍ공급계약체결(자회사의 주요경영사항),20220225801562,HDC,20220225,유정
KOSPI,00105280,현대지에프홀딩스,005440,주주총회소집결의,20220225801574,현대지에프홀딩스,20220225,유
KOSPI,00153393,태광산업,003240,[기재정정]감사보고서제출,20220225801637,태광산업,20220225,유
KOSPI,00225706,JW생명과학,234080,[기재정정]감사보고서제출,20220225801657,JW생명과학,20220225,유정
KOSPI,00632304,JW홀딩스,096760,[기재정정]감사보고서제출(자회사의 주요경영사항),20220225801659,JW홀딩스,20220225,유정
KOSPI,00225706,JW생명과학,234080,[기재정정]감사보고서제출,20220225801661,JW생명과학,20220225,유정
KOSPI,00632304,JW홀딩스,096760,[기재정정]감사보고서제출(자회사의 주요경영사항),20220225801662,JW홀딩스,20220225,유정
KOSPI,00225706,JW생명과학,234080,[기재정정]감사보고서제출,20220225801664,JW생명과학,20220225,유
KOSPI,00632304,JW홀딩스,096760,[기재정정]감사보고서제출(자회사의 주요경영사항),20220225801665,JW홀딩스,20220225,유
KOSPI,00398701,엘앤에프,066970,주주총회소집결의,20220225900807,엘앤에프,20220225,코
KOSPI,00480367,SK오션플랜트,100090,전환가액의조정(제7회차),20220225901067,SK오션플랜트,20220225,코
KOSPI,00225706,JW생명과학,234080,[기재정정]사업보고서 (2020.12),20220228000075,JW생명과학,20220228,연
KOSPI,00120182,NH투자증권,005940,[기재정정]증권발행실적보고서,20220228000128,NH투자증권,20220228,
KOSPI,00125743,현대비앤지스틸,004560,투자설명서,20220228000140,현대비앤지스틸,20220228,
KOSPI,00124799,사조산업,007160,의결권대리행사권유참고서류,20220228000160,송종국,20220228,정
KOSPI,00165413,롯데케미칼,011170,투자설명서,20220228000166,롯데케미칼,20220228,
KOSPI,01276594,신한알파리츠,293940,[기재정정]주요사항보고서(유상증자결정),20220228000206,신한알파리츠,20220228,정
KOSPI,00129420,까뮤이앤씨,013700,주식등의대량보유상황보고서(일반),20220228000314,베이스,20220228,
KOSPI,00115694,DB증권,016610,대규모기업집단현황공시[분기별공시(개별회사용)],20220228000388,DB증권,20220228,공
KOSPI,00107224,남선알미늄,008350,대규모기업집단현황공시[분기별공시(개별회사용)],20220228000665,남선알미늄,20220228,공
KOSPI,00120182,NH투자증권,005940,증권발행실적보고서,20220228000712,NH투자증권,20220228,
KOSPI,00300548,현대리바트,079430,대규모기업집단현황공시[분기별공시(개별회사용)],20220228000787,현대리바트,20220228,공
KOSPI,00120182,NH투자증권,005940,증권발행실적보고서,20220228000881,NH투자증권,20220228,
KOSPI,00164645,HMM,011200,대규모기업집단현황공시[분기별공시(대표회사용)],20220228000946,HMM,20220228,공
KOSPI,00126380,삼성전자,005930,대규모기업집단현황공시[분기별공시(대표회사용)],20220228000974,삼성전자,20220228,공
KOSPI,00120182,NH투자증권,005940,증권발행실적보고서,20220228001099,NH투자증권,20220228,
KOSPI,00148276,제일기획,030000,대규모기업집단현황공시[분기별공시(개별회사용)],20220228001112,제일기획,20220228,공
KOSPI,00120182,NH투자증권,005940,증권발행실적보고서,20220228001161,NH투자증권,20220228,
KOSPI,00126256,삼성생명,032830,대규모기업집단현황공시[분기별공시(개별회사용)],20220228001232,삼성생명,20220228,공
KOSPI,01325979,세아제강,306200,대규모기업집단현황공시[분기별공시(개별회사용)],20220228001287,세아제강,20220228,공
KOSPI,01267170,SK케미칼,285130,대규모기업집단현황공시[분기별공시(개별회사용)],20220228001314,SK케미칼,20220228,공
KOSPI,00106669,세아베스틸지주,001430,대규모기업집단현황공시[분기별공시(개별회사용)],20220228001331,세아베스틸지주,20220228,공
KOSPI,00126292,삼성카드,029780,대규모기업집단현황공시[분기별공시(개별회사용)],20220228001432,삼성카드,20220228,공
KOSPI,00540605,이월드,084680,대규모기업집단현황공시[분기별공시(개별회사용)],20220228001458,이월드,20220228,공
KOSPI,00113535,대한해운,005880,주주총회소집공고,20220228001483,대한해운,20220228,
KOSPI,00165680,호텔신라,008770,대규모기업집단현황공시[분기별공시(개별회사용)],20220228001539,호텔신라,20220228,공
KOSPI,00936787,애경케미칼,161000,대규모기업집단현황공시[분기별공시(개별회사용)],20220228001558,애경케미칼,20220228,공
KOSPI,00139889,SKC,011790,대규모기업집단현황공시[분기별공시(개별회사용)],20220228001656,SKC,20220228,공
KOSPI,00113359,교보증권,030610,증권발행실적보고서,20220228001772,교보증권,20220228,
KOSPI,01276594,신한알파리츠,293940,투자설명서(집합투자증권)((주)신한알파위탁관리부동산투자회사),20220228001796,신한알파리츠,20220228,정
KOSPI,00104856,삼성증권,016360,증권발행실적보고서,20220228001799,삼성증권,20220228,
KOSPI,00113359,교보증권,030610,증권발행실적보고서,20220228001819,교보증권,20220228,
KOSPI,00104856,삼성증권,016360,증권발행실적보고서,20220228001838,삼성증권,20220228,
KOSPI,00113535,대한해운,005880,주주총회소집공고,20220228001886,대한해운,20220228,
KOSPI,00760971,크래프톤,259960,주식등의대량보유상황보고서(일반),20220228001888,장병규,20220228,
KOSPI,00126478,삼성중공업,010140,대규모기업집단현황공시[분기별공시(개별회사용)],20220228001912,삼성중공업,20220228,공
KOSPI,00104856,삼성증권,016360,증권발행실적보고서,20220228001913,삼성증권,20220228,
KOSPI,00357935,HDC현대EP,089470,대규모기업집단현황공시[분기별공시(개별회사용)],20220228001957,HDC현대EP,20220228,공
KOSPI,00113359,교보증권,030610,증권발행실적보고서,20220228002012,교보증권,20220228,
KOSPI,00160843,DB하이텍,000990,대규모기업집단현황공시[분기별공시(개별회사용)],20220228002071,DB하이텍,20220228,공
KOSPI,00113535,대한해운,005880,의결권대리행사권유참고서류,20220228002086,대한해운,20220228,정
KOSPI,00362441,현대오토에버,307950,주주총회소집공고,20220228002094,현대오토에버,20220228,
KOSPI,00349097,케이티스카이라이프,053210,대규모기업집단현황공시[분기별공시(개별회사용)],20220228002114,케이티스카이라이프,20220228,공
KOSPI,00362441,현대오토에버,307950,의결권대리행사권유참고서류,20220228002132,현대오토에버,20220228,
KOSPI,00126308,삼성E&A,028050,대규모기업집단현황공시[분기별공시(개별회사용)],20220228002244,삼성E&A,20220228,공
KOSPI,00103176,흥국화재,000540,대규모기업집단현황공시[분기별공시(개별회사용)],20220228002249,흥국화재,20220228,공
KOSPI,01276594,신한알파리츠,293940,[기재정정]증권신고서(집합투자증권-회사형)((주)신한알파위탁관리부동산투자회사),20220228002266,신한알파리츠,20220228,정
KOSPI,00105271,케이씨씨,002380,대규모기업집단현황공시[분기별공시(대표회사용)],20220228002345,케이씨씨,20220228,공
KOSPI,00136271,신성이엔지,011930,임원ㆍ주요주주특정증권등소유상황보고서,20220228002445,김수재,20220228,
KOSPI,00878696,에스케이바이오팜,326030,대규모기업집단현황공시[분기별공시(개별회사용)],20220228002471,에스케이바이오팜,20220228,공
KOSPI,00159209,한전기술,052690,독립이사의선임ㆍ해임또는중도퇴임에관한신고,20220228002586,한전기술,20220228,
KOSPI,00161116,HL D&I,014790,대규모기업집단현황공시[분기별공시(개별회사용)],20220228002615,HL D&I,20220228,공
KOSPI,00164973,현대해상,001450,대규모기업집단현황공시[분기별공시(대표회사용)],20220228002645,현대해상,20220228,공
KOSPI,00104698,LS네트웍스,000680,대규모기업집단현황공시[분기별공시(개별회사용)],20220228002728,LS네트웍스,20220228,공
KOSPI,00145437,아센디오,012170,대규모기업집단현황공시[분기별공시(개별회사용)],20220228002830,아센디오,20220228,공
KOSPI,00140131,키다리스튜디오,020120,대규모기업집단현황공시[분기별공시(개별회사용)],20220228002971,키다리스튜디오,20220228,공
KOSPI,00111722,미래에셋증권,006800,증권발행실적보고서,20220228003209,미래에셋증권,20220228,
KOSPI,00111722,미래에셋증권,006800,증권발행실적보고서,20220228003235,미래에셋증권,20220228,
KOSPI,00414850,효성 ITX,094280,대규모기업집단현황공시[분기별공시(개별회사용)],20220228003263,효성 ITX,20220228,공
KOSPI,00150828,진흥기업,002780,대규모기업집단현황공시[분기별공시(개별회사용)],20220228003264,진흥기업,20220228,공
KOSPI,00404701,한국자산신탁,123890,대규모기업집단현황공시[분기별공시(개별회사용)],20220228003300,한국자산신탁,20220228,공
KOSPI,00159023,SK텔레콤,017670,임원ㆍ주요주주특정증권등소유상황보고서,20220228003323,박정호,20220228,
KOSPI,01596425,SK스퀘어,402340,임원ㆍ주요주주특정증권등소유상황보고서,20220228003351,박정호,20220228,
KOSPI,00120182,NH투자증권,005940,대규모기업집단현황공시[분기별공시(개별회사용)],20220228003359,NH투자증권,20220228,공
KOSPI,00104856,삼성증권,016360,대규모기업집단현황공시[분기별공시(개별회사용)],20220228003404,삼성증권,20220228,공
KOSPI,00111704,한화오션,042660,대규모기업집단현황공시[분기별공시(대표회사용)],20220228003406,한화오션,20220228,공
KOSPI,00148610,한화투자증권,003530,증권발행실적보고서,20220228003497,한화투자증권,20220228,
KOSPI,00109161,태경케미컬,006890,주주총회소집공고,20220228003527,태경케미컬,20220228,정
KOSPI,00148610,한화투자증권,003530,증권발행실적보고서,20220228003559,한화투자증권,20220228,
KOSPI,00148610,한화투자증권,003530,증권발행실적보고서,20220228003597,한화투자증권,20220228,
KOSPI,00109161,태경케미컬,006890,의결권대리행사권유참고서류,20220228003611,태경케미컬,20220228,정
KOSPI,01428203,케이씨씨글라스,344820,대규모기업집단현황공시[분기별공시(개별회사용)],20220228003626,케이씨씨글라스,20220228,공
KOSPI,00117601,유안타증권,003470,증권발행실적보고서,20220228003627,유안타증권,20220228,
KOSPI,00126186,삼성에스디에스,018260,대규모기업집단현황공시[분기별공시(개별회사용)],20220228003734,삼성에스디에스,20220228,공
KOSPI,00182696,대한조선,439260,대규모기업집단현황공시[분기별공시(개별회사용)],20220228003811,대한조선,20220228,공
KOSPI,01535150,SK리츠,395400,대규모기업집단현황공시[분기별공시(개별회사용)],20220228003846,SK리츠,20220228,공
KOSPI,00158501,에스원,012750,대규모기업집단현황공시[분기별공시(개별회사용)],20220228003888,에스원,20220228,공
KOSPI,00148610,한화투자증권,003530,일괄신고추가서류(기타파생결합사채),20220228003965,한화투자증권,20220228,
KOSPI,00136378,신세계,004170,대규모기업집단현황공시[분기별공시(대표회사용)],20220228004023,신세계,20220228,공
KOSPI,00148610,한화투자증권,003530,투자설명서(일괄신고),20220228004047,한화투자증권,20220228,
KOSPI,00120182,NH투자증권,005940,일괄신고추가서류(파생결합증권-주가연계증권),20220228004091,NH투자증권,20220228,
KOSPI,00120182,NH투자증권,005940,일괄신고추가서류(파생결합사채-주가연계파생결합사채),20220228004125,NH투자증권,20220228,
KOSPI,00220561,광주신세계,037710,대규모기업집단현황공시[분기별공시(개별회사용)],20220228004198,광주신세계,20220228,공
KOSPI,01042775,HL만도,204320,대규모기업집단현황공시[분기별공시(개별회사용)],20220228004208,HL만도,20220228,공
KOSPI,00126371,삼성전기,009150,대규모기업집단현황공시[분기별공시(개별회사용)],20220228004231,삼성전기,20220228,공
KOSPI,00120182,NH투자증권,005940,투자설명서(일괄신고),20220228004265,NH투자증권,20220228,
KOSPI,00159102,DB손해보험,005830,대규모기업집단현황공시[분기별공시(개별회사용)],20220228004287,DB손해보험,20220228,공
KOSPI,00219486,신세계I&C,035510,대규모기업집단현황공시[분기별공시(개별회사용)],20220228004322,신세계I&C,20220228,공
KOSPI,01386916,SK아이이테크놀로지,361610,대규모기업집단현황공시[분기별공시(개별회사용)],20220228004376,SK아이이테크놀로지,20220228,공
KOSPI,01060744,한솔제지,213500,[기재정정]주식매수선택권부여에관한신고,20220228004396,한솔제지,20220228,정
KOSPI,01060744,한솔제지,213500,[기재정정]주식매수선택권부여에관한신고,20220228004414,한솔제지,20220228,정
KOSPI,01060744,한솔제지,213500,[기재정정]주식매수선택권부여에관한신고,20220228004433,한솔제지,20220228,정
KOSPI,00126362,삼성SDI,006400,대규모기업집단현황공시[분기별공시(개별회사용)],20220228004455,삼성SDI,20220228,공
KOSPI,01060744,한솔제지,213500,[기재정정]주식매수선택권부여에관한신고,20220228004459,한솔제지,20220228,정
KOSPI,00153393,태광산업,003240,[기재정정]대규모기업집단현황공시[분기별공시(대표회사용)],20220228004515,태광산업,20220228,공
KOSPI,00120182,NH투자증권,005940,투자설명서(일괄신고),20220228004518,NH투자증권,20220228,
KOSPI,00136721,신영증권,001720,증권발행실적보고서,20220228004546,신영증권,20220228,
KOSPI,00877059,삼성바이오로직스,207940,대규모기업집단현황공시[분기별공시(개별회사용)],20220228004605,삼성바이오로직스,20220228,공
KOSPI,00113535,대한해운,005880,[기재정정]대규모기업집단현황공시[분기별공시(대표회사용)],20220228004624,대한해운,20220228,공
KOSPI,00126566,한화에어로스페이스,012450,[첨부정정]의결권대리행사권유참고서류,20220228004625,한화에어로스페이스,20220228,정
KOSPI,00127042,SYTS,002170,대규모기업집단현황공시[분기별공시(개별회사용)],20220228004645,SYTS,20220228,공
KOSPI,00105271,케이씨씨,002380,주주총회소집공고,20220228004675,케이씨씨,20220228,정
KOSPI,00110893,대신증권,003540,증권발행실적보고서,20220228004706,대신증권,20220228,
KOSPI,00309503,한국항공우주,047810,대규모기업집단현황공시[분기별공시(대표회사용)],20220228004707,한국항공우주,20220228,공
KOSPI,00105271,케이씨씨,002380,의결권대리행사권유참고서류,20220228004717,케이씨씨,20220228,정
KOSPI,00110893,대신증권,003540,증권발행실적보고서,20220228004724,대신증권,20220228,
KOSPI,00110893,대신증권,003540,증권발행실적보고서,20220228004734,대신증권,20220228,
KOSPI,00149655,삼성물산,028260,대규모기업집단현황공시[분기별공시(개별회사용)],20220228004795,삼성물산,20220228,공
KOSPI,00110893,대신증권,003540,주요사항보고서(자기주식취득결정),20220228004797,대신증권,20220228,
KOSPI,00872984,이마트,139480,대규모기업집단현황공시[분기별공시(개별회사용)],20220228004813,이마트,20220228,공
KOSPI,00105280,현대지에프홀딩스,005440,주주총회소집공고,20220228004873,현대지에프홀딩스,20220228,정
KOSPI,00113359,교보증권,030610,대규모기업집단현황공시[분기별공시(개별회사용)],20220228004894,교보증권,20220228,공
KOSPI,00120182,NH투자증권,005940,일괄신고추가서류(파생결합증권-주가연계증권),20220228004939,NH투자증권,20220228,
KOSPI,00139214,삼성화재해상보험,000810,대규모기업집단현황공시[분기별공시(개별회사용)],20220228004995,삼성화재해상보험,20220228,공
KOSPI,00120182,NH투자증권,005940,투자설명서(일괄신고),20220228005079,NH투자증권,20220228,
KOSPI,00120021,LG,003550,대규모기업집단현황공시[분기별공시(대표회사용)],20220228005101,LG,20220228,공
KOSPI,01203312,케이뱅크,279570,대규모기업집단현황공시[분기별공시(개별회사용)],20220228005131,케이뱅크,20220228,공
KOSPI,00105280,현대지에프홀딩스,005440,의결권대리행사권유참고서류,20220228005172,현대지에프홀딩스,20220228,정
KOSPI,00105271,케이씨씨,002380,[첨부정정]주요사항보고서(자기주식취득신탁계약체결결정),20220228005233,케이씨씨,20220228,
KOSPI,00106641,기아,000270,주주총회소집공고,20220228005235,기아,20220228,
KOSPI,00126566,한화에어로스페이스,012450,임원ㆍ주요주주특정증권등소유상황보고서,20220228005313,남형욱,20220228,
KOSPI,01032486,두산밥캣,241560,대규모기업집단현황공시[분기별공시(개별회사용)],20220228005318,두산밥캣,20220228,공
KOSPI,00347734,진양화학,051630,주주총회소집공고,20220228005362,진양화학,20220228,
KOSPI,00104856,삼성증권,016360,증권발행실적보고서,20220228005364,삼성증권,20220228,
KOSPI,00120182,NH투자증권,005940,일괄신고추가서류(파생결합증권-주가연계증권),20220228005378,NH투자증권,20220228,
KOSPI,00356370,LG생활건강,051900,독립이사의선임ㆍ해임또는중도퇴임에관한신고,20220228005389,LG생활건강,20220228,
KOSPI,00104856,삼성증권,016360,증권발행실적보고서,20220228005413,삼성증권,20220228,
KOSPI,00165680,호텔신라,008770,[기재정정]의결권대리행사권유참고서류,20220228005418,호텔신라,20220228,
KOSPI,00432102,한국금융지주,071050,대규모기업집단현황공시[분기별공시(대표회사용)],20220228005442,한국금융지주,20220228,공
KOSPI,00137997,현대차증권,001500,증권발행실적보고서,20220228005473,현대차증권,20220228,
KOSPI,00144164,SK가스,018670,대규모기업집단현황공시[분기별공시(개별회사용)],20220228005487,SK가스,20220228,공
KOSPI,00106641,기아,000270,의결권대리행사권유참고서류,20220228005490,기아,20220228,
KOSPI,00234412,신세계인터내셔날,031430,대규모기업집단현황공시[분기별공시(개별회사용)],20220228005495,신세계인터내셔날,20220228,공
KOSPI,00120182,NH투자증권,005940,투자설명서(일괄신고),20220228005509,NH투자증권,20220228,
KOSPI,00149655,삼성물산,028260,임원ㆍ주요주주특정증권등소유상황보고서,20220228005525,김재우,20220228,
KOSPI,01133217,카카오뱅크,323410,대규모기업집단현황공시[분기별공시(개별회사용)],20220228005530,카카오뱅크,20220228,공
KOSPI,00139834,LG씨엔에스,064400,대규모기업집단현황공시[분기별공시(개별회사용)],20220228005546,LG씨엔에스,20220228,공
KOSPI,00110893,대신증권,003540,주주총회소집공고,20220228005555,대신증권,20220228,
KOSPI,00415646,드림텍,192650,주요사항보고서(회사분할결정),20220228005561,드림텍,20220228,
KOSPI,00113544,대한화섬,003830,대규모기업집단현황공시[분기별공시(개별회사용)],20220228005572,대한화섬,20220228,공
KOSPI,00525934,LX세미콘,108320,대규모기업집단현황공시[분기별공시(개별회사용)],20220228005583,LX세미콘,20220228,공
KOSPI,00117337,동양,001520,대규모기업집단현황공시[분기별공시(개별회사용)],20220228005592,동양,20220228,공
KOSPI,00140168,HS애드,035000,대규모기업집단현황공시[분기별공시(개별회사용)],20220228005598,HS애드,20220228,공
KOSPI,00105961,LG이노텍,011070,대규모기업집단현황공시[분기별공시(개별회사용)],20220228005611,LG이노텍,20220228,공
KOSPI,01562589,LX홀딩스,383800,대규모기업집단현황공시[분기별공시(개별회사용)],20220228005613,LX홀딩스,20220228,공
KOSPI,00120076,LX인터내셔널,001120,대규모기업집단현황공시[분기별공시(개별회사용)],20220228005631,LX인터내셔널,20220228,공
KOSPI,00111722,미래에셋증권,006800,증권발행실적보고서,20220228005634,미래에셋증권,20220228,
KOSPI,00356361,LG화학,051910,대규모기업집단현황공시[분기별공시(개별회사용)],20220228005639,LG화학,20220228,공
KOSPI,00356370,LG생활건강,051900,대규모기업집단현황공시[분기별공시(개별회사용)],20220228005643,LG생활건강,20220228,공
KOSPI,00110893,대신증권,003540,의결권대리행사권유참고서류,20220228005654,대신증권,20220228,
KOSPI,00159023,SK텔레콤,017670,자기주식처분결과보고서,20220228005690,SK텔레콤,20220228,
KOSPI,00300548,현대리바트,079430,주주총회소집공고,20220228005704,현대리바트,20220228,
KOSPI,00222532,LG헬로비전,037560,대규모기업집단현황공시[분기별공시(개별회사용)],20220228005746,LG헬로비전,20220228,공
KOSPI,00131054,유진증권,001200,대규모기업집단현황공시[분기별공시(개별회사용)],20220228005761,유진증권,20220228,공
KOSPI,00161860,한성기업,003680,주주총회소집공고,20220228005767,한성기업,20220228,정
KOSPI,00164636,HDC,012630,주식등의대량보유상황보고서(일반),20220228005772,정몽규,20220228,
KOSPI,00167208,흥아해운,003280,대규모기업집단현황공시[분기별공시(개별회사용)],20220228005784,흥아해운,20220228,공
KOSPI,00146214,일성아이에스,003120,임원ㆍ주요주주특정증권등소유상황보고서,20220228005796,윤덕근,20220228,
KOSPI,00231363,LG유플러스,032640,대규모기업집단현황공시[분기별공시(개별회사용)],20220228005798,LG유플러스,20220228,공
KOSPI,00137359,신풍제약,019170,주주총회소집공고,20220228005799,신풍제약,20220228,정
KOSPI,00135917,한화손해보험,000370,[기재정정]증권신고서(채무증권),20220228005800,한화손해보험,20220228,정
KOSPI,00300548,현대리바트,079430,의결권대리행사권유참고서류,20220228005816,현대리바트,20220228,정
KOSPI,00161860,한성기업,003680,의결권대리행사권유참고서류,20220228005828,한성기업,20220228,정
KOSPI,00105873,LG디스플레이,034220,대규모기업집단현황공시[분기별공시(개별회사용)],20220228005843,LG디스플레이,20220228,공
KOSPI,00135917,한화손해보험,000370,[발행조건확정]증권신고서(채무증권),20220228005856,한화손해보험,20220228,정
KOSPI,00129554,갤럭시아에스엠,011420,대규모기업집단현황공시[분기별공시(개별회사용)],20220228005866,갤럭시아에스엠,20220228,공
KOSPI,00759513,LX하우시스,108670,대규모기업집단현황공시[분기별공시(개별회사용)],20220228005867,LX하우시스,20220228,공
KOSPI,01319899,SK바이오사이언스,302440,대규모기업집단현황공시[분기별공시(개별회사용)],20220228005873,SK바이오사이언스,20220228,공
KOSPI,00544452,이리츠코크렙,088260,대규모기업집단현황공시[분기별공시(개별회사용)],20220228005933,이리츠코크렙,20220228,공
KOSPI,00855093,선진,136490,주주총회소집공고,20220228005939,선진,20220228,
KOSPI,01412822,솔루스첨단소재,336370,주요사항보고서(유상증자결정),20220228005945,솔루스첨단소재,20220228,정
KOSPI,00109161,태경케미컬,006890,[기재정정]주주총회소집공고,20220228005952,태경케미컬,20220228,정
KOSPI,00165413,롯데케미칼,011170,증권발행실적보고서,20220228005957,롯데케미칼,20220228,
KOSPI,00140177,GS리테일,007070,대규모기업집단현황공시[분기별공시(개별회사용)],20220228005959,GS리테일,20220228,공정
KOSPI,00855093,선진,136490,의결권대리행사권유참고서류,20220228005985,선진,20220228,정
KOSPI,01430475,코람코라이프인프라리츠,357120,주요사항보고서(유상증자결정),20220228005997,코람코라이프인프라리츠,20220228,정
KOSPI,00435312,하이스틸,071090,주주총회소집공고,20220228006000,하이스틸,20220228,정
KOSPI,00116824,동아쏘시오홀딩스,000640,주주총회소집공고,20220228006003,동아쏘시오홀딩스,20220228,
KOSPI,00116824,동아쏘시오홀딩스,000640,의결권대리행사권유참고서류,20220228006005,동아쏘시오홀딩스,20220228,정
KOSPI,01515323,LG에너지솔루션,373220,대규모기업집단현황공시[분기별공시(개별회사용)],20220228006015,LG에너지솔루션,20220228,공
KOSPI,00140177,GS리테일,007070,[기재정정]대규모기업집단현황공시[분기별공시(개별회사용)],20220228006016,GS리테일,20220228,공
KOSPI,00372873,KTis,058860,대규모기업집단현황공시[분기별공시(개별회사용)],20220228006018,KTis,20220228,공
KOSPI,00435312,하이스틸,071090,의결권대리행사권유참고서류,20220228006027,하이스틸,20220228,정
KOSPI,01168383,일동제약,249420,주식등의대량보유상황보고서(일반),20220228006081,윤원영,20220228,
KOSPI,00111722,미래에셋증권,006800,증권발행실적보고서,20220228006082,미래에셋증권,20220228,
KOSPI,00109161,태경케미컬,006890,[기재정정]의결권대리행사권유참고서류,20220228006083,태경케미컬,20220228,정
KOSPI,00144164,SK가스,018670,임원ㆍ주요주주특정증권등소유상황보고서,20220228006086,나종호,20220228,
KOSPI,00111722,미래에셋증권,006800,증권발행실적보고서,20220228006115,미래에셋증권,20220228,
KOSPI,01316227,효성티앤씨,298020,대규모기업집단현황공시[분기별공시(개별회사용)],20220228006130,효성티앤씨,20220228,공
KOSPI,01205851,HD현대일렉트릭,267260,대규모기업집단현황공시[분기별공시(개별회사용)],20220228006148,HD현대일렉트릭,20220228,공
KOSPI,00123781,부국철강,026940,[기재정정]주식등의대량보유상황보고서(일반),20220228006162,남상규,20220228,
KOSPI,00144164,SK가스,018670,임원ㆍ주요주주특정증권등소유상황보고서,20220228006164,손철승,20220228,
KOSPI,01316236,효성화학,298000,대규모기업집단현황공시[분기별공시(개별회사용)],20220228006180,효성화학,20220228,공
KOSPI,01168383,일동제약,249420,임원ㆍ주요주주특정증권등소유상황보고서,20220228006184,전걸순,20220228,
KOSPI,00545716,롯데렌탈,089860,특수관계인과의리스거래,20220228006210,롯데렌탈,20220228,공
KOSPI,00121969,에쓰씨엔지니어링,023960,[기재정정]주요사항보고서(유상증자결정),20220228006225,에쓰씨엔지니어링,20220228,정
KOSPI,00401731,LG전자,066570,대규모기업집단현황공시[분기별공시(개별회사용)],20220228006226,LG전자,20220228,공
KOSPI,00545716,롯데렌탈,089860,특수관계인과의리스거래,20220228006231,롯데렌탈,20220228,공
KOSPI,00112332,미래에셋생명,085620,대규모기업집단현황공시[분기별공시(개별회사용)],20220228006236,미래에셋생명,20220228,공
KOSPI,01060814,삼양패키징,272550,주식등의대량보유상황보고서(약식),20220228006272,에스케이지오센트릭,20220228,
KOSPI,01430475,코람코라이프인프라리츠,357120,증권신고서(집합투자증권-회사형)(주식회사코람코에너지플러스위탁관리부동산투자회사),20220228006290,코람코라이프인프라리츠,20220228,정
KOSPI,00113058,한화생명,088350,대규모기업집단현황공시[분기별공시(개별회사용)],20220228006312,한화생명,20220228,공
KOSPI,01316245,효성중공업,298040,대규모기업집단현황공시[분기별공시(개별회사용)],20220228006346,효성중공업,20220228,공
KOSPI,00106313,금호건설,002990,[기재정정]대규모기업집단현황공시[분기별공시(대표회사용)],20220228006358,금호건설,20220228,공
KOSPI,01316254,HS효성첨단소재,298050,대규모기업집단현황공시[분기별공시(개별회사용)],20220228006382,HS효성첨단소재,20220228,공
KOSPI,00117601,유안타증권,003470,일괄신고추가서류(기타파생결합사채),20220228006384,유안타증권,20220228,
KOSPI,00117601,유안타증권,003470,투자설명서(일괄신고),20220228006400,유안타증권,20220228,
KOSPI,00124540,대우건설,047040,임원ㆍ주요주주특정증권등소유상황보고서,20220228006403,케이디비인베스트먼트제일호,20220228,
KOSPI,00795135,코오롱인더,120110,주주총회소집공고,20220228006417,코오롱인더,20220228,정
KOSPI,00795135,코오롱인더,120110,의결권대리행사권유참고서류,20220228006433,코오롱인더,20220228,정
KOSPI,00124540,대우건설,047040,독립이사의선임ㆍ해임또는중도퇴임에관한신고,20220228006435,대우건설,20220228,
KOSPI,00124540,대우건설,047040,주식등의대량보유상황보고서(일반),20220228006447,케이디비인베스트먼트제일호,20220228,정
KOSPI,00111722,미래에셋증권,006800,대규모기업집단현황공시[분기별공시(개별회사용)],20220228006466,미래에셋증권,20220228,공
KOSPI,00983040,한진칼,180640,증권신고서(채무증권),20220228006473,한진칼,20220228,정
KOSPI,00125743,현대비앤지스틸,004560,증권발행실적보고서,20220228006506,현대비앤지스틸,20220228,
KOSPI,01412822,솔루스첨단소재,336370,증권신고서(지분증권),20220228006523,솔루스첨단소재,20220228,정
KOSPI,00117601,유안타증권,003470,일괄신고추가서류(파생결합증권-주가연계증권),20220228006540,유안타증권,20220228,
KOSPI,00469799,이엔플러스,074610,주식등의대량보유상황보고서(일반),20220228006543,에이팀하모니제1호사모투자,20220228,
KOSPI,00469799,이엔플러스,074610,주식등의대량보유상황보고서(약식),20220228006558,오에스티에이,20220228,
KOSPI,00117601,유안타증권,003470,투자설명서(일괄신고),20220228006572,유안타증권,20220228,
KOSPI,00117188,효성,004800,[기재정정]대규모기업집단현황공시[분기별공시(대표회사용)],20220228006604,효성,20220228,공
KOSPI,00854997,에스디바이오센서,137310,임원ㆍ주요주주특정증권등소유상황보고서,20220228006609,이선영,20220228,
KOSPI,00125743,현대비앤지스틸,004560,[기재정정]주요사항보고서(중요한자산양수도결정(기타)),20220228006644,현대비앤지스틸,20220228,
KOSPI,00133511,SG세계물산,004060,주요사항보고서(회사분할결정),20220228006646,SG세계물산,20220228,
KOSPI,00158307,롯데하이마트,071840,주주총회소집공고,20220228006658,롯데하이마트,20220228,
KOSPI,00414601,유니퀘스트,077500,주식등의대량보유상황보고서(일반),20220228006662,임창완,20220228,
KOSPI,00125743,현대비앤지스틸,004560,합병등종료보고서(자산양수도),20220228006664,현대비앤지스틸,20220228,
KOSPI,01205709,HD현대,267250,[발행조건확정]증권신고서(채무증권),20220228006665,HD현대,20220228,
KOSPI,00939331,한국콜마,161890,[발행조건확정]증권신고서(채무증권),20220228006681,한국콜마,20220228,
KOSPI,00414601,유니퀘스트,077500,임원ㆍ주요주주특정증권등소유상황보고서,20220228006695,김동현,20220228,
KOSPI,00117601,유안타증권,003470,일괄신고추가서류(기타파생결합사채),20220228006703,유안타증권,20220228,
KOSPI,00117601,유안타증권,003470,투자설명서(일괄신고),20220228006736,유안타증권,20220228,
KOSPI,00117601,유안타증권,003470,일괄신고추가서류(기타파생결합사채),20220228006738,유안타증권,20220228,
KOSPI,00164724,현대엘리베이터,017800,주식등의대량보유상황보고서(일반),20220228006747,현정은,20220228,
KOSPI,00117601,유안타증권,003470,투자설명서(일괄신고),20220228006754,유안타증권,20220228,
KOSPI,01276594,신한알파리츠,293940,효력발생안내( 2022.2.25. 제출 증권신고서(집합투자증권-회사형) ),20220228100001,금융감독원,20220228,
KOSPI,00129679,녹십자,006280,투자판단관련주요경영사항,20220228800077,녹십자,20220228,유
KOSPI,01276594,신한알파리츠,293940,유상증자신주발행가액(안내공시)(1차 발행가액 확정),20220228800078,신한알파리츠,20220228,유
KOSPI,00105855,엘에스일렉트릭,010120,최대주주등소유주식변동신고서,20220228800083,엘에스일렉트릭,20220228,유
KOSPI,00248974,하나제약,293480,주주총회소집결의,20220228800121,하나제약,20220228,유
KOSPI,00248974,하나제약,293480,현금ㆍ현물배당결정,20220228800122,하나제약,20220228,유
KOSPI,00164830,HD한국조선해양,009540,단일판매ㆍ공급계약체결(자회사의 주요경영사항),20220228800126,HD한국조선해양,20220228,유
KOSPI,01205709,HD현대,267250,단일판매ㆍ공급계약체결(자회사의 주요경영사항),20220228800136,HD현대,20220228,유
KOSPI,00362441,현대오토에버,307950,주주총회소집결의,20220228800162,현대오토에버,20220228,유
KOSPI,00126089,DH오토넥스,000300,매출액또는손익구조30%(대규모법인은15%)이상변경,20220228800175,DH오토넥스,20220228,유정
KOSPI,00106395,금호전기,001210,전환가액ㆍ신주인수권행사가액ㆍ교환가액의조정(안내공시),20220228800179,금호전기,20220228,유
KOSPI,00362441,현대오토에버,307950,주주총회집중일개최사유신고,20220228800186,현대오토에버,20220228,유
KOSPI,00855163,미원화학,134380,최대주주등소유주식변동신고서,20220228800190,미원화학,20220228,유
KOSPI,00164478,현대건설,000720,투자판단관련주요경영사항,20220228800193,현대건설,20220228,유
KOSPI,00148948,조비,001550,주주총회소집결의,20220228800217,조비,20220228,유
KOSPI,00135962,신라교역,004970,주주총회소집결의,20220228800229,신라교역,20220228,유정
KOSPI,00878696,에스케이바이오팜,326030,단일판매ㆍ공급계약체결,20220228800231,에스케이바이오팜,20220228,유
KOSPI,00166573,환인제약,016580,주주총회소집결의,20220228800236,환인제약,20220228,유
KOSPI,00135962,신라교역,004970,현금ㆍ현물배당결정,20220228800240,신라교역,20220228,유
KOSPI,00166573,환인제약,016580,현금ㆍ현물배당결정,20220228800241,환인제약,20220228,유
KOSPI,00136271,신성이엔지,011930,최대주주등소유주식변동신고서,20220228800262,신성이엔지,20220228,유
KOSPI,00648721,SNT에너지,100840,정기주주총회결과,20220228800279,SNT에너지,20220228,유
KOSPI,00134477,SNT다이내믹스,003570,정기주주총회결과,20220228800291,SNT다이내믹스,20220228,유
KOSPI,00148832,제주은행,006220,기업지배구조보고서공시,20220228800315,제주은행,20220228,유정
KOSPI,00156859,다올투자증권,030210,기업지배구조보고서공시,20220228800322,다올투자증권,20220228,유
KOSPI,00126089,DH오토넥스,000300,전환가액ㆍ신주인수권행사가액ㆍ교환가액의조정(안내공시),20220228800337,DH오토넥스,20220228,유정
KOSPI,00126089,DH오토넥스,000300,전환가액ㆍ신주인수권행사가액ㆍ교환가액의조정(안내공시),20220228800340,DH오토넥스,20220228,유
KOSPI,00164973,현대해상,001450,기업지배구조보고서공시,20220228800378,현대해상,20220228,유정
KOSPI,00133618,우양피앤엘,002420,감사보고서제출,20220228800381,우양피앤엘,20220228,유
KOSPI,00160588,한화,000880,연결재무제표기준영업(잠정)실적(공정공시),20220228800402,한화,20220228,유
KOSPI,00160588,한화,000880,매출액또는손익구조30%(대규모법인은15%)이상변경,20220228800404,한화,20220228,유
KOSPI,00160588,한화,000880,현금ㆍ현물배당결정,20220228800406,한화,20220228,유
KOSPI,00160588,한화,000880,기업설명회(IR)개최(안내공시),20220228800408,한화,20220228,유
KOSPI,00112651,대창,012800,주주총회소집결의,20220228800423,대창,20220228,유
KOSPI,00141477,영흥,012160,매출액또는손익구조30%(대규모법인은15%)이상변경,20220228800455,영흥,20220228,유
KOSPI,01060744,한솔제지,213500,주주총회소집결의,20220228800469,한솔제지,20220228,유
KOSPI,00854997,에스디바이오센서,137310,기업설명회(IR)개최(안내공시),20220228800475,에스디바이오센서,20220228,유
KOSPI,00300548,현대리바트,079430,주주총회소집결의,20220228800477,현대리바트,20220228,유
KOSPI,00106395,금호전기,001210,주주총회소집결의,20220228800487,금호전기,20220228,유
KOSPI,00480455,STX엔진,077970,매출액또는손익구조30%(대규모법인은15%)이상변경,20220228800515,STX엔진,20220228,유
KOSPI,00128980,삼호개발,010960,[기재정정]단일판매ㆍ공급계약체결(자율공시),20220228800524,삼호개발,20220228,유
KOSPI,00141477,영흥,012160,주주총회소집결의,20220228800530,영흥,20220228,유정
KOSPI,00141413,영화금속,012280,전환가액ㆍ신주인수권행사가액ㆍ교환가액의조정(안내공시),20220228800568,영화금속,20220228,유
KOSPI,00146232,일성건설,013360,단일판매ㆍ공급계약체결,20220228800578,일성건설,20220228,유정
KOSPI,00398792,SNT모티브,064960,정기주주총회결과,20220228800600,SNT모티브,20220228,유
KOSPI,00164478,현대건설,000720,[기재정정]단일판매ㆍ공급계약체결,20220228800613,현대건설,20220228,유
KOSPI,00113997,롯데에너지머티리얼즈,020150,대표이사(대표집행임원)변경(안내공시),20220228800621,롯데에너지머티리얼즈,20220228,유
KOSPI,00303217,우진플라임,049800,매출액또는손익구조30%(대규모법인은15%)이상변경,20220228800624,우진플라임,20220228,유
KOSPI,00110893,대신증권,003540,주주총회소집결의,20220228800625,대신증권,20220228,유
KOSPI,00163716,한창,005110,전환가액ㆍ신주인수권행사가액ㆍ교환가액의조정(안내공시),20220228800631,한창,20220228,유
KOSPI,00303217,우진플라임,049800,주주총회소집결의,20220228800641,우진플라임,20220228,유
KOSPI,00303217,우진플라임,049800,현금ㆍ현물배당결정,20220228800663,우진플라임,20220228,유정
KOSPI,00877059,삼성바이오로직스,207940,최대주주등소유주식변동신고서,20220228800677,삼성바이오로직스,20220228,유
KOSPI,00110893,대신증권,003540,현금ㆍ현물배당결정,20220228800680,대신증권,20220228,유정
KOSPI,01412822,솔루스첨단소재,336370,단기차입금증가결정,20220228800684,솔루스첨단소재,20220228,유
KOSPI,00148948,조비,001550,[기재정정]매출액또는손익구조30%(대규모법인은15%)이상변경,20220228800688,조비,20220228,유
KOSPI,00110893,대신증권,003540,[기재정정]매출액또는손익구조30%(대규모법인은15%)이상변경,20220228800689,대신증권,20220228,유
KOSPI,00146214,일성아이에스,003120,주주총회소집결의,20220228800711,일성아이에스,20220228,유정
KOSPI,00160302,코스모화학,005420,매출액또는손익구조30%(대규모법인은15%)이상변경,20220228800713,코스모화학,20220228,유
KOSPI,00127255,삼영,003720,매출액또는손익구조30%(대규모법인은15%)이상변경,20220228800719,삼영,20220228,유
KOSPI,00146214,일성아이에스,003120,현금ㆍ현물배당결정,20220228800724,일성아이에스,20220228,유
KOSPI,00126089,DH오토넥스,000300,주주총회소집결의,20220228800739,DH오토넥스,20220228,유
KOSPI,00261443,NC,036570,기업설명회(IR)개최(안내공시),20220228800741,NC,20220228,유
KOSPI,00138260,SIMPAC,009160,현금ㆍ현물배당결정,20220228800743,SIMPAC,20220228,유
KOSPI,00137359,신풍제약,019170,[기재정정]매출액또는손익구조30%(대규모법인은15%)이상변경,20220228800744,신풍제약,20220228,유
KOSPI,00398792,SNT모티브,064960,대표이사(대표집행임원)변경(안내공시),20220228800754,SNT모티브,20220228,유
KOSPI,01412822,솔루스첨단소재,336370,금전대여결정,20220228800757,솔루스첨단소재,20220228,유정
KOSPI,00146214,일성아이에스,003120,주주총회집중일개최사유신고,20220228800759,일성아이에스,20220228,유
KOSPI,00303217,우진플라임,049800,주주총회집중일개최사유신고,20220228800765,우진플라임,20220228,유
KOSPI,00152385,에이프로젠,007460,전환가액ㆍ신주인수권행사가액ㆍ교환가액의조정(안내공시),20220228800776,에이프로젠,20220228,유
KOSPI,00138260,SIMPAC,009160,주주총회소집결의,20220228800783,SIMPAC,20220228,유
KOSPI,00137359,신풍제약,019170,주주총회소집결의,20220228800790,신풍제약,20220228,유
KOSPI,00126371,삼성전기,009150,금전대여결정,20220228800794,삼성전기,20220228,유
KOSPI,00145464,이구산업,025820,현금ㆍ현물배당결정,20220228800795,이구산업,20220228,유
KOSPI,00112332,미래에셋생명,085620,주주총회소집결의,20220228800822,미래에셋생명,20220228,유정
KOSPI,00113535,대한해운,005880,주주총회집중일개최사유신고,20220228800830,대한해운,20220228,유
KOSPI,00112332,미래에셋생명,085620,최대주주등소유주식변동신고서,20220228800833,미래에셋생명,20220228,유
KOSPI,00225159,SNT홀딩스,036530,정기주주총회결과,20220228800841,SNT홀딩스,20220228,유
KOSPI,00149655,삼성물산,028260,최대주주등소유주식변동신고서,20220228800849,삼성물산,20220228,유
KOSPI,00132354,쿠쿠홀딩스,192400,매출액또는손익구조30%(대규모법인은15%)이상변경,20220228800864,쿠쿠홀딩스,20220228,유
KOSPI,00878915,iM금융지주,139130,[기재정정]상각형조건부자본증권발행결정(자회사의 주요경영사항),20220228800872,iM금융지주,20220228,유정
KOSPI,00132804,성신양회,004980,현금ㆍ현물배당결정,20220228800877,성신양회,20220228,유
KOSPI,00164636,HDC,012630,최대주주등소유주식변동신고서,20220228800890,HDC,20220228,유
KOSPI,00137359,신풍제약,019170,주주총회집중일개최사유신고,20220228800902,신풍제약,20220228,유
KOSPI,00106119,금양,001570,주주총회소집결의,20220228800903,금양,20220228,유
KOSPI,00415646,드림텍,192650,주주총회소집결의,20220228800904,드림텍,20220228,유
KOSPI,00145464,이구산업,025820,주주총회소집결의,20220228800912,이구산업,20220228,유
KOSPI,00231372,롯데관광개발,032350,전환가액ㆍ신주인수권행사가액ㆍ교환가액의조정(안내공시),20220228800924,롯데관광개발,20220228,유정
KOSPI,01159233,솔루엠,248070,금전대여결정,20220228800925,솔루엠,20220228,유
KOSPI,00231372,롯데관광개발,032350,전환가액ㆍ신주인수권행사가액ㆍ교환가액의조정(안내공시),20220228800927,롯데관광개발,20220228,유
KOSPI,00670340,씨에스윈드,112610,주주총회소집결의,20220228800928,씨에스윈드,20220228,유
KOSPI,00144164,SK가스,018670,주주총회소집결의,20220228800943,SK가스,20220228,유
KOSPI,00172185,남성,004270,현금ㆍ현물배당결정,20220228800944,남성,20220228,유
KOSPI,00149804,디와이에이,002880,매출액또는손익구조30%(대규모법인은15%)이상변경,20220228800951,디와이에이,20220228,유정
KOSPI,00557508,GKL,114090,임시주주총회결과,20220228800956,GKL,20220228,유
KOSPI,00132804,성신양회,004980,매출액또는손익구조30%(대규모법인은15%)이상변경,20220228800960,성신양회,20220228,유
KOSPI,00150633,지누스,013890,주주총회소집결의,20220228800965,지누스,20220228,유
KOSPI,00137207,유니켐,011330,매출액또는손익구조30%(대규모법인은15%)이상변경,20220228800966,유니켐,20220228,유
KOSPI,00132804,성신양회,004980,주주총회소집결의,20220228800967,성신양회,20220228,유
KOSPI,00172185,남성,004270,매출액또는손익구조30%(대규모법인은15%)이상변경,20220228800975,남성,20220228,유정
KOSPI,00121969,에쓰씨엔지니어링,023960,타법인주식및출자증권취득결정,20220228800985,에쓰씨엔지니어링,20220228,유
KOSPI,01168383,일동제약,249420,최대주주등소유주식변동신고서,20220228801005,일동제약,20220228,유
KOSPI,00156150,엑시큐어하이트론,019490,[기재정정]단일판매ㆍ공급계약체결,20220228801011,엑시큐어하이트론,20220228,유정
KOSPI,00106119,금양,001570,매출액또는손익구조30%(대규모법인은15%)이상변경,20220228801023,금양,20220228,유정
KOSPI,00138242,KG모빌리티,003620,투자판단관련주요경영사항,20220228801028,KG모빌리티,20220228,유
KOSPI,00469799,이엔플러스,074610,[기재정정]투자판단관련주요경영사항,20220228801034,이엔플러스,20220228,유정
KOSPI,00106119,금양,001570,주주총회집중일개최사유신고,20220228801039,금양,20220228,유
KOSPI,01390344,HD현대중공업,329180,영업(잠정)실적(공정공시),20220228801040,HD현대중공업,20220228,유
KOSPI,00124540,대우건설,047040,임시주주총회결과,20220228801059,대우건설,20220228,유
KOSPI,00149804,디와이에이,002880,주주총회소집결의,20220228801065,디와이에이,20220228,유
KOSPI,00131054,유진증권,001200,최대주주등소유주식변동신고서,20220228801078,유진증권,20220228,유
KOSPI,00138279,S-Oil,010950,주주총회소집결의,20220228801101,S-Oil,20220228,유
KOSPI,00110893,대신증권,003540,[기재정정]현금ㆍ현물배당결정,20220228801106,대신증권,20220228,유
KOSPI,00138279,S-Oil,010950,현금ㆍ현물배당결정,20220228801122,S-Oil,20220228,유
KOSPI,00143527,경동인베스트,012320,현금ㆍ현물배당결정(자회사의 주요경영사항),20220228801132,경동인베스트,20220228,유
KOSPI,00138279,S-Oil,010950,[기재정정]매출액또는손익구조30%(대규모법인은15%)이상변경,20220228801135,S-Oil,20220228,유
KOSPI,00143527,경동인베스트,012320,주주총회소집결의,20220228801139,경동인베스트,20220228,유
KOSPI,00143527,경동인베스트,012320,현금ㆍ현물배당결정,20220228801143,경동인베스트,20220228,유
KOSPI,00124540,대우건설,047040,대표이사(대표집행임원)변경(안내공시),20220228801147,대우건설,20220228,유
KOSPI,00158307,롯데하이마트,071840,[기재정정]영업(잠정)실적(공정공시),20220228801155,롯데하이마트,20220228,유
KOSPI,00164830,HD한국조선해양,009540,영업(잠정)실적(공정공시)(자회사의 주요경영사항),20220228801173,HD한국조선해양,20220228,유
KOSPI,00124540,대우건설,047040,최대주주등소유주식변동신고서(최대주주변경시),20220228801176,대우건설,20220228,유
KOSPI,00151298,DSR제강,069730,주주총회소집결의,20220228801179,DSR제강,20220228,유
KOSPI,00158307,롯데하이마트,071840,주주총회소집결의,20220228801180,롯데하이마트,20220228,유
KOSPI,00164830,HD한국조선해양,009540,최대주주등소유주식변동신고서,20220228801194,HD한국조선해양,20220228,유정
KOSPI,00151298,DSR제강,069730,현금ㆍ현물배당결정,20220228801200,DSR제강,20220228,유
KOSPI,00414601,유니퀘스트,077500,최대주주등소유주식변동신고서,20220228801209,유니퀘스트,20220228,유
KOSPI,00110608,DSR,155660,현금ㆍ현물배당결정,20220228801226,DSR,20220228,유
KOSPI,00164830,HD한국조선해양,009540,[기재정정]최대주주등소유주식변동신고서,20220228801227,HD한국조선해양,20220228,유
KOSPI,00100939,강남제비스코,000860,매출액또는손익구조30%(대규모법인은15%)이상변경,20220228801230,강남제비스코,20220228,유정
KOSPI,00110608,DSR,155660,주주총회소집결의,20220228801237,DSR,20220228,유
KOSPI,00231372,롯데관광개발,032350,[기재정정]전환가액ㆍ신주인수권행사가액ㆍ교환가액의조정(안내공시),20220228801239,롯데관광개발,20220228,유
KOSPI,00158307,롯데하이마트,071840,[기재정정]매출액또는손익구조30%(대규모법인은15%)이상변경,20220228801246,롯데하이마트,20220228,유
KOSPI,00112332,미래에셋생명,085620,[기재정정]주주총회소집결의,20220228801257,미래에셋생명,20220228,유
KOSPI,00110608,DSR,155660,주주총회집중일개최사유신고,20220228801281,DSR,20220228,유
KOSPI,00260383,대한유화,006650,감사보고서제출,20220228801295,대한유화,20220228,유
KOSPI,00303217,우진플라임,049800,[기재정정]현금ㆍ현물배당결정,20220228801305,우진플라임,20220228,유
KOSPI,00129679,녹십자,006280,투자판단관련주요경영사항,20220228801331,녹십자,20220228,유
KOSPI,01276594,신한알파리츠,293940,효력발생안내( 2022.2.28. 제출 증권신고서(집합투자증권-회사형) ),20220228100003,금융감독원,20220302,
KOSPI,01205709,HD현대,267250,투자설명서,20220302000009,HD현대,20220302,
KOSPI,00939331,한국콜마,161890,투자설명서,20220302000013,한국콜마,20220302,
KOSPI,00120182,NH투자증권,005940,증권발행실적보고서,20220302000059,NH투자증권,20220302,
KOSPI,00127158,씨아이테크,004920,주식등의대량보유상황보고서(약식),20220302000060,정병철,20220302,
KOSPI,00135917,한화손해보험,000370,주주총회소집공고,20220302000061,한화손해보험,20220302,정
KOSPI,00120182,NH투자증권,005940,증권발행실적보고서,20220302000064,NH투자증권,20220302,
KOSPI,00135917,한화손해보험,000370,의결권대리행사권유참고서류,20220302000066,한화손해보험,20220302,정
KOSPI,00126380,삼성전자,005930,임원ㆍ주요주주특정증권등소유상황보고서,20220302000086,박병국,20220302,
KOSPI,00159786,유니드,014830,주주총회소집공고,20220302000093,유니드,20220302,
KOSPI,00124540,대우건설,047040,[기재정정]주식등의대량보유상황보고서(일반),20220302000112,케이디비인베스트먼트제일호,20220302,
KOSPI,00129989,코스모신소재,005070,[기재정정]주주총회소집공고,20220302000114,코스모신소재,20220302,
KOSPI,00166573,환인제약,016580,주주총회소집공고,20220302000115,환인제약,20220302,
KOSPI,00103130,MDS스피어,009810,주식등의대량보유상황보고서(약식),20220302000118,옥토(Oct)1호조합,20220302,
KOSPI,00760971,크래프톤,259960,임원ㆍ주요주주특정증권등소유상황보고서,20220302000157,장병규,20220302,
KOSPI,01180118,코람코더원리츠,417310,감사보고서 (2021.12),20220302000159,삼일회계법인,20220302,
KOSPI,00155319,POSCO홀딩스,005490,합병등종료보고서(분할),20220302000160,POSCO홀딩스,20220302,
KOSPI,00102140,케이아이이,009140,임원ㆍ주요주주특정증권등소유상황보고서,20220302000206,김성은,20220302,
KOSPI,00296290,키움증권,039490,일괄신고추가서류(파생결합증권-주가연계증권),20220302000256,키움증권,20220302,
KOSPI,00115694,DB증권,016610,일괄신고추가서류(기타파생결합사채),20220302000258,DB증권,20220302,
KOSPI,00111722,미래에셋증권,006800,일괄신고추가서류(파생결합사채-주가연계파생결합사채),20220302000260,미래에셋증권,20220302,
KOSPI,00115694,DB증권,016610,일괄신고추가서류(파생결합사채-주가연계파생결합사채),20220302000262,DB증권,20220302,
KOSPI,01276594,신한알파리츠,293940,[기재정정]투자설명서(집합투자증권)((주)신한알파위탁관리부동산투자회사),20220302000268,신한알파리츠,20220302,정
KOSPI,00115694,DB증권,016610,일괄신고추가서류(파생결합증권-주가연계증권),20220302000275,DB증권,20220302,
KOSPI,00111722,미래에셋증권,006800,투자설명서(일괄신고),20220302000279,미래에셋증권,20220302,
KOSPI,00115694,DB증권,016610,투자설명서(일괄신고),20220302000281,DB증권,20220302,
KOSPI,00120182,NH투자증권,005940,증권발행실적보고서,20220302000282,NH투자증권,20220302,
KOSPI,00115694,DB증권,016610,투자설명서(일괄신고),20220302000287,DB증권,20220302,
KOSPI,01535150,SK리츠,395400,주주총회소집공고,20220302000299,SK리츠,20220302,
KOSPI,00115694,DB증권,016610,투자설명서(일괄신고),20220302000300,DB증권,20220302,
KOSPI,00160232,KSS해운,044450,주요사항보고서(자기주식처분결정),20220302000314,KSS해운,20220302,
KOSPI,01535150,SK리츠,395400,의결권대리행사권유참고서류,20220302000316,SK리츠,20220302,정
KOSPI,00106669,세아베스틸지주,001430,의결권대리행사권유참고서류,20220302000317,세아베스틸지주,20220302,
KOSPI,00296290,키움증권,039490,투자설명서(일괄신고),20220302000318,키움증권,20220302,
KOSPI,00795135,코오롱인더,120110,임원ㆍ주요주주특정증권등소유상황보고서,20220302000321,장희구,20220302,
KOSPI,00104698,LS네트웍스,000680,동일인등출자계열회사와의상품ㆍ용역거래변경,20220302000339,LS네트웍스,20220302,공
KOSPI,00156859,다올투자증권,030210,주주총회소집공고,20220302000348,다올투자증권,20220302,정
KOSPI,00156859,다올투자증권,030210,의결권대리행사권유참고서류,20220302000360,다올투자증권,20220302,정
KOSPI,00174527,HS화성,002460,주식등의대량보유상황보고서(일반),20220302000384,동진건설,20220302,
KOSPI,00117601,유안타증권,003470,증권발행실적보고서,20220302000387,유안타증권,20220302,
KOSPI,00138190,GS글로벌,001250,[첨부정정]의결권대리행사권유참고서류,20220302000392,GS글로벌,20220302,
KOSPI,00122737,팬오션,028670,주식등의대량보유상황보고서(일반),20220302000395,하림지주,20220302,
KOSPI,00203582,한솔홈데코,025750,주주총회소집공고,20220302000405,한솔홈데코,20220302,정
KOSPI,00401731,LG전자,066570,주주총회소집공고,20220302000410,LG전자,20220302,
KOSPI,00160588,한화,000880,임원ㆍ주요주주특정증권등소유상황보고서,20220302000411,김경일,20220302,
KOSPI,01576102,미래에셋글로벌리츠,396690,주식등의대량보유상황보고서(약식),20220302000415,미래에셋자산운용,20220302,
KOSPI,00133812,세방,004360,신탁계약에의한취득상황보고서,20220302000417,세방,20220302,
KOSPI,00160588,한화,000880,임원ㆍ주요주주특정증권등소유상황보고서,20220302000418,이무일,20220302,
KOSPI,00105280,현대지에프홀딩스,005440,[첨부정정]의결권대리행사권유참고서류,20220302000420,현대지에프홀딩스,20220302,정
KOSPI,00203582,한솔홈데코,025750,의결권대리행사권유참고서류,20220302000423,한솔홈데코,20220302,정
KOSPI,00795135,코오롱인더,120110,주식등의대량보유상황보고서(일반),20220302000435,코오롱,20220302,
KOSPI,00115612,동부건설,005960,주식등의대량보유상황보고서(일반),20220302000436,키스톤에코프라임,20220302,
KOSPI,00628189,웅진씽크빅,095720,임원ㆍ주요주주특정증권등소유상황보고서,20220302000440,이재진,20220302,
KOSPI,01262032,롯데이노베이트,286940,[첨부정정]의결권대리행사권유참고서류,20220302000442,롯데이노베이트,20220302,
KOSPI,00939331,한국콜마,161890,증권발행실적보고서,20220302000443,한국콜마,20220302,
KOSPI,00401731,LG전자,066570,의결권대리행사권유참고서류,20220302000447,LG전자,20220302,
KOSPI,00163761,한창제지,009460,주주총회소집공고,20220302000459,한창제지,20220302,정
KOSPI,00124799,사조산업,007160,[첨부정정]의결권대리행사권유참고서류,20220302000474,송종국,20220302,
KOSPI,00158501,에스원,012750,주주총회소집공고,20220302000478,에스원,20220302,
KOSPI,00163761,한창제지,009460,의결권대리행사권유참고서류,20220302000482,한창제지,20220302,정
KOSPI,00111722,미래에셋증권,006800,일괄신고추가서류(기타파생결합사채),20220302000490,미래에셋증권,20220302,
KOSPI,00339391,한화시스템,272210,임원ㆍ주요주주특정증권등소유상황보고서,20220302000495,이석호,20220302,
KOSPI,00111722,미래에셋증권,006800,투자설명서(일괄신고),20220302000500,미래에셋증권,20220302,
KOSPI,00109824,대림통상,006570,독립이사의선임ㆍ해임또는중도퇴임에관한신고,20220302000501,대림통상,20220302,
KOSPI,00545716,롯데렌탈,089860,[기재정정]증권신고서(채무증권),20220302000510,롯데렌탈,20220302,
KOSPI,00158501,에스원,012750,의결권대리행사권유참고서류,20220302000513,에스원,20220302,정
KOSPI,01596425,SK스퀘어,402340,[기재정정]의결권대리행사권유참고서류,20220302000520,SK스퀘어,20220302,
KOSPI,00258801,카카오,035720,임원ㆍ주요주주특정증권등소유상황보고서,20220302000525,권대열,20220302,
KOSPI,01596425,SK스퀘어,402340,[기재정정]주주총회소집공고,20220302000530,SK스퀘어,20220302,
KOSPI,00258801,카카오,035720,임원ㆍ주요주주특정증권등소유상황보고서,20220302000541,홍은택,20220302,
KOSPI,00145109,유한양행,000100,주주총회소집공고,20220302000554,유한양행,20220302,
KOSPI,00123718,부광약품,003000,주식등의대량보유상황보고서(일반),20220302000556,김동연,20220302,
KOSPI,01205709,HD현대,267250,증권발행실적보고서,20220302000558,HD현대,20220302,
KOSPI,00123718,부광약품,003000,임원ㆍ주요주주특정증권등소유상황보고서,20220302000559,김상훈,20220302,
KOSPI,00144164,SK가스,018670,주주총회소집공고,20220302000563,SK가스,20220302,
KOSPI,00145109,유한양행,000100,의결권대리행사권유참고서류,20220302000564,유한양행,20220302,
KOSPI,00148610,한화투자증권,003530,임원ㆍ주요주주특정증권등소유상황보고서,20220302000567,신충섭,20220302,
KOSPI,00123718,부광약품,003000,주식등의대량보유상황보고서(일반),20220302000572,OCI홀딩스,20220302,
KOSPI,00105280,현대지에프홀딩스,005440,[첨부정정]의결권대리행사권유참고서류,20220302000577,현대지에프홀딩스,20220302,정
KOSPI,00144164,SK가스,018670,의결권대리행사권유참고서류,20220302000578,SK가스,20220302,
KOSPI,00148832,제주은행,006220,주주총회소집공고,20220302000582,제주은행,20220302,정
KOSPI,00855093,선진,136490,[첨부정정]의결권대리행사권유참고서류,20220302000583,선진,20220302,
KOSPI,00266961,NAVER,035420,주요사항보고서(자기주식처분결정),20220302000584,NAVER,20220302,정
KOSPI,00123718,부광약품,003000,주식등의대량보유상황보고서(일반),20220302000587,OCI홀딩스,20220302,
KOSPI,00126256,삼성생명,032830,주주총회소집공고,20220302000588,삼성생명,20220302,
KOSPI,00117498,스틱인베스트먼트,026890,주주총회소집공고,20220302000589,스틱인베스트먼트,20220302,
KOSPI,00117498,스틱인베스트먼트,026890,의결권대리행사권유참고서류,20220302000590,스틱인베스트먼트,20220302,
KOSPI,00105280,현대지에프홀딩스,005440,[기재정정]주주총회소집공고,20220302000595,현대지에프홀딩스,20220302,
KOSPI,00152880,코오롱글로벌,003070,합병등종료보고서(합병),20220302000596,코오롱글로벌,20220302,정
KOSPI,00105280,현대지에프홀딩스,005440,[기재정정]의결권대리행사권유참고서류,20220302000603,현대지에프홀딩스,20220302,
KOSPI,00144164,SK가스,018670,임원ㆍ주요주주특정증권등소유상황보고서,20220302000616,이상구,20220302,
KOSPI,00125743,현대비앤지스틸,004560,[첨부정정]의결권대리행사권유참고서류,20220302000620,현대비앤지스틸,20220302,
KOSPI,00163716,한창,005110,주식등의대량보유상황보고서(일반),20220302000621,매지움,20220302,
KOSPI,00126256,삼성생명,032830,의결권대리행사권유참고서류,20220302000626,삼성생명,20220302,
KOSPI,00141875,사조오양,006090,주주총회소집공고,20220302000628,사조오양,20220302,
KOSPI,00111722,미래에셋증권,006800,일괄신고추가서류,20220302000629,미래에셋증권,20220302,
KOSPI,00155276,포스코퓨처엠,003670,[기재정정]주주총회소집공고,20220302000630,포스코퓨처엠,20220302,
KOSPI,00111722,미래에셋증권,006800,투자설명서(일괄신고),20220302000632,미래에셋증권,20220302,
KOSPI,00155276,포스코퓨처엠,003670,[기재정정]의결권대리행사권유참고서류,20220302000634,포스코퓨처엠,20220302,정
KOSPI,00113535,대한해운,005880,[첨부정정]의결권대리행사권유참고서류,20220302000635,대한해운,20220302,
KOSPI,00120182,NH투자증권,005940,주요사항보고서(유상증자결정),20220302000638,NH투자증권,20220302,
KOSPI,00141875,사조오양,006090,의결권대리행사권유참고서류,20220302000643,사조오양,20220302,
KOSPI,00137368,신풍,002870,주식등의대량보유상황보고서(일반),20220302000658,정학헌,20220302,
KOSPI,00111810,대웅,003090,임원ㆍ주요주주특정증권등소유상황보고서,20220302000662,윤재춘,20220302,
KOSPI,01412822,솔루스첨단소재,336370,기업설명회(IR)개최(안내공시),20220302800128,솔루스첨단소재,20220302,유
KOSPI,00118521,진원생명과학,011000,[기재정정]단일판매ㆍ공급계약체결,20220302800155,진원생명과학,20220302,유
KOSPI,01168383,일동제약,249420,기업설명회(IR)개최(안내공시),20220302800158,일동제약,20220302,유
KOSPI,00101433,경농,002100,주주총회집중일개최사유신고,20220302800167,경농,20220302,유
KOSPI,00159616,두산에너빌리티,034020,기타경영사항(자율공시),20220302800195,두산에너빌리티,20220302,유
KOSPI,00152880,코오롱글로벌,003070,연결재무제표기준영업실적등에대한전망(공정공시),20220302800197,코오롱글로벌,20220302,유
KOSPI,00106395,금호전기,001210,전환가액ㆍ신주인수권행사가액ㆍ교환가액의조정(안내공시),20220302800245,금호전기,20220302,유
KOSPI,00106395,금호전기,001210,전환가액ㆍ신주인수권행사가액ㆍ교환가액의조정(안내공시),20220302800246,금호전기,20220302,유
KOSPI,00106395,금호전기,001210,전환가액ㆍ신주인수권행사가액ㆍ교환가액의조정(안내공시),20220302800247,금호전기,20220302,유
KOSPI,00706715,미원홀딩스,107590,주주총회소집결의,20220302800269,미원홀딩스,20220302,유
KOSPI,00706715,미원홀딩스,107590,현금ㆍ현물배당결정,20220302800270,미원홀딩스,20220302,유
KOSPI,00126362,삼성SDI,006400,최대주주등소유주식변동신고서,20220302800274,삼성SDI,20220302,유
KOSPI,01568413,F&F,383220,현금ㆍ현물배당결정,20220302800276,F&F,20220302,유
KOSPI,01568413,F&F,383220,주식분할결정,20220302800279,F&F,20220302,유
KOSPI,00126487,F&F 홀딩스,007700,현금ㆍ현물배당결정(자회사의 주요경영사항),20220302800284,F&F 홀딩스,20220302,유
KOSPI,00126566,한화에어로스페이스,012450,[기재정정]매출액또는손익구조30%(대규모법인은15%)이상변경,20220302800287,한화에어로스페이스,20220302,유
KOSPI,00164478,현대건설,000720,단일판매ㆍ공급계약체결,20220302800288,현대건설,20220302,유
KOSPI,00126566,한화에어로스페이스,012450,[기재정정]현금ㆍ현물배당결정,20220302800291,한화에어로스페이스,20220302,유
KOSPI,00172228,엔케이,085310,주주총회집중일개최사유신고,20220302800292,엔케이,20220302,유
KOSPI,00126566,한화에어로스페이스,012450,[기재정정]주주총회소집결의,20220302800293,한화에어로스페이스,20220302,유
KOSPI,01568413,F&F,383220,주주총회소집결의,20220302800295,F&F,20220302,유
KOSPI,00760971,크래프톤,259960,최대주주등소유주식변동신고서,20220302800310,크래프톤,20220302,유
KOSPI,00138279,S-Oil,010950,단일판매ㆍ공급계약체결,20220302800320,S-Oil,20220302,유
KOSPI,00872984,이마트,139480,기업설명회(IR)개최(안내공시),20220302800331,이마트,20220302,유
KOSPI,00117726,DYP,092780,매출액또는손익구조30%(대규모법인은15%)이상변경,20220302800335,DYP,20220302,유
KOSPI,00102140,케이아이이,009140,최대주주등소유주식변동신고서,20220302800338,케이아이이,20220302,유
KOSPI,00145880,현대제철,004020,기업설명회(IR)개최(안내공시),20220302800342,현대제철,20220302,유
KOSPI,00160232,KSS해운,044450,현금ㆍ현물배당결정,20220302800356,KSS해운,20220302,유
KOSPI,00160232,KSS해운,044450,주식소각결정,20220302800357,KSS해운,20220302,유
KOSPI,00160232,KSS해운,044450,주주총회소집결의,20220302800361,KSS해운,20220302,유
KOSPI,00156859,다올투자증권,030210,주주총회소집결의,20220302800364,다올투자증권,20220302,유
KOSPI,00160232,KSS해운,044450,[기재정정]연결재무제표기준영업(잠정)실적(공정공시),20220302800371,KSS해운,20220302,유
KOSPI,00140946,한솔로지스틱스,009180,정기주주총회결과,20220302800375,한솔로지스틱스,20220302,유
KOSPI,01535150,SK리츠,395400,주주총회소집결의,20220302800377,SK리츠,20220302,유
KOSPI,00156859,다올투자증권,030210,[기재정정]매출액또는손익구조30%(대규모법인은15%)이상변경,20220302800382,다올투자증권,20220302,유
KOSPI,00156859,다올투자증권,030210,현금ㆍ현물배당결정,20220302800388,다올투자증권,20220302,유
KOSPI,00115065,동남합성,023450,최대주주등소유주식변동신고서,20220302800430,동남합성,20220302,유
KOSPI,00154055,태원물산,001420,주주총회소집결의,20220302800442,태원물산,20220302,유
KOSPI,00134963,송원산업,004430,감사보고서제출,20220302800446,송원산업,20220302,유
KOSPI,00154055,태원물산,001420,현금ㆍ현물배당결정,20220302800449,태원물산,20220302,유
KOSPI,00795135,코오롱인더,120110,최대주주등소유주식변동신고서,20220302800457,코오롱인더,20220302,유
KOSPI,00154055,태원물산,001420,주주총회집중일개최사유신고,20220302800458,태원물산,20220302,유
KOSPI,01261893,케이씨텍,281820,최대주주등소유주식변동신고서,20220302800469,케이씨텍,20220302,유
KOSPI,00161125,한온시스템,018880,기업설명회(IR)개최(안내공시),20220302800471,한온시스템,20220302,유
KOSPI,00150633,지누스,013890,기업설명회(IR)개최(안내공시),20220302800489,지누스,20220302,유
KOSPI,00146861,자화전자,033240,주주총회소집결의,20220302800513,자화전자,20220302,유
KOSPI,00148461,제일연마,001560,매출액또는손익구조30%(대규모법인은15%)이상변경,20220302800522,제일연마,20220302,유
KOSPI,00164742,현대자동차,005380,장래사업ㆍ경영계획(공정공시),20220302800543,현대자동차,20220302,유
KOSPI,00164742,현대자동차,005380,기업설명회(IR)개최(안내공시),20220302800546,현대자동차,20220302,유
KOSPI,00122056,미창석유공업,003650,주주총회소집결의,20220302800550,미창석유공업,20220302,유
KOSPI,00122056,미창석유공업,003650,현금ㆍ현물배당결정,20220302800554,미창석유공업,20220302,유
KOSPI,00534598,한컴라이프케어,372910,주주총회소집결의,20220302800559,한컴라이프케어,20220302,유
KOSPI,00160232,KSS해운,044450,[기재정정]매출액또는손익구조30%(대규모법인은15%)이상변경,20220302800563,KSS해운,20220302,유
KOSPI,00540641,동양고속,084670,주주총회소집결의,20220302800565,동양고속,20220302,유
KOSPI,00138242,KG모빌리티,003620,영업(잠정)실적(공정공시),20220302800567,KG모빌리티,20220302,유
KOSPI,00146861,자화전자,033240,주주총회집중일개최사유신고,20220302800572,자화전자,20220302,유
KOSPI,00138279,S-Oil,010950,기업설명회(IR)개최(안내공시),20220302800575,S-Oil,20220302,유
KOSPI,00124027,부산산업,011390,주주총회소집결의,20220302800579,부산산업,20220302,유
KOSPI,00126779,삼아알미늄,006110,주주총회소집결의,20220302800606,삼아알미늄,20220302,유
KOSPI,00124027,부산산업,011390,매출액또는손익구조30%(대규모법인은15%)이상변경,20220302800616,부산산업,20220302,유
KOSPI,00164742,현대자동차,005380,영업(잠정)실적(공정공시),20220302800621,현대자동차,20220302,유
KOSPI,00124027,부산산업,011390,현금ㆍ현물배당결정,20220302800623,부산산업,20220302,유
KOSPI,00126487,F&F 홀딩스,007700,현금ㆍ현물배당결정,20220302800629,F&F 홀딩스,20220302,유
KOSPI,00126487,F&F 홀딩스,007700,주주총회소집결의,20220302800635,F&F 홀딩스,20220302,유
KOSPI,00109514,티웨이홀딩스,004870,매출액또는손익구조30%(대규모법인15%)미만변경(자율공시),20220302800639,티웨이홀딩스,20220302,유
KOSPI,00106641,기아,000270,영업(잠정)실적(공정공시),20220302800654,기아,20220302,유
KOSPI,00226316,호전실업,111110,매출액또는손익구조30%(대규모법인은15%)이상변경,20220302800704,호전실업,20220302,유
KOSPI,00107224,남선알미늄,008350,매출액또는손익구조30%(대규모법인은15%)이상변경,20220302800712,남선알미늄,20220302,유
KOSPI,00226316,호전실업,111110,주주총회소집결의,20220302800722,호전실업,20220302,유
KOSPI,00226316,호전실업,111110,현금ㆍ현물배당결정,20220302800738,호전실업,20220302,유
KOSPI,00159971,KC그린홀딩스,009440,매출액또는손익구조30%(대규모법인은15%)이상변경(자회사의 주요경영사항),20220302800755,KC그린홀딩스,20220302,유
KOSPI,00159971,KC그린홀딩스,009440,현금ㆍ현물배당결정(자회사의 주요경영사항),20220302800763,KC그린홀딩스,20220302,유
KOSPI,00121932,미원상사,002840,주주총회소집결의,20220302800786,미원상사,20220302,유
KOSPI,00121932,미원상사,002840,[기재정정]매출액또는손익구조30%(대규모법인은15%)이상변경,20220302800789,미원상사,20220302,유
KOSPI,00121932,미원상사,002840,현금ㆍ현물배당결정,20220302800792,미원상사,20220302,유
KOSPI,00163716,한창,005110,매출액또는손익구조30%(대규모법인은15%)이상변경,20220302800806,한창,20220302,유
KOSPI,00526599,덴티움,145720,연결재무제표기준영업(잠정)실적(공정공시),20220302800815,덴티움,20220302,유
KOSPI,00353878,다스코,058730,주주총회소집결의,20220302800819,다스코,20220302,유
KOSPI,00149239,조일알미늄,018470,주주총회소집결의,20220302800838,조일알미늄,20220302,유
KOSPI,00152039,SG글로벌,001380,감사보고서제출,20220302800852,SG글로벌,20220302,유
KOSPI,00151128,모토닉,009680,감사보고서제출,20220302800864,모토닉,20220302,유
KOSPI,00149239,조일알미늄,018470,주주총회집중일개최사유신고,20220302800877,조일알미늄,20220302,유
KOSPI,00139214,삼성화재해상보험,000810,최대주주등소유주식변동신고서,20220302800894,삼성화재해상보험,20220302,유
KOSPI,00114552,도화엔지니어링,002150,[기재정정]단일판매ㆍ공급계약체결,20220302800906,도화엔지니어링,20220302,유
KOSPI,00114552,도화엔지니어링,002150,[기재정정]단일판매ㆍ공급계약체결,20220302800914,도화엔지니어링,20220302,유
KOSPI,00260383,대한유화,006650,최대주주등소유주식변동신고서,20220302800916,대한유화,20220302,유
KOSPI,01316254,HS효성첨단소재,298050,신규시설투자등,20220302800940,HS효성첨단소재,20220302,유
KOSPI,00195229,미스토홀딩스,081660,기업설명회(IR)개최(안내공시),20220302800947,미스토홀딩스,20220302,유
KOSPI,00135111,수산세보틱스,017550,주주총회소집결의,20220302800954,수산세보틱스,20220302,유
KOSPI,00108940,대성홀딩스,016710,매출액또는손익구조30%(대규모법인은15%)이상변경,20220302800986,대성홀딩스,20220302,유
KOSPI,00164478,현대건설,000720,투자판단관련주요경영사항,20220302800994,현대건설,20220302,유
KOSPI,00148896,OCI홀딩스,010060,주주총회소집결의,20220302800996,OCI홀딩스,20220302,유
KOSPI,00148896,OCI홀딩스,010060,현금ㆍ현물배당결정,20220302801003,OCI홀딩스,20220302,유
KOSPI,00112378,KR모터스,000040,매출액또는손익구조30%(대규모법인은15%)이상변경,20220302801006,KR모터스,20220302,유
KOSPI,00108940,대성홀딩스,016710,현금ㆍ현물배당결정,20220302801009,대성홀딩스,20220302,유
KOSPI,00135111,수산세보틱스,017550,현금ㆍ현물배당결정,20220302801013,수산세보틱스,20220302,유
KOSPI,00111421,휴니드테크놀러지스,005870,주주총회소집결의,20220302801016,휴니드테크놀러지스,20220302,유정
KOSPI,01316254,HS효성첨단소재,298050,타인에대한채무보증결정,20220302801020,HS효성첨단소재,20220302,유
KOSPI,00148832,제주은행,006220,감사보고서제출,20220302801021,제주은행,20220302,유정
KOSPI,00176914,다우기술,023590,최대주주등소유주식변동신고서,20220302801034,다우기술,20220302,유
KOSPI,00526599,덴티움,145720,매출액또는손익구조30%(대규모법인은15%)이상변경,20220302801047,덴티움,20220302,유
KOSPI,00180795,인팩,023810,현금ㆍ현물배당결정,20220302801056,인팩,20220302,유
KOSPI,00112059,상상인증권,001290,유상증자또는주식관련사채등의발행결과(자율공시),20220302801058,상상인증권,20220302,유
KOSPI,01562589,LX홀딩스,383800,주주총회소집결의,20220302801060,LX홀딩스,20220302,유
KOSPI,00112059,상상인증권,001290,전환가액ㆍ신주인수권행사가액ㆍ교환가액의조정(안내공시),20220302801064,상상인증권,20220302,유
KOSPI,00114765,케이비아이동국실업,001620,매출액또는손익구조30%(대규모법인은15%)이상변경,20220302801068,케이비아이동국실업,20220302,유
KOSPI,00854997,에스디바이오센서,137310,최대주주등소유주식변동신고서,20220302801070,에스디바이오센서,20220302,유
KOSPI,00148832,제주은행,006220,주주총회소집결의,20220302801074,제주은행,20220302,유
KOSPI,00526599,덴티움,145720,연결재무제표기준영업실적등에대한전망(공정공시),20220302801082,덴티움,20220302,유
KOSPI,00180795,인팩,023810,주주총회소집결의,20220302801090,인팩,20220302,유정
KOSPI,00155258,포스코스틸리온,058430,최대주주변경,20220302801096,포스코스틸리온,20220302,유
KOSPI,01524093,DL이앤씨,375500,투자판단관련주요경영사항,20220302801101,DL이앤씨,20220302,유
KOSPI,00123718,부광약품,003000,[기재정정]단일판매ㆍ공급계약체결,20220302801107,부광약품,20220302,유정
KOSPI,00415628,세진중공업,075580,매출액또는손익구조30%(대규모법인은15%)이상변경,20220302801117,세진중공업,20220302,유
KOSPI,00113997,롯데에너지머티리얼즈,020150,전환가액ㆍ신주인수권행사가액ㆍ교환가액의조정(안내공시),20220302801123,롯데에너지머티리얼즈,20220302,유
KOSPI,00146232,일성건설,013360,주주총회소집결의,20220302801139,일성건설,20220302,유
KOSPI,00146232,일성건설,013360,기타경영사항(자율공시),20220302801153,일성건설,20220302,유
KOSPI,00120182,NH투자증권,005940,현금ㆍ현물배당결정,20220302801204,NH투자증권,20220302,유
KOSPI,00539274,대상홀딩스,084690,투자판단관련주요경영사항,20220302801206,대상홀딩스,20220302,유
KOSPI,00120182,NH투자증권,005940,주주총회소집결의,20220302801207,NH투자증권,20220302,유
KOSPI,00111810,대웅,003090,최대주주등소유주식변동신고서,20220302801225,대웅,20220302,유
KOSPI,00108038,엔피씨,004250,매출액또는손익구조30%(대규모법인은15%)이상변경,20220302801230,엔피씨,20220302,유
KOSPI,00877059,삼성바이오로직스,207940,감사보고서제출,20220302801235,삼성바이오로직스,20220302,유
KOSPI,00155258,포스코스틸리온,058430,최대주주등소유주식변동신고서(최대주주변경시),20220302801236,포스코스틸리온,20220302,유
KOSPI,00135111,수산세보틱스,017550,[기재정정]매출액또는손익구조30%(대규모법인은15%)이상변경,20220302801239,수산세보틱스,20220302,유정
KOSPI,00171265,파라다이스,034230,연결재무제표기준영업(잠정)실적(공정공시)(월별),20220302900358,파라다이스,20220302,코
KOSPI,00191588,삼원강재,023000,주주총회소집공고,20220303000015,삼원강재,20220303,
KOSPI,00131054,유진증권,001200,증권발행실적보고서,20220303000022,유진증권,20220303,
KOSPI,00683469,일진전기,103590,임원ㆍ주요주주특정증권등소유상황보고서,20220303000029,황수,20220303,
KOSPI,00126566,한화에어로스페이스,012450,[첨부정정]의결권대리행사권유참고서류,20220303000037,한화에어로스페이스,20220303,
KOSPI,00104856,삼성증권,016360,증권발행실적보고서,20220303000041,삼성증권,20220303,
KOSPI,00137997,현대차증권,001500,[기재정정]의결권대리행사권유참고서류,20220303000061,현대차증권,20220303,
KOSPI,00134963,송원산업,004430,주주총회소집공고,20220303000085,송원산업,20220303,
KOSPI,00134963,송원산업,004430,사업보고서 (2021.12),20220303000087,송원산업,20220303,연
KOSPI,00121039,명문제약,017180,주식등의대량보유상황보고서(일반),20220303000101,우석민,20220303,
KOSPI,00545716,롯데렌탈,089860,투자설명서,20220303000104,롯데렌탈,20220303,
KOSPI,00231372,롯데관광개발,032350,주식등의대량보유상황보고서(약식),20220303000105,KB자산운용,20220303,
KOSPI,00113359,교보증권,030610,증권발행실적보고서,20220303000127,교보증권,20220303,
KOSPI,00113359,교보증권,030610,증권발행실적보고서,20220303000130,교보증권,20220303,
KOSPI,00141875,사조오양,006090,의결권대리행사권유참고서류,20220303000133,차파트너스자산운용,20220303,
KOSPI,00102140,케이아이이,009140,주주총회소집공고,20220303000139,케이아이이,20220303,
KOSPI,00151128,모토닉,009680,주주총회소집공고,20220303000143,모토닉,20220303,
KOSPI,00157991,한국석유공업,004090,주주총회소집공고,20220303000151,한국석유공업,20220303,
KOSPI,00990165,아세아시멘트,183190,주주총회소집공고,20220303000180,아세아시멘트,20220303,
KOSPI,00138701,아세아,002030,주주총회소집공고,20220303000181,아세아,20220303,
KOSPI,00140177,GS리테일,007070,[기재정정]특수관계인에대한출자,20220303000183,GS리테일,20220303,공
KOSPI,00117498,스틱인베스트먼트,026890,주요사항보고서(타법인주식및출자증권양도결정),20220303000201,스틱인베스트먼트,20220303,
KOSPI,00110893,대신증권,003540,의결권대리행사권유참고서류,20220303000224,강영만,20220303,
KOSPI,00136721,신영증권,001720,일괄신고추가서류(파생결합증권-주가연계증권),20220303000225,신영증권,20220303,
KOSPI,00136721,신영증권,001720,투자설명서(일괄신고),20220303000239,신영증권,20220303,
KOSPI,00136271,신성이엔지,011930,주주총회소집공고,20220303000247,신성이엔지,20220303,
KOSPI,00136271,신성이엔지,011930,의결권대리행사권유참고서류,20220303000250,신성이엔지,20220303,정
KOSPI,00110893,대신증권,003540,일괄신고추가서류(파생결합사채-주가연계파생결합사채),20220303000258,대신증권,20220303,
KOSPI,00110893,대신증권,003540,투자설명서(일괄신고),20220303000278,대신증권,20220303,
KOSPI,00130684,서울도시가스,017390,임원ㆍ주요주주특정증권등소유상황보고서,20220303000295,이문상,20220303,
KOSPI,00104388,국도화학,007690,주주총회소집공고,20220303000308,국도화학,20220303,
KOSPI,00166227,화승인더스트리,006060,주식등의대량보유상황보고서(일반),20220303000322,현석호,20220303,
KOSPI,00120182,NH투자증권,005940,일괄신고추가서류(파생결합증권-상장지수증권),20220303000326,NH투자증권,20220303,
KOSPI,00133618,우양피앤엘,002420,주주총회소집공고,20220303000329,우양피앤엘,20220303,
KOSPI,00122737,팬오션,028670,주식등의대량보유상황보고서(약식),20220303000331,국민연금공단,20220303,
KOSPI,00309503,한국항공우주,047810,주식등의대량보유상황보고서(약식),20220303000347,국민연금공단,20220303,
KOSPI,01390344,HD현대중공업,329180,주식등의대량보유상황보고서(약식),20220303000351,국민연금공단,20220303,
KOSPI,00135917,한화손해보험,000370,[기재정정]주주총회소집공고,20220303000353,한화손해보험,20220303,
KOSPI,00135917,한화손해보험,000370,[기재정정]의결권대리행사권유참고서류,20220303000355,한화손해보험,20220303,
KOSPI,00111722,미래에셋증권,006800,증권발행실적보고서,20220303000359,미래에셋증권,20220303,
KOSPI,00149345,조흥,002600,주주총회소집공고,20220303000361,조흥,20220303,
KOSPI,00534598,한컴라이프케어,372910,주주총회소집공고,20220303000365,한컴라이프케어,20220303,
KOSPI,00108241,농심,004370,주식등의대량보유상황보고서(약식),20220303000366,국민연금공단,20220303,
KOSPI,00195229,미스토홀딩스,081660,주식등의대량보유상황보고서(일반),20220303000369,피에몬테,20220303,
KOSPI,01386916,SK아이이테크놀로지,361610,[첨부정정]의결권대리행사권유참고서류,20220303000371,SK아이이테크놀로지,20220303,
KOSPI,00117188,효성,004800,주식등의대량보유상황보고서(약식),20220303000372,국민연금공단,20220303,
KOSPI,00122481,태경비케이,014580,주주총회소집공고,20220303000375,태경비케이,20220303,정
KOSPI,00195229,미스토홀딩스,081660,임원ㆍ주요주주특정증권등소유상황보고서,20220303000378,피에몬테,20220303,
KOSPI,00122481,태경비케이,014580,의결권대리행사권유참고서류,20220303000379,태경비케이,20220303,정
KOSPI,00114093,덕성,004830,주주총회소집공고,20220303000387,덕성,20220303,
KOSPI,00114093,덕성,004830,의결권대리행사권유참고서류,20220303000388,덕성,20220303,
KOSPI,00105961,LG이노텍,011070,임원ㆍ주요주주특정증권등소유상황보고서,20220303000404,국민연금공단,20220303,
KOSPI,00105961,LG이노텍,011070,임원ㆍ주요주주특정증권등소유상황보고서,20220303000407,국민연금공단,20220303,
KOSPI,00148610,한화투자증권,003530,주주총회소집공고,20220303000409,한화투자증권,20220303,
KOSPI,00104856,삼성증권,016360,일괄신고추가서류(파생결합증권-상장지수증권),20220303000415,삼성증권,20220303,
KOSPI,00160302,코스모화학,005420,주식등의대량보유상황보고서(일반),20220303000417,코스모앤컴퍼니,20220303,
KOSPI,00148610,한화투자증권,003530,의결권대리행사권유참고서류,20220303000421,한화투자증권,20220303,정
KOSPI,00361488,텔코웨어,078000,주주총회소집공고,20220303000425,텔코웨어,20220303,
KOSPI,00104856,삼성증권,016360,투자설명서(일괄신고),20220303000426,삼성증권,20220303,
KOSPI,00155276,포스코퓨처엠,003670,[첨부정정]의결권대리행사권유참고서류,20220303000431,포스코퓨처엠,20220303,
KOSPI,00161116,HL D&I,014790,[기재정정]주요사항보고서(유상증자결정),20220303000433,HL D&I,20220303,
KOSPI,00104856,삼성증권,016360,증권발행실적보고서,20220303000437,삼성증권,20220303,
KOSPI,00296290,키움증권,039490,일괄신고추가서류(파생결합증권-주가연계증권),20220303000438,키움증권,20220303,
KOSPI,00145862,인천도시가스,034590,주주총회소집공고,20220303000445,인천도시가스,20220303,
KOSPI,00219486,신세계I&C,035510,주요사항보고서(타법인주식및출자증권양도결정),20220303000450,신세계I&C,20220303,정
KOSPI,00161383,한미반도체,042700,주주총회소집공고,20220303000451,한미반도체,20220303,
KOSPI,00145862,인천도시가스,034590,의결권대리행사권유참고서류,20220303000453,인천도시가스,20220303,
KOSPI,00156859,다올투자증권,030210,주식등의대량보유상황보고서(일반),20220303000460,이병철,20220303,
KOSPI,00161383,한미반도체,042700,의결권대리행사권유참고서류,20220303000463,한미반도체,20220303,
KOSPI,00136721,신영증권,001720,일괄신고추가서류(파생결합증권-주가연계증권),20220303000470,신영증권,20220303,
KOSPI,01437292,미래에셋맵스리츠,357250,임원ㆍ주요주주특정증권등소유상황보고서,20220303000471,미래에셋자산운용,20220303,
KOSPI,00181712,SK,034730,임원ㆍ주요주주특정증권등소유상황보고서,20220303000473,류광민,20220303,
KOSPI,00145163,파미셀,005690,[첨부정정]의결권대리행사권유참고서류,20220303000479,파미셀,20220303,정
KOSPI,00136721,신영증권,001720,투자설명서(일괄신고),20220303000484,신영증권,20220303,
KOSPI,00428729,대호에이엘,069460,[기재정정]주요사항보고서(전환사채권발행결정),20220303000485,대호에이엘,20220303,정
KOSPI,00120182,NH투자증권,005940,일괄신고추가서류(파생결합사채-주가연계파생결합사채),20220303000487,NH투자증권,20220303,
KOSPI,00139834,LG씨엔에스,064400,특수관계인에대한출자,20220303000490,LG씨엔에스,20220303,공
KOSPI,01363818,롯데리츠,330590,주주총회소집공고,20220303000492,롯데리츠,20220303,
KOSPI,01363818,롯데리츠,330590,의결권대리행사권유참고서류,20220303000498,롯데리츠,20220303,정
KOSPI,00296290,키움증권,039490,투자설명서(일괄신고),20220303000499,키움증권,20220303,
KOSPI,00120182,NH투자증권,005940,투자설명서(일괄신고),20220303000503,NH투자증권,20220303,
KOSPI,00169048,HLB글로벌,003580,합병등종료보고서(자산양수도),20220303000505,HLB글로벌,20220303,
KOSPI,00872984,이마트,139480,특수관계인에대한주식의처분,20220303000508,이마트,20220303,공
KOSPI,00480367,SK오션플랜트,100090,주식등의대량보유상황보고서(일반),20220303000510,송무석,20220303,
KOSPI,00136378,신세계,004170,특수관계인으로부터주식의취득,20220303000512,신세계,20220303,공
KOSPI,00121570,문배철강,008420,주주총회소집공고,20220303000515,문배철강,20220303,
KOSPI,00136378,신세계,004170,특수관계인으로부터주식의취득,20220303000516,신세계,20220303,공
KOSPI,00120182,NH투자증권,005940,투자설명서(일괄신고),20220303000520,NH투자증권,20220303,
KOSPI,00169048,HLB글로벌,003580,[기재정정]주요사항보고서(타법인주식및출자증권양도결정),20220303000521,HLB글로벌,20220303,
KOSPI,00120182,NH투자증권,005940,증권발행실적보고서,20220303000525,NH투자증권,20220303,
KOSPI,00116301,NI스틸,008260,주주총회소집공고,20220303000526,NI스틸,20220303,
KOSPI,00115612,동부건설,005960,주주총회소집공고,20220303000538,동부건설,20220303,
KOSPI,00111722,미래에셋증권,006800,증권발행실적보고서,20220303000543,미래에셋증권,20220303,
KOSPI,00101044,에이프로젠바이오로직스,003060,의결권대리행사권유참고서류,20220303000546,에이프로젠바이오로직스,20220303,
KOSPI,00115612,동부건설,005960,의결권대리행사권유참고서류,20220303000547,동부건설,20220303,
KOSPI,00116824,동아쏘시오홀딩스,000640,[첨부정정]의결권대리행사권유참고서류,20220303000558,동아쏘시오홀딩스,20220303,
KOSPI,00127857,삼익악기,002450,자기주식취득결과보고서,20220303000569,삼익악기,20220303,
KOSPI,00158501,에스원,012750,[첨부정정]의결권대리행사권유참고서류,20220303000574,에스원,20220303,
KOSPI,00123718,부광약품,003000,주식등의대량보유상황보고서(일반),20220303000581,김동연,20220303,
KOSPI,00545716,롯데렌탈,089860,증권발행실적보고서,20220303000584,롯데렌탈,20220303,
KOSPI,00123718,부광약품,003000,임원ㆍ주요주주특정증권등소유상황보고서,20220303000589,김상훈,20220303,
KOSPI,00113058,한화생명,088350,의결권대리행사권유참고서류,20220303000597,한화생명,20220303,
KOSPI,00661847,화인베스틸,133820,주식등의대량보유상황보고서(약식),20220303000600,수성자산운용,20220303,정
KOSPI,00136721,신영증권,001720,일괄신고추가서류(파생결합증권-주가연계증권),20220303000605,신영증권,20220303,
KOSPI,00163196,한일철강,002220,의결권대리행사권유참고서류,20220303000609,한일철강,20220303,정
KOSPI,00153861,태영건설,009410,주주총회소집공고,20220303000610,태영건설,20220303,
KOSPI,00136721,신영증권,001720,투자설명서(일괄신고),20220303000612,신영증권,20220303,
KOSPI,00163196,한일철강,002220,주주총회소집공고,20220303000619,한일철강,20220303,정
KOSPI,00684714,풍산,103140,주주총회소집공고,20220303000620,풍산,20220303,
KOSPI,00123718,부광약품,003000,주식등의대량보유상황보고서(일반),20220303000628,OCI홀딩스,20220303,
KOSPI,00155531,풍산홀딩스,005810,주주총회소집공고,20220303000630,풍산홀딩스,20220303,
KOSPI,00684714,풍산,103140,의결권대리행사권유참고서류,20220303000631,풍산,20220303,
KOSPI,00382199,신한지주,055550,주주총회소집공고,20220303000634,신한지주,20220303,
KOSPI,00123718,부광약품,003000,임원ㆍ주요주주특정증권등소유상황보고서,20220303000637,OCI홀딩스,20220303,
KOSPI,00155531,풍산홀딩스,005810,의결권대리행사권유참고서류,20220303000638,풍산홀딩스,20220303,
KOSPI,00117601,유안타증권,003470,일괄신고추가서류(파생결합증권-주가연계증권),20220303000639,유안타증권,20220303,
KOSPI,00181712,SK,034730,주주총회소집공고,20220303000643,SK,20220303,정
KOSPI,00136721,신영증권,001720,일괄신고추가서류(파생결합증권-주가연계증권),20220303000649,신영증권,20220303,
KOSPI,00117601,유안타증권,003470,투자설명서(일괄신고),20220303000650,유안타증권,20220303,
KOSPI,00136721,신영증권,001720,투자설명서(일괄신고),20220303000651,신영증권,20220303,
KOSPI,00135050,팜젠사이언스,004720,주요사항보고서(전환사채권발행결정),20220303000653,팜젠사이언스,20220303,
KOSPI,00125521,에스엘,005850,주요사항보고서(감자결정),20220303000654,에스엘,20220303,
KOSPI,00181712,SK,034730,의결권대리행사권유참고서류,20220303000660,SK,20220303,정
KOSPI,00382199,신한지주,055550,의결권대리행사권유참고서류,20220303000661,신한지주,20220303,
KOSPI,00983040,한진칼,180640,의결권대리행사권유참고서류,20220303000663,케이씨지아이,20220303,
KOSPI,01060744,한솔제지,213500,[기재정정]증권신고서(채무증권),20220303000667,한솔제지,20220303,정
KOSPI,00112059,상상인증권,001290,주식등의대량보유상황보고서(일반),20220303000669,상상인,20220303,
KOSPI,00136721,신영증권,001720,일괄신고추가서류(파생결합증권-주가연계증권),20220303000671,신영증권,20220303,
KOSPI,00136721,신영증권,001720,투자설명서(일괄신고),20220303000673,신영증권,20220303,
KOSPI,00181712,SK,034730,주요사항보고서(자기주식처분결정),20220303000679,SK,20220303,
KOSPI,01060744,한솔제지,213500,[발행조건확정]증권신고서(채무증권),20220303000682,한솔제지,20220303,정
KOSPI,00172936,동일산업,004890,주주총회소집공고,20220303000686,동일산업,20220303,
KOSPI,00178754,동아지질,028100,의결권대리행사권유참고서류,20220303000693,동아지질,20220303,
KOSPI,00112059,상상인증권,001290,임원ㆍ주요주주특정증권등소유상황보고서,20220303000694,상상인,20220303,
KOSPI,00136721,신영증권,001720,일괄신고추가서류(파생결합증권-주가연계증권),20220303000700,신영증권,20220303,
KOSPI,00136721,신영증권,001720,일괄신고추가서류(파생결합증권-주가연계증권),20220303000707,신영증권,20220303,
KOSPI,00136721,신영증권,001720,투자설명서(일괄신고),20220303000708,신영증권,20220303,
KOSPI,00136721,신영증권,001720,투자설명서(일괄신고),20220303000711,신영증권,20220303,
KOSPI,00155319,POSCO홀딩스,005490,자기주식처분결과보고서,20220303000712,POSCO홀딩스,20220303,
KOSPI,00181712,SK,034730,특수관계인에대한증여,20220303000717,SK,20220303,공
KOSPI,00231363,LG유플러스,032640,사업보고서 (2021.12),20220303000725,LG유플러스,20220303,연
KOSPI,00222532,LG헬로비전,037560,사업보고서 (2021.12),20220303000727,LG헬로비전,20220303,연
KOSPI,00260383,대한유화,006650,주주총회소집공고,20220303000734,대한유화,20220303,
KOSPI,00161860,한성기업,003680,[첨부정정]의결권대리행사권유참고서류,20220303000736,한성기업,20220303,정
KOSPI,00124027,부산산업,011390,주주총회집중일개최사유신고,20220303800040,부산산업,20220303,유
KOSPI,00135111,수산세보틱스,017550,[기재정정]매출액또는손익구조30%(대규모법인은15%)이상변경,20220303800121,수산세보틱스,20220303,유정
KOSPI,00166315,화신,010690,현금ㆍ현물배당결정,20220303800132,화신,20220303,유
KOSPI,00106641,기아,000270,장래사업ㆍ경영계획(공정공시),20220303800136,기아,20220303,유
KOSPI,00129235,삼화왕관,004450,주주총회소집결의,20220303800141,삼화왕관,20220303,유
KOSPI,00103042,케이씨티시,009070,주주총회집중일개최사유신고,20220303800143,케이씨티시,20220303,유
KOSPI,00129235,삼화왕관,004450,주주총회집중일개최사유신고,20220303800159,삼화왕관,20220303,유
KOSPI,00102140,케이아이이,009140,감사보고서제출,20220303800167,케이아이이,20220303,유
KOSPI,01390344,HD현대중공업,329180,단일판매ㆍ공급계약체결,20220303800169,HD현대중공업,20220303,유
KOSPI,00164830,HD한국조선해양,009540,단일판매ㆍ공급계약체결(자회사의 주요경영사항),20220303800179,HD한국조선해양,20220303,유
KOSPI,00151128,모토닉,009680,주주총회소집결의,20220303800189,모토닉,20220303,유
KOSPI,00166315,화신,010690,주주총회소집결의,20220303800192,화신,20220303,유
KOSPI,00137997,현대차증권,001500,[기재정정]주주총회소집결의,20220303800194,현대차증권,20220303,유
KOSPI,00102140,케이아이이,009140,주주총회집중일개최사유신고,20220303800212,케이아이이,20220303,유
KOSPI,00157991,한국석유공업,004090,주주총회집중일개최사유신고,20220303800219,한국석유공업,20220303,유
KOSPI,00129642,상신브레이크,041650,주주총회소집결의,20220303800223,상신브레이크,20220303,유
KOSPI,00127802,삼익THK,004380,[기재정정]주주총회소집결의,20220303800227,삼익THK,20220303,유
KOSPI,00151298,DSR제강,069730,최대주주등소유주식변동신고서,20220303800262,DSR제강,20220303,유
KOSPI,00117498,스틱인베스트먼트,026890,타법인주식및출자증권취득결정,20220303800284,스틱인베스트먼트,20220303,유정
KOSPI,00136271,신성이엔지,011930,주주총회집중일개최사유신고,20220303800298,신성이엔지,20220303,유
KOSPI,00160861,한농화성,011500,현금ㆍ현물배당결정,20220303800305,한농화성,20220303,유
KOSPI,00160861,한농화성,011500,주주총회소집결의,20220303800307,한농화성,20220303,유
KOSPI,00130684,서울도시가스,017390,최대주주등소유주식변동신고서,20220303800326,서울도시가스,20220303,유
KOSPI,00113234,대한제당,001790,주주총회소집결의,20220303800328,대한제당,20220303,유
KOSPI,00113234,대한제당,001790,현금ㆍ현물배당결정,20220303800336,대한제당,20220303,유
KOSPI,00129420,까뮤이앤씨,013700,[기재정정]단일판매ㆍ공급계약체결,20220303800349,까뮤이앤씨,20220303,유
KOSPI,00115287,동방,004140,매출액또는손익구조30%(대규모법인은15%)이상변경,20220303800362,동방,20220303,유
KOSPI,00101488,경동나비엔,009450,주주총회소집결의,20220303800373,경동나비엔,20220303,유
KOSPI,00117337,동양,001520,단일판매ㆍ공급계약체결,20220303800378,동양,20220303,유
KOSPI,00115287,동방,004140,주주총회소집결의,20220303800396,동방,20220303,유정
KOSPI,00148610,한화투자증권,003530,주주총회소집결의,20220303800428,한화투자증권,20220303,유
KOSPI,00148610,한화투자증권,003530,현금ㆍ현물배당결정,20220303800435,한화투자증권,20220303,유
KOSPI,00153339,태경산업,015890,주주총회소집결의,20220303800439,태경산업,20220303,유
KOSPI,00115287,동방,004140,주주총회집중일개최사유신고,20220303800449,동방,20220303,유
KOSPI,00305668,새론오토모티브,075180,주주총회소집결의,20220303800453,새론오토모티브,20220303,유
KOSPI,00305668,새론오토모티브,075180,현금ㆍ현물배당결정,20220303800457,새론오토모티브,20220303,유
KOSPI,00305668,새론오토모티브,075180,매출액또는손익구조30%(대규모법인은15%)이상변경,20220303800462,새론오토모티브,20220303,유
KOSPI,00165413,롯데케미칼,011170,주주총회소집결의,20220303800463,롯데케미칼,20220303,유
KOSPI,00161116,HL D&I,014790,주주총회소집결의,20220303800465,HL D&I,20220303,유
KOSPI,00161116,HL D&I,014790,주주총회집중일개최사유신고,20220303800469,HL D&I,20220303,유
KOSPI,00115694,DB증권,016610,기업지배구조보고서공시,20220303800473,DB증권,20220303,유
KOSPI,00115287,동방,004140,[기재정정]주주총회소집결의,20220303800481,동방,20220303,유정
KOSPI,00156691,한국공항,005430,주주총회소집결의,20220303800516,한국공항,20220303,유
KOSPI,00143262,우진아이엔에스,010400,단일판매ㆍ공급계약체결,20220303800521,우진아이엔에스,20220303,유
KOSPI,00101664,경보제약,214390,현금ㆍ현물배당결정,20220303800543,경보제약,20220303,유
KOSPI,00128980,삼호개발,010960,감사보고서제출,20220303800557,삼호개발,20220303,유
KOSPI,00858364,BNK금융지주,138930,주주총회소집결의,20220303800559,BNK금융지주,20220303,유
KOSPI,00992871,종근당,185750,[기재정정]매출액또는손익구조30%(대규모법인은15%)이상변경,20220303800567,종근당,20220303,유
KOSPI,00131054,유진증권,001200,기업지배구조보고서공시,20220303800570,유진증권,20220303,유
KOSPI,00149354,종근당홀딩스,001630,현금ㆍ현물배당결정(자회사의 주요경영사항),20220303800603,종근당홀딩스,20220303,유
KOSPI,00101044,에이프로젠바이오로직스,003060,주주총회소집결의,20220303800607,에이프로젠바이오로직스,20220303,유
KOSPI,00136457,SH에너지화학,002360,주주총회소집결의,20220303800612,SH에너지화학,20220303,유
KOSPI,00149354,종근당홀딩스,001630,[기재정정]매출액또는손익구조30%(대규모법인은15%)이상변경(자회사의 주요경영사항),20220303800616,종근당홀딩스,20220303,유
KOSPI,00136378,신세계,004170,타법인주식및출자증권취득결정,20220303800621,신세계,20220303,유
KOSPI,00102618,계양전기,012200,주주총회소집결의,20220303800622,계양전기,20220303,유
KOSPI,00115612,동부건설,005960,[기재정정]매출액또는손익구조30%(대규모법인은15%)이상변경,20220303800623,동부건설,20220303,유
KOSPI,00101664,경보제약,214390,주주총회소집결의,20220303800625,경보제약,20220303,유
KOSPI,00159500,한국종합기술,023350,현금ㆍ현물배당결정,20220303800630,한국종합기술,20220303,유
KOSPI,00115612,동부건설,005960,주주총회소집결의,20220303800637,동부건설,20220303,유
KOSPI,00428729,대호에이엘,069460,매출액또는손익구조30%(대규모법인은15%)이상변경,20220303800642,대호에이엘,20220303,유
KOSPI,00992871,종근당,185750,주주총회소집결의,20220303800643,종근당,20220303,유
KOSPI,00428729,대호에이엘,069460,주주총회소집결의,20220303800644,대호에이엘,20220303,유
KOSPI,00159500,한국종합기술,023350,주주총회소집결의,20220303800657,한국종합기술,20220303,유정
KOSPI,00136457,SH에너지화학,002360,현금ㆍ현물배당결정,20220303800671,SH에너지화학,20220303,유
KOSPI,00124151,부산주공,005030,전환가액ㆍ신주인수권행사가액ㆍ교환가액의조정(안내공시),20220303800673,부산주공,20220303,유
KOSPI,00125521,에스엘,005850,타인에대한채무보증결정,20220303800674,에스엘,20220303,유
KOSPI,01267170,SK케미칼,285130,주주총회소집결의,20220303800681,SK케미칼,20220303,유
KOSPI,00872984,이마트,139480,타법인주식및출자증권처분결정(자율공시),20220303800685,이마트,20220303,유
KOSPI,00195229,미스토홀딩스,081660,최대주주등소유주식변동신고서,20220303800686,미스토홀딩스,20220303,유
KOSPI,00115612,동부건설,005960,현금ㆍ현물배당결정,20220303800698,동부건설,20220303,유
KOSPI,00117300,TCC스틸,002710,매출액또는손익구조30%(대규모법인은15%)이상변경,20220303800700,TCC스틸,20220303,유
KOSPI,00688996,KB금융,105560,기업지배구조보고서공시,20220303800704,KB금융,20220303,유
KOSPI,00162063,한신공영,004960,주주총회소집결의,20220303800705,한신공영,20220303,유
KOSPI,00125521,에스엘,005850,현금ㆍ현물배당결정,20220303800714,에스엘,20220303,유
KOSPI,00162063,한신공영,004960,현금ㆍ현물배당결정,20220303800718,한신공영,20220303,유
KOSPI,01032413,해성디에스,195870,현금ㆍ현물배당결정,20220303800723,해성디에스,20220303,유
KOSPI,00139764,에넥스,011090,주주총회소집결의,20220303800726,에넥스,20220303,유정
KOSPI,00148610,한화투자증권,003530,기업지배구조보고서공시,20220303800727,한화투자증권,20220303,유
KOSPI,00121570,문배철강,008420,주주총회소집결의,20220303800730,문배철강,20220303,유
KOSPI,00469799,이엔플러스,074610,단일판매ㆍ공급계약체결,20220303800742,이엔플러스,20220303,유정
KOSPI,00117300,TCC스틸,002710,현금ㆍ현물배당결정,20220303800753,TCC스틸,20220303,유
KOSPI,00114792,동국홀딩스,001230,주주총회소집결의,20220303800761,동국홀딩스,20220303,유
KOSPI,00128412,삼진제약,005500,[기재정정]주주총회소집결의,20220303800764,삼진제약,20220303,유
KOSPI,00126478,삼성중공업,010140,최대주주등소유주식변동신고서,20220303800768,삼성중공업,20220303,유
KOSPI,00116301,NI스틸,008260,현금ㆍ현물배당결정,20220303800771,NI스틸,20220303,유
KOSPI,00158112,한국수출포장공업,002200,주주총회소집결의,20220303800779,한국수출포장공업,20220303,유
KOSPI,00162586,한올바이오파마,009420,감사보고서제출,20220303800783,한올바이오파마,20220303,유
KOSPI,00116301,NI스틸,008260,주주총회소집결의,20220303800786,NI스틸,20220303,유
KOSPI,00158112,한국수출포장공업,002200,현금ㆍ현물배당결정,20220303800790,한국수출포장공업,20220303,유
KOSPI,00992871,종근당,185750,현금ㆍ현물배당결정,20220303800792,종근당,20220303,유
KOSPI,00149354,종근당홀딩스,001630,현금ㆍ현물배당결정(자회사의 주요경영사항),20220303800794,종근당홀딩스,20220303,유
KOSPI,00158112,한국수출포장공업,002200,감사보고서제출,20220303800797,한국수출포장공업,20220303,유
KOSPI,01032413,해성디에스,195870,주주총회소집결의,20220303800805,해성디에스,20220303,유
KOSPI,00121570,문배철강,008420,현금ㆍ현물배당결정,20220303800808,문배철강,20220303,유
KOSPI,00117300,TCC스틸,002710,주주총회소집결의,20220303800816,TCC스틸,20220303,유정
KOSPI,00163196,한일철강,002220,주주총회소집결의,20220303800818,한일철강,20220303,유
KOSPI,00123718,부광약품,003000,최대주주등소유주식변동신고서(최대주주변경시),20220303800820,부광약품,20220303,유
KOSPI,00125521,에스엘,005850,주주총회소집결의,20220303800837,에스엘,20220303,유
KOSPI,00165680,호텔신라,008770,감사보고서제출,20220303800840,호텔신라,20220303,유
KOSPI,00181712,SK,034730,주주총회소집결의,20220303800848,SK,20220303,유
KOSPI,00163196,한일철강,002220,현금ㆍ현물배당결정,20220303800853,한일철강,20220303,유
KOSPI,00172936,동일산업,004890,감사보고서제출,20220303800871,동일산업,20220303,유
KOSPI,01480780,NH올원리츠,400760,최대주주변경,20220303800873,NH올원리츠,20220303,유
KOSPI,00107224,남선알미늄,008350,주주총회소집결의,20220303800882,남선알미늄,20220303,유
KOSPI,00222532,LG헬로비전,037560,감사보고서제출,20220303800886,LG헬로비전,20220303,유
KOSPI,00121969,에쓰씨엔지니어링,023960,주권관련사채권의취득결정,20220303800894,에쓰씨엔지니어링,20220303,유
KOSPI,00164973,현대해상,001450,주주총회소집결의,20220303800898,현대해상,20220303,유
KOSPI,00382199,신한지주,055550,주주총회소집결의,20220303800906,신한지주,20220303,유
KOSPI,00172936,동일산업,004890,현금ㆍ현물배당결정,20220303800922,동일산업,20220303,유
KOSPI,00113058,한화생명,088350,기업지배구조보고서공시,20220303800926,한화생명,20220303,유
KOSPI,00133706,한국제지,027970,주주총회소집결의,20220303800930,한국제지,20220303,유
KOSPI,00684714,풍산,103140,주주총회집중일개최사유신고,20220303800932,풍산,20220303,유
KOSPI,00123718,부광약품,003000,최대주주변경,20220303800937,부광약품,20220303,유
KOSPI,00155531,풍산홀딩스,005810,주주총회집중일개최사유신고,20220303800939,풍산홀딩스,20220303,유
KOSPI,00231363,LG유플러스,032640,감사보고서제출,20220303800941,LG유플러스,20220303,유
KOSPI,00149646,기업은행,024110,기업지배구조보고서공시,20220303800951,기업은행,20220303,유
KOSPI,00120021,LG,003550,감사보고서제출(자회사의 주요경영사항),20220303800962,LG,20220303,유
KOSPI,00172936,동일산업,004890,주주총회소집결의,20220303800970,동일산업,20220303,유
KOSPI,00144395,동서,026960,감사보고서제출,20220303800974,동서,20220303,유
KOSPI,00172936,동일산업,004890,주주총회집중일개최사유신고,20220303800980,동일산업,20220303,유
KOSPI,00109693,DL,000210,계열회사변경(자율공시),20220303800995,DL,20220303,유
KOSPI,00382199,신한지주,055550,감사보고서제출(자회사의 주요경영사항),20220303801012,신한지주,20220303,유
KOSPI,01310269,IPARK현대산업개발,294870,현금ㆍ현물배당결정,20220303801045,IPARK현대산업개발,20220303,유
KOSPI,00382199,신한지주,055550,감사보고서제출,20220303801050,신한지주,20220303,유정
KOSPI,00260383,대한유화,006650,주주총회소집결의,20220303801052,대한유화,20220303,유
KOSPI,00164636,HDC,012630,현금ㆍ현물배당결정(자회사의 주요경영사항),20220303801055,HDC,20220303,유
KOSPI,00164636,HDC,012630,현금ㆍ현물배당결정,20220303801059,HDC,20220303,유
KOSPI,00260383,대한유화,006650,현금ㆍ현물배당결정,20220303801060,대한유화,20220303,유
KOSPI,01310269,IPARK현대산업개발,294870,주주총회소집결의,20220303801067,IPARK현대산업개발,20220303,유
KOSPI,00353878,다스코,058730,주주총회집중일개최사유신고,20220303801070,다스코,20220303,유
KOSPI,00164636,HDC,012630,주주총회소집결의,20220303801074,HDC,20220303,유
KOSPI,00547583,하나금융지주,086790,기업지배구조보고서공시,20220303801078,하나금융지주,20220303,유
KOSPI,00382199,신한지주,055550,감사보고서제출(자회사의 주요경영사항),20220303801086,신한지주,20220303,유정
KOSPI,00148896,OCI홀딩스,010060,감사보고서제출,20220303801087,OCI홀딩스,20220303,유
KOSPI,00158325,NICE평가정보,030190,현금ㆍ현물배당결정,20220303900551,NICE평가정보,20220303,코
KOSPI,00158325,NICE평가정보,030190,주주총회소집결의,20220303900585,NICE평가정보,20220303,코
KOSPI,00120182,NH투자증권,005940,증권발행실적보고서,20220304000007,NH투자증권,20220304,
KOSPI,00129235,삼화왕관,004450,주주총회소집공고,20220304000012,삼화왕관,20220304,
KOSPI,00129235,삼화왕관,004450,의결권대리행사권유참고서류,20220304000023,삼화왕관,20220304,
KOSPI,00148610,한화투자증권,003530,증권발행실적보고서,20220304000030,한화투자증권,20220304,
KOSPI,01167056,샘표식품,248170,주주총회소집공고,20220304000031,샘표식품,20220304,
KOSPI,00130091,샘표,007540,주주총회소집공고,20220304000033,샘표,20220304,
KOSPI,00113207,대한전선,001440,[기재정정]주요사항보고서(유상증자결정),20220304000034,대한전선,20220304,
KOSPI,00101220,KG케미칼,001390,[첨부정정]의결권대리행사권유참고서류,20220304000037,KG케미칼,20220304,
KOSPI,01350869,우리금융지주,316140,임원ㆍ주요주주특정증권등소유상황보고서,20220304000039,손태승,20220304,
KOSPI,00113207,대한전선,001440,[발행조건확정]증권신고서(지분증권),20220304000041,대한전선,20220304,
KOSPI,00113207,대한전선,001440,[기재정정]투자설명서,20220304000046,대한전선,20220304,
KOSPI,00116824,동아쏘시오홀딩스,000640,임원ㆍ주요주주특정증권등소유상황보고서,20220304000047,국민연금공단,20220304,
KOSPI,00104722,국제약품,002720,주요사항보고서(무상증자결정),20220304000056,국제약품,20220304,
KOSPI,00105271,케이씨씨,002380,임원ㆍ주요주주특정증권등소유상황보고서,20220304000060,국민연금공단,20220304,
KOSPI,00108241,농심,004370,임원ㆍ주요주주특정증권등소유상황보고서,20220304000061,국민연금공단,20220304,
KOSPI,00159102,DB손해보험,005830,임원ㆍ주요주주특정증권등소유상황보고서,20220304000066,국민연금공단,20220304,
KOSPI,00118044,동원수산,030720,의결권대리행사권유참고서류,20220304000069,동원수산,20220304,
KOSPI,00111722,미래에셋증권,006800,증권발행실적보고서,20220304000072,미래에셋증권,20220304,
KOSPI,00126371,삼성전기,009150,임원ㆍ주요주주특정증권등소유상황보고서,20220304000075,국민연금공단,20220304,
KOSPI,00111722,미래에셋증권,006800,일괄신고추가서류(파생결합증권-주가연계증권),20220304000077,미래에셋증권,20220304,
KOSPI,00190321,케이티,030200,임원ㆍ주요주주특정증권등소유상황보고서,20220304000078,국민연금공단,20220304,
KOSPI,00432102,한국금융지주,071050,임원ㆍ주요주주특정증권등소유상황보고서,20220304000090,국민연금공단,20220304,
KOSPI,00148610,한화투자증권,003530,[첨부정정]의결권대리행사권유참고서류,20220304000091,한화투자증권,20220304,
KOSPI,00858364,BNK금융지주,138930,임원ㆍ주요주주특정증권등소유상황보고서,20220304000094,국민연금공단,20220304,
KOSPI,00111722,미래에셋증권,006800,투자설명서(일괄신고),20220304000095,미래에셋증권,20220304,
KOSPI,00878915,iM금융지주,139130,임원ㆍ주요주주특정증권등소유상황보고서,20220304000099,국민연금공단,20220304,
KOSPI,01042775,HL만도,204320,임원ㆍ주요주주특정증권등소유상황보고서,20220304000103,국민연금공단,20220304,
KOSPI,00104856,삼성증권,016360,일괄신고추가서류(파생결합사채-주가연계파생결합사채),20220304000112,삼성증권,20220304,
KOSPI,00137997,현대차증권,001500,일괄신고추가서류(파생결합사채-주가연계파생결합사채),20220304000113,현대차증권,20220304,
KOSPI,00111722,미래에셋증권,006800,일괄신고추가서류(파생결합증권-주가연계증권),20220304000115,미래에셋증권,20220304,
KOSPI,00105952,LS,006260,임원ㆍ주요주주특정증권등소유상황보고서,20220304000119,국민연금공단,20220304,
KOSPI,00104856,삼성증권,016360,투자설명서(일괄신고),20220304000120,삼성증권,20220304,
KOSPI,00120030,GS건설,006360,임원ㆍ주요주주특정증권등소유상황보고서,20220304000124,국민연금공단,20220304,
KOSPI,00163761,한창제지,009460,[첨부정정]의결권대리행사권유참고서류,20220304000126,한창제지,20220304,정
KOSPI,00162063,한신공영,004960,주주총회소집공고,20220304000131,한신공영,20220304,
KOSPI,01261893,케이씨텍,281820,주식등의대량보유상황보고서(일반),20220304000133,고석태,20220304,
KOSPI,00163196,한일철강,002220,[첨부정정]의결권대리행사권유참고서류,20220304000146,한일철강,20220304,
KOSPI,00146232,일성건설,013360,임원ㆍ주요주주특정증권등소유상황보고서,20220304000163,이인수,20220304,
KOSPI,00136721,신영증권,001720,일괄신고추가서류(파생결합증권-주가연계증권),20220304000167,신영증권,20220304,
KOSPI,00210856,코아스,071950,주주총회소집공고,20220304000202,코아스,20220304,
KOSPI,00137997,현대차증권,001500,투자설명서(일괄신고),20220304000205,현대차증권,20220304,
KOSPI,00367844,자이에스앤디,317400,[첨부정정]의결권대리행사권유참고서류,20220304000216,자이에스앤디,20220304,
KOSPI,00136721,신영증권,001720,투자설명서(일괄신고),20220304000224,신영증권,20220304,
KOSPI,00992871,종근당,185750,임원ㆍ주요주주특정증권등소유상황보고서,20220304000225,종근당홀딩스,20220304,
KOSPI,01535150,SK리츠,395400,[첨부정정]의결권대리행사권유참고서류,20220304000231,SK리츠,20220304,
KOSPI,00113359,교보증권,030610,증권발행실적보고서,20220304000233,교보증권,20220304,
KOSPI,00113359,교보증권,030610,증권발행실적보고서,20220304000235,교보증권,20220304,
KOSPI,00111722,미래에셋증권,006800,투자설명서(일괄신고),20220304000236,미래에셋증권,20220304,
KOSPI,00111722,미래에셋증권,006800,일괄신고추가서류(파생결합증권-주가연계증권),20220304000250,미래에셋증권,20220304,
KOSPI,00115694,DB증권,016610,증권발행실적보고서,20220304000266,DB증권,20220304,
KOSPI,00115694,DB증권,016610,증권발행실적보고서,20220304000272,DB증권,20220304,
KOSPI,00113359,교보증권,030610,일괄신고추가서류(기타파생결합사채),20220304000273,교보증권,20220304,
KOSPI,00115694,DB증권,016610,증권발행실적보고서,20220304000276,DB증권,20220304,
KOSPI,00120182,NH투자증권,005940,일괄신고추가서류(파생결합증권-주가연계증권),20220304000277,NH투자증권,20220304,
KOSPI,01480780,NH올원리츠,400760,주주총회소집공고,20220304000278,NH올원리츠,20220304,
KOSPI,00111722,미래에셋증권,006800,투자설명서(일괄신고),20220304000280,미래에셋증권,20220304,
KOSPI,00148984,시알홀딩스,000480,주주총회소집공고,20220304000281,시알홀딩스,20220304,
KOSPI,01480780,NH올원리츠,400760,의결권대리행사권유참고서류,20220304000290,NH올원리츠,20220304,
KOSPI,00120182,NH투자증권,005940,투자설명서(일괄신고),20220304000292,NH투자증권,20220304,
KOSPI,00158307,롯데하이마트,071840,의결권대리행사권유참고서류,20220304000298,롯데하이마트,20220304,
KOSPI,00117601,유안타증권,003470,증권발행실적보고서,20220304000302,유안타증권,20220304,
KOSPI,00111722,미래에셋증권,006800,증권발행실적보고서,20220304000305,미래에셋증권,20220304,
KOSPI,00525934,LX세미콘,108320,주주총회소집공고,20220304000306,LX세미콘,20220304,
KOSPI,00111722,미래에셋증권,006800,증권발행실적보고서,20220304000307,미래에셋증권,20220304,
KOSPI,00148610,한화투자증권,003530,증권발행실적보고서,20220304000309,한화투자증권,20220304,
KOSPI,00155258,포스코스틸리온,058430,주주총회소집공고,20220304000312,포스코스틸리온,20220304,
KOSPI,00155258,포스코스틸리온,058430,의결권대리행사권유참고서류,20220304000314,포스코스틸리온,20220304,
KOSPI,00525934,LX세미콘,108320,의결권대리행사권유참고서류,20220304000317,LX세미콘,20220304,
KOSPI,00120182,NH투자증권,005940,증권발행실적보고서,20220304000322,NH투자증권,20220304,
KOSPI,00137252,사조동아원,008040,의결권대리행사권유참고서류,20220304000324,사조동아원,20220304,
KOSPI,00120182,NH투자증권,005940,일괄신고추가서류(파생결합증권-주가연계증권),20220304000328,NH투자증권,20220304,
KOSPI,00120182,NH투자증권,005940,증권발행실적보고서,20220304000330,NH투자증권,20220304,
KOSPI,00136721,신영증권,001720,일괄신고추가서류(파생결합증권-주가연계증권),20220304000331,신영증권,20220304,
KOSPI,00164830,HD한국조선해양,009540,주식등의대량보유상황보고서(일반),20220304000332,HD현대,20220304,
KOSPI,00165413,롯데케미칼,011170,주주총회소집공고,20220304000336,롯데케미칼,20220304,정
KOSPI,00120182,NH투자증권,005940,투자설명서(일괄신고),20220304000338,NH투자증권,20220304,
KOSPI,00136721,신영증권,001720,투자설명서(일괄신고),20220304000347,신영증권,20220304,
KOSPI,00165413,롯데케미칼,011170,의결권대리행사권유참고서류,20220304000349,롯데케미칼,20220304,정
KOSPI,00147222,전방,000950,[기재정정]주요사항보고서(유형자산양도결정),20220304000357,전방,20220304,정
KOSPI,00136271,신성이엔지,011930,[첨부정정]의결권대리행사권유참고서류,20220304000359,신성이엔지,20220304,정
KOSPI,00157681,롯데정밀화학,004000,임원ㆍ주요주주특정증권등소유상황보고서,20220304000364,롯데케미칼,20220304,
KOSPI,00113359,교보증권,030610,증권발행실적보고서,20220304000366,교보증권,20220304,
KOSPI,00120182,NH투자증권,005940,일괄신고추가서류(파생결합증권-주가연계증권),20220304000371,NH투자증권,20220304,
KOSPI,00671376,트리니티항공,091810,임원ㆍ주요주주특정증권등소유상황보고서,20220304000373,유근태,20220304,
KOSPI,00860332,메리츠금융지주,138040,주요사항보고서(자기주식취득신탁계약해지결정),20220304000374,메리츠금융지주,20220304,
KOSPI,00117601,유안타증권,003470,증권발행실적보고서,20220304000375,유안타증권,20220304,
KOSPI,00823429,한국화장품,123690,주주총회소집공고,20220304000377,한국화장품,20220304,정
KOSPI,00296290,키움증권,039490,일괄신고추가서류(파생결합사채-주가연계파생결합사채),20220304000381,키움증권,20220304,
KOSPI,00113359,교보증권,030610,투자설명서(일괄신고),20220304000384,교보증권,20220304,
KOSPI,00157681,롯데정밀화학,004000,주식등의대량보유상황보고서(일반),20220304000387,롯데케미칼,20220304,
KOSPI,00120182,NH투자증권,005940,투자설명서(일괄신고),20220304000393,NH투자증권,20220304,
KOSPI,00860332,메리츠금융지주,138040,신탁계약해지결과보고서,20220304000401,메리츠금융지주,20220304,
KOSPI,00823429,한국화장품,123690,의결권대리행사권유참고서류,20220304000402,한국화장품,20220304,정
KOSPI,00110893,대신증권,003540,증권발행실적보고서,20220304000405,대신증권,20220304,
KOSPI,00152385,에이프로젠,007460,[기재정정]주요사항보고서(회사합병결정),20220304000408,에이프로젠,20220304,정
KOSPI,00124780,사조씨푸드,014710,주주총회소집공고,20220304000411,사조씨푸드,20220304,
KOSPI,00163196,한일철강,002220,[기재정정]주주총회소집공고,20220304000414,한일철강,20220304,
KOSPI,00160621,한국화장품제조,003350,주주총회소집공고,20220304000416,한국화장품제조,20220304,정
KOSPI,00131054,유진증권,001200,임원ㆍ주요주주특정증권등소유상황보고서,20220304000418,유창수,20220304,
KOSPI,00107987,남해화학,025860,[연장결정]주요사항보고서(자기주식취득신탁계약체결결정),20220304000424,남해화학,20220304,정
KOSPI,00128032,삼일제약,000520,신탁계약에의한취득상황보고서,20220304000427,삼일제약,20220304,
KOSPI,00107987,남해화학,025860,주주총회소집공고,20220304000428,남해화학,20220304,
KOSPI,00838500,엘브이엠씨,900140,주식등의대량보유상황보고서(일반),20220304000433,오세영,20220304,
KOSPI,00160621,한국화장품제조,003350,의결권대리행사권유참고서류,20220304000438,한국화장품제조,20220304,정
KOSPI,00124780,사조씨푸드,014710,의결권대리행사권유참고서류,20220304000439,사조씨푸드,20220304,
KOSPI,00983271,NHN,181710,임원ㆍ주요주주특정증권등소유상황보고서,20220304000446,이성재,20220304,
KOSPI,00233653,한국토지신탁,034830,주식등의대량보유상황보고서(일반),20220304000448,엠케이인베스트먼트,20220304,
KOSPI,00152385,에이프로젠,007460,[기재정정]주요사항보고서(전환사채권발행결정),20220304000453,에이프로젠,20220304,정
KOSPI,01261893,케이씨텍,281820,임원ㆍ주요주주특정증권등소유상황보고서,20220304000456,케이씨,20220304,
KOSPI,00661847,화인베스틸,133820,임원ㆍ주요주주특정증권등소유상황보고서,20220304000458,동일스틸럭스,20220304,
KOSPI,00382199,신한지주,055550,임원ㆍ주요주주특정증권등소유상황보고서,20220304000461,왕호민,20220304,
KOSPI,01234297,미원에스씨,268280,임원ㆍ주요주주특정증권등소유상황보고서,20220304000468,미원홀딩스,20220304,
KOSPI,00203315,콘텐트리중앙,036420,주식등의대량보유상황보고서(일반),20220304000474,중앙홀딩스,20220304,
KOSPI,00661847,화인베스틸,133820,주식등의대량보유상황보고서(일반),20220304000477,화인인터내셔날,20220304,
KOSPI,00382199,신한지주,055550,임원ㆍ주요주주특정증권등소유상황보고서,20220304000481,허영택,20220304,
KOSPI,00120182,NH투자증권,005940,일괄신고추가서류(파생결합증권-주가연계증권),20220304000483,NH투자증권,20220304,
KOSPI,00120182,NH투자증권,005940,투자설명서(일괄신고),20220304000488,NH투자증권,20220304,
KOSPI,00828789,대성산업,128820,임원ㆍ주요주주특정증권등소유상황보고서,20220304000489,최기철,20220304,
KOSPI,00111722,미래에셋증권,006800,증권발행실적보고서,20220304000491,미래에셋증권,20220304,
KOSPI,00136721,신영증권,001720,일괄신고추가서류(파생결합증권-주가연계증권),20220304000499,신영증권,20220304,
KOSPI,00117601,유안타증권,003470,일괄신고추가서류(파생결합증권-주가연계증권),20220304000502,유안타증권,20220304,
KOSPI,00158963,유나이티드,033270,주주총회소집공고,20220304000512,유나이티드,20220304,
KOSPI,00111722,미래에셋증권,006800,증권발행실적보고서,20220304000514,미래에셋증권,20220304,
KOSPI,00426086,티케이지휴켐스,069260,주식등의대량보유상황보고서(일반),20220304000515,티케이지태광,20220304,
KOSPI,01159233,솔루엠,248070,주식매수선택권부여에관한신고,20220304000524,솔루엠,20220304,정
KOSPI,00136721,신영증권,001720,투자설명서(일괄신고),20220304000525,신영증권,20220304,
KOSPI,00111722,미래에셋증권,006800,증권발행실적보고서,20220304000527,미래에셋증권,20220304,
KOSPI,00117601,유안타증권,003470,투자설명서(일괄신고),20220304000531,유안타증권,20220304,
KOSPI,00164973,현대해상,001450,주주총회소집공고,20220304000547,현대해상,20220304,
KOSPI,00145598,이연제약,102460,주식등의대량보유상황보고서(일반),20220304000549,정순옥,20220304,
KOSPI,00106669,세아베스틸지주,001430,[기재정정]증권신고서(채무증권),20220304000550,세아베스틸지주,20220304,정
KOSPI,00158112,한국수출포장공업,002200,주주총회소집공고,20220304000553,한국수출포장공업,20220304,
KOSPI,00136721,신영증권,001720,일괄신고추가서류(파생결합증권-주가연계증권),20220304000556,신영증권,20220304,
KOSPI,00158112,한국수출포장공업,002200,의결권대리행사권유참고서류,20220304000561,한국수출포장공업,20220304,
KOSPI,00164973,현대해상,001450,의결권대리행사권유참고서류,20220304000565,현대해상,20220304,
KOSPI,00136721,신영증권,001720,투자설명서(일괄신고),20220304000566,신영증권,20220304,
KOSPI,00131832,SK디스커버리,006120,주주총회소집공고,20220304000569,SK디스커버리,20220304,
KOSPI,01168383,일동제약,249420,주식등의대량보유상황보고서(일반),20220304000570,윤원영,20220304,
KOSPI,00113492,깨끗한나라,004540,주주총회소집공고,20220304000575,깨끗한나라,20220304,
KOSPI,00106669,세아베스틸지주,001430,[발행조건확정]증권신고서(채무증권),20220304000576,세아베스틸지주,20220304,정
KOSPI,00296290,키움증권,039490,투자설명서(일괄신고),20220304000578,키움증권,20220304,
KOSPI,00120021,LG,003550,주식등의대량보유상황보고서(일반),20220304000579,학교법인LG연암학원,20220304,
KOSPI,00113492,깨끗한나라,004540,의결권대리행사권유참고서류,20220304000581,깨끗한나라,20220304,정
KOSPI,00120182,NH투자증권,005940,주주총회소집공고,20220304000585,NH투자증권,20220304,
KOSPI,00113359,교보증권,030610,일괄신고추가서류(기타파생결합사채),20220304000587,교보증권,20220304,
KOSPI,00118345,디아이동일,001530,의결권대리행사권유참고서류,20220304000588,디아이동일,20220304,
KOSPI,00130091,샘표,007540,의결권대리행사권유참고서류,20220304000591,샘표,20220304,
KOSPI,00118345,디아이동일,001530,[연장결정]주요사항보고서(자기주식취득신탁계약체결결정),20220304000592,디아이동일,20220304,정
KOSPI,00120182,NH투자증권,005940,의결권대리행사권유참고서류,20220304000593,NH투자증권,20220304,
KOSPI,01168383,일동제약,249420,임원ㆍ주요주주특정증권등소유상황보고서,20220304000594,이상윤,20220304,
KOSPI,00118345,디아이동일,001530,[연장결정]주요사항보고서(자기주식취득신탁계약체결결정),20220304000597,디아이동일,20220304,정
KOSPI,00131832,SK디스커버리,006120,의결권대리행사권유참고서류,20220304000598,SK디스커버리,20220304,
KOSPI,00109754,대림바스,005750,의결권대리행사권유참고서류,20220304000599,대림바스,20220304,정
KOSPI,00118345,디아이동일,001530,[연장결정]주요사항보고서(자기주식취득신탁계약체결결정),20220304000601,디아이동일,20220304,정
KOSPI,00661847,화인베스틸,133820,[기재정정]주식등의대량보유상황보고서(약식),20220304000603,수성자산운용,20220304,
KOSPI,01167056,샘표식품,248170,의결권대리행사권유참고서류,20220304000610,샘표식품,20220304,
KOSPI,00299002,HL홀딩스,060980,특수관계인에대한출자,20220304000618,HL홀딩스,20220304,공
KOSPI,00422895,세이브존I&C,067830,주주총회소집공고,20220304000623,세이브존I&C,20220304,
KOSPI,00653024,진에어,272450,주주총회소집공고,20220304000624,진에어,20220304,
KOSPI,00164973,현대해상,001450,주식등의대량보유상황보고서(일반),20220304000629,정몽윤,20220304,
KOSPI,00653024,진에어,272450,의결권대리행사권유참고서류,20220304000631,진에어,20220304,
KOSPI,00753643,주성코퍼레이션,109070,독립이사의선임ㆍ해임또는중도퇴임에관한신고,20220304000633,주성코퍼레이션,20220304,
KOSPI,00162416,한양증권,001750,주주총회소집공고,20220304000636,한양증권,20220304,정
KOSPI,00159616,두산에너빌리티,034020,임원ㆍ주요주주특정증권등소유상황보고서,20220304000637,이종문,20220304,
KOSPI,01363818,롯데리츠,330590,[첨부정정]의결권대리행사권유참고서류,20220304000639,롯데리츠,20220304,
KOSPI,00131850,SK증권,001510,주주총회소집공고,20220304000640,SK증권,20220304,
KOSPI,00131850,SK증권,001510,의결권대리행사권유참고서류,20220304000646,SK증권,20220304,정
KOSPI,00161693,한샘,009240,의결권대리행사권유참고서류,20220304000647,"TetonCapitalPartners,L.P.",20220304,정
KOSPI,00956930,동아에스티,170900,주주총회소집공고,20220304000650,동아에스티,20220304,
KOSPI,00181712,SK,034730,자기주식처분결과보고서,20220304000652,SK,20220304,
KOSPI,00956930,동아에스티,170900,의결권대리행사권유참고서류,20220304000657,동아에스티,20220304,
KOSPI,00156691,한국공항,005430,주주총회소집공고,20220304000659,한국공항,20220304,
KOSPI,00113359,교보증권,030610,투자설명서(일괄신고),20220304000662,교보증권,20220304,
KOSPI,00162416,한양증권,001750,의결권대리행사권유참고서류,20220304000663,한양증권,20220304,정
KOSPI,00150244,하이트진로,000080,[기재정정]증권신고서(채무증권),20220304000665,하이트진로,20220304,정
KOSPI,00104856,삼성증권,016360,임원ㆍ주요주주특정증권등소유상황보고서,20220304000666,삼성생명,20220304,
KOSPI,00135917,한화손해보험,000370,[기재정정]증권신고서(채무증권),20220304000668,한화손해보험,20220304,
KOSPI,00156691,한국공항,005430,의결권대리행사권유참고서류,20220304000672,한국공항,20220304,
KOSPI,00126292,삼성카드,029780,임원ㆍ주요주주특정증권등소유상황보고서,20220304000673,삼성생명,20220304,
KOSPI,00161046,한독,002390,임원ㆍ주요주주특정증권등소유상황보고서,20220304000674,KIM DANIEL DONG HAN ,20220304,
KOSPI,00139214,삼성화재해상보험,000810,임원ㆍ주요주주특정증권등소유상황보고서,20220304000678,삼성생명,20220304,
KOSPI,00105952,LS,006260,주식등의대량보유상황보고서(일반),20220304000679,구자열,20220304,
KOSPI,00150244,하이트진로,000080,[발행조건확정]증권신고서(채무증권),20220304000681,하이트진로,20220304,정
KOSPI,00136721,신영증권,001720,일괄신고추가서류(파생결합증권-주가연계증권),20220304000683,신영증권,20220304,
KOSPI,00266961,NAVER,035420,사업보고서 (2021.12),20220304000687,NAVER,20220304,연
KOSPI,00161976,한세예스24홀딩스,016450,주식등의대량보유상황보고서(일반),20220304000688,김동녕,20220304,
KOSPI,00258801,카카오,035720,자기주식처분결과보고서,20220304000690,카카오,20220304,
KOSPI,00105855,엘에스일렉트릭,010120,임원ㆍ주요주주특정증권등소유상황보고서,20220304000694,LS,20220304,
KOSPI,01412822,솔루스첨단소재,336370,주식등의대량보유상황보고서(일반),20220304000697,스카이레이크롱텀스트래티직인베스트먼트,20220304,
KOSPI,00136721,신영증권,001720,투자설명서(일괄신고),20220304000698,신영증권,20220304,
KOSPI,00181712,SK,034730,임원ㆍ주요주주특정증권등소유상황보고서,20220304000700,조대식,20220304,
KOSPI,00181712,SK,034730,임원ㆍ주요주주특정증권등소유상황보고서,20220304000703,장동현,20220304,
KOSPI,00181712,SK,034730,임원ㆍ주요주주특정증권등소유상황보고서,20220304000704,박성하,20220304,
KOSPI,00347734,진양화학,051630,사업보고서 (2021.12),20220304000705,진양화학,20220304,
KOSPI,00181712,SK,034730,임원ㆍ주요주주특정증권등소유상황보고서,20220304000709,이용욱,20220304,정
KOSPI,00181712,SK,034730,임원ㆍ주요주주특정증권등소유상황보고서,20220304000710,추형욱,20220304,
KOSPI,00113207,대한전선,001440,유상증자신주발행가액(안내공시),20220304800076,대한전선,20220304,유
KOSPI,00149804,디와이에이,002880,기타경영사항(자율공시),20220304800079,디와이에이,20220304,유
KOSPI,00198697,일진디스플,020760,유상증자또는주식관련사채등의청약결과(자율공시),20220304800086,일진디스플,20220304,유
KOSPI,00145446,이건산업,008250,주주총회소집결의,20220304800133,이건산업,20220304,유
KOSPI,00145446,이건산업,008250,현금ㆍ현물배당결정,20220304800146,이건산업,20220304,유
KOSPI,00145446,이건산업,008250,기타경영사항(자율공시),20220304800153,이건산업,20220304,유
KOSPI,00137359,신풍제약,019170,투자판단관련주요경영사항(COVID-19 치료제 피라맥스정의 임상 3상 시험계획 영국 승인),20220304800171,신풍제약,20220304,유정
KOSPI,00125974,삼부토건,001470,단일판매ㆍ공급계약체결,20220304800175,삼부토건,20220304,유정
KOSPI,00143527,경동인베스트,012320,감사보고서제출(자회사의 주요경영사항),20220304800196,경동인베스트,20220304,유
KOSPI,00125530,삼립,005610,주주총회소집결의,20220304800229,삼립,20220304,유
KOSPI,00390055,종근당바이오,063160,주주총회소집결의,20220304800233,종근당바이오,20220304,유
KOSPI,00132868,우성머티리얼스,011300,주주총회소집결의,20220304800235,우성머티리얼스,20220304,유
KOSPI,00132868,우성머티리얼스,011300,주주총회집중일개최사유신고,20220304800237,우성머티리얼스,20220304,유
KOSPI,00132868,우성머티리얼스,011300,매출액또는손익구조30%(대규모법인은15%)이상변경,20220304800238,우성머티리얼스,20220304,유정
KOSPI,00125530,삼립,005610,현금ㆍ현물배당결정,20220304800239,삼립,20220304,유
KOSPI,00390055,종근당바이오,063160,현금ㆍ현물배당결정,20220304800246,종근당바이오,20220304,유
KOSPI,00149354,종근당홀딩스,001630,현금ㆍ현물배당결정(자회사의 주요경영사항),20220304800247,종근당홀딩스,20220304,유
KOSPI,00128980,삼호개발,010960,주주총회소집결의,20220304800287,삼호개발,20220304,유
KOSPI,00128980,삼호개발,010960,기타경영사항(자율공시),20220304800292,삼호개발,20220304,유
KOSPI,00144395,동서,026960,주주총회소집결의,20220304800312,동서,20220304,유
KOSPI,00144395,동서,026960,주주총회집중일개최사유신고,20220304800317,동서,20220304,유
KOSPI,00367844,자이에스앤디,317400,[기재정정]타법인주식및출자증권취득결정(종속회사의주요경영사항),20220304800332,자이에스앤디,20220304,유
KOSPI,00158149,한국쉘석유,002960,주주총회집중일개최사유신고,20220304800348,한국쉘석유,20220304,유
KOSPI,00143262,우진아이엔에스,010400,주주총회소집결의,20220304800352,우진아이엔에스,20220304,유
KOSPI,00143262,우진아이엔에스,010400,주주총회집중일개최사유신고,20220304800355,우진아이엔에스,20220304,유
KOSPI,00992871,종근당,185750,최대주주등소유주식변동신고서,20220304800362,종근당,20220304,유
KOSPI,00143262,우진아이엔에스,010400,현금ㆍ현물배당결정,20220304800382,우진아이엔에스,20220304,유
KOSPI,00508344,SK디앤디,210980,주주총회소집결의,20220304800417,SK디앤디,20220304,유
KOSPI,00178754,동아지질,028100,[기재정정]단일판매ㆍ공급계약체결,20220304800424,동아지질,20220304,유정
KOSPI,00178754,동아지질,028100,[기재정정]단일판매ㆍ공급계약체결,20220304800431,동아지질,20220304,유정
KOSPI,00557508,GKL,114090,영업(잠정)실적(공정공시),20220304800446,GKL,20220304,유
KOSPI,00155258,포스코스틸리온,058430,주주총회소집결의,20220304800449,포스코스틸리온,20220304,유
KOSPI,00854997,에스디바이오센서,137310,단일판매ㆍ공급계약체결,20220304800455,에스디바이오센서,20220304,유정
KOSPI,00557933,진도,088790,현금ㆍ현물배당결정,20220304800464,진도,20220304,유
KOSPI,00124726,빙그레,005180,현금ㆍ현물배당결정,20220304800472,빙그레,20220304,유
KOSPI,00124726,빙그레,005180,주주총회소집결의,20220304800485,빙그레,20220304,유
KOSPI,01430475,코람코라이프인프라리츠,357120,기타경영사항(자율공시),20220304800486,코람코라이프인프라리츠,20220304,유
KOSPI,00357935,HDC현대EP,089470,주주총회소집결의,20220304800487,HDC현대EP,20220304,유
KOSPI,00159616,두산에너빌리티,034020,투자유의안내(두산중공업 1WR의 신주인수권 행사기간 만료 및 상장폐지 예고),20220304800492,유가증권시장본부,20220304,유
KOSPI,00149354,종근당홀딩스,001630,주주총회소집결의,20220304800493,종근당홀딩스,20220304,유
KOSPI,00357935,HDC현대EP,089470,현금ㆍ현물배당결정,20220304800498,HDC현대EP,20220304,유
KOSPI,00159102,DB손해보험,005830,주주총회소집결의,20220304800499,DB손해보험,20220304,유
KOSPI,00149354,종근당홀딩스,001630,현금ㆍ현물배당결정,20220304800501,종근당홀딩스,20220304,유
KOSPI,00123718,부광약품,003000,현금ㆍ현물배당결정,20220304800509,부광약품,20220304,유
KOSPI,00123718,부광약품,003000,주주총회소집결의,20220304800514,부광약품,20220304,유
KOSPI,00123718,부광약품,003000,주주총회집중일개최사유신고,20220304800543,부광약품,20220304,유
KOSPI,01205709,HD현대,267250,최대주주등소유주식변동신고서,20220304800544,HD현대,20220304,유
KOSPI,00141307,영풍,000670,현금ㆍ현물배당결정,20220304800545,영풍,20220304,유
KOSPI,00141307,영풍,000670,주주총회소집결의,20220304800552,영풍,20220304,유
KOSPI,00508344,SK디앤디,210980,타법인주식및출자증권취득결정,20220304800561,SK디앤디,20220304,유정
KOSPI,00382199,신한지주,055550,기업지배구조보고서공시,20220304800569,신한지주,20220304,유
KOSPI,00382199,신한지주,055550,기업지배구조보고서공시(자율공시)(자회사의 주요경영사항),20220304800572,신한지주,20220304,유
KOSPI,00983271,NHN,181710,기타경영사항(자율공시),20220304800579,NHN,20220304,유
KOSPI,00148276,제일기획,030000,최대주주등소유주식변동신고서,20220304800580,제일기획,20220304,유
KOSPI,00382199,신한지주,055550,기업지배구조보고서공시(자율공시)(자회사의 주요경영사항),20220304800581,신한지주,20220304,유
KOSPI,00593032,LF,093050,타법인주식및출자증권처분결정(자율공시)(종속회사의주요경영사항),20220304800587,LF,20220304,유
KOSPI,00121039,명문제약,017180,조회공시요구(풍문또는보도)에대한답변(미확정),20220304800589,명문제약,20220304,유
KOSPI,00120021,LG,003550,[기재정정]타법인주식및출자증권처분결정(종속회사의주요경영사항),20220304800591,LG,20220304,유
KOSPI,00671376,트리니티항공,091810,최대주주등소유주식변동신고서,20220304800592,트리니티항공,20220304,유
KOSPI,01436628,이지스레지던스리츠,350520,정기주주총회결과,20220304800600,이지스레지던스리츠,20220304,유
KOSPI,00823429,한국화장품,123690,주주총회집중일개최사유신고,20220304800613,한국화장품,20220304,유
KOSPI,00131832,SK디스커버리,006120,타법인주식및출자증권취득결정(자회사의 주요경영사항),20220304800618,SK디스커버리,20220304,유정
KOSPI,00432102,한국금융지주,071050,기업지배구조보고서공시,20220304800619,한국금융지주,20220304,유
KOSPI,00269241,주연테크,044380,주주총회소집결의,20220304800625,주연테크,20220304,유정
KOSPI,00157681,롯데정밀화학,004000,최대주주등소유주식변동신고서,20220304800637,롯데정밀화학,20220304,유
KOSPI,00860332,메리츠금융지주,138040,주식소각결정,20220304800638,메리츠금융지주,20220304,유
KOSPI,00107987,남해화학,025860,주주총회소집결의,20220304800639,남해화학,20220304,유
KOSPI,00159102,DB손해보험,005830,기업지배구조보고서공시,20220304800640,DB손해보험,20220304,유정
KOSPI,00858364,BNK금융지주,138930,상각형조건부자본증권발행결정(자회사의 주요경영사항),20220304800643,BNK금융지주,20220304,유정
KOSPI,00131054,유진증권,001200,최대주주등소유주식변동신고서,20220304800645,유진증권,20220304,유
KOSPI,00140168,HS애드,035000,주주총회소집결의,20220304800657,HS애드,20220304,유
KOSPI,00107987,남해화학,025860,현금ㆍ현물배당결정,20220304800660,남해화학,20220304,유
KOSPI,00160621,한국화장품제조,003350,주주총회집중일개최사유신고,20220304800667,한국화장품제조,20220304,유
KOSPI,00173795,신흥,004080,최대주주등소유주식변동신고서,20220304800671,신흥,20220304,유
KOSPI,01234297,미원에스씨,268280,최대주주등소유주식변동신고서,20220304800680,미원에스씨,20220304,유
KOSPI,00152385,에이프로젠,007460,[기재정정]주주총회소집결의,20220304800681,에이프로젠,20220304,유정
KOSPI,00121534,MH에탄올,023150,현금ㆍ현물배당결정,20220304800709,MH에탄올,20220304,유
KOSPI,00121534,MH에탄올,023150,매출액또는손익구조30%(대규모법인은15%)이상변경,20220304800716,MH에탄올,20220304,유
KOSPI,00878915,iM금융지주,139130,기업지배구조보고서공시,20220304800737,iM금융지주,20220304,유
KOSPI,00148443,제일파마홀딩스,002620,주주총회소집결의,20220304800745,제일파마홀딩스,20220304,유
KOSPI,01258507,롯데웰푸드,280360,[기재정정]매출액또는손익구조30%(대규모법인은15%)이상변경,20220304800748,롯데웰푸드,20220304,유
KOSPI,00140168,HS애드,035000,주주총회집중일개최사유신고,20220304800752,HS애드,20220304,유
KOSPI,00787376,대성에너지,117580,주주총회소집결의,20220304800756,대성에너지,20220304,유정
KOSPI,01258507,롯데웰푸드,280360,주주총회소집결의,20220304800769,롯데웰푸드,20220304,유
KOSPI,00112332,미래에셋생명,085620,기업지배구조보고서공시,20220304800775,미래에셋생명,20220304,유
KOSPI,00180795,인팩,023810,[기재정정]주주총회소집결의,20220304800777,인팩,20220304,유
KOSPI,00148443,제일파마홀딩스,002620,현금ㆍ현물배당결정,20220304800779,제일파마홀딩스,20220304,유
KOSPI,00117601,유안타증권,003470,기업지배구조보고서공시,20220304800783,유안타증권,20220304,유
KOSPI,00121534,MH에탄올,023150,주주총회소집결의,20220304800804,MH에탄올,20220304,유
KOSPI,01236897,제일약품,271980,주주총회소집결의,20220304800806,제일약품,20220304,유
KOSPI,00158963,유나이티드,033270,주주총회소집결의,20220304800812,유나이티드,20220304,유
KOSPI,00158963,유나이티드,033270,현금ㆍ현물배당결정,20220304800817,유나이티드,20220304,유
KOSPI,00158963,유나이티드,033270,공정거래자율준수프로그램운영현황(안내공시),20220304800821,유나이티드,20220304,유
KOSPI,00131832,SK디스커버리,006120,주주총회소집결의,20220304800822,SK디스커버리,20220304,유
KOSPI,00828789,대성산업,128820,최대주주등소유주식변동신고서,20220304800834,대성산업,20220304,유
KOSPI,00382199,신한지주,055550,상각형조건부자본증권발행결정(자회사의 주요경영사항),20220304800844,신한지주,20220304,유정
KOSPI,01236897,제일약품,271980,현금ㆍ현물배당결정,20220304800847,제일약품,20220304,유
KOSPI,00858364,BNK금융지주,138930,기업지배구조보고서공시,20220304800854,BNK금융지주,20220304,유
KOSPI,00121969,에쓰씨엔지니어링,023960,주권관련사채권의취득결정,20220304800891,에쓰씨엔지니어링,20220304,유
KOSPI,00706715,미원홀딩스,107590,최대주주등소유주식변동신고서,20220304800895,미원홀딩스,20220304,유
KOSPI,00122579,BYC,001460,주주총회소집결의,20220304800903,BYC,20220304,유
KOSPI,00164973,현대해상,001450,주주총회집중일개최사유신고,20220304800907,현대해상,20220304,유
KOSPI,00120182,NH투자증권,005940,감사보고서제출,20220304800915,NH투자증권,20220304,유
KOSPI,01168383,일동제약,249420,최대주주등소유주식변동신고서,20220304800924,일동제약,20220304,유
KOSPI,00113492,깨끗한나라,004540,주주총회집중일개최사유신고,20220304800929,깨끗한나라,20220304,유
KOSPI,00631518,SK이노베이션,096770,감사보고서제출(자회사의 주요경영사항),20220304800930,SK이노베이션,20220304,유
KOSPI,00266961,NAVER,035420,감사보고서제출,20220304800932,NAVER,20220304,유
KOSPI,00118345,디아이동일,001530,주주총회소집결의,20220304800935,디아이동일,20220304,유
KOSPI,00118345,디아이동일,001530,현금ㆍ현물배당결정,20220304800938,디아이동일,20220304,유
KOSPI,00118345,디아이동일,001530,주식분할결정,20220304800942,디아이동일,20220304,유정
KOSPI,01350869,우리금융지주,316140,주주총회소집결의,20220304800943,우리금융지주,20220304,유
KOSPI,00653024,진에어,272450,주주총회소집결의,20220304800944,진에어,20220304,유
KOSPI,00103006,고려제강,002240,주주총회소집결의,20220304800955,고려제강,20220304,유
KOSPI,00124540,대우건설,047040,타인에대한채무보증결정,20220304800959,대우건설,20220304,유
KOSPI,00161426,한미사이언스,008930,현금ㆍ현물배당결정(자회사의 주요경영사항),20220304800962,한미사이언스,20220304,유정
KOSPI,00162416,한양증권,001750,[첨부추가]주주총회소집결의,20220304800964,한양증권,20220304,유
KOSPI,00684802,에이플러스에셋,244920,매출액또는손익구조30%(대규모법인은15%)이상변경,20220304800971,에이플러스에셋,20220304,유
KOSPI,00162416,한양증권,001750,현금ㆍ현물배당결정,20220304800974,한양증권,20220304,유
KOSPI,00181712,SK,034730,감사보고서제출(자회사의 주요경영사항),20220304800975,SK,20220304,유
KOSPI,00684802,에이플러스에셋,244920,주주총회소집결의,20220304800977,에이플러스에셋,20220304,유
KOSPI,00131850,SK증권,001510,[기재정정]매출액또는손익구조30%(대규모법인은15%)이상변경,20220304800982,SK증권,20220304,유
KOSPI,00131850,SK증권,001510,주주총회소집결의,20220304800986,SK증권,20220304,유
KOSPI,00203315,콘텐트리중앙,036420,기타경영사항(자율공시),20220304800988,콘텐트리중앙,20220304,유
KOSPI,00131850,SK증권,001510,현금ㆍ현물배당결정,20220304800989,SK증권,20220304,유
KOSPI,00131850,SK증권,001510,기업지배구조보고서공시,20220304800990,SK증권,20220304,유
KOSPI,00122579,BYC,001460,현금ㆍ현물배당결정,20220304800998,BYC,20220304,유
KOSPI,00303873,CJ CGV,079160,타인에대한채무보증결정,20220304801004,CJ CGV,20220304,유
KOSPI,00103006,고려제강,002240,매출액또는손익구조30%(대규모법인은15%)이상변경,20220304801006,고려제강,20220304,유정
KOSPI,00105855,엘에스일렉트릭,010120,최대주주등소유주식변동신고서,20220304801007,엘에스일렉트릭,20220304,유
KOSPI,01350869,우리금융지주,316140,주주총회집중일개최사유신고,20220304801010,우리금융지주,20220304,유
KOSPI,00149655,삼성물산,028260,감사보고서제출,20220304801013,삼성물산,20220304,유
KOSPI,00547583,하나금융지주,086790,타법인주식및출자증권취득결정(자회사의 주요경영사항),20220304801019,하나금융지주,20220304,유정
KOSPI,00684802,에이플러스에셋,244920,현금ㆍ현물배당결정,20220304801024,에이플러스에셋,20220304,유
KOSPI,00103006,고려제강,002240,현금ㆍ현물배당결정,20220304801026,고려제강,20220304,유정
KOSPI,00203315,콘텐트리중앙,036420,기타경영사항(자율공시),20220304801030,콘텐트리중앙,20220304,유
KOSPI,00422895,세이브존I&C,067830,주주총회집중일개최사유신고,20220304801033,세이브존I&C,20220304,유
KOSPI,01133217,카카오뱅크,323410,감사보고서제출,20220304801043,카카오뱅크,20220304,유
KOSPI,01386916,SK아이이테크놀로지,361610,감사보고서제출,20220304801045,SK아이이테크놀로지,20220304,유
KOSPI,00203315,콘텐트리중앙,036420,타법인주식및출자증권취득결정,20220304801067,콘텐트리중앙,20220304,유
KOSPI,00128980,삼호개발,010960,[기재정정]단일판매ㆍ공급계약체결,20220304801071,삼호개발,20220304,유정
KOSPI,00128980,삼호개발,010960,[기재정정]단일판매ㆍ공급계약체결,20220304801072,삼호개발,20220304,유정
KOSPI,00167208,흥아해운,003280,주주총회소집결의,20220304801081,흥아해운,20220304,유정
KOSPI,01350869,우리금융지주,316140,기업지배구조보고서공시,20220304801085,우리금융지주,20220304,유
KOSPI,00631518,SK이노베이션,096770,감사보고서제출,20220304801104,SK이노베이션,20220304,유
KOSPI,00347734,진양화학,051630,감사보고서제출,20220304801108,진양화학,20220304,유
KOSPI,00181712,SK,034730,감사보고서제출(자회사의 주요경영사항),20220304801113,SK,20220304,유
KOSPI,00181712,SK,034730,최대주주등소유주식변동신고서,20220304801117,SK,20220304,유
KOSPI,00103176,흥국화재,000540,기업지배구조보고서공시,20220304801119,흥국화재,20220304,유
KOSPI,00480367,SK오션플랜트,100090,전환청구권행사(제7회차),20220304900713,SK오션플랜트,20220304,코
KOSPI,00398701,엘앤에프,066970,본점소재지변경,20220304900855,엘앤에프,20220304,코
KOSPI,00135917,한화손해보험,000370,투자설명서,20220307000012,한화손해보험,20220307,
KOSPI,00111722,미래에셋증권,006800,증권발행실적보고서,20220307000013,미래에셋증권,20220307,
KOSPI,00115694,DB증권,016610,증권발행실적보고서,20220307000025,DB증권,20220307,
KOSPI,00137368,신풍,002870,주주총회소집공고,20220307000030,신풍,20220307,
KOSPI,00137997,현대차증권,001500,증권발행실적보고서,20220307000031,현대차증권,20220307,
KOSPI,00130684,서울도시가스,017390,주주총회소집공고,20220307000035,서울도시가스,20220307,정
KOSPI,00117601,유안타증권,003470,증권발행실적보고서,20220307000047,유안타증권,20220307,
KOSPI,00148610,한화투자증권,003530,증권발행실적보고서,20220307000064,한화투자증권,20220307,
KOSPI,00120182,NH투자증권,005940,증권발행실적보고서,20220307000066,NH투자증권,20220307,
KOSPI,00104999,윌비스,008600,주주총회소집공고,20220307000067,윌비스,20220307,정
KOSPI,00104999,윌비스,008600,의결권대리행사권유참고서류,20220307000070,윌비스,20220307,
KOSPI,00296290,키움증권,039490,증권발행실적보고서,20220307000072,키움증권,20220307,
KOSPI,00296290,키움증권,039490,증권발행실적보고서,20220307000074,키움증권,20220307,
KOSPI,00160418,한국무브넥스,010100,의결권대리행사권유참고서류,20220307000076,한국무브넥스,20220307,
KOSPI,00101044,에이프로젠바이오로직스,003060,주주총회소집공고,20220307000084,에이프로젠바이오로직스,20220307,
KOSPI,01436558,신한서부티엔디리츠,404990,주주총회소집공고,20220307000086,신한서부티엔디리츠,20220307,
KOSPI,00113359,교보증권,030610,증권발행실적보고서,20220307000101,교보증권,20220307,
KOSPI,00540641,동양고속,084670,주주총회소집공고,20220307000103,동양고속,20220307,
KOSPI,00113359,교보증권,030610,증권발행실적보고서,20220307000105,교보증권,20220307,
KOSPI,00113359,교보증권,030610,증권발행실적보고서,20220307000116,교보증권,20220307,
KOSPI,00113359,교보증권,030610,증권발행실적보고서,20220307000121,교보증권,20220307,
KOSPI,00113359,교보증권,030610,증권발행실적보고서,20220307000124,교보증권,20220307,
KOSPI,00171265,파라다이스,034230,주식등의대량보유상황보고서(일반),20220307000139,파라다이스글로벌,20220307,
KOSPI,00113492,깨끗한나라,004540,[기재정정]의결권대리행사권유참고서류,20220307000140,깨끗한나라,20220307,
KOSPI,00137997,현대차증권,001500,일괄신고추가서류(파생결합사채-주가연계파생결합사채),20220307000148,현대차증권,20220307,
KOSPI,00137997,현대차증권,001500,투자설명서(일괄신고),20220307000153,현대차증권,20220307,
KOSPI,00760971,크래프톤,259960,주식등의대량보유상황보고서(일반),20220307000155,장병규,20220307,
KOSPI,00107224,남선알미늄,008350,주주총회소집공고,20220307000172,남선알미늄,20220307,
KOSPI,00107224,남선알미늄,008350,의결권대리행사권유참고서류,20220307000176,남선알미늄,20220307,정
KOSPI,00153339,태경산업,015890,신탁계약에의한취득상황보고서,20220307000186,태경산업,20220307,
KOSPI,00110893,대신증권,003540,증권발행실적보고서,20220307000187,대신증권,20220307,
KOSPI,00121932,미원상사,002840,주주총회소집공고,20220307000192,미원상사,20220307,
KOSPI,00153339,태경산업,015890,주주총회소집공고,20220307000193,태경산업,20220307,정
KOSPI,00104856,삼성증권,016360,증권발행실적보고서,20220307000195,삼성증권,20220307,
KOSPI,00153339,태경산업,015890,의결권대리행사권유참고서류,20220307000196,태경산업,20220307,정
KOSPI,00104856,삼성증권,016360,증권발행실적보고서,20220307000199,삼성증권,20220307,
KOSPI,00160588,한화,000880,주요사항보고서(자기주식취득결정),20220307000213,한화,20220307,
KOSPI,00939687,동일고무벨트,163560,주주총회소집공고,20220307000215,동일고무벨트,20220307,
KOSPI,00127255,삼영,003720,주주총회소집공고,20220307000227,삼영,20220307,
KOSPI,00210856,코아스,071950,의결권대리행사권유참고서류,20220307000232,코아스,20220307,정
KOSPI,00129989,코스모신소재,005070,주식등의대량보유상황보고서(일반),20220307000245,코스모화학,20220307,
KOSPI,00117601,유안타증권,003470,증권발행실적보고서,20220307000258,유안타증권,20220307,
KOSPI,00145163,파미셀,005690,주식등의대량보유상황보고서(일반),20220307000269,김현수,20220307,
KOSPI,00107224,남선알미늄,008350,[첨부정정]의결권대리행사권유참고서류,20220307000276,남선알미늄,20220307,정
KOSPI,00160375,진양폴리우레탄,010640,사업보고서 (2021.12),20220307000285,진양폴리우레탄,20220307,정연
KOSPI,01350869,우리금융지주,316140,임원ㆍ주요주주특정증권등소유상황보고서,20220307000289,박화재,20220307,
KOSPI,00144720,와이투솔루션,011690,주주총회소집공고,20220307000292,와이투솔루션,20220307,
KOSPI,01350869,우리금융지주,316140,임원ㆍ주요주주특정증권등소유상황보고서,20220307000302,전상욱,20220307,
KOSPI,00108746,DKME,015590,주주총회소집공고,20220307000303,DKME,20220307,정
KOSPI,00118266,DRB동일,004840,[첨부정정]주요사항보고서(회사분할결정),20220307000308,DRB동일,20220307,
KOSPI,00160588,한화,000880,임원ㆍ주요주주특정증권등소유상황보고서,20220307000311,김경우,20220307,
KOSPI,00116949,DN오토모티브,007340,주식등의대량보유상황보고서(일반),20220307000313,김상헌,20220307,
KOSPI,00115694,DB증권,016610,증권발행실적보고서,20220307000315,DB증권,20220307,
KOSPI,00111722,미래에셋증권,006800,증권발행실적보고서,20220307000316,미래에셋증권,20220307,
KOSPI,00145552,이수화학,005950,주식등의대량보유상황보고서(일반),20220307000321,이수,20220307,
KOSPI,00117601,유안타증권,003470,일괄신고추가서류(기타파생결합사채),20220307000322,유안타증권,20220307,
KOSPI,00164742,현대자동차,005380,임원ㆍ주요주주특정증권등소유상황보고서,20220307000326,편광현,20220307,
KOSPI,01436558,신한서부티엔디리츠,404990,의결권대리행사권유참고서류,20220307000334,신한서부티엔디리츠,20220307,
KOSPI,00118266,DRB동일,004840,[기재정정]의결권대리행사권유참고서류,20220307000337,DRB동일,20220307,정
KOSPI,00164742,현대자동차,005380,임원ㆍ주요주주특정증권등소유상황보고서,20220307000338,이보성,20220307,
KOSPI,00118266,DRB동일,004840,주주총회소집공고,20220307000342,DRB동일,20220307,정
KOSPI,00583442,노루페인트,090350,주주총회소집공고,20220307000343,노루페인트,20220307,
KOSPI,00119007,무림P&P,009580,주주총회소집공고,20220307000344,무림P&P,20220307,
KOSPI,00165680,호텔신라,008770,독립이사의선임ㆍ해임또는중도퇴임에관한신고,20220307000346,호텔신라,20220307,
KOSPI,00583442,노루페인트,090350,의결권대리행사권유참고서류,20220307000349,노루페인트,20220307,
KOSPI,00144252,유니온,000910,주주총회소집공고,20220307000352,유니온,20220307,정
KOSPI,00111722,미래에셋증권,006800,증권발행실적보고서,20220307000354,미래에셋증권,20220307,
KOSPI,00106641,기아,000270,특수관계인으로부터기타유가증권매수,20220307000355,기아,20220307,공
KOSPI,01205329,크라운제과,264900,주주총회소집공고,20220307000357,크라운제과,20220307,
KOSPI,00126089,DH오토넥스,000300,주요사항보고서(신주인수권부사채권발행결정),20220307000360,DH오토넥스,20220307,정
KOSPI,01205329,크라운제과,264900,의결권대리행사권유참고서류,20220307000362,크라운제과,20220307,
KOSPI,00767460,PI첨단소재,178920,주주총회소집공고,20220307000378,PI첨단소재,20220307,
KOSPI,00119007,무림P&P,009580,의결권대리행사권유참고서류,20220307000382,무림P&P,20220307,정
KOSPI,00203582,한솔홈데코,025750,[기재정정]주주총회소집공고,20220307000388,한솔홈데코,20220307,
KOSPI,00104786,미래아이앤지,007120,의결권대리행사권유참고서류,20220307000390,미래아이앤지,20220307,
KOSPI,00300548,현대리바트,079430,[기재정정]의결권대리행사권유참고서류,20220307000391,현대리바트,20220307,
KOSPI,00767460,PI첨단소재,178920,의결권대리행사권유참고서류,20220307000392,PI첨단소재,20220307,
KOSPI,00136086,무림페이퍼,009200,주주총회소집공고,20220307000401,무림페이퍼,20220307,
KOSPI,00124197,세아제강지주,003030,주주총회소집공고,20220307000403,세아제강지주,20220307,
KOSPI,00203582,한솔홈데코,025750,[첨부정정]의결권대리행사권유참고서류,20220307000407,한솔홈데코,20220307,
KOSPI,01319899,SK바이오사이언스,302440,주주총회소집공고,20220307000409,SK바이오사이언스,20220307,
KOSPI,01412725,두산퓨얼셀,336260,주요사항보고서(자기주식취득결정),20220307000416,두산퓨얼셀,20220307,
KOSPI,00131054,유진증권,001200,주주총회소집공고,20220307000418,유진증권,20220307,
KOSPI,01319899,SK바이오사이언스,302440,의결권대리행사권유참고서류,20220307000424,SK바이오사이언스,20220307,정
KOSPI,00111722,미래에셋증권,006800,[기재정정]증권발행실적보고서,20220307000427,미래에셋증권,20220307,
KOSPI,01350869,우리금융지주,316140,주주총회소집공고,20220307000432,우리금융지주,20220307,
KOSPI,00131054,유진증권,001200,의결권대리행사권유참고서류,20220307000433,유진증권,20220307,
KOSPI,00108746,DKME,015590,[기재정정]주주총회소집공고,20220307000436,DKME,20220307,
KOSPI,00124197,세아제강지주,003030,의결권대리행사권유참고서류,20220307000442,세아제강지주,20220307,
KOSPI,00131832,SK디스커버리,006120,독립이사의선임ㆍ해임또는중도퇴임에관한신고,20220307000447,SK디스커버리,20220307,
KOSPI,01350869,우리금융지주,316140,의결권대리행사권유참고서류,20220307000455,우리금융지주,20220307,
KOSPI,00126478,삼성중공업,010140,[기재정정]주주총회소집공고,20220307000456,삼성중공업,20220307,
KOSPI,00178754,동아지질,028100,주주총회소집공고,20220307000461,동아지질,20220307,
KOSPI,00126478,삼성중공업,010140,[기재정정]의결권대리행사권유참고서류,20220307000462,삼성중공업,20220307,
KOSPI,00162416,한양증권,001750,[기재정정]주주총회소집공고,20220307000465,한양증권,20220307,
KOSPI,00101628,경방,000050,주주총회소집공고,20220307000467,경방,20220307,
KOSPI,00117601,유안타증권,003470,투자설명서(일괄신고),20220307000469,유안타증권,20220307,
KOSPI,00983040,한진칼,180640,[기재정정]증권신고서(채무증권),20220307000472,한진칼,20220307,정
KOSPI,00162416,한양증권,001750,[기재정정]의결권대리행사권유참고서류,20220307000473,한양증권,20220307,
KOSPI,00117601,유안타증권,003470,주주총회소집공고,20220307000475,유안타증권,20220307,
KOSPI,00453488,다이나믹디자인,145210,주주총회소집공고,20220307000480,다이나믹디자인,20220307,정
KOSPI,00367844,자이에스앤디,317400,주식등의대량보유상황보고서(일반),20220307000482,글랜우드솔루션제일호,20220307,
KOSPI,00135917,한화손해보험,000370,증권발행실적보고서,20220307000486,한화손해보험,20220307,
KOSPI,00117601,유안타증권,003470,의결권대리행사권유참고서류,20220307000487,유안타증권,20220307,
KOSPI,00983040,한진칼,180640,[발행조건확정]증권신고서(채무증권),20220307000488,한진칼,20220307,정
KOSPI,00367844,자이에스앤디,317400,임원ㆍ주요주주특정증권등소유상황보고서,20220307000489,글랜우드솔루션제일호,20220307,
KOSPI,00160843,DB하이텍,000990,주주총회소집공고,20220307000493,DB하이텍,20220307,정
KOSPI,00160843,DB하이텍,000990,의결권대리행사권유참고서류,20220307000498,DB하이텍,20220307,정
KOSPI,00486705,아주스틸,139990,주식등의대량보유상황보고서(일반),20220307000507,이학연,20220307,
KOSPI,00878915,iM금융지주,139130,일괄신고추가서류,20220307000512,iM금융지주,20220307,
KOSPI,00120571,롯데칠성음료,005300,주요사항보고서(자기주식처분결정),20220307000516,롯데칠성음료,20220307,
KOSPI,00878915,iM금융지주,139130,투자설명서(일괄신고),20220307000526,iM금융지주,20220307,
KOSPI,00435312,하이스틸,071090,주식등의대량보유상황보고서(일반),20220307000529,엄정헌,20220307,
KOSPI,00688996,KB금융,105560,주주총회소집공고,20220307000535,KB금융,20220307,
KOSPI,00453488,다이나믹디자인,145210,의결권대리행사권유참고서류,20220307000538,다이나믹디자인,20220307,정
KOSPI,00486705,아주스틸,139990,임원ㆍ주요주주특정증권등소유상황보고서,20220307000542,이영세,20220307,
KOSPI,00101628,경방,000050,의결권대리행사권유참고서류,20220307000548,경방,20220307,
KOSPI,00136721,신영증권,001720,증권발행실적보고서,20220307000556,신영증권,20220307,
KOSPI,00136721,신영증권,001720,증권발행실적보고서,20220307000559,신영증권,20220307,
KOSPI,00136721,신영증권,001720,증권발행실적보고서,20220307000561,신영증권,20220307,
KOSPI,00163716,한창,005110,주식등의대량보유상황보고서(약식),20220307000566,시너지아이비투자,20220307,
KOSPI,00547583,하나금융지주,086790,주주총회소집공고,20220307000574,하나금융지주,20220307,정
KOSPI,00688996,KB금융,105560,의결권대리행사권유참고서류,20220307000575,KB금융,20220307,
KOSPI,00404701,한국자산신탁,123890,주주총회소집공고,20220307000578,한국자산신탁,20220307,
KOSPI,00172936,동일산업,004890,의결권대리행사권유참고서류,20220307000591,손주함,20220307,
KOSPI,00547583,하나금융지주,086790,의결권대리행사권유참고서류,20220307000592,하나금융지주,20220307,정
KOSPI,00149646,기업은행,024110,주주총회소집공고,20220307000593,기업은행,20220307,
KOSPI,00159698,지역난방공사,071320,일괄신고추가서류,20220307000595,지역난방공사,20220307,
KOSPI,00159698,지역난방공사,071320,투자설명서(일괄신고),20220307000599,지역난방공사,20220307,
KOSPI,00138279,S-Oil,010950,주주총회소집공고,20220307000604,S-Oil,20220307,
KOSPI,00138279,S-Oil,010950,의결권대리행사권유참고서류,20220307000613,S-Oil,20220307,
KOSPI,00149646,기업은행,024110,의결권대리행사권유참고서류,20220307000614,기업은행,20220307,
KOSPI,00791209,메타케어,118000,주주총회소집공고,20220307000616,메타케어,20220307,정
KOSPI,00104999,윌비스,008600,[기재정정]주주총회소집공고,20220307000621,윌비스,20220307,
KOSPI,00126089,DH오토넥스,000300,증권신고서(채무증권),20220307000622,DH오토넥스,20220307,정
KOSPI,00791209,메타케어,118000,의결권대리행사권유참고서류,20220307000625,메타케어,20220307,정
KOSPI,00132868,우성머티리얼스,011300,[기재정정]매출액또는손익구조30%(대규모법인은15%)이상변경,20220307800096,우성머티리얼스,20220307,유
KOSPI,00136271,신성이엔지,011930,단일판매ㆍ공급계약체결,20220307800101,신성이엔지,20220307,유
KOSPI,00103006,고려제강,002240,[기재정정]현금ㆍ현물배당결정,20220307800104,고려제강,20220307,유
KOSPI,00361008,한화엔진,082740,단일판매ㆍ공급계약체결,20220307800120,한화엔진,20220307,유정
KOSPI,00124197,세아제강지주,003030,현금ㆍ현물배당결정(자회사의 주요경영사항),20220307800133,세아제강지주,20220307,유
KOSPI,00144164,SK가스,018670,최대주주등소유주식변동신고서,20220307800140,SK가스,20220307,유
KOSPI,00104999,윌비스,008600,주주총회집중일개최사유신고,20220307800148,윌비스,20220307,유
KOSPI,00190321,케이티,030200,최대주주등소유주식변동신고서,20220307800188,케이티,20220307,유
KOSPI,01436558,신한서부티엔디리츠,404990,주주총회소집결의,20220307800189,신한서부티엔디리츠,20220307,유
KOSPI,00124197,세아제강지주,003030,현금ㆍ현물배당결정(자회사의 주요경영사항),20220307800267,세아제강지주,20220307,유
KOSPI,00107224,남선알미늄,008350,주주총회집중일개최사유신고,20220307800270,남선알미늄,20220307,유
KOSPI,00142883,우신시스템,017370,주주총회집중일개최사유신고,20220307800290,우신시스템,20220307,유정
KOSPI,00153339,태경산업,015890,주주총회집중일개최사유신고,20220307800295,태경산업,20220307,유
KOSPI,00160588,한화,000880,주주총회소집결의,20220307800298,한화,20220307,유
KOSPI,00269241,주연테크,044380,[기재정정]주주총회소집결의,20220307800299,주연테크,20220307,유
KOSPI,00144720,와이투솔루션,011690,주주총회소집결의,20220307800320,와이투솔루션,20220307,유
KOSPI,00127255,삼영,003720,주주총회소집결의,20220307800325,삼영,20220307,유
KOSPI,00159254,한국전자홀딩스,006200,주주총회소집결의,20220307800333,한국전자홀딩스,20220307,유
KOSPI,00159254,한국전자홀딩스,006200,주주총회집중일개최사유신고,20220307800350,한국전자홀딩스,20220307,유
KOSPI,00127255,삼영,003720,주주총회집중일개최사유신고,20220307800379,삼영,20220307,유
KOSPI,00648721,SNT에너지,100840,[기재정정]단일판매ㆍ공급계약체결,20220307800380,SNT에너지,20220307,유정
KOSPI,00225159,SNT홀딩스,036530,[기재정정]단일판매ㆍ공급계약체결(자회사의 주요경영사항),20220307800386,SNT홀딩스,20220307,유정
KOSPI,00124726,빙그레,005180,감사보고서제출,20220307800398,빙그레,20220307,유
KOSPI,00144252,유니온,000910,현금ㆍ현물배당결정,20220307800401,유니온,20220307,유
KOSPI,00486705,아주스틸,139990,최대주주등소유주식변동신고서,20220307800402,아주스틸,20220307,유
KOSPI,00152039,SG글로벌,001380,주주총회소집결의,20220307800408,SG글로벌,20220307,유
KOSPI,00150633,지누스,013890,현금ㆍ현물배당결정,20220307800409,지누스,20220307,유
KOSPI,00145163,파미셀,005690,최대주주등소유주식변동신고서,20220307800415,파미셀,20220307,유
KOSPI,00108746,DKME,015590,주주총회소집결의,20220307800429,DKME,20220307,유
KOSPI,00160375,진양폴리우레탄,010640,감사보고서제출,20220307800430,진양폴리우레탄,20220307,유
KOSPI,00163673,한진중공업홀딩스,003480,[기재정정]매출액또는손익구조30%(대규모법인은15%)이상변경(자회사의 주요경영사항),20220307800435,한진중공업홀딩스,20220307,유
KOSPI,00153755,태양금속공업,004100,매출액또는손익구조30%(대규모법인은15%)이상변경,20220307800439,태양금속공업,20220307,유
KOSPI,00163673,한진중공업홀딩스,003480,현금ㆍ현물배당결정(자회사의 주요경영사항),20220307800440,한진중공업홀딩스,20220307,유
KOSPI,00153755,태양금속공업,004100,주주총회소집결의,20220307800443,태양금속공업,20220307,유
KOSPI,00153755,태양금속공업,004100,현금ㆍ현물배당결정,20220307800447,태양금속공업,20220307,유
KOSPI,00114093,덕성,004830,최대주주등소유주식변동신고서,20220307800449,덕성,20220307,유
KOSPI,00547583,하나금융지주,086790,주주총회소집결의,20220307800455,하나금융지주,20220307,유정
KOSPI,00557933,진도,088790,주주총회소집결의,20220307800469,진도,20220307,유
KOSPI,00583442,노루페인트,090350,현금ㆍ현물배당결정,20220307800479,노루페인트,20220307,유
KOSPI,00113508,노루홀딩스,000320,현금ㆍ현물배당결정(자회사의 주요경영사항),20220307800480,노루홀딩스,20220307,유
KOSPI,00583442,노루페인트,090350,주주총회소집결의,20220307800486,노루페인트,20220307,유
KOSPI,00858364,BNK금융지주,138930,최대주주등소유주식변동신고서,20220307800487,BNK금융지주,20220307,유
KOSPI,00119007,무림P&P,009580,매출액또는손익구조30%(대규모법인은15%)이상변경,20220307800494,무림P&P,20220307,유
KOSPI,00119007,무림P&P,009580,현금ㆍ현물배당결정,20220307800497,무림P&P,20220307,유
KOSPI,01009789,코스맥스,192820,매출액또는손익구조30%(대규모법인은15%)이상변경,20220307800500,코스맥스,20220307,유
KOSPI,00119007,무림P&P,009580,주주총회소집결의,20220307800503,무림P&P,20220307,유
KOSPI,00126292,삼성카드,029780,최대주주등소유주식변동신고서,20220307800505,삼성카드,20220307,유
KOSPI,00219486,신세계I&C,035510,영업실적등에대한전망(공정공시),20220307800506,신세계I&C,20220307,유
KOSPI,00136086,무림페이퍼,009200,매출액또는손익구조30%(대규모법인은15%)이상변경,20220307800509,무림페이퍼,20220307,유정
KOSPI,00136086,무림페이퍼,009200,현금ㆍ현물배당결정,20220307800510,무림페이퍼,20220307,유
KOSPI,00144252,유니온,000910,주주총회소집결의,20220307800511,유니온,20220307,유
KOSPI,00150633,지누스,013890,연결재무제표기준영업(잠정)실적(공정공시),20220307800513,지누스,20220307,유
KOSPI,00136086,무림페이퍼,009200,주주총회소집결의,20220307800516,무림페이퍼,20220307,유
KOSPI,01009789,코스맥스,192820,주주총회소집결의,20220307800531,코스맥스,20220307,유
KOSPI,00126371,삼성전기,009150,최대주주등소유주식변동신고서,20220307800532,삼성전기,20220307,유
KOSPI,00557933,진도,088790,주주총회집중일개최사유신고,20220307800536,진도,20220307,유
KOSPI,01009789,코스맥스,192820,현금ㆍ현물배당결정,20220307800538,코스맥스,20220307,유
KOSPI,00103662,광명전기,017040,[기재정정]단일판매ㆍ공급계약체결,20220307800541,광명전기,20220307,유정
KOSPI,00219574,코스맥스비티아이,044820,매출액또는손익구조30%(대규모법인은15%)이상변경(자회사의 주요경영사항),20220307800543,코스맥스비티아이,20220307,유
KOSPI,00144252,유니온,000910,주주총회집중일개최사유신고,20220307800544,유니온,20220307,유
KOSPI,00119007,무림P&P,009580,단일판매ㆍ공급계약체결,20220307800546,무림P&P,20220307,유
KOSPI,00219574,코스맥스비티아이,044820,매출액또는손익구조30%(대규모법인은15%)이상변경,20220307800548,코스맥스비티아이,20220307,유
KOSPI,00219574,코스맥스비티아이,044820,현금ㆍ현물배당결정(자회사의 주요경영사항),20220307800550,코스맥스비티아이,20220307,유
KOSPI,00131054,유진증권,001200,현금ㆍ현물배당결정,20220307800551,유진증권,20220307,유
KOSPI,00706715,미원홀딩스,107590,감사보고서제출(자회사의 주요경영사항),20220307800554,미원홀딩스,20220307,유
KOSPI,00123772,부국증권,001270,주주총회소집결의,20220307800556,부국증권,20220307,유
KOSPI,00539274,대상홀딩스,084690,타인에대한채무보증결정,20220307800557,대상홀딩스,20220307,유
KOSPI,00219574,코스맥스비티아이,044820,주주총회소집결의,20220307800559,코스맥스비티아이,20220307,유
KOSPI,00123772,부국증권,001270,현금ㆍ현물배당결정,20220307800560,부국증권,20220307,유
KOSPI,00106641,기아,000270,기업설명회(IR)개최(안내공시),20220307800561,기아,20220307,유
KOSPI,01205329,크라운제과,264900,주주총회집중일개최사유신고,20220307800565,크라운제과,20220307,유
KOSPI,00539274,대상홀딩스,084690,현금ㆍ현물배당결정,20220307800566,대상홀딩스,20220307,유
KOSPI,00104786,미래아이앤지,007120,주주총회소집결의,20220307800570,미래아이앤지,20220307,유
KOSPI,00767460,PI첨단소재,178920,현금ㆍ현물배당결정,20220307800573,PI첨단소재,20220307,유
KOSPI,00539274,대상홀딩스,084690,주주총회소집결의,20220307800574,대상홀딩스,20220307,유
KOSPI,00219574,코스맥스비티아이,044820,현금ㆍ현물배당결정,20220307800576,코스맥스비티아이,20220307,유
KOSPI,00767460,PI첨단소재,178920,주주총회소집결의,20220307800577,PI첨단소재,20220307,유
KOSPI,00454946,그린케미칼,083420,신규시설투자등,20220307800578,그린케미칼,20220307,유정
KOSPI,00583442,노루페인트,090350,주주총회집중일개최사유신고,20220307800582,노루페인트,20220307,유
KOSPI,00767460,PI첨단소재,178920,투자판단관련주요경영사항,20220307800586,PI첨단소재,20220307,유
KOSPI,00767460,PI첨단소재,178920,투자판단관련주요경영사항,20220307800589,PI첨단소재,20220307,유
KOSPI,00131054,유진증권,001200,주주총회소집결의,20220307800599,유진증권,20220307,유
KOSPI,01363818,롯데리츠,330590,감사보고서제출,20220307800600,롯데리츠,20220307,유
KOSPI,00105606,금호에이치티,214330,전환가액ㆍ신주인수권행사가액ㆍ교환가액의조정(안내공시),20220307800603,금호에이치티,20220307,유
KOSPI,00172185,남성,004270,주주총회소집결의,20220307800607,남성,20220307,유
KOSPI,01319899,SK바이오사이언스,302440,주주총회소집결의,20220307800611,SK바이오사이언스,20220307,유
KOSPI,00108913,대교,019680,주주총회소집결의,20220307800614,대교,20220307,유
KOSPI,01412725,두산퓨얼셀,336260,주주총회소집결의,20220307800615,두산퓨얼셀,20220307,유
KOSPI,00176914,다우기술,023590,최대주주등소유주식변동신고서,20220307800633,다우기술,20220307,유
KOSPI,00122825,프리티,006490,전환가액ㆍ신주인수권행사가액ㆍ교환가액의조정(안내공시),20220307800668,프리티,20220307,유
KOSPI,00122825,프리티,006490,전환가액ㆍ신주인수권행사가액ㆍ교환가액의조정(안내공시),20220307800676,프리티,20220307,유
KOSPI,00108913,대교,019680,현금ㆍ현물배당결정,20220307800679,대교,20220307,유
KOSPI,00545716,롯데렌탈,089860,타법인주식및출자증권취득결정,20220307800683,롯데렌탈,20220307,유정
KOSPI,00403632,현대퓨처넷,126560,[기재정정]매출액또는손익구조30%(대규모법인은15%)이상변경,20220307800707,현대퓨처넷,20220307,유
KOSPI,00545716,롯데렌탈,089860,단기차입금증가결정,20220307800713,롯데렌탈,20220307,유
KOSPI,00545716,롯데렌탈,089860,타인에대한채무보증결정,20220307800715,롯데렌탈,20220307,유
KOSPI,00545716,롯데렌탈,089860,주주총회소집결의,20220307800720,롯데렌탈,20220307,유
KOSPI,00172185,남성,004270,주주총회집중일개최사유신고,20220307800729,남성,20220307,유
KOSPI,00126201,삼성공조,006660,주주총회소집결의,20220307800731,삼성공조,20220307,유
KOSPI,00160843,DB하이텍,000990,주주총회소집결의,20220307800753,DB하이텍,20220307,유
KOSPI,00153861,태영건설,009410,타인에대한채무보증결정,20220307800759,태영건설,20220307,유
KOSPI,00105952,LS,006260,감사보고서제출(자회사의 주요경영사항),20220307800766,LS,20220307,유
KOSPI,00132211,SUN&L,002820,주주총회소집결의,20220307800768,SUN&L,20220307,유
KOSPI,00589127,KEC,092220,주주총회소집결의,20220307800771,KEC,20220307,유
KOSPI,00111847,대원강업,000430,감사보고서제출,20220307800780,대원강업,20220307,유
KOSPI,00129679,녹십자,006280,[기재정정]주주총회소집결의,20220307800792,녹십자,20220307,유
KOSPI,00296290,키움증권,039490,기업지배구조보고서공시,20220307800799,키움증권,20220307,유
KOSPI,01497869,티와이홀딩스,363280,타인에대한채무보증결정(자회사의 주요경영사항),20220307800800,티와이홀딩스,20220307,유
KOSPI,00148939,조광피혁,004700,주주총회소집결의,20220307800819,조광피혁,20220307,유정
KOSPI,00148939,조광피혁,004700,현금ㆍ현물배당결정,20220307800829,조광피혁,20220307,유
KOSPI,00404701,한국자산신탁,123890,주주총회소집결의,20220307800838,한국자산신탁,20220307,유
KOSPI,00547583,하나금융지주,086790,[기재정정]주주총회소집결의,20220307800846,하나금융지주,20220307,유
KOSPI,00117601,유안타증권,003470,주주총회소집결의,20220307800854,유안타증권,20220307,유
KOSPI,00469799,이엔플러스,074610,단일판매ㆍ공급계약체결,20220307800857,이엔플러스,20220307,유
KOSPI,00117601,유안타증권,003470,현금ㆍ현물배당결정,20220307800862,유안타증권,20220307,유
KOSPI,00117601,유안타증권,003470,주주총회집중일개최사유신고,20220307800869,유안타증권,20220307,유
KOSPI,00126186,삼성에스디에스,018260,감사보고서제출,20220307800876,삼성에스디에스,20220307,유
KOSPI,01515323,LG에너지솔루션,373220,주주총회소집결의,20220307800886,LG에너지솔루션,20220307,유
KOSPI,00500254,GS,078930,감사보고서제출(자회사의 주요경영사항),20220307800887,GS,20220307,유
KOSPI,00589127,KEC,092220,주주총회집중일개최사유신고,20220307800903,KEC,20220307,유
KOSPI,00688996,KB금융,105560,주주총회집중일개최사유신고,20220307800913,KB금융,20220307,유
KOSPI,00547583,하나금융지주,086790,주주총회집중일개최사유신고,20220307800930,하나금융지주,20220307,유
KOSPI,00108746,DKME,015590,[기재정정]매출액또는손익구조30%(대규모법인은15%)이상변경,20220307800931,DKME,20220307,유
KOSPI,00149646,기업은행,024110,감사보고서제출,20220307800937,기업은행,20220307,유
KOSPI,00125974,삼부토건,001470,조회공시요구(풍문또는보도)에대한답변(미확정),20220307800962,삼부토건,20220307,유
KOSPI,00101628,경방,000050,최대주주등소유주식변동신고서,20220307800963,경방,20220307,유
KOSPI,00120571,롯데칠성음료,005300,주주총회소집결의,20220307800964,롯데칠성음료,20220307,유
KOSPI,00111810,대웅,003090,감사보고서제출(자회사의 주요경영사항),20220307800965,대웅,20220307,유
KOSPI,00791209,메타케어,118000,주주총회소집결의,20220307800969,메타케어,20220307,유
KOSPI,00104856,삼성증권,016360,최대주주등소유주식변동신고서,20220307800975,삼성증권,20220307,유
KOSPI,01310269,IPARK현대산업개발,294870,타인에대한채무보증결정,20220307800994,IPARK현대산업개발,20220307,유
KOSPI,00164636,HDC,012630,타인에대한채무보증결정(자회사의 주요경영사항),20220307801032,HDC,20220307,유
KOSPI,00173944,우진,105840,감사보고서제출,20220307801040,우진,20220307,유
KOSPI,00126779,삼아알미늄,006110,[기재정정]매출액또는손익구조30%(대규모법인은15%)이상변경,20220307801058,삼아알미늄,20220307,유
KOSPI,00231372,롯데관광개발,032350,주식등의대량보유상황보고서(일반),20220307000626,김기병,20220308,
KOSPI,01319899,SK바이오사이언스,302440,[첨부정정]의결권대리행사권유참고서류,20220308000002,SK바이오사이언스,20220308,
KOSPI,00120182,NH투자증권,005940,증권발행실적보고서,20220308000005,NH투자증권,20220308,
KOSPI,00110893,대신증권,003540,증권발행실적보고서,20220308000013,대신증권,20220308,
KOSPI,00110893,대신증권,003540,증권발행실적보고서,20220308000014,대신증권,20220308,
KOSPI,00152039,SG글로벌,001380,주주총회소집공고,20220308000015,SG글로벌,20220308,
KOSPI,00152039,SG글로벌,001380,의결권대리행사권유참고서류,20220308000017,SG글로벌,20220308,
KOSPI,00117601,유안타증권,003470,증권발행실적보고서,20220308000059,유안타증권,20220308,
KOSPI,00688996,KB금융,105560,의결권대리행사권유참고서류,20220308000062,KB국민은행지부,20220308,
KOSPI,00210856,코아스,071950,[첨부정정]의결권대리행사권유참고서류,20220308000072,코아스,20220308,정
KOSPI,00111722,미래에셋증권,006800,증권발행실적보고서,20220308000084,미래에셋증권,20220308,
KOSPI,01060814,삼양패키징,272550,주주총회소집공고,20220308000087,삼양패키징,20220308,
KOSPI,01060814,삼양패키징,272550,의결권대리행사권유참고서류,20220308000090,삼양패키징,20220308,정
KOSPI,00148610,한화투자증권,003530,증권발행실적보고서,20220308000093,한화투자증권,20220308,
KOSPI,00256955,테이팩스,055490,사업보고서 (2021.12),20220308000095,테이팩스,20220308,정연
KOSPI,00137997,현대차증권,001500,증권발행실적보고서,20220308000105,현대차증권,20220308,
KOSPI,00104856,삼성증권,016360,증권발행실적보고서,20220308000106,삼성증권,20220308,
KOSPI,00256955,테이팩스,055490,[기재정정]주주총회소집공고,20220308000107,테이팩스,20220308,
KOSPI,00398701,엘앤에프,066970,주주총회소집공고,20220308000131,엘앤에프,20220308,
KOSPI,00141149,영진약품,003520,주주총회소집공고,20220308000133,영진약품,20220308,
KOSPI,00146269,일신방직,003200,주주총회소집공고,20220308000138,일신방직,20220308,
KOSPI,01180118,코람코더원리츠,417310,증권발행실적보고서(집합투자증권)(㈜코람코더원위탁관리부동산투자회사),20220308000140,코람코더원리츠,20220308,정
KOSPI,01208885,경동도시가스,267290,[첨부정정]의결권대리행사권유참고서류,20220308000149,경동도시가스,20220308,
KOSPI,00139454,애경산업,018250,주식등의대량보유상황보고서(일반),20220308000150,AK홀딩스,20220308,
KOSPI,00141149,영진약품,003520,의결권대리행사권유참고서류,20220308000153,영진약품,20220308,
KOSPI,00102113,경인양행,012610,주주총회소집공고,20220308000157,경인양행,20220308,
KOSPI,00120182,NH투자증권,005940,일괄신고추가서류(파생결합사채-주가연계파생결합사채),20220308000159,NH투자증권,20220308,
KOSPI,00269241,주연테크,044380,의결권대리행사권유참고서류,20220308000170,주연테크,20220308,
KOSPI,00113359,교보증권,030610,증권발행실적보고서,20220308000179,교보증권,20220308,
KOSPI,00141307,영풍,000670,주주총회소집공고,20220308000181,영풍,20220308,
KOSPI,01060814,삼양패키징,272550,[첨부정정]의결권대리행사권유참고서류,20220308000182,삼양패키징,20220308,
KOSPI,00486705,아주스틸,139990,주주총회소집공고,20220308000184,아주스틸,20220308,
KOSPI,00145464,이구산업,025820,주주총회소집공고,20220308000185,이구산업,20220308,
KOSPI,00124540,대우건설,047040,임원ㆍ주요주주특정증권등소유상황보고서,20220308000187,조승일,20220308,
KOSPI,00124540,대우건설,047040,임원ㆍ주요주주특정증권등소유상황보고서,20220308000188,이용희,20220308,
KOSPI,00124540,대우건설,047040,임원ㆍ주요주주특정증권등소유상황보고서,20220308000190,심재구,20220308,
KOSPI,00124540,대우건설,047040,임원ㆍ주요주주특정증권등소유상황보고서,20220308000191,김민근,20220308,
KOSPI,00124540,대우건설,047040,임원ㆍ주요주주특정증권등소유상황보고서,20220308000193,이승표,20220308,
KOSPI,00124540,대우건설,047040,임원ㆍ주요주주특정증권등소유상황보고서,20220308000195,심성보,20220308,
KOSPI,00124540,대우건설,047040,임원ㆍ주요주주특정증권등소유상황보고서,20220308000197,이원길,20220308,
KOSPI,00124540,대우건설,047040,임원ㆍ주요주주특정증권등소유상황보고서,20220308000199,김해근,20220308,
KOSPI,00124540,대우건설,047040,임원ㆍ주요주주특정증권등소유상황보고서,20220308000201,김문수,20220308,
KOSPI,00122472,PKC,001340,주주총회소집공고,20220308000206,PKC,20220308,
KOSPI,00122472,PKC,001340,의결권대리행사권유참고서류,20220308000207,PKC,20220308,
KOSPI,01310269,IPARK현대산업개발,294870,의결권대리행사권유참고서류,20220308000215,참여연대,20220308,
KOSPI,00138279,S-Oil,010950,임원ㆍ주요주주특정증권등소유상황보고서,20220308000221,강경돈,20220308,
KOSPI,00128980,삼호개발,010960,주주총회소집공고,20220308000224,삼호개발,20220308,
KOSPI,00127802,삼익THK,004380,주주총회소집공고,20220308000229,삼익THK,20220308,정
KOSPI,00140779,영보화학,014440,주주총회소집공고,20220308000235,영보화학,20220308,
KOSPI,00120182,NH투자증권,005940,투자설명서(일괄신고),20220308000239,NH투자증권,20220308,
KOSPI,00233653,한국토지신탁,034830,주주총회소집공고,20220308000240,한국토지신탁,20220308,
KOSPI,00540605,이월드,084680,주식등의대량보유상황보고서(일반),20220308000241,이랜드파크,20220308,
KOSPI,00104856,삼성증권,016360,일괄신고추가서류(파생결합증권-상장지수증권),20220308000246,삼성증권,20220308,
KOSPI,00760971,크래프톤,259960,임원ㆍ주요주주특정증권등소유상황보고서,20220308000253,장병규,20220308,
KOSPI,00111722,미래에셋증권,006800,일괄신고추가서류(파생결합사채-주가연계파생결합사채),20220308000254,미래에셋증권,20220308,
KOSPI,00111722,미래에셋증권,006800,일괄신고추가서류(기타파생결합사채),20220308000261,미래에셋증권,20220308,
KOSPI,00111722,미래에셋증권,006800,투자설명서(일괄신고),20220308000262,미래에셋증권,20220308,
KOSPI,00104856,삼성증권,016360,투자설명서(일괄신고),20220308000269,삼성증권,20220308,
KOSPI,00103176,흥국화재,000540,주주총회소집공고,20220308000272,흥국화재,20220308,
KOSPI,00135962,신라교역,004970,주주총회소집공고,20220308000275,신라교역,20220308,정
KOSPI,01236897,제일약품,271980,주주총회소집공고,20220308000276,제일약품,20220308,
KOSPI,00148610,한화투자증권,003530,임원ㆍ주요주주특정증권등소유상황보고서,20220308000277,김민수,20220308,
KOSPI,00111722,미래에셋증권,006800,투자설명서(일괄신고),20220308000280,미래에셋증권,20220308,
KOSPI,00148443,제일파마홀딩스,002620,주주총회소집공고,20220308000284,제일파마홀딩스,20220308,
KOSPI,00135962,신라교역,004970,의결권대리행사권유참고서류,20220308000285,신라교역,20220308,정
KOSPI,00104856,삼성증권,016360,증권발행실적보고서,20220308000293,삼성증권,20220308,
KOSPI,00160588,한화,000880,의결권대리행사권유참고서류,20220308000294,한화,20220308,
KOSPI,00164830,HD한국조선해양,009540,임원ㆍ주요주주특정증권등소유상황보고서,20220308000306,HD현대,20220308,
KOSPI,00120182,NH투자증권,005940,증권발행실적보고서,20220308000308,NH투자증권,20220308,
KOSPI,00124540,대우건설,047040,임원ㆍ주요주주특정증권등소유상황보고서,20220308000320,중흥토건,20220308,
KOSPI,00124540,대우건설,047040,임원ㆍ주요주주특정증권등소유상황보고서,20220308000322,중흥건설,20220308,
KOSPI,00150633,지누스,013890,주주총회소집공고,20220308000323,지누스,20220308,
KOSPI,00233653,한국토지신탁,034830,[연장결정]주요사항보고서(자기주식취득신탁계약체결결정),20220308000325,한국토지신탁,20220308,정
KOSPI,00111722,미래에셋증권,006800,일괄신고추가서류(파생결합사채-주가연계파생결합사채),20220308000326,미래에셋증권,20220308,
KOSPI,00113359,교보증권,030610,일괄신고추가서류(기타파생결합사채),20220308000328,교보증권,20220308,
KOSPI,00150633,지누스,013890,의결권대리행사권유참고서류,20220308000329,지누스,20220308,
KOSPI,00123107,보락,002760,주주총회소집공고,20220308000333,보락,20220308,
KOSPI,00111722,미래에셋증권,006800,투자설명서(일괄신고),20220308000337,미래에셋증권,20220308,
KOSPI,00113359,교보증권,030610,투자설명서(일괄신고),20220308000339,교보증권,20220308,
KOSPI,00104856,삼성증권,016360,증권발행실적보고서,20220308000340,삼성증권,20220308,
KOSPI,00148461,제일연마,001560,주주총회소집공고,20220308000341,제일연마,20220308,
KOSPI,00332927,제이에스코퍼레이션,194370,주주총회소집공고,20220308000344,제이에스코퍼레이션,20220308,
KOSPI,00102858,고려아연,010130,[기재정정]의결권대리행사권유참고서류,20220308000345,고려아연,20220308,
KOSPI,00144252,유니온,000910,[기재정정]주주총회소집공고,20220308000352,유니온,20220308,
KOSPI,00137252,사조동아원,008040,주주총회소집공고,20220308000364,사조동아원,20220308,
KOSPI,00120182,NH투자증권,005940,증권발행실적보고서,20220308000369,NH투자증권,20220308,
KOSPI,00377610,세아홀딩스,058650,주주총회소집공고,20220308000371,세아홀딩스,20220308,
KOSPI,00140177,GS리테일,007070,특수관계인에대한자금대여,20220308000372,GS리테일,20220308,공
KOSPI,00113359,교보증권,030610,증권발행실적보고서,20220308000373,교보증권,20220308,
KOSPI,00137997,현대차증권,001500,증권발행실적보고서,20220308000376,현대차증권,20220308,
KOSPI,00120182,NH투자증권,005940,증권발행실적보고서,20220308000380,NH투자증권,20220308,
KOSPI,00428729,대호에이엘,069460,주주총회소집공고,20220308000384,대호에이엘,20220308,정
KOSPI,00137997,현대차증권,001500,증권발행실적보고서,20220308000387,현대차증권,20220308,
KOSPI,00139454,애경산업,018250,주주총회소집공고,20220308000392,애경산업,20220308,
KOSPI,00161046,한독,002390,주주총회소집공고,20220308000395,한독,20220308,정
KOSPI,00109718,사조대림,003960,주주총회소집공고,20220308000397,사조대림,20220308,
KOSPI,00159698,지역난방공사,071320,증권발행실적보고서,20220308000398,지역난방공사,20220308,
KOSPI,00124726,빙그레,005180,주주총회소집공고,20220308000402,빙그레,20220308,
KOSPI,00139764,에넥스,011090,주주총회소집공고,20220308000409,에넥스,20220308,정
KOSPI,00409672,티비에이치글로벌,084870,주식등의대량보유상황보고서(일반),20220308000410,우종완,20220308,
KOSPI,00791209,메타케어,118000,[기재정정]의결권대리행사권유참고서류,20220308000413,메타케어,20220308,정
KOSPI,00140177,GS리테일,007070,주주총회소집공고,20220308000415,GS리테일,20220308,
KOSPI,00409672,티비에이치글로벌,084870,임원ㆍ주요주주특정증권등소유상황보고서,20220308000420,장윤석,20220308,
KOSPI,00428729,대호에이엘,069460,의결권대리행사권유참고서류,20220308000421,대호에이엘,20220308,
KOSPI,00140177,GS리테일,007070,의결권대리행사권유참고서류,20220308000425,GS리테일,20220308,
KOSPI,00148522,퍼스텍,010820,주주총회소집공고,20220308000435,퍼스텍,20220308,
KOSPI,00166519,화천기공,000850,주주총회소집공고,20220308000437,화천기공,20220308,
KOSPI,00148896,OCI홀딩스,010060,주주총회소집공고,20220308000440,OCI홀딩스,20220308,
KOSPI,00428729,대호에이엘,069460,[기재정정]주주총회소집공고,20220308000447,대호에이엘,20220308,
KOSPI,00357935,HDC현대EP,089470,주주총회소집공고,20220308000448,HDC현대EP,20220308,
KOSPI,00113359,교보증권,030610,일괄신고추가서류(파생결합증권-주가연계증권),20220308000451,교보증권,20220308,
KOSPI,00362238,휴비스,079980,주주총회소집공고,20220308000454,휴비스,20220308,
KOSPI,00296290,키움증권,039490,일괄신고추가서류(파생결합증권-주가연계증권),20220308000455,키움증권,20220308,
KOSPI,00148896,OCI홀딩스,010060,의결권대리행사권유참고서류,20220308000460,OCI홀딩스,20220308,
KOSPI,00123781,부국철강,026940,주주총회소집공고,20220308000463,부국철강,20220308,정
KOSPI,00113359,교보증권,030610,특수관계인과의내부거래,20220308000468,교보증권,20220308,공
KOSPI,00113359,교보증권,030610,투자설명서(일괄신고),20220308000471,교보증권,20220308,
KOSPI,01093007,LS에코에너지,229640,주주총회소집공고,20220308000476,LS에코에너지,20220308,
KOSPI,00362238,휴비스,079980,의결권대리행사권유참고서류,20220308000478,휴비스,20220308,
KOSPI,01093007,LS에코에너지,229640,의결권대리행사권유참고서류,20220308000488,LS에코에너지,20220308,
KOSPI,01060744,한솔제지,213500,주주총회소집공고,20220308000490,한솔제지,20220308,
KOSPI,00878915,iM금융지주,139130,증권발행실적보고서,20220308000491,iM금융지주,20220308,
KOSPI,00101664,경보제약,214390,주주총회소집공고,20220308000492,경보제약,20220308,정
KOSPI,01060744,한솔제지,213500,의결권대리행사권유참고서류,20220308000494,한솔제지,20220308,
KOSPI,00153755,태양금속공업,004100,주주총회소집공고,20220308000497,태양금속공업,20220308,
KOSPI,00413046,셀트리온,068270,주식등의대량보유상황보고서(일반),20220308000501,셀트리온홀딩스,20220308,
KOSPI,00136721,신영증권,001720,주식등의대량보유상황보고서(일반),20220308000507,원국희,20220308,
KOSPI,00123772,부국증권,001270,주주총회소집공고,20220308000513,부국증권,20220308,
KOSPI,00113508,노루홀딩스,000320,주주총회소집공고,20220308000516,노루홀딩스,20220308,
KOSPI,00369833,유니온머티리얼,047400,주주총회소집공고,20220308000522,유니온머티리얼,20220308,
KOSPI,00120182,NH투자증권,005940,증권발행실적보고서,20220308000526,NH투자증권,20220308,
KOSPI,00454946,그린케미칼,083420,주주총회소집공고,20220308000527,그린케미칼,20220308,
KOSPI,00413523,한미글로벌,053690,주주총회소집공고,20220308000529,한미글로벌,20220308,
KOSPI,00171636,한솔홀딩스,004150,주식매수선택권부여에관한신고,20220308000532,한솔홀딩스,20220308,
KOSPI,00878696,에스케이바이오팜,326030,주주총회소집공고,20220308000533,에스케이바이오팜,20220308,
KOSPI,00115065,동남합성,023450,주주총회소집공고,20220308000538,동남합성,20220308,
KOSPI,00878696,에스케이바이오팜,326030,의결권대리행사권유참고서류,20220308000541,에스케이바이오팜,20220308,
KOSPI,00113359,교보증권,030610,주주총회소집공고,20220308000544,교보증권,20220308,정
KOSPI,00133511,SG세계물산,004060,주주총회소집공고,20220308000547,SG세계물산,20220308,
KOSPI,01412822,솔루스첨단소재,336370,독립이사의선임ㆍ해임또는중도퇴임에관한신고,20220308000555,솔루스첨단소재,20220308,
KOSPI,00113508,노루홀딩스,000320,의결권대리행사권유참고서류,20220308000558,노루홀딩스,20220308,
KOSPI,00104856,삼성증권,016360,증권발행실적보고서,20220308000559,삼성증권,20220308,
KOSPI,00113058,한화생명,088350,주주총회소집공고,20220308000562,한화생명,20220308,
KOSPI,00132725,SB성보,003080,주주총회소집공고,20220308000565,SB성보,20220308,
KOSPI,00564562,엠씨넥스,097520,주주총회소집공고,20220308000569,엠씨넥스,20220308,
KOSPI,00166500,화천기계,010660,주주총회소집공고,20220308000575,화천기계,20220308,
KOSPI,00133511,SG세계물산,004060,의결권대리행사권유참고서류,20220308000576,SG세계물산,20220308,
KOSPI,01059605,디와이파워,210540,주주총회소집공고,20220308000590,디와이파워,20220308,
KOSPI,00111722,미래에셋증권,006800,증권발행실적보고서,20220308000591,미래에셋증권,20220308,
KOSPI,00171636,한솔홀딩스,004150,주주총회소집공고,20220308000593,한솔홀딩스,20220308,
KOSPI,00110893,대신증권,003540,주식등의대량보유상황보고서(일반),20220308000600,양홍석,20220308,
KOSPI,00117179,디와이,013570,주주총회소집공고,20220308000601,디와이,20220308,
KOSPI,00113997,롯데에너지머티리얼즈,020150,주주총회소집공고,20220308000602,롯데에너지머티리얼즈,20220308,정
KOSPI,00177199,디씨엠,024090,주주총회소집공고,20220308000609,디씨엠,20220308,
KOSPI,00171636,한솔홀딩스,004150,의결권대리행사권유참고서류,20220308000611,한솔홀딩스,20220308,
KOSPI,01042775,HL만도,204320,주주총회소집공고,20220308000613,HL만도,20220308,정
KOSPI,00508344,SK디앤디,210980,주주총회소집공고,20220308000620,SK디앤디,20220308,
KOSPI,00361008,한화엔진,082740,주주총회소집공고,20220308000627,한화엔진,20220308,
KOSPI,00296290,키움증권,039490,투자설명서(일괄신고),20220308000630,키움증권,20220308,
KOSPI,00759513,LX하우시스,108670,주주총회소집공고,20220308000632,LX하우시스,20220308,
KOSPI,00120526,롯데쇼핑,023530,주주총회소집공고,20220308000634,롯데쇼핑,20220308,
KOSPI,00121534,MH에탄올,023150,주주총회소집공고,20220308000636,MH에탄올,20220308,정
KOSPI,01042775,HL만도,204320,의결권대리행사권유참고서류,20220308000638,HL만도,20220308,정
KOSPI,00126937,삼양홀딩스,000070,주주총회소집공고,20220308000640,삼양홀딩스,20220308,
KOSPI,00545716,롯데렌탈,089860,약관에의한금융거래시계열금융회사의거래상대방의공시,20220308000641,롯데렌탈,20220308,공
KOSPI,00361008,한화엔진,082740,의결권대리행사권유참고서류,20220308000645,한화엔진,20220308,
KOSPI,00759513,LX하우시스,108670,의결권대리행사권유참고서류,20220308000659,LX하우시스,20220308,
KOSPI,00140131,키다리스튜디오,020120,임원ㆍ주요주주특정증권등소유상황보고서,20220308000660,김영훈,20220308,
KOSPI,00219097,BGF,027410,주식등의대량보유상황보고서(일반),20220308000661,홍석조,20220308,
KOSPI,00113997,롯데에너지머티리얼즈,020150,의결권대리행사권유참고서류,20220308000662,롯데에너지머티리얼즈,20220308,정
KOSPI,00126371,삼성전기,009150,사업보고서 (2021.12),20220308000667,삼성전기,20220308,연
KOSPI,00111111,대양금속,009190,주주총회소집공고,20220308000669,대양금속,20220308,
KOSPI,00126308,삼성E&A,028050,사업보고서 (2021.12),20220308000672,삼성E&A,20220308,연
KOSPI,00106368,금호석유화학,011780,주요사항보고서(자기주식취득신탁계약체결결정),20220308000677,금호석유화학,20220308,
KOSPI,01316236,효성화학,298000,사업보고서 (2021.12),20220308000678,효성화학,20220308,연
KOSPI,00113359,교보증권,030610,의결권대리행사권유참고서류,20220308000680,교보증권,20220308,정
KOSPI,00140131,키다리스튜디오,020120,임원ㆍ주요주주특정증권등소유상황보고서,20220308000682,이선윤,20220308,
KOSPI,00131850,SK증권,001510,[첨부정정]의결권대리행사권유참고서류,20220308000683,SK증권,20220308,
KOSPI,00152880,코오롱글로벌,003070,[기재정정]합병등종료보고서(합병),20220308000685,코오롱글로벌,20220308,
KOSPI,00132637,동원시스템즈,014820,주주총회소집공고,20220308000690,동원시스템즈,20220308,정
KOSPI,00165413,롯데케미칼,011170,[기재정정]주주총회소집공고,20220308000695,롯데케미칼,20220308,
KOSPI,00120526,롯데쇼핑,023530,의결권대리행사권유참고서류,20220308000699,롯데쇼핑,20220308,정
KOSPI,01032486,두산밥캣,241560,주요사항보고서(자기주식취득결정),20220308000701,두산밥캣,20220308,정
KOSPI,00140131,키다리스튜디오,020120,임원ㆍ주요주주특정증권등소유상황보고서,20220308000703,김춘곤,20220308,
KOSPI,01263022,BGF리테일,282330,주식등의대량보유상황보고서(일반),20220308000709,BGF,20220308,
KOSPI,00165413,롯데케미칼,011170,[기재정정]의결권대리행사권유참고서류,20220308000710,롯데케미칼,20220308,
KOSPI,01258507,롯데웰푸드,280360,주주총회소집공고,20220308000713,롯데웰푸드,20220308,정
KOSPI,00121969,에쓰씨엔지니어링,023960,주주총회소집공고,20220308000715,에쓰씨엔지니어링,20220308,
KOSPI,00133858,세방전지,004490,주주총회소집공고,20220308000716,세방전지,20220308,정
KOSPI,00121969,에쓰씨엔지니어링,023960,의결권대리행사권유참고서류,20220308000718,에쓰씨엔지니어링,20220308,
KOSPI,00159500,한국종합기술,023350,주주총회소집공고,20220308000719,한국종합기술,20220308,
KOSPI,00149947,JW중외제약,001060,임원ㆍ주요주주특정증권등소유상황보고서,20220308000722,강성구,20220308,
KOSPI,00117212,두산,000150,특수관계인에대한출자,20220308000728,두산,20220308,공
KOSPI,01258507,롯데웰푸드,280360,의결권대리행사권유참고서류,20220308000731,롯데웰푸드,20220308,정
KOSPI,00126186,삼성에스디에스,018260,사업보고서 (2021.12),20220308000737,삼성에스디에스,20220308,연
KOSPI,00195229,미스토홀딩스,081660,주식등의대량보유상황보고서(일반),20220308000739,피에몬테,20220308,
KOSPI,00133335,성창기업지주,000180,주주총회소집공고,20220308000747,성창기업지주,20220308,정
KOSPI,00122825,프리티,006490,주주총회소집공고,20220308000748,프리티,20220308,
KOSPI,00148276,제일기획,030000,사업보고서 (2021.12),20220308000752,제일기획,20220308,정연
KOSPI,00103176,흥국화재,000540,의결권대리행사권유참고서류,20220308000757,흥국화재,20220308,
KOSPI,00104768,가온전선,000500,주주총회소집공고,20220308000759,가온전선,20220308,
KOSPI,00126955,삼양식품,003230,주주총회소집공고,20220308000761,삼양식품,20220308,
KOSPI,00115694,DB증권,016610,주주총회소집공고,20220308000765,DB증권,20220308,정
KOSPI,00160232,KSS해운,044450,임원ㆍ주요주주특정증권등소유상황보고서,20220308000766,케이에스에스해운우리사주조합,20220308,
KOSPI,01412822,솔루스첨단소재,336370,주주총회소집공고,20220308000767,솔루스첨단소재,20220308,
KOSPI,00115694,DB증권,016610,의결권대리행사권유참고서류,20220308000774,DB증권,20220308,정
KOSPI,00122579,BYC,001460,임원ㆍ주요주주특정증권등소유상황보고서,20220308000776,한서원,20220308,
KOSPI,00104768,가온전선,000500,의결권대리행사권유참고서류,20220308000777,가온전선,20220308,
KOSPI,00115694,DB증권,016610,주요사항보고서(자기주식취득결정),20220308000786,DB증권,20220308,
KOSPI,00150439,진양산업,003780,사업보고서 (2021.12),20220308000794,진양산업,20220308,연
KOSPI,00126937,삼양홀딩스,000070,의결권대리행사권유참고서류,20220308000795,삼양홀딩스,20220308,정
KOSPI,01412822,솔루스첨단소재,336370,의결권대리행사권유참고서류,20220308000796,솔루스첨단소재,20220308,정
KOSPI,00126380,삼성전자,005930,사업보고서 (2021.12),20220308000798,삼성전자,20220308,연
KOSPI,00140131,키다리스튜디오,020120,주식등의대량보유상황보고서(일반),20220308000803,다우데이타,20220308,
KOSPI,00372882,KTcs,058850,주주총회소집공고,20220308000806,KTcs,20220308,
KOSPI,00435312,하이스틸,071090,[기재정정]주주총회소집공고,20220308000814,하이스틸,20220308,정
KOSPI,00435312,하이스틸,071090,[기재정정]의결권대리행사권유참고서류,20220308000818,하이스틸,20220308,정
KOSPI,01316254,HS효성첨단소재,298050,사업보고서 (2021.12),20220308000820,HS효성첨단소재,20220308,연
KOSPI,00126292,삼성카드,029780,사업보고서 (2021.12),20220308000831,삼성카드,20220308,연
KOSPI,00435312,하이스틸,071090,[기재정정]주주총회소집공고,20220308000832,하이스틸,20220308,
KOSPI,00170558,코웨이,021240,주요사항보고서(자기주식처분결정),20220308000834,코웨이,20220308,
KOSPI,00435312,하이스틸,071090,[기재정정]의결권대리행사권유참고서류,20220308000836,하이스틸,20220308,
KOSPI,00122825,프리티,006490,의결권대리행사권유참고서류,20220308000837,프리티,20220308,정
KOSPI,00435312,하이스틸,071090,사업보고서 (2021.12),20220308000841,하이스틸,20220308,연
KOSPI,00555874,제주항공,089590,주주총회소집공고,20220308000847,제주항공,20220308,
KOSPI,00163512,한진,002320,주주총회소집공고,20220308000850,한진,20220308,
KOSPI,00160047,한국앤컴퍼니,000240,주식등의대량보유상황보고서(일반),20220308000852,조현범,20220308,
KOSPI,00113359,교보증권,030610,[첨부정정]의결권대리행사권유참고서류,20220308000855,교보증권,20220308,정
KOSPI,00126955,삼양식품,003230,의결권대리행사권유참고서류,20220308000856,삼양식품,20220308,정
KOSPI,00111722,미래에셋증권,006800,일괄신고추가서류(파생결합사채-주가연계파생결합사채),20220308000860,미래에셋증권,20220308,
KOSPI,01478712,대덕전자,353200,주주총회소집공고,20220308000866,대덕전자,20220308,
KOSPI,00111722,미래에셋증권,006800,투자설명서(일괄신고),20220308000867,미래에셋증권,20220308,
KOSPI,00135795,신도리코,029530,사업보고서 (2021.12),20220308000868,신도리코,20220308,연
KOSPI,00164812,현대코퍼레이션,011760,주주총회소집공고,20220308000869,현대코퍼레이션,20220308,
KOSPI,00111421,휴니드테크놀러지스,005870,사업보고서 (2021.12),20220308000872,휴니드테크놀러지스,20220308,
KOSPI,00135795,신도리코,029530,주주총회소집공고,20220308000874,신도리코,20220308,
KOSPI,00103592,광동제약,009290,주주총회소집공고,20220308000879,광동제약,20220308,
KOSPI,00545716,롯데렌탈,089860,주주총회소집공고,20220308000881,롯데렌탈,20220308,정
KOSPI,00111421,휴니드테크놀러지스,005870,주주총회소집공고,20220308000889,휴니드테크놀러지스,20220308,정
KOSPI,00555874,제주항공,089590,의결권대리행사권유참고서류,20220308000890,제주항공,20220308,
KOSPI,00103592,광동제약,009290,의결권대리행사권유참고서류,20220308000895,광동제약,20220308,
KOSPI,00163512,한진,002320,의결권대리행사권유참고서류,20220308000899,한진,20220308,
KOSPI,00111704,한화오션,042660,[기재정정]주요사항보고서(유상증자결정),20220308000900,한화오션,20220308,
KOSPI,00164830,HD한국조선해양,009540,[기재정정]주요사항보고서(유상증자결정),20220308000901,HD한국조선해양,20220308,
KOSPI,00139889,SKC,011790,주주총회소집공고,20220308000911,SKC,20220308,정
KOSPI,00413046,셀트리온,068270,주주총회소집공고,20220308000912,셀트리온,20220308,
KOSPI,00111810,대웅,003090,주요사항보고서(자기주식처분결정),20220308000914,대웅,20220308,
KOSPI,00126362,삼성SDI,006400,사업보고서 (2021.12),20220308000915,삼성SDI,20220308,연
KOSPI,00106368,금호석유화학,011780,주주총회소집공고,20220308000916,금호석유화학,20220308,
KOSPI,00124799,사조산업,007160,임원ㆍ주요주주특정증권등소유상황보고서,20220308000918,사조시스템즈,20220308,
KOSPI,00111704,한화오션,042660,주식등의대량보유상황보고서(일반),20220308000921,HD한국조선해양,20220308,
KOSPI,00106368,금호석유화학,011780,의결권대리행사권유참고서류,20220308000922,금호석유화학,20220308,
KOSPI,00544452,이리츠코크렙,088260,주주총회소집공고,20220308000924,이리츠코크렙,20220308,
KOSPI,00139889,SKC,011790,의결권대리행사권유참고서류,20220308000925,SKC,20220308,
KOSPI,00413046,셀트리온,068270,의결권대리행사권유참고서류,20220308000933,셀트리온,20220308,
KOSPI,00120571,롯데칠성음료,005300,주주총회소집공고,20220308000934,롯데칠성음료,20220308,
KOSPI,00122737,팬오션,028670,주식등의대량보유상황보고서(일반),20220308000935,하림지주,20220308,
KOSPI,00120571,롯데칠성음료,005300,의결권대리행사권유참고서류,20220308000938,롯데칠성음료,20220308,
KOSPI,00126256,삼성생명,032830,사업보고서 (2021.12),20220308000939,삼성생명,20220308,연
KOSPI,01060744,한솔제지,213500,[발행조건확정]증권신고서(채무증권),20220308000940,한솔제지,20220308,
KOSPI,00150828,진흥기업,002780,주주총회소집공고,20220308000941,진흥기업,20220308,
KOSPI,00159786,유니드,014830,사업보고서 (2021.12),20220308000942,유니드,20220308,연
KOSPI,00372882,KTcs,058850,의결권대리행사권유참고서류,20220308000946,KTcs,20220308,
KOSPI,01042775,HL만도,204320,[기재정정]주주총회소집공고,20220308000948,HL만도,20220308,정
KOSPI,00828497,한미약품,128940,주주총회소집공고,20220308000949,한미약품,20220308,
KOSPI,00855163,미원화학,134380,주주총회소집공고,20220308000951,미원화학,20220308,
KOSPI,00111704,한화오션,042660,주주총회소집공고,20220308000952,한화오션,20220308,정
KOSPI,00161426,한미사이언스,008930,주주총회소집공고,20220308000954,한미사이언스,20220308,
KOSPI,00413046,셀트리온,068270,사업보고서 (2021.12),20220308000956,셀트리온,20220308,정연
KOSPI,01316227,효성티앤씨,298020,사업보고서 (2021.12),20220308000960,효성티앤씨,20220308,연
KOSPI,00111704,한화오션,042660,의결권대리행사권유참고서류,20220308000962,한화오션,20220308,정
KOSPI,00121534,MH에탄올,023150,[기재정정]주주총회소집공고,20220308000965,MH에탄올,20220308,정
KOSPI,00249247,YG PLUS,037270,주주총회소집공고,20220308000969,YG PLUS,20220308,정
KOSPI,00124540,대우건설,047040,주식등의대량보유상황보고서(일반),20220308000971,중흥토건,20220308,
KOSPI,00249247,YG PLUS,037270,의결권대리행사권유참고서류,20220308000974,YG PLUS,20220308,
KOSPI,01032486,두산밥캣,241560,[기재정정]주요사항보고서(자기주식취득결정),20220308000979,두산밥캣,20220308,정
KOSPI,00158501,에스원,012750,사업보고서 (2021.12),20220308000980,에스원,20220308,연
KOSPI,00111421,휴니드테크놀러지스,005870,[기재정정]주주총회소집공고,20220308000982,휴니드테크놀러지스,20220308,정
KOSPI,00161693,한샘,009240,주주총회소집공고,20220308000986,한샘,20220308,정
KOSPI,01042775,HL만도,204320,[첨부정정]의결권대리행사권유참고서류,20220308000987,HL만도,20220308,정
KOSPI,00161693,한샘,009240,의결권대리행사권유참고서류,20220308000988,한샘,20220308,정
KOSPI,00165680,호텔신라,008770,사업보고서 (2021.12),20220308000990,호텔신라,20220308,정연
KOSPI,01316245,효성중공업,298040,사업보고서 (2021.12),20220308000991,효성중공업,20220308,정연
KOSPI,01515323,LG에너지솔루션,373220,감사보고서제출,20220308800005,LG에너지솔루션,20220308,유
KOSPI,00145109,유한양행,000100,투자판단관련주요경영사항,20220308800046,유한양행,20220308,유
KOSPI,00155276,포스코퓨처엠,003670,풍문또는보도에대한해명(미확정),20220308800068,포스코퓨처엠,20220308,유
KOSPI,00174004,유성기업,002920,매출액또는손익구조30%(대규모법인은15%)이상변경,20220308800166,유성기업,20220308,유
KOSPI,00161116,HL D&I,014790,단일판매ㆍ공급계약체결,20220308800174,HL D&I,20220308,유정
KOSPI,00299002,HL홀딩스,060980,단일판매ㆍ공급계약체결(자회사의 주요경영사항),20220308800189,HL홀딩스,20220308,유정
KOSPI,00256955,테이팩스,055490,감사보고서제출,20220308800200,테이팩스,20220308,유
KOSPI,00260392,대원전선,006340,주주총회소집결의,20220308800203,대원전선,20220308,유
KOSPI,01010110,더블유게임즈,192080,주주총회소집결의,20220308800219,더블유게임즈,20220308,유
KOSPI,00141413,영화금속,012280,주주총회소집결의,20220308800266,영화금속,20220308,유
KOSPI,00356361,LG화학,051910,감사보고서제출,20220308800276,LG화학,20220308,유
KOSPI,00120021,LG,003550,감사보고서제출(자회사의 주요경영사항),20220308800301,LG,20220308,유
KOSPI,00109514,티웨이홀딩스,004870,주주총회소집결의,20220308800323,티웨이홀딩스,20220308,유
KOSPI,00109514,티웨이홀딩스,004870,주주총회집중일개최사유신고,20220308800329,티웨이홀딩스,20220308,유
KOSPI,00102113,경인양행,012610,주주총회소집결의,20220308800339,경인양행,20220308,유
KOSPI,00102113,경인양행,012610,주주총회집중일개최사유신고,20220308800344,경인양행,20220308,유
KOSPI,00486705,아주스틸,139990,주주총회소집결의,20220308800354,아주스틸,20220308,유
KOSPI,00670340,씨에스윈드,112610,[기재정정]타인에대한채무보증결정,20220308800357,씨에스윈드,20220308,유
KOSPI,00111847,대원강업,000430,[기재정정]주주총회소집결의,20220308800387,대원강업,20220308,유
KOSPI,00233653,한국토지신탁,034830,주주총회소집결의,20220308800403,한국토지신탁,20220308,유
KOSPI,00161426,한미사이언스,008930,주주총회소집결의,20220308800404,한미사이언스,20220308,유
KOSPI,00161426,한미사이언스,008930,현금ㆍ현물배당결정,20220308800410,한미사이언스,20220308,유
KOSPI,00828497,한미약품,128940,주주총회소집결의,20220308800447,한미약품,20220308,유
KOSPI,00828497,한미약품,128940,현금ㆍ현물배당결정,20220308800452,한미약품,20220308,유
KOSPI,00161426,한미사이언스,008930,현금ㆍ현물배당결정(자회사의 주요경영사항),20220308800453,한미사이언스,20220308,유
KOSPI,00760971,크래프톤,259960,최대주주등소유주식변동신고서,20220308800464,크래프톤,20220308,유
KOSPI,00148461,제일연마,001560,주주총회집중일개최사유신고,20220308800487,제일연마,20220308,유
KOSPI,00148610,한화투자증권,003530,최대주주등소유주식변동신고서,20220308800508,한화투자증권,20220308,유
KOSPI,00362238,휴비스,079980,[기재정정]매출액또는손익구조30%(대규모법인은15%)이상변경,20220308800517,휴비스,20220308,유
KOSPI,00154055,태원물산,001420,감사보고서제출,20220308800518,태원물산,20220308,유
KOSPI,00362238,휴비스,079980,현금ㆍ현물배당결정,20220308800527,휴비스,20220308,유
KOSPI,00103176,흥국화재,000540,주주총회집중일개최사유신고,20220308800531,흥국화재,20220308,유
KOSPI,00362238,휴비스,079980,주주총회소집결의,20220308800540,휴비스,20220308,유
KOSPI,00181712,SK,034730,타법인주식및출자증권취득결정(자율공시),20220308800544,SK,20220308,유정
KOSPI,00148461,제일연마,001560,현금ㆍ현물배당결정,20220308800545,제일연마,20220308,유
KOSPI,00134723,페이퍼코리아,001020,주주총회소집결의,20220308800559,페이퍼코리아,20220308,유정
KOSPI,00148461,제일연마,001560,주주총회소집결의,20220308800569,제일연마,20220308,유
KOSPI,00167208,흥아해운,003280,[기재정정]주주총회소집결의,20220308800587,흥아해운,20220308,유
KOSPI,00362238,휴비스,079980,기타경영사항(자율공시),20220308800606,휴비스,20220308,유
KOSPI,00123107,보락,002760,주주총회집중일개최사유신고,20220308800607,보락,20220308,유
KOSPI,00980122,JB금융지주,175330,기업지배구조보고서공시,20220308800615,JB금융지주,20220308,유
KOSPI,00113207,대한전선,001440,[기재정정]매출액또는손익구조30%(대규모법인은15%)이상변경,20220308800622,대한전선,20220308,유
KOSPI,00161426,한미사이언스,008930,감사보고서제출(자회사의 주요경영사항),20220308800629,한미사이언스,20220308,유
KOSPI,00133511,SG세계물산,004060,감사보고서제출,20220308800659,SG세계물산,20220308,유
KOSPI,00140177,GS리테일,007070,주주총회소집결의,20220308800680,GS리테일,20220308,유
KOSPI,00362238,휴비스,079980,감사보고서제출,20220308800689,휴비스,20220308,유
KOSPI,00174004,유성기업,002920,현금ㆍ현물배당결정,20220308800691,유성기업,20220308,유
KOSPI,00174004,유성기업,002920,주주총회소집결의,20220308800696,유성기업,20220308,유
KOSPI,00409672,티비에이치글로벌,084870,최대주주등소유주식변동신고서,20220308800698,티비에이치글로벌,20220308,유
KOSPI,00126308,삼성E&A,028050,감사보고서제출,20220308800707,삼성E&A,20220308,유
KOSPI,00365989,모나용평,070960,매출액또는손익구조30%(대규모법인은15%)이상변경,20220308800718,모나용평,20220308,유
KOSPI,00173944,우진,105840,주주총회소집결의,20220308800722,우진,20220308,유
KOSPI,00148276,제일기획,030000,감사보고서제출,20220308800723,제일기획,20220308,유
KOSPI,00123781,부국철강,026940,주주총회소집결의,20220308800732,부국철강,20220308,유
KOSPI,00361008,한화엔진,082740,주주총회소집결의,20220308800742,한화엔진,20220308,유
KOSPI,00878915,iM금융지주,139130,[기재정정]상각형조건부자본증권발행결정(자회사의 주요경영사항),20220308800764,iM금융지주,20220308,유
KOSPI,00140177,GS리테일,007070,[기재정정]매출액또는손익구조30%(대규모법인은15%)이상변경,20220308800766,GS리테일,20220308,유
KOSPI,00427483,대웅제약,069620,감사보고서제출,20220308800770,대웅제약,20220308,유
KOSPI,00140177,GS리테일,007070,주주총회집중일개최사유신고,20220308800775,GS리테일,20220308,유
KOSPI,00111810,대웅,003090,감사보고서제출,20220308800780,대웅,20220308,유
KOSPI,00111810,대웅,003090,감사보고서제출(자회사의 주요경영사항),20220308800821,대웅,20220308,유
KOSPI,00113508,노루홀딩스,000320,현금ㆍ현물배당결정,20220308800830,노루홀딩스,20220308,유
KOSPI,00151395,천일고속,000650,현금ㆍ현물배당결정,20220308800839,천일고속,20220308,유
KOSPI,00151395,천일고속,000650,주주총회소집결의,20220308800850,천일고속,20220308,유
KOSPI,00113508,노루홀딩스,000320,주주총회소집결의,20220308800851,노루홀딩스,20220308,유
KOSPI,00500254,GS,078930,[기재정정]매출액또는손익구조30%(대규모법인은15%)이상변경(자회사의 주요경영사항),20220308800854,GS,20220308,유
KOSPI,00164742,현대자동차,005380,감사보고서제출,20220308800855,현대자동차,20220308,유
KOSPI,00151395,천일고속,000650,현금ㆍ현물배당을위한주주명부폐쇄(기준일)결정,20220308800859,천일고속,20220308,유
KOSPI,00878696,에스케이바이오팜,326030,주주총회소집결의,20220308800861,에스케이바이오팜,20220308,유
KOSPI,00860332,메리츠금융지주,138040,감사보고서제출(자회사의 주요경영사항),20220308800871,메리츠금융지주,20220308,유
KOSPI,00133511,SG세계물산,004060,주주총회소집결의,20220308800881,SG세계물산,20220308,유
KOSPI,00416654,유엔젤,072130,주주총회소집결의,20220308800883,유엔젤,20220308,유
KOSPI,01059605,디와이파워,210540,주주총회소집결의,20220308800891,디와이파워,20220308,유
KOSPI,00131939,선도전기,007610,주주총회소집결의,20220308800899,선도전기,20220308,유
KOSPI,00132725,SB성보,003080,주주총회소집결의,20220308800903,SB성보,20220308,유
KOSPI,01032486,두산밥캣,241560,주주총회소집결의,20220308800909,두산밥캣,20220308,유
KOSPI,00117179,디와이,013570,주주총회소집결의,20220308800910,디와이,20220308,유
KOSPI,00767460,PI첨단소재,178920,감사보고서제출,20220308800912,PI첨단소재,20220308,유
KOSPI,00357360,한세엠케이,069640,[기재정정]주주총회소집결의,20220308800917,한세엠케이,20220308,유
KOSPI,00123772,부국증권,001270,주주총회집중일개최사유신고,20220308800919,부국증권,20220308,유
KOSPI,00132725,SB성보,003080,현금ㆍ현물배당결정,20220308800920,SB성보,20220308,유
KOSPI,00171636,한솔홀딩스,004150,주주총회소집결의,20220308800937,한솔홀딩스,20220308,유
KOSPI,00369833,유니온머티리얼,047400,현금ㆍ현물배당결정,20220308800944,유니온머티리얼,20220308,유
KOSPI,00181712,SK,034730,타법인주식및출자증권취득결정(자회사의 주요경영사항),20220308800947,SK,20220308,유
KOSPI,00120526,롯데쇼핑,023530,주주총회소집결의,20220308800953,롯데쇼핑,20220308,유
KOSPI,00140131,키다리스튜디오,020120,최대주주등소유주식변동신고서,20220308800970,키다리스튜디오,20220308,유
KOSPI,00372882,KTcs,058850,주주총회소집결의,20220308800974,KTcs,20220308,유
KOSPI,00269940,하나투어,039130,주주총회소집결의,20220308800976,하나투어,20220308,유
KOSPI,00181712,SK,034730,타인에대한채무보증결정(자회사의 주요경영사항),20220308800979,SK,20220308,유
KOSPI,00121969,에쓰씨엔지니어링,023960,주주총회소집결의,20220308800983,에쓰씨엔지니어링,20220308,유
KOSPI,00646732,진양홀딩스,100250,감사보고서제출(자회사의 주요경영사항),20220308800986,진양홀딩스,20220308,유
KOSPI,01412822,솔루스첨단소재,336370,주주총회소집결의,20220308800989,솔루스첨단소재,20220308,유
KOSPI,00131939,선도전기,007610,주주총회집중일개최사유신고,20220308800990,선도전기,20220308,유
KOSPI,00113508,노루홀딩스,000320,주주총회집중일개최사유신고,20220308800992,노루홀딩스,20220308,유
KOSPI,01316236,효성화학,298000,감사보고서제출,20220308800993,효성화학,20220308,유
KOSPI,00126937,삼양홀딩스,000070,주주총회집중일개최사유신고,20220308800994,삼양홀딩스,20220308,유
KOSPI,01032486,두산밥캣,241560,타인에대한채무보증결정,20220308801002,두산밥캣,20220308,유정
KOSPI,00111111,대양금속,009190,주주총회소집결의,20220308801011,대양금속,20220308,유
KOSPI,00130772,SBS,034120,[기재정정]주주총회소집결의,20220308801018,SBS,20220308,유
KOSPI,00114154,디와이덕양,024900,주주총회소집결의,20220308801028,디와이덕양,20220308,유
KOSPI,00150439,진양산업,003780,감사보고서제출,20220308801034,진양산업,20220308,유
KOSPI,00633835,HJ중공업,097230,[기재정정]주주총회소집결의,20220308801036,HJ중공업,20220308,유정
KOSPI,00520887,비상교육,100220,단기차입금증가결정,20220308801041,비상교육,20220308,유
KOSPI,00369833,유니온머티리얼,047400,주주총회소집결의,20220308801042,유니온머티리얼,20220308,유
KOSPI,00165583,E1,017940,주주총회소집결의,20220308801043,E1,20220308,유정
KOSPI,00129420,까뮤이앤씨,013700,[기재정정]매출액또는손익구조30%(대규모법인은15%)이상변경,20220308801049,까뮤이앤씨,20220308,유
KOSPI,00165583,E1,017940,[기재정정]매출액또는손익구조30%(대규모법인은15%)이상변경,20220308801053,E1,20220308,유
KOSPI,00117179,디와이,013570,주주총회집중일개최사유신고,20220308801054,디와이,20220308,유
KOSPI,00171636,한솔홀딩스,004150,주주총회집중일개최사유신고,20220308801057,한솔홀딩스,20220308,유
KOSPI,01032486,두산밥캣,241560,타인에대한담보제공결정,20220308801059,두산밥캣,20220308,유정
KOSPI,00165583,E1,017940,기타경영사항(자율공시),20220308801060,E1,20220308,유
KOSPI,00587466,KPX홀딩스,092230,감사보고서제출(자회사의 주요경영사항),20220308801062,KPX홀딩스,20220308,유
KOSPI,00129420,까뮤이앤씨,013700,주주총회소집결의,20220308801082,까뮤이앤씨,20220308,유
KOSPI,00117212,두산,000150,타법인주식및출자증권취득결정,20220308801086,두산,20220308,유정
KOSPI,00526599,덴티움,145720,현금ㆍ현물배당결정,20220308801090,덴티움,20220308,유
KOSPI,00133335,성창기업지주,000180,주주총회소집결의,20220308801099,성창기업지주,20220308,유정
KOSPI,00132637,동원시스템즈,014820,주주총회소집결의,20220308801104,동원시스템즈,20220308,유
KOSPI,00115694,DB증권,016610,주주총회소집결의,20220308801108,DB증권,20220308,유
KOSPI,00526599,덴티움,145720,주주총회소집결의,20220308801115,덴티움,20220308,유정
KOSPI,00114154,디와이덕양,024900,매출액또는손익구조30%(대규모법인은15%)이상변경,20220308801126,디와이덕양,20220308,유정
KOSPI,00166227,화승인더스트리,006060,매출액또는손익구조30%(대규모법인은15%)이상변경,20220308801129,화승인더스트리,20220308,유
KOSPI,00646732,진양홀딩스,100250,감사보고서제출(자회사의 주요경영사항),20220308801135,진양홀딩스,20220308,유
KOSPI,01128613,화승엔터프라이즈,241590,매출액또는손익구조30%(대규모법인은15%)이상변경,20220308801143,화승엔터프라이즈,20220308,유
KOSPI,01412822,솔루스첨단소재,336370,주주총회집중일개최사유신고,20220308801149,솔루스첨단소재,20220308,유
KOSPI,00126292,삼성카드,029780,감사보고서제출,20220308801155,삼성카드,20220308,유
KOSPI,00117212,두산,000150,타법인주식및출자증권취득결정,20220308801164,두산,20220308,유
KOSPI,00153621,참엔지니어링,009310,단일판매ㆍ공급계약체결,20220308801167,참엔지니어링,20220308,유
KOSPI,01316254,HS효성첨단소재,298050,감사보고서제출,20220308801173,HS효성첨단소재,20220308,유
KOSPI,00180795,인팩,023810,주주총회집중일개최사유신고,20220308801181,인팩,20220308,유
KOSPI,00121969,에쓰씨엔지니어링,023960,매출액또는손익구조30%(대규모법인은15%)이상변경,20220308801186,에쓰씨엔지니어링,20220308,유
KOSPI,00114765,케이비아이동국실업,001620,풍문또는보도에대한해명,20220308801192,케이비아이동국실업,20220308,유
KOSPI,00117212,두산,000150,주주총회소집결의,20220308801199,두산,20220308,유
KOSPI,00427483,대웅제약,069620,주주총회소집결의,20220308801207,대웅제약,20220308,유
KOSPI,00129420,까뮤이앤씨,013700,현금ㆍ현물배당결정,20220308801213,까뮤이앤씨,20220308,유
KOSPI,00111810,대웅,003090,주주총회소집결의,20220308801235,대웅,20220308,유
KOSPI,00159698,지역난방공사,071320,[기재정정]주주총회소집결의,20220308801236,지역난방공사,20220308,유
KOSPI,00142883,우신시스템,017370,[기재정정]매출액또는손익구조30%(대규모법인은15%)이상변경,20220308801239,우신시스템,20220308,유
KOSPI,00108940,대성홀딩스,016710,주주총회소집결의,20220308801240,대성홀딩스,20220308,유
KOSPI,00112059,상상인증권,001290,최대주주등소유주식변동신고서,20220308801245,상상인증권,20220308,유
KOSPI,00165583,E1,017940,[기재정정]주주총회소집결의,20220308801247,E1,20220308,유
KOSPI,00158501,에스원,012750,감사보고서제출,20220308801250,에스원,20220308,유
KOSPI,01128613,화승엔터프라이즈,241590,매출액또는손익구조30%(대규모법인은15%)이상변경(자회사의 주요경영사항),20220308801252,화승엔터프라이즈,20220308,유
KOSPI,00115694,DB증권,016610,[기재정정]매출액또는손익구조30%(대규모법인은15%)이상변경,20220308801259,DB증권,20220308,유
KOSPI,00427483,대웅제약,069620,현금ㆍ현물배당결정,20220308801265,대웅제약,20220308,유
KOSPI,00111810,대웅,003090,현금ㆍ현물배당결정(자회사의 주요경영사항),20220308801266,대웅,20220308,유
KOSPI,00442835,메타랩스,090370,주주총회소집결의,20220308801271,메타랩스,20220308,유
KOSPI,00159500,한국종합기술,023350,주주총회집중일개최사유신고,20220308801273,한국종합기술,20220308,유
KOSPI,00406046,HD현대마린엔진,071970,주주총회소집결의,20220308801275,HD현대마린엔진,20220308,유정
KOSPI,00115694,DB증권,016610,현금ㆍ현물배당결정,20220308801279,DB증권,20220308,유
KOSPI,00152880,코오롱글로벌,003070,타인에대한채무보증결정,20220308801281,코오롱글로벌,20220308,유
KOSPI,00152862,코오롱,002020,타인에대한채무보증결정(자회사의 주요경영사항),20220308801282,코오롱,20220308,유
KOSPI,00132725,SB성보,003080,감사보고서제출,20220308801284,SB성보,20220308,유
KOSPI,00435312,하이스틸,071090,감사보고서제출,20220308801296,하이스틸,20220308,유
KOSPI,00587466,KPX홀딩스,092230,감사보고서제출(자회사의 주요경영사항),20220308801297,KPX홀딩스,20220308,유
KOSPI,00111810,대웅,003090,현금ㆍ현물배당결정,20220308801302,대웅,20220308,유
KOSPI,00111421,휴니드테크놀러지스,005870,감사보고서제출,20220308801313,휴니드테크놀러지스,20220308,유
KOSPI,01128613,화승엔터프라이즈,241590,매출액또는손익구조30%(대규모법인은15%)이상변경(자회사의 주요경영사항),20220308801315,화승엔터프라이즈,20220308,유
KOSPI,00406046,HD현대마린엔진,071970,주주총회집중일개최사유신고,20220308801321,HD현대마린엔진,20220308,유
KOSPI,00134510,SJG세종,033530,매출액또는손익구조30%(대규모법인은15%)이상변경,20220308801322,SJG세종,20220308,유
KOSPI,01263022,BGF리테일,282330,최대주주등소유주식변동신고서,20220308801342,BGF리테일,20220308,유
KOSPI,00688996,KB금융,105560,감사보고서제출(자회사의 주요경영사항),20220308801343,KB금융,20220308,유
KOSPI,00113562,롯데손해보험,000400,기업지배구조보고서공시,20220308801348,롯데손해보험,20220308,유
KOSPI,00122579,BYC,001460,최대주주등소유주식변동신고서,20220308801354,BYC,20220308,유
KOSPI,01316227,효성티앤씨,298020,감사보고서제출,20220308801362,효성티앤씨,20220308,유
KOSPI,00106368,금호석유화학,011780,장래사업ㆍ경영계획(공정공시),20220308801365,금호석유화학,20220308,유
KOSPI,01478712,대덕전자,353200,주주총회소집결의,20220308801367,대덕전자,20220308,유
KOSPI,00372882,KTcs,058850,감사보고서제출,20220308801368,KTcs,20220308,유
KOSPI,00117212,두산,000150,현금ㆍ현물배당결정,20220308801373,두산,20220308,유
KOSPI,00163512,한진,002320,주주총회소집결의,20220308801377,한진,20220308,유
KOSPI,00428321,해태제과식품,101530,[기재정정]주주총회소집결의,20220308801379,해태제과식품,20220308,유
KOSPI,00195229,미스토홀딩스,081660,최대주주등소유주식변동신고서,20220308801384,미스토홀딩스,20220308,유
KOSPI,00372882,KTcs,058850,주주총회집중일개최사유신고,20220308801389,KTcs,20220308,유
KOSPI,00106368,금호석유화학,011780,주주총회소집결의,20220308801393,금호석유화학,20220308,유
KOSPI,00106881,인디에프,014990,최대주주등소유주식변동신고서,20220308801397,인디에프,20220308,유
KOSPI,00163512,한진,002320,현금ㆍ현물배당결정,20220308801400,한진,20220308,유
KOSPI,00111999,대원제약,003220,전환가액ㆍ신주인수권행사가액ㆍ교환가액의조정(안내공시),20220308801401,대원제약,20220308,유
KOSPI,00126256,삼성생명,032830,감사보고서제출,20220308801412,삼성생명,20220308,유
KOSPI,00106368,금호석유화학,011780,현금ㆍ현물배당결정,20220308801413,금호석유화학,20220308,유
KOSPI,00159616,두산에너빌리티,034020,주주총회소집결의,20220308801422,두산에너빌리티,20220308,유
KOSPI,00159786,유니드,014830,감사보고서제출,20220308801425,유니드,20220308,유
KOSPI,00152385,에이프로젠,007460,투자판단관련주요경영사항(특허취득),20220308801427,에이프로젠,20220308,유
KOSPI,00135795,신도리코,029530,감사보고서제출,20220308801429,신도리코,20220308,유
KOSPI,00135050,팜젠사이언스,004720,주주총회소집결의,20220308801436,팜젠사이언스,20220308,유정
KOSPI,01205709,HD현대,267250,투자판단관련주요경영사항,20220308801439,HD현대,20220308,유
KOSPI,00113359,교보증권,030610,기업지배구조보고서공시,20220308801441,교보증권,20220308,유정
KOSPI,00124151,부산주공,005030,주주총회소집결의,20220308801449,부산주공,20220308,유정
KOSPI,00164830,HD한국조선해양,009540,[기재정정]타법인주식및출자증권취득결정,20220308801454,HD한국조선해양,20220308,유
KOSPI,00413046,셀트리온,068270,[기재정정]매출액또는손익구조30%(대규모법인은15%)이상변경,20220308801459,셀트리온,20220308,유
KOSPI,00109189,대덕,008060,주주총회소집결의,20220308801464,대덕,20220308,유
KOSPI,00107613,이수페타시스,007660,주주총회소집결의,20220308801465,이수페타시스,20220308,유정
KOSPI,00413046,셀트리온,068270,감사보고서제출,20220308801466,셀트리온,20220308,유
KOSPI,00164830,HD한국조선해양,009540,[기재정정]타법인주식및출자증권취득결정,20220308801473,HD한국조선해양,20220308,유
KOSPI,01133217,카카오뱅크,323410,기업지배구조보고서공시,20220308801474,카카오뱅크,20220308,유
KOSPI,00164812,현대코퍼레이션,011760,주주총회소집결의,20220308801485,현대코퍼레이션,20220308,유
KOSPI,00163512,한진,002320,[기재정정]매출액또는손익구조30%(대규모법인은15%)이상변경,20220308801488,한진,20220308,유
KOSPI,00163512,한진,002320,[기재정정]연결재무제표기준영업(잠정)실적(공정공시),20220308801495,한진,20220308,유
KOSPI,00194947,한전산업,130660,매출액또는손익구조30%(대규모법인은15%)이상변경,20220308801497,한전산업,20220308,유
KOSPI,00113243,대한제분,001130,현금ㆍ현물배당결정,20220308801501,대한제분,20220308,유
KOSPI,00153621,참엔지니어링,009310,불성실공시법인지정예고,20220308801506,유가증권시장본부,20220308,유
KOSPI,00428321,해태제과식품,101530,[기재정정]현금ㆍ현물배당결정,20220308801511,해태제과식품,20220308,유
KOSPI,00153126,크라운해태홀딩스,005740,[기재정정]현금ㆍ현물배당결정(자회사의 주요경영사항),20220308801512,크라운해태홀딩스,20220308,유
KOSPI,00117212,두산,000150,지주회사의자회사편입,20220308801516,두산,20220308,유
KOSPI,00164812,현대코퍼레이션,011760,주주총회집중일개최사유신고,20220308801522,현대코퍼레이션,20220308,유
KOSPI,00111999,대원제약,003220,최대주주등소유주식변동신고서,20220308801523,대원제약,20220308,유
KOSPI,01205709,HD현대,267250,[기재정정]타법인주식및출자증권취득결정(자회사의 주요경영사항),20220308801529,HD현대,20220308,유
KOSPI,00106368,금호석유화학,011780,주주총회집중일개최사유신고,20220308801534,금호석유화학,20220308,유
KOSPI,00164788,현대모비스,012330,감사보고서제출,20220308801537,현대모비스,20220308,유
KOSPI,01205709,HD현대,267250,[기재정정]타법인주식및출자증권취득결정(자회사의 주요경영사항),20220308801539,HD현대,20220308,유
KOSPI,00139889,SKC,011790,주주총회소집결의,20220308801559,SKC,20220308,유
KOSPI,00103592,광동제약,009290,주주총회집중일개최사유신고,20220308801561,광동제약,20220308,유
KOSPI,01205709,HD현대,267250,[기재정정]주요사항보고서(유상증자결정)(자회사의 주요경영사항),20220308801570,HD현대,20220308,유
KOSPI,00164830,HD한국조선해양,009540,투자판단관련주요경영사항,20220308801602,HD한국조선해양,20220308,유
KOSPI,00150828,진흥기업,002780,주주총회소집결의,20220308801603,진흥기업,20220308,유
KOSPI,00111704,한화오션,042660,매출액또는손익구조30%(대규모법인은15%)이상변경,20220308801606,한화오션,20220308,유정
KOSPI,00111704,한화오션,042660,주주총회소집결의,20220308801617,한화오션,20220308,유정
KOSPI,01316245,효성중공업,298040,감사보고서제출,20220308801619,효성중공업,20220308,유
KOSPI,01205709,HD현대,267250,투자판단관련주요경영사항(자회사의 주요경영사항),20220308801635,HD현대,20220308,유
KOSPI,00413046,셀트리온,068270,주주총회집중일개최사유신고,20220308801645,셀트리온,20220308,유
KOSPI,00117188,효성,004800,감사보고서제출(자회사의 주요경영사항),20220308801646,효성,20220308,유
KOSPI,00150828,진흥기업,002780,주주총회집중일개최사유신고,20220308801650,진흥기업,20220308,유
KOSPI,00372873,KTis,058860,감사보고서제출,20220308801662,KTis,20220308,유
KOSPI,00124799,사조산업,007160,최대주주등소유주식변동신고서,20220308801685,사조산업,20220308,유
KOSPI,00126937,삼양홀딩스,000070,[기재정정]매출액또는손익구조30%(대규모법인은15%)이상변경,20220308801700,삼양홀딩스,20220308,유
KOSPI,00113243,대한제분,001130,주주총회소집결의,20220308801701,대한제분,20220308,유
KOSPI,00105873,LG디스플레이,034220,감사보고서제출,20220308801705,LG디스플레이,20220308,유
KOSPI,00111704,한화오션,042660,[기재정정]주주총회소집결의,20220308801744,한화오션,20220308,유정
KOSPI,00111704,한화오션,042660,[기재정정]매출액또는손익구조30%(대규모법인은15%)이상변경,20220308801750,한화오션,20220308,유
KOSPI,00171265,파라다이스,034230,주주총회집중일개최사유신고,20220308900748,파라다이스,20220308,코
KOSPI,00171265,파라다이스,034230,주주총회소집결의,20220308900792,파라다이스,20220308,코
KOSPI,00103176,흥국화재,000540,임원ㆍ주요주주특정증권등소유상황보고서,20220308000994,허금윤,20220310,
KOSPI,00103176,흥국화재,000540,임원ㆍ주요주주특정증권등소유상황보고서,20220308000995,주기영,20220310,
KOSPI,01060744,한솔제지,213500,투자설명서,20220310000002,한솔제지,20220310,
KOSPI,00191588,삼원강재,023000,사업보고서 (2021.12),20220310000009,삼원강재,20220310,
KOSPI,00104786,미래아이앤지,007120,주주총회소집공고,20220310000010,미래아이앤지,20220310,
KOSPI,00181712,SK,034730,[기재정정]주주총회소집공고,20220310000015,SK,20220310,
KOSPI,00103006,고려제강,002240,주주총회소집공고,20220310000016,고려제강,20220310,정
KOSPI,00153524,태림포장,011280,주주총회소집공고,20220310000024,태림포장,20220310,
KOSPI,00164724,현대엘리베이터,017800,주식등의대량보유상황보고서(약식),20220310000026,OrbisInvestmentManagementLimited,20220310,
KOSPI,00679314,동성케미컬,102260,임원ㆍ주요주주특정증권등소유상황보고서,20220310000028,백진우,20220310,
KOSPI,00111421,휴니드테크놀러지스,005870,의결권대리행사권유참고서류,20220310000033,휴니드테크놀러지스,20220310,정
KOSPI,00147222,전방,000950,주주총회소집공고,20220310000038,전방,20220310,
KOSPI,00181712,SK,034730,[기재정정]의결권대리행사권유참고서류,20220310000042,SK,20220310,
KOSPI,00124027,부산산업,011390,주주총회소집공고,20220310000051,부산산업,20220310,
KOSPI,00160418,한국무브넥스,010100,주주총회소집공고,20220310000060,한국무브넥스,20220310,정
KOSPI,00136624,신영와코루,005800,주주총회소집공고,20220310000069,신영와코루,20220310,
KOSPI,00106368,금호석유화학,011780,의결권대리행사권유참고서류,20220310000074,박철완,20220310,정
KOSPI,00153524,태림포장,011280,의결권대리행사권유참고서류,20220310000077,태림포장,20220310,
KOSPI,00557933,진도,088790,주주총회소집공고,20220310000085,진도,20220310,정
KOSPI,00108977,대구백화점,006370,주주총회소집공고,20220310000092,대구백화점,20220310,
KOSPI,00113614,대현,016090,주주총회소집공고,20220310000094,대현,20220310,
KOSPI,00108977,대구백화점,006370,의결권대리행사권유참고서류,20220310000097,대구백화점,20220310,
KOSPI,00447609,비에이치,090460,주주총회소집공고,20220310000106,비에이치,20220310,
KOSPI,00138516,아남전자,008700,주주총회소집공고,20220310000107,아남전자,20220310,
KOSPI,00447609,비에이치,090460,의결권대리행사권유참고서류,20220310000110,비에이치,20220310,정
KOSPI,00113225,대한제강,084010,주주총회소집공고,20220310000120,대한제강,20220310,
KOSPI,00120526,롯데쇼핑,023530,[기재정정]의결권대리행사권유참고서류,20220310000124,롯데쇼핑,20220310,
KOSPI,00104856,삼성증권,016360,증권발행실적보고서,20220310000132,삼성증권,20220310,
KOSPI,00125530,삼립,005610,주주총회소집공고,20220310000135,삼립,20220310,
KOSPI,00104856,삼성증권,016360,증권발행실적보고서,20220310000139,삼성증권,20220310,
KOSPI,00120182,NH투자증권,005940,증권발행실적보고서,20220310000146,NH투자증권,20220310,정
KOSPI,00136721,신영증권,001720,일괄신고추가서류(파생결합증권-주가연계증권),20220310000148,신영증권,20220310,
KOSPI,00120182,NH투자증권,005940,증권발행실적보고서,20220310000151,NH투자증권,20220310,
KOSPI,00120182,NH투자증권,005940,증권발행실적보고서,20220310000155,NH투자증권,20220310,정
KOSPI,00113359,교보증권,030610,증권발행실적보고서,20220310000169,교보증권,20220310,
KOSPI,00128412,삼진제약,005500,주주총회소집공고,20220310000175,삼진제약,20220310,
KOSPI,00154055,태원물산,001420,주주총회소집공고,20220310000177,태원물산,20220310,
KOSPI,00244455,케이티앤지,033780,주주총회소집공고,20220310000179,케이티앤지,20220310,
KOSPI,00508274,일진다이아,081000,주주총회소집공고,20220310000182,일진다이아,20220310,
KOSPI,00508274,일진다이아,081000,의결권대리행사권유참고서류,20220310000183,일진다이아,20220310,
KOSPI,00128032,삼일제약,000520,주주총회소집공고,20220310000184,삼일제약,20220310,
KOSPI,00128032,삼일제약,000520,의결권대리행사권유참고서류,20220310000189,삼일제약,20220310,
KOSPI,00244455,케이티앤지,033780,의결권대리행사권유참고서류,20220310000190,케이티앤지,20220310,
KOSPI,00111847,대원강업,000430,주주총회소집공고,20220310000197,대원강업,20220310,
KOSPI,00146232,일성건설,013360,주주총회소집공고,20220310000201,일성건설,20220310,
KOSPI,00146232,일성건설,013360,의결권대리행사권유참고서류,20220310000206,일성건설,20220310,
KOSPI,00112679,대창단조,015230,주주총회소집공고,20220310000207,대창단조,20220310,
KOSPI,00136721,신영증권,001720,투자설명서(일괄신고),20220310000208,신영증권,20220310,
KOSPI,00126201,삼성공조,006660,주주총회소집공고,20220310000209,삼성공조,20220310,
KOSPI,00972503,일진하이솔루스,271940,주주총회소집공고,20220310000212,일진하이솔루스,20220310,
KOSPI,01258507,롯데웰푸드,280360,[기재정정]주주총회소집공고,20220310000213,롯데웰푸드,20220310,
KOSPI,01258507,롯데웰푸드,280360,[기재정정]의결권대리행사권유참고서류,20220310000214,롯데웰푸드,20220310,
KOSPI,00133618,우양피앤엘,002420,사업보고서 (2021.12),20220310000216,우양피앤엘,20220310,
KOSPI,00160861,한농화성,011500,주주총회소집공고,20220310000217,한농화성,20220310,
KOSPI,00144395,동서,026960,주주총회소집공고,20220310000226,동서,20220310,
KOSPI,00138260,SIMPAC,009160,주식등의대량보유상황보고서(약식),20220310000227,피델리티매니지먼트앤리서치컴퍼니엘엘씨,20220310,
KOSPI,00120182,NH투자증권,005940,증권발행실적보고서,20220310000230,NH투자증권,20220310,
KOSPI,00164973,현대해상,001450,주식등의대량보유상황보고서(약식),20220310000232,피델리티매니지먼트앤리서치컴퍼니엘엘씨,20220310,
KOSPI,00633835,HJ중공업,097230,주주총회소집공고,20220310000236,HJ중공업,20220310,
KOSPI,00633835,HJ중공업,097230,의결권대리행사권유참고서류,20220310000240,HJ중공업,20220310,
KOSPI,00113234,대한제당,001790,주주총회소집공고,20220310000241,대한제당,20220310,
KOSPI,00101664,경보제약,214390,[기재정정]주주총회소집공고,20220310000242,경보제약,20220310,
KOSPI,00141529,오뚜기,007310,주주총회소집공고,20220310000246,오뚜기,20220310,
KOSPI,00157070,한국단자공업,025540,주주총회소집공고,20220310000252,한국단자공업,20220310,
KOSPI,00137997,현대차증권,001500,증권발행실적보고서,20220310000256,현대차증권,20220310,
KOSPI,00121969,에쓰씨엔지니어링,023960,주식등의대량보유상황보고서(일반),20220310000261,우앤컴퍼니,20220310,
KOSPI,00115384,동방아그로,007590,주주총회소집공고,20220310000264,동방아그로,20220310,
KOSPI,00121969,에쓰씨엔지니어링,023960,임원ㆍ주요주주특정증권등소유상황보고서,20220310000266,김건우,20220310,
KOSPI,00163673,한진중공업홀딩스,003480,주주총회소집공고,20220310000269,한진중공업홀딩스,20220310,
KOSPI,00149345,조흥,002600,사업보고서 (2021.12),20220310000270,조흥,20220310,
KOSPI,00159573,한국주철관공업,000970,주주총회소집공고,20220310000279,한국주철관공업,20220310,
KOSPI,00108913,대교,019680,주주총회소집공고,20220310000281,대교,20220310,
KOSPI,00120182,NH투자증권,005940,[기재정정]증권발행실적보고서,20220310000282,NH투자증권,20220310,
KOSPI,00120182,NH투자증권,005940,[기재정정]증권발행실적보고서,20220310000285,NH투자증권,20220310,
KOSPI,00109161,태경케미컬,006890,사업보고서 (2021.12),20220310000286,태경케미컬,20220310,정연
KOSPI,00151128,모토닉,009680,사업보고서 (2021.12),20220310000288,모토닉,20220310,연
KOSPI,00126308,삼성E&A,028050,임원ㆍ주요주주특정증권등소유상황보고서,20220310000291,서문태,20220310,
KOSPI,00156859,다올투자증권,030210,[기재정정]의결권대리행사권유참고서류,20220310000297,다올투자증권,20220310,
KOSPI,00109161,태경케미컬,006890,[기재정정]주주총회소집공고,20220310000302,태경케미컬,20220310,
KOSPI,00163716,한창,005110,주주총회소집공고,20220310000304,한창,20220310,정
KOSPI,00109161,태경케미컬,006890,[기재정정]의결권대리행사권유참고서류,20220310000308,태경케미컬,20220310,
KOSPI,00414601,유니퀘스트,077500,주주총회소집공고,20220310000309,유니퀘스트,20220310,
KOSPI,00145686,이화산업,000760,주주총회소집공고,20220310000314,이화산업,20220310,
KOSPI,00102751,고려산업,002140,주주총회소집공고,20220310000320,고려산업,20220310,
KOSPI,00103042,케이씨티시,009070,주주총회소집공고,20220310000322,케이씨티시,20220310,정
KOSPI,00113359,교보증권,030610,증권발행실적보고서,20220310000333,교보증권,20220310,
KOSPI,00113359,교보증권,030610,증권발행실적보고서,20220310000335,교보증권,20220310,
KOSPI,00121288,모나미,005360,의결권대리행사권유참고서류,20220310000339,모나미,20220310,
KOSPI,00150244,하이트진로,000080,주주총회소집공고,20220310000340,하이트진로,20220310,
KOSPI,00136721,신영증권,001720,일괄신고추가서류(파생결합증권-주가연계증권),20220310000343,신영증권,20220310,
KOSPI,00687711,한국철강,104700,주주총회소집공고,20220310000344,한국철강,20220310,정
KOSPI,00106881,인디에프,014990,주주총회소집공고,20220310000347,인디에프,20220310,
KOSPI,00106881,인디에프,014990,의결권대리행사권유참고서류,20220310000349,인디에프,20220310,
KOSPI,00150244,하이트진로,000080,의결권대리행사권유참고서류,20220310000350,하이트진로,20220310,
KOSPI,00113359,교보증권,030610,증권발행실적보고서,20220310000351,교보증권,20220310,
KOSPI,00131850,SK증권,001510,일괄신고추가서류(파생결합사채-주가연계파생결합사채),20220310000354,SK증권,20220310,
KOSPI,00113359,교보증권,030610,증권발행실적보고서,20220310000357,교보증권,20220310,
KOSPI,00113359,교보증권,030610,증권발행실적보고서,20220310000362,교보증권,20220310,
KOSPI,00142865,WISCOM,024070,주주총회소집공고,20220310000367,WISCOM,20220310,
KOSPI,00130772,SBS,034120,주주총회소집공고,20220310000368,SBS,20220310,
KOSPI,00113359,교보증권,030610,증권발행실적보고서,20220310000374,교보증권,20220310,
KOSPI,00173944,우진,105840,사업보고서 (2021.12),20220310000376,우진,20220310,연
KOSPI,00260392,대원전선,006340,주주총회소집공고,20220310000377,대원전선,20220310,
KOSPI,00687711,한국철강,104700,의결권대리행사권유참고서류,20220310000379,한국철강,20220310,
KOSPI,00683469,일진전기,103590,주주총회소집공고,20220310000384,일진전기,20220310,
KOSPI,00365989,모나용평,070960,주주총회소집공고,20220310000386,모나용평,20220310,
KOSPI,00146214,일성아이에스,003120,주주총회소집공고,20220310000391,일성아이에스,20220310,
KOSPI,00174527,HS화성,002460,주식등의대량보유상황보고서(일반),20220310000394,동진건설,20220310,
KOSPI,00683469,일진전기,103590,의결권대리행사권유참고서류,20220310000396,일진전기,20220310,
KOSPI,00126779,삼아알미늄,006110,주주총회소집공고,20220310000402,삼아알미늄,20220310,
KOSPI,00158149,한국쉘석유,002960,주주총회소집공고,20220310000404,한국쉘석유,20220310,
KOSPI,00145862,인천도시가스,034590,사업보고서 (2021.12),20220310000410,인천도시가스,20220310,연
KOSPI,00131850,SK증권,001510,투자설명서(일괄신고),20220310000412,SK증권,20220310,
KOSPI,00118275,디아이,003160,주주총회소집공고,20220310000413,디아이,20220310,
KOSPI,00148993,하이트진로홀딩스,000140,주주총회소집공고,20220310000414,하이트진로홀딩스,20220310,
KOSPI,01234297,미원에스씨,268280,주주총회소집공고,20220310000423,미원에스씨,20220310,
KOSPI,00118345,디아이동일,001530,주주총회소집공고,20220310000428,디아이동일,20220310,
KOSPI,00130772,SBS,034120,의결권대리행사권유참고서류,20220310000430,SBS,20220310,
KOSPI,00159740,KISCO홀딩스,001940,주주총회소집공고,20220310000432,KISCO홀딩스,20220310,정
KOSPI,00118044,동원수산,030720,주주총회소집공고,20220310000438,동원수산,20220310,
KOSPI,00159740,KISCO홀딩스,001940,의결권대리행사권유참고서류,20220310000439,KISCO홀딩스,20220310,
KOSPI,00163673,한진중공업홀딩스,003480,의결권대리행사권유참고서류,20220310000444,한진중공업홀딩스,20220310,정
KOSPI,00878915,iM금융지주,139130,주주총회소집공고,20220310000445,iM금융지주,20220310,정
KOSPI,00111722,미래에셋증권,006800,일괄신고추가서류(파생결합증권-주식워런트증권),20220310000452,미래에셋증권,20220310,
KOSPI,00972503,일진하이솔루스,271940,의결권대리행사권유참고서류,20220310000453,일진하이솔루스,20220310,
KOSPI,00163716,한창,005110,의결권대리행사권유참고서류,20220310000455,한창,20220310,정
KOSPI,00628189,웅진씽크빅,095720,주주총회소집공고,20220310000459,웅진씽크빅,20220310,
KOSPI,00165343,혜인,003010,주주총회소집공고,20220310000463,혜인,20220310,
KOSPI,00117601,유안타증권,003470,증권발행실적보고서,20220310000466,유안타증권,20220310,
KOSPI,00166573,환인제약,016580,사업보고서 (2021.12),20220310000467,환인제약,20220310,연
KOSPI,00136721,신영증권,001720,투자설명서(일괄신고),20220310000477,신영증권,20220310,
KOSPI,00165343,혜인,003010,의결권대리행사권유참고서류,20220310000482,혜인,20220310,
KOSPI,00117601,유안타증권,003470,증권발행실적보고서,20220310000486,유안타증권,20220310,
KOSPI,00628189,웅진씽크빅,095720,의결권대리행사권유참고서류,20220310000487,웅진씽크빅,20220310,
KOSPI,00111722,미래에셋증권,006800,투자설명서(일괄신고),20220310000490,미래에셋증권,20220310,
KOSPI,00171265,파라다이스,034230,주주총회소집공고,20220310000499,파라다이스,20220310,
KOSPI,00878915,iM금융지주,139130,의결권대리행사권유참고서류,20220310000500,iM금융지주,20220310,정
KOSPI,00129280,삼화전자공업,011230,주주총회소집공고,20220310000505,삼화전자공업,20220310,
KOSPI,00111999,대원제약,003220,주주총회소집공고,20220310000510,대원제약,20220310,
KOSPI,00162586,한올바이오파마,009420,주식매수선택권부여에관한신고,20220310000511,한올바이오파마,20220310,
KOSPI,00896285,삼양사,145990,주주총회소집공고,20220310000519,삼양사,20220310,
KOSPI,00129350,삼화콘덴서공업,001820,주주총회소집공고,20220310000521,삼화콘덴서공업,20220310,
KOSPI,00122898,벽산,007210,의결권대리행사권유참고서류,20220310000523,벽산,20220310,
KOSPI,00171265,파라다이스,034230,의결권대리행사권유참고서류,20220310000528,파라다이스,20220310,
KOSPI,00119007,무림P&P,009580,[첨부정정]의결권대리행사권유참고서류,20220310000530,무림P&P,20220310,
KOSPI,00416654,유엔젤,072130,주주총회소집공고,20220310000531,유엔젤,20220310,
KOSPI,00129350,삼화콘덴서공업,001820,의결권대리행사권유참고서류,20220310000533,삼화콘덴서공업,20220310,
KOSPI,00162586,한올바이오파마,009420,주요사항보고서(자기주식취득결정),20220310000535,한올바이오파마,20220310,
KOSPI,00416654,유엔젤,072130,의결권대리행사권유참고서류,20220310000538,유엔젤,20220310,
KOSPI,00135917,한화손해보험,000370,사업보고서 (2021.12),20220310000539,한화손해보험,20220310,연
KOSPI,00115694,DB증권,016610,[기재정정]주주총회소집공고,20220310000541,DB증권,20220310,
KOSPI,00115694,DB증권,016610,[첨부정정]의결권대리행사권유참고서류,20220310000548,DB증권,20220310,
KOSPI,00104856,삼성증권,016360,증권발행실적보고서,20220310000550,삼성증권,20220310,
KOSPI,00896285,삼양사,145990,의결권대리행사권유참고서류,20220310000552,삼양사,20220310,
KOSPI,00165583,E1,017940,주주총회소집공고,20220310000557,E1,20220310,
KOSPI,00104856,삼성증권,016360,증권발행실적보고서,20220310000560,삼성증권,20220310,
KOSPI,00161116,HL D&I,014790,주주총회소집공고,20220310000561,HL D&I,20220310,
KOSPI,00160232,KSS해운,044450,주주총회소집공고,20220310000565,KSS해운,20220310,
KOSPI,00165583,E1,017940,의결권대리행사권유참고서류,20220310000576,E1,20220310,
KOSPI,00158149,한국쉘석유,002960,의결권대리행사권유참고서류,20220310000580,한국쉘석유,20220310,정
KOSPI,00126487,F&F 홀딩스,007700,주주총회소집공고,20220310000581,F&F 홀딩스,20220310,
KOSPI,00120182,NH투자증권,005940,일괄신고추가서류(파생결합증권-상장지수증권),20220310000589,NH투자증권,20220310,
KOSPI,00432102,한국금융지주,071050,특수관계인에대한자금대여,20220310000594,한국금융지주,20220310,공
KOSPI,00129271,삼화전기,009470,주주총회소집공고,20220310000595,삼화전기,20220310,
KOSPI,00828789,대성산업,128820,주주총회소집공고,20220310000596,대성산업,20220310,
KOSPI,00365989,모나용평,070960,의결권대리행사권유참고서류,20220310000600,모나용평,20220310,
KOSPI,00432102,한국금융지주,071050,특수관계인에대한자금대여,20220310000602,한국금융지주,20220310,공
KOSPI,00126955,삼양식품,003230,[기재정정]의결권대리행사권유참고서류,20220310000605,삼양식품,20220310,
KOSPI,00129271,삼화전기,009470,의결권대리행사권유참고서류,20220310000606,삼화전기,20220310,
KOSPI,00123143,보령,003850,주주총회소집공고,20220310000614,보령,20220310,
KOSPI,00114552,도화엔지니어링,002150,사업보고서 (2021.12),20220310000616,도화엔지니어링,20220310,연
KOSPI,00122551,백산,035150,주주총회소집공고,20220310000625,백산,20220310,
KOSPI,00165680,호텔신라,008770,[기재정정]사업보고서 (2021.12),20220310000632,호텔신라,20220310,연
KOSPI,00120182,NH투자증권,005940,투자설명서(일괄신고),20220310000634,NH투자증권,20220310,
KOSPI,00116268,동성제약,002210,주주총회소집공고,20220310000637,동성제약,20220310,
KOSPI,00120182,NH투자증권,005940,증권발행실적보고서,20220310000640,NH투자증권,20220310,
KOSPI,00858364,BNK금융지주,138930,주주총회소집공고,20220310000644,BNK금융지주,20220310,
KOSPI,00269241,주연테크,044380,주주총회소집공고,20220310000645,주연테크,20220310,
KOSPI,00432102,한국금융지주,071050,주주총회소집공고,20220310000648,한국금융지주,20220310,
KOSPI,00146454,일양약품,007570,주주총회소집공고,20220310000662,일양약품,20220310,
KOSPI,00671376,트리니티항공,091810,[기재정정]증권신고서(지분증권),20220310000670,트리니티항공,20220310,정
KOSPI,00432102,한국금융지주,071050,의결권대리행사권유참고서류,20220310000677,한국금융지주,20220310,
KOSPI,01168383,일동제약,249420,주주총회소집공고,20220310000679,일동제약,20220310,
KOSPI,00111722,미래에셋증권,006800,일괄신고추가서류(파생결합증권-주식워런트증권),20220310000682,미래에셋증권,20220310,
KOSPI,00116268,동성제약,002210,의결권대리행사권유참고서류,20220310000687,동성제약,20220310,정
KOSPI,00124151,부산주공,005030,주주총회소집공고,20220310000700,부산주공,20220310,정
KOSPI,01363818,롯데리츠,330590,사업보고서 (2021.12),20220310000702,롯데리츠,20220310,
KOSPI,00159102,DB손해보험,005830,주주총회소집공고,20220310000705,DB손해보험,20220310,
KOSPI,00149026,CS홀딩스,000590,주주총회소집공고,20220310000707,CS홀딩스,20220310,
KOSPI,01497869,티와이홀딩스,363280,주주총회소집공고,20220310000710,티와이홀딩스,20220310,
KOSPI,00111722,미래에셋증권,006800,투자설명서(일괄신고),20220310000713,미래에셋증권,20220310,
KOSPI,00109286,대동,000490,주주총회소집공고,20220310000715,대동,20220310,
KOSPI,00787376,대성에너지,117580,주주총회소집공고,20220310000717,대성에너지,20220310,정
KOSPI,00261443,NC,036570,주식등의대량보유상황보고서(약식),20220310000718,PublicInvestmentFund,20220310,
KOSPI,00140168,HS애드,035000,주주총회소집공고,20220310000719,HS애드,20220310,정
KOSPI,00146083,일동홀딩스,000230,주주총회소집공고,20220310000720,일동홀딩스,20220310,
KOSPI,00124151,부산주공,005030,의결권대리행사권유참고서류,20220310000722,부산주공,20220310,정
KOSPI,00106641,기아,000270,임원ㆍ주요주주특정증권등소유상황보고서,20220310000729,송호성,20220310,
KOSPI,00132804,성신양회,004980,의결권대리행사권유참고서류,20220310000730,성신양회,20220310,정
KOSPI,00112022,대원화성,024890,주주총회소집공고,20220310000733,대원화성,20220310,정
KOSPI,00113410,CJ대한통운,000120,주주총회소집공고,20220310000734,CJ대한통운,20220310,
KOSPI,00161709,퍼시스,016800,주주총회소집공고,20220310000736,퍼시스,20220310,
KOSPI,00149239,조일알미늄,018470,주주총회소집공고,20220310000738,조일알미늄,20220310,
KOSPI,00858364,BNK금융지주,138930,의결권대리행사권유참고서류,20220310000740,BNK금융지주,20220310,
KOSPI,00787376,대성에너지,117580,의결권대리행사권유참고서류,20220310000746,대성에너지,20220310,정
KOSPI,00111722,미래에셋증권,006800,증권발행실적보고서,20220310000747,미래에셋증권,20220310,
KOSPI,00113410,CJ대한통운,000120,의결권대리행사권유참고서류,20220310000748,CJ대한통운,20220310,
KOSPI,00136721,신영증권,001720,일괄신고추가서류(파생결합증권-주가연계증권),20220310000750,신영증권,20220310,
KOSPI,00111722,미래에셋증권,006800,증권발행실적보고서,20220310000758,미래에셋증권,20220310,
KOSPI,00390055,종근당바이오,063160,주주총회소집공고,20220310000759,종근당바이오,20220310,
KOSPI,00111722,미래에셋증권,006800,일괄신고추가서류(파생결합증권-주식워런트증권),20220310000760,미래에셋증권,20220310,
KOSPI,00114792,동국홀딩스,001230,주주총회소집공고,20220310000762,동국홀딩스,20220310,
KOSPI,00992871,종근당,185750,주주총회소집공고,20220310000763,종근당,20220310,
KOSPI,00111722,미래에셋증권,006800,증권발행실적보고서,20220310000765,미래에셋증권,20220310,
KOSPI,00159102,DB손해보험,005830,의결권대리행사권유참고서류,20220310000769,DB손해보험,20220310,
KOSPI,00136721,신영증권,001720,투자설명서(일괄신고),20220310000771,신영증권,20220310,
KOSPI,00138792,아시아나항공,020560,특수관계인에대한자금대여,20220310000775,아시아나항공,20220310,공
KOSPI,00296290,키움증권,039490,일괄신고추가서류(파생결합사채-주가연계파생결합사채),20220310000779,키움증권,20220310,
KOSPI,00539274,대상홀딩스,084690,주주총회소집공고,20220310000783,대상홀딩스,20220310,정
KOSPI,00104856,삼성증권,016360,사업보고서 (2021.12),20220310000784,삼성증권,20220310,연
KOSPI,00296290,키움증권,039490,일괄신고추가서류(파생결합증권-주가연계증권),20220310000787,키움증권,20220310,
KOSPI,00149655,삼성물산,028260,사업보고서 (2021.12),20220310000790,삼성물산,20220310,정연
KOSPI,01060744,한솔제지,213500,증권발행실적보고서,20220310000798,한솔제지,20220310,
KOSPI,00361488,텔코웨어,078000,사업보고서 (2021.12),20220310000802,텔코웨어,20220310,연
KOSPI,00111722,미래에셋증권,006800,일괄신고추가서류(파생결합증권-주식워런트증권),20220310000807,미래에셋증권,20220310,
KOSPI,00219097,BGF,027410,주주총회소집공고,20220310000810,BGF,20220310,
KOSPI,01133217,카카오뱅크,323410,주식매수선택권부여에관한신고,20220310000815,카카오뱅크,20220310,정
KOSPI,00149354,종근당홀딩스,001630,주주총회소집공고,20220310000819,종근당홀딩스,20220310,
KOSPI,00140168,HS애드,035000,의결권대리행사권유참고서류,20220310000820,HS애드,20220310,
KOSPI,00109189,대덕,008060,주주총회소집공고,20220310000821,대덕,20220310,
KOSPI,00111722,미래에셋증권,006800,투자설명서(일괄신고),20220310000822,미래에셋증권,20220310,
KOSPI,00415646,드림텍,192650,주주총회소집공고,20220310000829,드림텍,20220310,
KOSPI,00191472,KPX케미칼,025000,주주총회소집공고,20220310000830,KPX케미칼,20220310,
KOSPI,00534598,한컴라이프케어,372910,사업보고서 (2021.12),20220310000833,한컴라이프케어,20220310,정연
KOSPI,00104856,삼성증권,016360,[기재정정]일괄신고서(파생결합증권-주가연계증권),20220310000837,삼성증권,20220310,정
KOSPI,00104856,삼성증권,016360,[기재정정]일괄신고서(기타파생결합사채),20220310000840,삼성증권,20220310,정
KOSPI,00415646,드림텍,192650,신탁계약에의한취득상황보고서,20220310000842,드림텍,20220310,
KOSPI,00105606,금호에이치티,214330,주주총회소집공고,20220310000846,금호에이치티,20220310,
KOSPI,00146296,일신석재,007110,주주총회소집공고,20220310000849,일신석재,20220310,
KOSPI,00129509,한익스프레스,014130,주주총회소집공고,20220310000851,한익스프레스,20220310,
KOSPI,00219097,BGF,027410,의결권대리행사권유참고서류,20220310000855,BGF,20220310,
KOSPI,00146454,일양약품,007570,주요사항보고서(자기주식취득신탁계약체결결정),20220310000857,일양약품,20220310,
KOSPI,00104856,삼성증권,016360,[기재정정]일괄신고서(기타파생결합증권),20220310000861,삼성증권,20220310,정
KOSPI,00104856,삼성증권,016360,[기재정정]일괄신고서(파생결합사채-주가연계파생결합사채),20220310000863,삼성증권,20220310,정
KOSPI,00121941,대상,001680,주주총회소집공고,20220310000866,대상,20220310,
KOSPI,00111722,미래에셋증권,006800,일괄신고추가서류(파생결합증권-주식워런트증권),20220310000875,미래에셋증권,20220310,
KOSPI,00111722,미래에셋증권,006800,투자설명서(일괄신고),20220310000876,미래에셋증권,20220310,
KOSPI,00104856,삼성증권,016360,[기재정정]일괄신고서(파생결합증권-상장지수증권),20220310000878,삼성증권,20220310,
KOSPI,00114792,동국홀딩스,001230,의결권대리행사권유참고서류,20220310000881,동국홀딩스,20220310,
KOSPI,00166227,화승인더스트리,006060,주주총회소집공고,20220310000882,화승인더스트리,20220310,
KOSPI,00105606,금호에이치티,214330,의결권대리행사권유참고서류,20220310000887,금호에이치티,20220310,
KOSPI,00112970,대한방직,001070,주주총회소집공고,20220310000891,대한방직,20220310,
KOSPI,00852087,시디즈,134790,주주총회소집공고,20220310000894,시디즈,20220310,
KOSPI,00111722,미래에셋증권,006800,투자설명서(일괄신고),20220310000895,미래에셋증권,20220310,
KOSPI,00296290,키움증권,039490,투자설명서(일괄신고),20220310000897,키움증권,20220310,
KOSPI,00137997,현대차증권,001500,사업보고서 (2021.12),20220310000899,현대차증권,20220310,연
KOSPI,00113243,대한제분,001130,주주총회소집공고,20220310000903,대한제분,20220310,
KOSPI,00161116,HL D&I,014790,의결권대리행사권유참고서류,20220310000908,HL D&I,20220310,
KOSPI,00122579,BYC,001460,주주총회소집공고,20220310000910,BYC,20220310,
KOSPI,00105299,금강공업,014280,주주총회소집공고,20220310000914,금강공업,20220310,
KOSPI,00296290,키움증권,039490,투자설명서(일괄신고),20220310000919,키움증권,20220310,
KOSPI,00109754,대림바스,005750,주주총회소집공고,20220310000925,대림바스,20220310,정
KOSPI,00137997,현대차증권,001500,[기재정정]일괄신고서(파생결합증권-주가연계증권),20220310000929,현대차증권,20220310,정
KOSPI,00547583,하나금융지주,086790,임원ㆍ주요주주특정증권등소유상황보고서,20220310000932,정의석,20220310,
KOSPI,00670340,씨에스윈드,112610,독립이사의선임ㆍ해임또는중도퇴임에관한신고,20220310000933,씨에스윈드,20220310,
KOSPI,00137997,현대차증권,001500,[기재정정]일괄신고서(파생결합사채-주가연계파생결합사채),20220310000936,현대차증권,20220310,정
KOSPI,01430475,코람코라이프인프라리츠,357120,[기재정정]증권신고서(집합투자증권-회사형)(주식회사코람코에너지플러스위탁관리부동산투자회사),20220310000937,코람코라이프인프라리츠,20220310,정
KOSPI,00148939,조광피혁,004700,주주총회소집공고,20220310000939,조광피혁,20220310,정
KOSPI,00142661,우성,006980,의결권대리행사권유참고서류,20220310000944,우성,20220310,
KOSPI,00137997,현대차증권,001500,[기재정정]일괄신고서(기타파생결합사채),20220310000947,현대차증권,20220310,정
KOSPI,01428203,케이씨씨글라스,344820,주주총회소집공고,20220310000949,케이씨씨글라스,20220310,
KOSPI,00137997,현대차증권,001500,[기재정정]일괄신고서(기타파생결합증권),20220310000953,현대차증권,20220310,정
KOSPI,00142661,우성,006980,주주총회소집공고,20220310000955,우성,20220310,
KOSPI,01437186,ESR켄달스퀘어리츠,365550,주식등의대량보유상황보고서(약식),20220310000957,켄달스퀘어리츠운용,20220310,
KOSPI,01204056,하이브,352820,주식매수선택권부여에관한신고,20220310000959,하이브,20220310,정
KOSPI,00108038,엔피씨,004250,주주총회소집공고,20220310000961,엔피씨,20220310,정
KOSPI,00138792,아시아나항공,020560,주주총회소집공고,20220310000962,아시아나항공,20220310,정
KOSPI,00540605,이월드,084680,주주총회소집공고,20220310000967,이월드,20220310,
KOSPI,00111999,대원제약,003220,임원ㆍ주요주주특정증권등소유상황보고서,20220310000972,백승호,20220310,
KOSPI,00166227,화승인더스트리,006060,의결권대리행사권유참고서류,20220310000974,화승인더스트리,20220310,
KOSPI,00796994,조선선재,120030,주주총회소집공고,20220310000977,조선선재,20220310,
KOSPI,00145190,유화증권,003460,주주총회소집공고,20220310000978,유화증권,20220310,정
KOSPI,00143651,웅진,016880,주주총회소집공고,20220310000979,웅진,20220310,
KOSPI,01428203,케이씨씨글라스,344820,의결권대리행사권유참고서류,20220310000980,케이씨씨글라스,20220310,
KOSPI,00480367,SK오션플랜트,100090,임원ㆍ주요주주특정증권등소유상황보고서,20220310000981,송정석,20220310,
KOSPI,00547583,하나금융지주,086790,임원ㆍ주요주주특정증권등소유상황보고서,20220310000982,양재혁,20220310,
KOSPI,00111999,대원제약,003220,임원ㆍ주요주주특정증권등소유상황보고서,20220310000990,백승렬,20220310,
KOSPI,00269940,하나투어,039130,주주총회소집공고,20220310000992,하나투어,20220310,정
KOSPI,01128613,화승엔터프라이즈,241590,주주총회소집공고,20220310000994,화승엔터프라이즈,20220310,
KOSPI,00480367,SK오션플랜트,100090,임원ㆍ주요주주특정증권등소유상황보고서,20220310000995,송무석,20220310,
KOSPI,00349097,케이티스카이라이프,053210,주주총회소집공고,20220310000998,케이티스카이라이프,20220310,
KOSPI,00269940,하나투어,039130,의결권대리행사권유참고서류,20220310001000,하나투어,20220310,정
KOSPI,01437292,미래에셋맵스리츠,357250,임원ㆍ주요주주특정증권등소유상황보고서,20220310001002,미래에셋자산운용,20220310,
KOSPI,01128613,화승엔터프라이즈,241590,의결권대리행사권유참고서류,20220310001004,화승엔터프라이즈,20220310,
KOSPI,00138792,아시아나항공,020560,의결권대리행사권유참고서류,20220310001005,아시아나항공,20220310,정
KOSPI,00646732,진양홀딩스,100250,사업보고서 (2021.12),20220310001006,진양홀딩스,20220310,연
KOSPI,00111999,대원제약,003220,임원ㆍ주요주주특정증권등소유상황보고서,20220310001007,최태홍,20220310,
KOSPI,00115977,아이에스동서,010780,주주총회소집공고,20220310001008,아이에스동서,20220310,정
KOSPI,01568413,F&F,383220,주주총회소집공고,20220310001011,F&F,20220310,
KOSPI,00480367,SK오션플랜트,100090,주식등의대량보유상황보고서(일반),20220310001016,송무석,20220310,
KOSPI,00105271,케이씨씨,002380,[기재정정]증권신고서(채무증권),20220310001018,케이씨씨,20220310,
KOSPI,00500254,GS,078930,주주총회소집공고,20220310001019,GS,20220310,
KOSPI,00145190,유화증권,003460,의결권대리행사권유참고서류,20220310001020,유화증권,20220310,
KOSPI,00115287,동방,004140,주주총회소집공고,20220310001023,동방,20220310,정
KOSPI,00349097,케이티스카이라이프,053210,의결권대리행사권유참고서류,20220310001031,케이티스카이라이프,20220310,
KOSPI,00140131,키다리스튜디오,020120,주주총회소집공고,20220310001033,키다리스튜디오,20220310,
KOSPI,00125150,SGC에너지,005090,사업보고서 (2021.12),20220310001037,SGC에너지,20220310,정연
KOSPI,00113058,한화생명,088350,임원ㆍ주요주주특정증권등소유상황보고서,20220310001042,황원하,20220310,
KOSPI,00115287,동방,004140,의결권대리행사권유참고서류,20220310001043,동방,20220310,정
KOSPI,00112332,미래에셋생명,085620,주주총회소집공고,20220310001044,미래에셋생명,20220310,
KOSPI,00113191,코리안리,003690,주주총회소집공고,20220310001045,코리안리,20220310,
KOSPI,00164742,현대자동차,005380,특수관계인으로부터기타유가증권매수,20220310001046,현대자동차,20220310,공
KOSPI,00111999,대원제약,003220,임원ㆍ주요주주특정증권등소유상황보고서,20220310001047,윤병호,20220310,
KOSPI,00124540,대우건설,047040,주주총회소집공고,20220310001052,대우건설,20220310,
KOSPI,00124540,대우건설,047040,의결권대리행사권유참고서류,20220310001055,대우건설,20220310,
KOSPI,01108099,현대코퍼레이션홀딩스,227840,주주총회소집공고,20220310001056,현대코퍼레이션홀딩스,20220310,
KOSPI,00126478,삼성중공업,010140,사업보고서 (2021.12),20220310001057,삼성중공업,20220310,연
KOSPI,00120562,롯데지주,004990,주주총회소집공고,20220310001060,롯데지주,20220310,
KOSPI,00500254,GS,078930,의결권대리행사권유참고서류,20220310001064,GS,20220310,
KOSPI,00128555,삼천리,004690,주주총회소집공고,20220310001065,삼천리,20220310,
KOSPI,00112332,미래에셋생명,085620,의결권대리행사권유참고서류,20220310001070,미래에셋생명,20220310,
KOSPI,00118026,동원산업,006040,주주총회소집공고,20220310001071,동원산업,20220310,정
KOSPI,00136776,차AI헬스케어,025620,주주총회소집공고,20220310001072,차AI헬스케어,20220310,정
KOSPI,00124540,대우건설,047040,특수관계인에대한자금대여,20220310001075,대우건설,20220310,공
KOSPI,00120562,롯데지주,004990,의결권대리행사권유참고서류,20220310001076,롯데지주,20220310,
KOSPI,00128555,삼천리,004690,의결권대리행사권유참고서류,20220310001077,삼천리,20220310,
KOSPI,00136721,신영증권,001720,일괄신고추가서류(파생결합증권-주가연계증권),20220310001078,신영증권,20220310,
KOSPI,00113191,코리안리,003690,의결권대리행사권유참고서류,20220310001080,코리안리,20220310,
KOSPI,00136721,신영증권,001720,투자설명서(일괄신고),20220310001081,신영증권,20220310,
KOSPI,00111999,대원제약,003220,임원ㆍ주요주주특정증권등소유상황보고서,20220310001084,임한일,20220310,
KOSPI,00157681,롯데정밀화학,004000,사업보고서 (2021.12),20220310001085,롯데정밀화학,20220310,연
KOSPI,00146649,일진홀딩스,015860,주주총회소집공고,20220310001086,일진홀딩스,20220310,
KOSPI,00136776,차AI헬스케어,025620,의결권대리행사권유참고서류,20220310001087,차AI헬스케어,20220310,정
KOSPI,01263022,BGF리테일,282330,주주총회소집공고,20220310001091,BGF리테일,20220310,
KOSPI,00163196,한일철강,002220,사업보고서 (2021.12),20220310001096,한일철강,20220310,연
KOSPI,00111999,대원제약,003220,임원ㆍ주요주주특정증권등소유상황보고서,20220310001097,김주일,20220310,
KOSPI,00161383,한미반도체,042700,사업보고서 (2021.12),20220310001098,한미반도체,20220310,정연
KOSPI,01535150,SK리츠,395400,사업보고서 (2021.12),20220310001102,SK리츠,20220310,연
KOSPI,00143651,웅진,016880,의결권대리행사권유참고서류,20220310001103,웅진,20220310,
KOSPI,00111999,대원제약,003220,임원ㆍ주요주주특정증권등소유상황보고서,20220310001116,손세일,20220310,
KOSPI,01009789,코스맥스,192820,주주총회소집공고,20220310001117,코스맥스,20220310,
KOSPI,00123718,부광약품,003000,주주총회소집공고,20220310001119,부광약품,20220310,
KOSPI,01263022,BGF리테일,282330,의결권대리행사권유참고서류,20220310001122,BGF리테일,20220310,
KOSPI,01133217,카카오뱅크,323410,주주총회소집공고,20220310001124,카카오뱅크,20220310,
KOSPI,00939331,한국콜마,161890,주주총회소집공고,20220310001127,한국콜마,20220310,
KOSPI,00146649,일진홀딩스,015860,의결권대리행사권유참고서류,20220310001128,일진홀딩스,20220310,정
KOSPI,00163114,서연,007860,주주총회소집공고,20220310001132,서연,20220310,정
KOSPI,00106669,세아베스틸지주,001430,[발행조건확정]증권신고서(채무증권),20220310001134,세아베스틸지주,20220310,
KOSPI,00111999,대원제약,003220,임원ㆍ주요주주특정증권등소유상황보고서,20220310001136,이준혁,20220310,
KOSPI,01204056,하이브,352820,[기재정정]주식매수선택권부여에관한신고,20220310001138,하이브,20220310,정
KOSPI,00163114,서연,007860,의결권대리행사권유참고서류,20220310001140,서연,20220310,정
KOSPI,00116301,NI스틸,008260,사업보고서 (2021.12),20220310001141,NI스틸,20220310,
KOSPI,00140131,키다리스튜디오,020120,의결권대리행사권유참고서류,20220310001143,키다리스튜디오,20220310,정
KOSPI,01009789,코스맥스,192820,의결권대리행사권유참고서류,20220310001144,코스맥스,20220310,
KOSPI,01204056,하이브,352820,주주총회소집공고,20220310001145,하이브,20220310,
KOSPI,00111999,대원제약,003220,임원ㆍ주요주주특정증권등소유상황보고서,20220310001148,조태균,20220310,
KOSPI,01036446,서연이화,200880,주주총회소집공고,20220310001150,서연이화,20220310,정
KOSPI,01036446,서연이화,200880,의결권대리행사권유참고서류,20220310001152,서연이화,20220310,정
KOSPI,00161693,한샘,009240,[기재정정]의결권대리행사권유참고서류,20220310001156,"TetonCapitalPartners,L.P.",20220310,
KOSPI,00939331,한국콜마,161890,의결권대리행사권유참고서류,20220310001157,한국콜마,20220310,
KOSPI,00121932,미원상사,002840,임원ㆍ주요주주특정증권등소유상황보고서,20220310001158,미원상사우리사주,20220310,
KOSPI,00139214,삼성화재해상보험,000810,사업보고서 (2021.12),20220310001159,삼성화재해상보험,20220310,연
KOSPI,00231372,롯데관광개발,032350,주주총회소집공고,20220310001160,롯데관광개발,20220310,
KOSPI,01204056,하이브,352820,의결권대리행사권유참고서류,20220310001161,하이브,20220310,
KOSPI,00990165,아세아시멘트,183190,사업보고서 (2021.12),20220310001164,아세아시멘트,20220310,연
KOSPI,00219574,코스맥스비티아이,044820,주주총회소집공고,20220310001167,코스맥스비티아이,20220310,
KOSPI,00190321,케이티,030200,주주총회소집공고,20220310001168,케이티,20220310,정
KOSPI,00136721,신영증권,001720,일괄신고추가서류(파생결합증권-주가연계증권),20220310001169,신영증권,20220310,
KOSPI,00111999,대원제약,003220,임원ㆍ주요주주특정증권등소유상황보고서,20220310001170,원철희,20220310,
KOSPI,00190321,케이티,030200,의결권대리행사권유참고서류,20220310001173,케이티,20220310,
KOSPI,00145109,유한양행,000100,사업보고서 (2021.12),20220310001178,유한양행,20220310,연
KOSPI,00138701,아세아,002030,사업보고서 (2021.12),20220310001179,아세아,20220310,연
KOSPI,01262032,롯데이노베이트,286940,사업보고서 (2021.12),20220310001181,롯데이노베이트,20220310,정연
KOSPI,00121570,문배철강,008420,사업보고서 (2021.12),20220310001184,문배철강,20220310,
KOSPI,00136721,신영증권,001720,투자설명서(일괄신고),20220310001185,신영증권,20220310,
KOSPI,00111999,대원제약,003220,임원ㆍ주요주주특정증권등소유상황보고서,20220310001187,김유식,20220310,
KOSPI,00587466,KPX홀딩스,092230,주주총회소집공고,20220310001188,KPX홀딩스,20220310,정
KOSPI,00138729,아세아제지,002310,사업보고서 (2021.12),20220310001190,아세아제지,20220310,연
KOSPI,00127200,삼영전자공업,005680,사업보고서 (2021.12),20220310001191,삼영전자공업,20220310,연
KOSPI,00136721,신영증권,001720,일괄신고추가서류(파생결합증권-주가연계증권),20220310001192,신영증권,20220310,
KOSPI,00104388,국도화학,007690,사업보고서 (2021.12),20220310001195,국도화학,20220310,연
KOSPI,00111999,대원제약,003220,임원ㆍ주요주주특정증권등소유상황보고서,20220310001196,권영남,20220310,
KOSPI,00150244,하이트진로,000080,[발행조건확정]증권신고서(채무증권),20220310001197,하이트진로,20220310,정
KOSPI,00260383,대한유화,006650,사업보고서 (2021.12),20220310001198,대한유화,20220310,연
KOSPI,00219574,코스맥스비티아이,044820,의결권대리행사권유참고서류,20220310001200,코스맥스비티아이,20220310,
KOSPI,00136721,신영증권,001720,투자설명서(일괄신고),20220310001202,신영증권,20220310,
KOSPI,00117188,효성,004800,사업보고서 (2021.12),20220310001203,효성,20220310,연
KOSPI,00111999,대원제약,003220,임원ㆍ주요주주특정증권등소유상황보고서,20220310001204,한철,20220310,
KOSPI,00136721,신영증권,001720,일괄신고추가서류(파생결합증권-주가연계증권),20220310001205,신영증권,20220310,
KOSPI,00153393,태광산업,003240,주주총회소집공고,20220310001207,태광산업,20220310,정
KOSPI,00136721,신영증권,001720,투자설명서(일괄신고),20220310001208,신영증권,20220310,
KOSPI,00153861,태영건설,009410,사업보고서 (2021.12),20220310001209,태영건설,20220310,연
KOSPI,00111999,대원제약,003220,임원ㆍ주요주주특정증권등소유상황보고서,20220310001213,김형선,20220310,
KOSPI,00110893,대신증권,003540,사업보고서 (2021.12),20220310001215,대신증권,20220310,정연
KOSPI,00111999,대원제약,003220,임원ㆍ주요주주특정증권등소유상황보고서,20220310001219,길선희,20220310,
KOSPI,00855163,미원화학,134380,최대주주등소유주식변동신고서,20220310800134,미원화학,20220310,유
KOSPI,00103006,고려제강,002240,주주총회집중일개최사유신고,20220310800149,고려제강,20220310,유
KOSPI,00198697,일진디스플,020760,유상증자또는주식관련사채등의청약결과(자율공시),20220310800163,일진디스플,20220310,유
KOSPI,00153524,태림포장,011280,주주총회집중일개최사유신고,20220310800165,태림포장,20220310,유
KOSPI,00203315,콘텐트리중앙,036420,기업설명회(IR)개최(안내공시),20220310800169,콘텐트리중앙,20220310,유
KOSPI,00136624,신영와코루,005800,주식분할결정,20220310800196,신영와코루,20220310,유
KOSPI,00136624,신영와코루,005800,주주총회소집결의,20220310800197,신영와코루,20220310,유
KOSPI,00136624,신영와코루,005800,주주총회집중일개최사유신고,20220310800198,신영와코루,20220310,유
KOSPI,00124504,포스코인터내셔널,047050,최대주주등소유주식변동신고서,20220310800221,포스코인터내셔널,20220310,유
KOSPI,00113614,대현,016090,주주총회집중일개최사유신고,20220310800239,대현,20220310,유
KOSPI,00190321,케이티,030200,감사보고서제출,20220310800252,케이티,20220310,유
KOSPI,00540605,이월드,084680,[기재정정]매출액또는손익구조30%(대규모법인은15%)이상변경,20220310800264,이월드,20220310,유
KOSPI,00113225,대한제강,084010,주주총회집중일개최사유신고,20220310800290,대한제강,20220310,유
KOSPI,00540605,이월드,084680,주주총회소집결의,20220310800294,이월드,20220310,유
KOSPI,00972503,일진하이솔루스,271940,주주총회소집결의,20220310800303,일진하이솔루스,20220310,유
KOSPI,00540605,이월드,084680,주주총회집중일개최사유신고,20220310800307,이월드,20220310,유
KOSPI,00244455,케이티앤지,033780,주주총회소집결의,20220310800312,케이티앤지,20220310,유
KOSPI,00972503,일진하이솔루스,271940,주주총회집중일개최사유신고,20220310800314,일진하이솔루스,20220310,유
KOSPI,00101664,경보제약,214390,감사보고서제출,20220310800324,경보제약,20220310,유
KOSPI,00508274,일진다이아,081000,주주총회소집결의,20220310800326,일진다이아,20220310,유
KOSPI,00128412,삼진제약,005500,주주총회집중일개최사유신고,20220310800332,삼진제약,20220310,유
KOSPI,00149354,종근당홀딩스,001630,감사보고서제출(자회사의 주요경영사항),20220310800333,종근당홀딩스,20220310,유
KOSPI,00508274,일진다이아,081000,현금ㆍ현물배당결정,20220310800334,일진다이아,20220310,유
KOSPI,00508274,일진다이아,081000,주주총회집중일개최사유신고,20220310800337,일진다이아,20220310,유
KOSPI,00159023,SK텔레콤,017670,감사보고서제출,20220310800350,SK텔레콤,20220310,유
KOSPI,00128032,삼일제약,000520,주주총회집중일개최사유신고,20220310800353,삼일제약,20220310,유
KOSPI,00125530,삼립,005610,주주총회집중일개최사유신고,20220310800360,삼립,20220310,유
KOSPI,00181712,SK,034730,감사보고서제출(자회사의 주요경영사항),20220310800375,SK,20220310,유
KOSPI,00111847,대원강업,000430,주주총회집중일개최사유신고,20220310800384,대원강업,20220310,유
KOSPI,00111847,대원강업,000430,최대주주등소유주식변동신고서,20220310800389,대원강업,20220310,유
KOSPI,00146454,일양약품,007570,감사보고서제출,20220310800400,일양약품,20220310,유
KOSPI,00160418,한국무브넥스,010100,주주총회집중일개최사유신고,20220310800404,한국무브넥스,20220310,유
KOSPI,00160861,한농화성,011500,주주총회집중일개최사유신고,20220310800414,한농화성,20220310,유
KOSPI,00105299,금강공업,014280,주주총회소집결의,20220310800424,금강공업,20220310,유
KOSPI,01262032,롯데이노베이트,286940,최대주주등소유주식변동신고서,20220310800435,롯데이노베이트,20220310,유
KOSPI,00126201,삼성공조,006660,주주총회집중일개최사유신고,20220310800457,삼성공조,20220310,유
KOSPI,00633835,HJ중공업,097230,주주총회집중일개최사유신고,20220310800459,HJ중공업,20220310,유
KOSPI,00141529,오뚜기,007310,주주총회집중일개최사유신고,20220310800463,오뚜기,20220310,유
KOSPI,00149345,조흥,002600,감사보고서제출,20220310800468,조흥,20220310,유
KOSPI,00349097,케이티스카이라이프,053210,감사보고서제출,20220310800478,케이티스카이라이프,20220310,유
KOSPI,00157070,한국단자공업,025540,주주총회집중일개최사유신고,20220310800479,한국단자공업,20220310,유
KOSPI,00163716,한창,005110,주주총회소집결의,20220310800485,한창,20220310,유정
KOSPI,00159573,한국주철관공업,000970,주주총회집중일개최사유신고,20220310800492,한국주철관공업,20220310,유
KOSPI,00266961,NAVER,035420,기업설명회(IR)개최(안내공시),20220310800497,NAVER,20220310,유
KOSPI,00109161,태경케미컬,006890,감사보고서제출,20220310800505,태경케미컬,20220310,유
KOSPI,00115384,동방아그로,007590,주주총회집중일개최사유신고,20220310800507,동방아그로,20220310,유
KOSPI,00409672,티비에이치글로벌,084870,타법인주식및출자증권취득결정,20220310800520,티비에이치글로벌,20220310,유
KOSPI,00102751,고려산업,002140,주주총회소집결의,20220310800522,고려산업,20220310,유
KOSPI,00365989,모나용평,070960,주주총회소집결의,20220310800538,모나용평,20220310,유
KOSPI,00150244,하이트진로,000080,현금ㆍ현물배당결정,20220310800540,하이트진로,20220310,유
KOSPI,00148993,하이트진로홀딩스,000140,현금ㆍ현물배당결정(자회사의 주요경영사항),20220310800541,하이트진로홀딩스,20220310,유
KOSPI,00146214,일성아이에스,003120,[기재정정]주주총회소집결의,20220310800543,일성아이에스,20220310,유
KOSPI,00129387,SP삼화,000390,감사보고서제출,20220310800546,SP삼화,20220310,유
KOSPI,00896285,삼양사,145990,주주총회집중일개최사유신고,20220310800549,삼양사,20220310,유
KOSPI,00148993,하이트진로홀딩스,000140,현금ㆍ현물배당결정,20220310800562,하이트진로홀딩스,20220310,유
KOSPI,00150244,하이트진로,000080,[기재정정]매출액또는손익구조30%(대규모법인은15%)이상변경,20220310800565,하이트진로,20220310,유
KOSPI,00130772,SBS,034120,[기재정정]매출액또는손익구조30%(대규모법인은15%)이상변경,20220310800572,SBS,20220310,유
KOSPI,00150244,하이트진로,000080,주주총회소집결의,20220310800575,하이트진로,20220310,유
KOSPI,00409672,티비에이치글로벌,084870,[기재정정]타인에대한담보제공결정,20220310800576,티비에이치글로벌,20220310,유
KOSPI,00163716,한창,005110,주주총회집중일개최사유신고,20220310800583,한창,20220310,유
KOSPI,00109286,대동,000490,주주총회소집결의,20220310800586,대동,20220310,유
KOSPI,00148948,조비,001550,주주총회집중일개최사유신고,20220310800587,조비,20220310,유
KOSPI,00121288,모나미,005360,[기재정정]매출액또는손익구조30%(대규모법인은15%)이상변경,20220310800592,모나미,20220310,유
KOSPI,00148993,하이트진로홀딩스,000140,[기재정정]매출액또는손익구조30%(대규모법인은15%)이상변경(자회사의 주요경영사항),20220310800597,하이트진로홀딩스,20220310,유
KOSPI,00145686,이화산업,000760,주주총회집중일개최사유신고,20220310800599,이화산업,20220310,유
KOSPI,00102751,고려산업,002140,주주총회집중일개최사유신고,20220310800603,고려산업,20220310,유
KOSPI,01497869,티와이홀딩스,363280,[기재정정]매출액또는손익구조30%(대규모법인은15%)이상변경(자회사의 주요경영사항),20220310800620,티와이홀딩스,20220310,유
KOSPI,00142865,WISCOM,024070,주주총회소집결의,20220310800631,WISCOM,20220310,유
KOSPI,00142865,WISCOM,024070,주주총회집중일개최사유신고,20220310800640,WISCOM,20220310,유
KOSPI,00145862,인천도시가스,034590,감사보고서제출,20220310800643,인천도시가스,20220310,유
KOSPI,00828789,대성산업,128820,매출액또는손익구조30%(대규모법인은15%)이상변경,20220310800644,대성산업,20220310,유
KOSPI,00106881,인디에프,014990,주주총회집중일개최사유신고,20220310800645,인디에프,20220310,유
KOSPI,00414601,유니퀘스트,077500,주주총회집중일개최사유신고,20220310800648,유니퀘스트,20220310,유
KOSPI,00100939,강남제비스코,000860,현금ㆍ현물배당결정,20220310800651,강남제비스코,20220310,유
KOSPI,00150244,하이트진로,000080,주주총회집중일개최사유신고,20220310800652,하이트진로,20220310,유
KOSPI,00683469,일진전기,103590,주주총회소집결의,20220310800659,일진전기,20220310,유
KOSPI,00118275,디아이,003160,주주총회소집결의,20220310800669,디아이,20220310,유
KOSPI,00100939,강남제비스코,000860,주주총회소집결의,20220310800671,강남제비스코,20220310,유
KOSPI,00148993,하이트진로홀딩스,000140,[기재정정]매출액또는손익구조30%(대규모법인은15%)이상변경,20220310800674,하이트진로홀딩스,20220310,유
KOSPI,00683469,일진전기,103590,현금ㆍ현물배당결정,20220310800679,일진전기,20220310,유
KOSPI,00146649,일진홀딩스,015860,현금ㆍ현물배당결정(자회사의 주요경영사항),20220310800680,일진홀딩스,20220310,유
KOSPI,00166573,환인제약,016580,감사보고서제출,20220310800682,환인제약,20220310,유
KOSPI,00148993,하이트진로홀딩스,000140,주주총회소집결의,20220310800687,하이트진로홀딩스,20220310,유
KOSPI,00109286,대동,000490,현금ㆍ현물배당결정,20220310800688,대동,20220310,유
KOSPI,00148993,하이트진로홀딩스,000140,주주총회집중일개최사유신고,20220310800693,하이트진로홀딩스,20220310,유
KOSPI,00828789,대성산업,128820,주주총회소집결의,20220310800700,대성산업,20220310,유
KOSPI,00628189,웅진씽크빅,095720,주주총회소집결의,20220310800701,웅진씽크빅,20220310,유
KOSPI,00365989,모나용평,070960,주주총회집중일개최사유신고,20220310800702,모나용평,20220310,유
KOSPI,01234297,미원에스씨,268280,주주총회집중일개최사유신고,20220310800718,미원에스씨,20220310,유
KOSPI,00683469,일진전기,103590,주주총회집중일개최사유신고,20220310800721,일진전기,20220310,유
KOSPI,00118275,디아이,003160,주주총회집중일개최사유신고,20220310800738,디아이,20220310,유
KOSPI,00126779,삼아알미늄,006110,주주총회집중일개최사유신고,20220310800748,삼아알미늄,20220310,유
KOSPI,00118345,디아이동일,001530,주주총회집중일개최사유신고,20220310800751,디아이동일,20220310,유
KOSPI,00163196,한일철강,002220,감사보고서제출,20220310800775,한일철강,20220310,유정
KOSPI,00828789,대성산업,128820,주주총회집중일개최사유신고,20220310800791,대성산업,20220310,유
KOSPI,00162586,한올바이오파마,009420,주주총회소집결의,20220310800796,한올바이오파마,20220310,유정
KOSPI,00118044,동원수산,030720,주주총회집중일개최사유신고,20220310800797,동원수산,20220310,유
KOSPI,01323032,KG모빌리티플랫폼,381970,기업설명회(IR)개최(안내공시),20220310800805,KG모빌리티플랫폼,20220310,유
KOSPI,00896285,삼양사,145990,[기재정정]매출액또는손익구조30%(대규모법인은15%)이상변경,20220310800826,삼양사,20220310,유
KOSPI,00628189,웅진씽크빅,095720,주주총회집중일개최사유신고,20220310800827,웅진씽크빅,20220310,유
KOSPI,00108913,대교,019680,주주총회집중일개최사유신고,20220310800828,대교,20220310,유
KOSPI,00165343,혜인,003010,주주총회집중일개최사유신고,20220310800829,혜인,20220310,유
KOSPI,00416654,유엔젤,072130,주주총회집중일개최사유신고,20220310800831,유엔젤,20220310,유
KOSPI,00104856,삼성증권,016360,감사보고서제출,20220310800837,삼성증권,20220310,유
KOSPI,00135917,한화손해보험,000370,감사보고서제출,20220310800839,한화손해보험,20220310,유
KOSPI,00163673,한진중공업홀딩스,003480,주주총회집중일개최사유신고,20220310800844,한진중공업홀딩스,20220310,유
KOSPI,00878915,iM금융지주,139130,주주총회집중일개최사유신고,20220310800850,iM금융지주,20220310,유
KOSPI,00126937,삼양홀딩스,000070,[기재정정]매출액또는손익구조30%(대규모법인은15%)이상변경(자회사의 주요경영사항),20220310800854,삼양홀딩스,20220310,유
KOSPI,00129280,삼화전자공업,011230,주주총회집중일개최사유신고,20220310800855,삼화전자공업,20220310,유
KOSPI,00148939,조광피혁,004700,[기재정정]매출액또는손익구조30%(대규모법인은15%)이상변경,20220310800879,조광피혁,20220310,유
KOSPI,00162586,한올바이오파마,009420,수시공시의무관련사항(공정공시),20220310800882,한올바이오파마,20220310,유
KOSPI,00146296,일신석재,007110,주주총회소집결의,20220310800883,일신석재,20220310,유
KOSPI,00121543,무학,033920,주주총회소집결의,20220310800886,무학,20220310,유
KOSPI,00104722,국제약품,002720,감사보고서제출,20220310800889,국제약품,20220310,유
KOSPI,00129350,삼화콘덴서공업,001820,주주총회집중일개최사유신고,20220310800892,삼화콘덴서공업,20220310,유
KOSPI,00142883,우신시스템,017370,[기재정정]주주총회소집결의,20220310800895,우신시스템,20220310,유
KOSPI,00114552,도화엔지니어링,002150,감사보고서제출,20220310800899,도화엔지니어링,20220310,유
KOSPI,00534598,한컴라이프케어,372910,감사보고서제출,20220310800907,한컴라이프케어,20220310,유
KOSPI,00432102,한국금융지주,071050,감사보고서제출(자회사의 주요경영사항),20220310800909,한국금융지주,20220310,유
KOSPI,00113410,CJ대한통운,000120,주주총회소집결의,20220310800920,CJ대한통운,20220310,유
KOSPI,00361488,텔코웨어,078000,감사보고서제출,20220310800937,텔코웨어,20220310,유
KOSPI,00432102,한국금융지주,071050,현금ㆍ현물배당결정(자회사의 주요경영사항),20220310800938,한국금융지주,20220310,유
KOSPI,00432102,한국금융지주,071050,현금ㆍ현물배당결정,20220310800946,한국금융지주,20220310,유
KOSPI,00160232,KSS해운,044450,주주총회집중일개최사유신고,20220310800951,KSS해운,20220310,유
KOSPI,00114792,동국홀딩스,001230,[기재정정]매출액또는손익구조30%(대규모법인은15%)이상변경,20220310800959,동국홀딩스,20220310,유
KOSPI,00165583,E1,017940,주주총회집중일개최사유신고,20220310800963,E1,20220310,유
KOSPI,00557508,GKL,114090,기업설명회(IR)개최(안내공시),20220310800966,GKL,20220310,유
KOSPI,00159971,KC그린홀딩스,009440,[기재정정]주주총회소집결의,20220310800973,KC그린홀딩스,20220310,유
KOSPI,00557508,GKL,114090,감사보고서제출,20220310800974,GKL,20220310,유
KOSPI,00146454,일양약품,007570,주주총회소집결의,20220310800977,일양약품,20220310,유
KOSPI,00159971,KC그린홀딩스,009440,[기재정정]현금ㆍ현물배당결정,20220310800985,KC그린홀딩스,20220310,유
KOSPI,00104388,국도화학,007690,감사보고서제출,20220310800988,국도화학,20220310,유
KOSPI,00126487,F&F 홀딩스,007700,주주총회집중일개최사유신고,20220310801003,F&F 홀딩스,20220310,유
KOSPI,00116268,동성제약,002210,[기재정정]매출액또는손익구조30%(대규모법인은15%)이상변경,20220310801008,동성제약,20220310,유
KOSPI,00129271,삼화전기,009470,주주총회집중일개최사유신고,20220310801010,삼화전기,20220310,유
KOSPI,00123143,보령,003850,주주총회집중일개최사유신고,20220310801022,보령,20220310,유
KOSPI,00146454,일양약품,007570,주주총회집중일개최사유신고,20220310801026,일양약품,20220310,유
KOSPI,00104388,국도화학,007690,현금ㆍ현물배당결정,20220310801031,국도화학,20220310,유
KOSPI,00149026,CS홀딩스,000590,현금ㆍ현물배당결정,20220310801041,CS홀딩스,20220310,유
KOSPI,00149026,CS홀딩스,000590,주주총회집중일개최사유신고,20220310801052,CS홀딩스,20220310,유
KOSPI,00796994,조선선재,120030,[기재정정]영업(잠정)실적(공정공시),20220310801055,조선선재,20220310,유
KOSPI,00149026,CS홀딩스,000590,주주총회소집결의,20220310801056,CS홀딩스,20220310,유
KOSPI,00149026,CS홀딩스,000590,[기재정정]연결재무제표기준영업(잠정)실적(공정공시),20220310801064,CS홀딩스,20220310,유
KOSPI,00138792,아시아나항공,020560,금전대여결정,20220310801067,아시아나항공,20220310,유
KOSPI,00153861,태영건설,009410,타인에대한채무보증결정,20220310801069,태영건설,20220310,유
KOSPI,00500254,GS,078930,주주총회소집결의,20220310801074,GS,20220310,유
KOSPI,00149026,CS홀딩스,000590,[기재정정]영업(잠정)실적(공정공시)(자회사의 주요경영사항),20220310801075,CS홀딩스,20220310,유
KOSPI,00149026,CS홀딩스,000590,[기재정정]영업(잠정)실적(공정공시)(자회사의 주요경영사항),20220310801084,CS홀딩스,20220310,유
KOSPI,00159971,KC그린홀딩스,009440,감사보고서제출(자회사의 주요경영사항),20220310801094,KC그린홀딩스,20220310,유
KOSPI,00149026,CS홀딩스,000590,[기재정정]매출액또는손익구조30%(대규모법인은15%)이상변경,20220310801096,CS홀딩스,20220310,유
KOSPI,00149026,CS홀딩스,000590,[기재정정]매출액또는손익구조30%(대규모법인은15%)이상변경(자회사의 주요경영사항),20220310801104,CS홀딩스,20220310,유
KOSPI,00149026,CS홀딩스,000590,[기재정정]매출액또는손익구조30%(대규모법인은15%)이상변경(자회사의 주요경영사항),20220310801108,CS홀딩스,20220310,유
KOSPI,00414601,유니퀘스트,077500,감사보고서제출,20220310801128,유니퀘스트,20220310,유
KOSPI,00121941,대상,001680,현금ㆍ현물배당결정,20220310801130,대상,20220310,유
KOSPI,00539274,대상홀딩스,084690,현금ㆍ현물배당결정(자회사의 주요경영사항),20220310801131,대상홀딩스,20220310,유
KOSPI,00136378,신세계,004170,영업(잠정)실적(공정공시),20220310801146,신세계,20220310,유
KOSPI,00137997,현대차증권,001500,감사보고서제출,20220310801152,현대차증권,20220310,유
KOSPI,00349097,케이티스카이라이프,053210,주주총회소집결의,20220310801154,케이티스카이라이프,20220310,유정
KOSPI,00120021,LG,003550,주주총회소집결의,20220310801156,LG,20220310,유
KOSPI,00539274,대상홀딩스,084690,주주총회집중일개최사유신고,20220310801164,대상홀딩스,20220310,유
KOSPI,00117300,TCC스틸,002710,감사보고서제출,20220310801178,TCC스틸,20220310,유
KOSPI,00415646,드림텍,192650,감사보고서제출,20220310801179,드림텍,20220310,유
KOSPI,00796994,조선선재,120030,주주총회집중일개최사유신고,20220310801183,조선선재,20220310,유
KOSPI,00115977,아이에스동서,010780,[기재정정]연결재무제표기준영업(잠정)실적(공정공시),20220310801190,아이에스동서,20220310,유
KOSPI,00112970,대한방직,001070,주주총회소집결의,20220310801196,대한방직,20220310,유
KOSPI,01168383,일동제약,249420,주주총회집중일개최사유신고,20220310801200,일동제약,20220310,유
KOSPI,00109286,대동,000490,주주총회집중일개최사유신고,20220310801206,대동,20220310,유
KOSPI,00146083,일동홀딩스,000230,주주총회집중일개최사유신고,20220310801209,일동홀딩스,20220310,유
KOSPI,00124151,부산주공,005030,주주총회집중일개최사유신고,20220310801211,부산주공,20220310,유
KOSPI,00161709,퍼시스,016800,주주총회집중일개최사유신고,20220310801216,퍼시스,20220310,유
KOSPI,00796994,조선선재,120030,주주총회소집결의,20220310801220,조선선재,20220310,유
KOSPI,00142883,우신시스템,017370,[기재정정]주주총회집중일개최사유신고,20220310801227,우신시스템,20220310,유
KOSPI,00423690,삼성출판사,068290,주주총회소집결의,20220310801229,삼성출판사,20220310,유
KOSPI,00220561,광주신세계,037710,영업(잠정)실적(공정공시),20220310801231,광주신세계,20220310,유
KOSPI,01497869,티와이홀딩스,363280,타인에대한채무보증결정(자회사의 주요경영사항),20220310801239,티와이홀딩스,20220310,유
KOSPI,01497869,티와이홀딩스,363280,주주총회집중일개최사유신고,20220310801244,티와이홀딩스,20220310,유
KOSPI,00105606,금호에이치티,214330,[기재정정]주주총회소집결의,20220310801248,금호에이치티,20220310,유
KOSPI,00390055,종근당바이오,063160,주주총회집중일개최사유신고,20220310801253,종근당바이오,20220310,유
KOSPI,00858364,BNK금융지주,138930,주주총회집중일개최사유신고,20220310801255,BNK금융지주,20220310,유
KOSPI,00796994,조선선재,120030,현금ㆍ현물배당결정,20220310801257,조선선재,20220310,유
KOSPI,00149026,CS홀딩스,000590,현금ㆍ현물배당결정(자회사의 주요경영사항),20220310801258,CS홀딩스,20220310,유
KOSPI,00114792,동국홀딩스,001230,주주총회집중일개최사유신고,20220310801264,동국홀딩스,20220310,유
KOSPI,00113997,롯데에너지머티리얼즈,020150,주권관련사채권의취득결정,20220310801268,롯데에너지머티리얼즈,20220310,유
KOSPI,00220561,광주신세계,037710,감사보고서제출,20220310801278,광주신세계,20220310,유
KOSPI,00191472,KPX케미칼,025000,주주총회집중일개최사유신고,20220310801284,KPX케미칼,20220310,유
KOSPI,00432102,한국금융지주,071050,감사보고서제출,20220310801295,한국금융지주,20220310,유
KOSPI,00121941,대상,001680,주주총회소집결의,20220310801297,대상,20220310,유
KOSPI,00159102,DB손해보험,005830,주주총회집중일개최사유신고,20220310801299,DB손해보험,20220310,유
KOSPI,00992871,종근당,185750,주주총회집중일개최사유신고,20220310801305,종근당,20220310,유
KOSPI,00102618,계양전기,012200,기타시장안내(기업심사위원회 심의대상 결정),20220310801306,유가증권시장본부,20220310,유
KOSPI,00423690,삼성출판사,068290,현금ㆍ현물배당결정,20220310801313,삼성출판사,20220310,유
KOSPI,00671376,트리니티항공,091810,주주총회소집결의,20220310801317,트리니티항공,20220310,유
KOSPI,00113243,대한제분,001130,주주총회집중일개최사유신고,20220310801324,대한제분,20220310,유
KOSPI,00138792,아시아나항공,020560,주주총회소집결의,20220310801325,아시아나항공,20220310,유
KOSPI,00155124,평화홀딩스,010770,매출액또는손익구조30%(대규모법인은15%)이상변경(자회사의 주요경영사항),20220310801336,평화홀딩스,20220310,유
KOSPI,00415646,드림텍,192650,주주총회집중일개최사유신고,20220310801341,드림텍,20220310,유
KOSPI,00671376,트리니티항공,091810,주주총회집중일개최사유신고,20220310801343,트리니티항공,20220310,유
KOSPI,00109189,대덕,008060,주주총회집중일개최사유신고,20220310801350,대덕,20220310,유
KOSPI,00155124,평화홀딩스,010770,현금ㆍ현물배당결정(자회사의 주요경영사항),20220310801351,평화홀딩스,20220310,유
KOSPI,01428203,케이씨씨글라스,344820,주주총회소집결의,20220310801353,케이씨씨글라스,20220310,유
KOSPI,00166227,화승인더스트리,006060,감사보고서제출,20220310801355,화승인더스트리,20220310,유
KOSPI,00145190,유화증권,003460,현금ㆍ현물배당결정,20220310801360,유화증권,20220310,유
KOSPI,00155124,평화홀딩스,010770,현금ㆍ현물배당결정(자회사의 주요경영사항),20220310801364,평화홀딩스,20220310,유
KOSPI,00143651,웅진,016880,주주총회소집결의,20220310801367,웅진,20220310,유
KOSPI,00149354,종근당홀딩스,001630,주주총회집중일개최사유신고,20220310801368,종근당홀딩스,20220310,유
KOSPI,00134510,SJG세종,033530,주주총회소집결의,20220310801387,SJG세종,20220310,유
KOSPI,00776820,영원무역,111770,매출액또는손익구조30%(대규모법인은15%)이상변경,20220310801390,영원무역,20220310,유
KOSPI,00146296,일신석재,007110,주주총회집중일개최사유신고,20220310801402,일신석재,20220310,유
KOSPI,01128613,화승엔터프라이즈,241590,감사보고서제출,20220310801405,화승엔터프라이즈,20220310,유
KOSPI,00145190,유화증권,003460,주주총회집중일개최사유신고,20220310801406,유화증권,20220310,유
KOSPI,00164788,현대모비스,012330,기업설명회(IR)개최(안내공시),20220310801407,현대모비스,20220310,유
KOSPI,00652423,인바이오젠,101140,매출액또는손익구조30%(대규모법인은15%)이상변경,20220310801410,인바이오젠,20220310,유
KOSPI,00121941,대상,001680,주주총회집중일개최사유신고,20220310801411,대상,20220310,유
KOSPI,00166227,화승인더스트리,006060,현금ㆍ현물배당결정,20220310801413,화승인더스트리,20220310,유
KOSPI,00219097,BGF,027410,주주총회소집결의,20220310801422,BGF,20220310,유
KOSPI,00129509,한익스프레스,014130,주주총회집중일개최사유신고,20220310801427,한익스프레스,20220310,유
KOSPI,00139214,삼성화재해상보험,000810,감사보고서제출,20220310801428,삼성화재해상보험,20220310,유
KOSPI,00260408,팜스코,036580,감사보고서제출,20220310801430,팜스코,20220310,유
KOSPI,00138792,아시아나항공,020560,주주총회집중일개최사유신고,20220310801438,아시아나항공,20220310,유
KOSPI,00105606,금호에이치티,214330,주주총회집중일개최사유신고,20220310801451,금호에이치티,20220310,유
KOSPI,00852087,시디즈,134790,주주총회집중일개최사유신고,20220310801454,시디즈,20220310,유
KOSPI,00112970,대한방직,001070,주주총회집중일개최사유신고,20220310801460,대한방직,20220310,유
KOSPI,00140964,영원무역홀딩스,009970,매출액또는손익구조30%(대규모법인은15%)이상변경(자회사의 주요경영사항),20220310801463,영원무역홀딩스,20220310,유
KOSPI,00155124,평화홀딩스,010770,매출액또는손익구조30%(대규모법인은15%)이상변경(자회사의 주요경영사항),20220310801471,평화홀딩스,20220310,유
KOSPI,00122579,BYC,001460,주주총회집중일개최사유신고,20220310801476,BYC,20220310,유
KOSPI,00776820,영원무역,111770,현금ㆍ현물배당결정,20220310801489,영원무역,20220310,유
KOSPI,00140964,영원무역홀딩스,009970,현금ㆍ현물배당결정(자회사의 주요경영사항),20220310801490,영원무역홀딩스,20220310,유
KOSPI,01204056,하이브,352820,주주총회소집결의,20220310801496,하이브,20220310,유
KOSPI,01535150,SK리츠,395400,감사보고서제출,20220310801502,SK리츠,20220310,유
KOSPI,00105299,금강공업,014280,주주총회집중일개최사유신고,20220310801503,금강공업,20220310,유
KOSPI,00109693,DL,000210,유상증자결정(종속회사의주요경영사항),20220310801508,DL,20220310,유
KOSPI,01480780,NH올원리츠,400760,감사보고서제출,20220310801509,NH올원리츠,20220310,유
KOSPI,01262032,롯데이노베이트,286940,감사보고서제출,20220310801510,롯데이노베이트,20220310,유
KOSPI,00140131,키다리스튜디오,020120,주주총회소집결의,20220310801512,키다리스튜디오,20220310,유
KOSPI,00109754,대림바스,005750,주주총회집중일개최사유신고,20220310801520,대림바스,20220310,유
KOSPI,00776820,영원무역,111770,주주총회소집결의,20220310801522,영원무역,20220310,유
KOSPI,00219097,BGF,027410,주요사항보고서(유형자산양수결정)(자회사의 주요경영사항),20220310801527,BGF,20220310,유
KOSPI,00148939,조광피혁,004700,주주총회집중일개최사유신고,20220310801540,조광피혁,20220310,유
KOSPI,00124540,대우건설,047040,주주총회소집결의,20220310801541,대우건설,20220310,유
KOSPI,00145190,유화증권,003460,주주총회소집결의,20220310801543,유화증권,20220310,유
KOSPI,00120562,롯데지주,004990,타법인주식및출자증권취득결정(자율공시),20220310801547,롯데지주,20220310,유정
KOSPI,00349097,케이티스카이라이프,053210,[기재정정]주주총회소집결의,20220310801550,케이티스카이라이프,20220310,유
KOSPI,01108099,현대코퍼레이션홀딩스,227840,매출액또는손익구조30%(대규모법인은15%)이상변경,20220310801551,현대코퍼레이션홀딩스,20220310,유
KOSPI,00115977,아이에스동서,010780,[기재정정]매출액또는손익구조30%(대규모법인은15%)이상변경,20220310801553,아이에스동서,20220310,유
KOSPI,00646732,진양홀딩스,100250,감사보고서제출,20220310801554,진양홀딩스,20220310,유
KOSPI,00126478,삼성중공업,010140,감사보고서제출,20220310801557,삼성중공업,20220310,유
KOSPI,00760971,크래프톤,259960,기타경영사항(자율공시),20220310801559,크래프톤,20220310,유
KOSPI,00116301,NI스틸,008260,감사보고서제출,20220310801560,NI스틸,20220310,유
KOSPI,00104698,LS네트웍스,000680,주주총회소집결의,20220310801565,LS네트웍스,20220310,유정
KOSPI,00142661,우성,006980,주주총회집중일개최사유신고,20220310801569,우성,20220310,유
KOSPI,00136776,차AI헬스케어,025620,주주총회소집결의,20220310801573,차AI헬스케어,20220310,유
KOSPI,00118026,동원산업,006040,주주총회소집결의,20220310801580,동원산업,20220310,유
KOSPI,01204056,하이브,352820,주주총회집중일개최사유신고,20220310801588,하이브,20220310,유
KOSPI,00163196,한일철강,002220,[첨부정정]감사보고서제출,20220310801589,한일철강,20220310,유
KOSPI,00796994,조선선재,120030,[기재정정]매출액또는손익구조30%(대규모법인은15%)이상변경,20220310801595,조선선재,20220310,유
KOSPI,00120562,롯데지주,004990,주주총회소집결의,20220310801596,롯데지주,20220310,유
KOSPI,00108038,엔피씨,004250,주주총회소집결의,20220310801598,엔피씨,20220310,유
KOSPI,00104698,LS네트웍스,000680,기타경영사항(자율공시),20220310801600,LS네트웍스,20220310,유
KOSPI,00120562,롯데지주,004990,주주총회집중일개최사유신고,20220310801603,롯데지주,20220310,유
KOSPI,01036446,서연이화,200880,[기재정정]매출액또는손익구조30%(대규모법인은15%)이상변경,20220310801612,서연이화,20220310,유
KOSPI,00153126,크라운해태홀딩스,005740,[기재정정]주주총회소집결의,20220310801620,크라운해태홀딩스,20220310,유
KOSPI,01036446,서연이화,200880,현금ㆍ현물배당결정,20220310801625,서연이화,20220310,유
KOSPI,01108099,현대코퍼레이션홀딩스,227840,주주총회소집결의,20220310801631,현대코퍼레이션홀딩스,20220310,유
KOSPI,00587466,KPX홀딩스,092230,감사보고서제출(자회사의 주요경영사항),20220310801632,KPX홀딩스,20220310,유
KOSPI,00146649,일진홀딩스,015860,주주총회소집결의,20220310801633,일진홀딩스,20220310,유
KOSPI,01428203,케이씨씨글라스,344820,주주총회집중일개최사유신고,20220310801637,케이씨씨글라스,20220310,유
KOSPI,00157681,롯데정밀화학,004000,감사보고서제출,20220310801638,롯데정밀화학,20220310,유
KOSPI,00128555,삼천리,004690,주주총회소집결의,20220310801642,삼천리,20220310,유
KOSPI,01036446,서연이화,200880,주주총회소집결의,20220310801647,서연이화,20220310,유
KOSPI,00125150,SGC에너지,005090,감사보고서제출,20220310801650,SGC에너지,20220310,유
KOSPI,00108038,엔피씨,004250,주주총회집중일개최사유신고,20220310801653,엔피씨,20220310,유
KOSPI,01263022,BGF리테일,282330,감사보고서제출,20220310801654,BGF리테일,20220310,유
KOSPI,00143651,웅진,016880,주주총회집중일개최사유신고,20220310801663,웅진,20220310,유
KOSPI,00161383,한미반도체,042700,감사보고서제출,20220310801664,한미반도체,20220310,유
KOSPI,00153126,크라운해태홀딩스,005740,[기재정정]현금ㆍ현물배당결정,20220310801666,크라운해태홀딩스,20220310,유
KOSPI,00269940,하나투어,039130,주주총회집중일개최사유신고,20220310801670,하나투어,20220310,유
KOSPI,00547583,하나금융지주,086790,감사보고서제출,20220310801674,하나금융지주,20220310,유
KOSPI,01428203,케이씨씨글라스,344820,감사보고서제출,20220310801683,케이씨씨글라스,20220310,유
KOSPI,00163114,서연,007860,[기재정정]매출액또는손익구조30%(대규모법인은15%)이상변경(자회사의 주요경영사항),20220310801691,서연,20220310,유
KOSPI,00108038,엔피씨,004250,현금ㆍ현물배당결정,20220310801694,엔피씨,20220310,유
KOSPI,01128613,화승엔터프라이즈,241590,현금ㆍ현물배당결정,20220310801697,화승엔터프라이즈,20220310,유
KOSPI,00163114,서연,007860,현금ㆍ현물배당결정(자회사의 주요경영사항),20220310801700,서연,20220310,유
KOSPI,00163114,서연,007860,주주총회소집결의,20220310801711,서연,20220310,유
KOSPI,00138729,아세아제지,002310,[기재정정]매출액또는손익구조30%(대규모법인은15%)이상변경,20220310801714,아세아제지,20220310,유
KOSPI,00163114,서연,007860,주주총회집중일개최사유신고,20220310801718,서연,20220310,유
KOSPI,01108099,현대코퍼레이션홀딩스,227840,주주총회집중일개최사유신고,20220310801719,현대코퍼레이션홀딩스,20220310,유
KOSPI,01568413,F&F,383220,주주총회집중일개최사유신고,20220310801724,F&F,20220310,유
KOSPI,00115977,아이에스동서,010780,주주총회소집결의,20220310801726,아이에스동서,20220310,유
KOSPI,00136776,차AI헬스케어,025620,매출액또는손익구조30%(대규모법인은15%)이상변경,20220310801730,차AI헬스케어,20220310,유정
KOSPI,01036446,서연이화,200880,주주총회집중일개최사유신고,20220310801731,서연이화,20220310,유
KOSPI,00113191,코리안리,003690,주주총회소집결의,20220310801733,코리안리,20220310,유
KOSPI,00115977,아이에스동서,010780,주주총회집중일개최사유신고,20220310801736,아이에스동서,20220310,유
KOSPI,00128555,삼천리,004690,현금ㆍ현물배당결정,20220310801737,삼천리,20220310,유
KOSPI,00163114,서연,007860,현금ㆍ현물배당결정,20220310801738,서연,20220310,유
KOSPI,00163114,서연,007860,기타경영사항(자율공시),20220310801742,서연,20220310,유
KOSPI,00115977,아이에스동서,010780,현금ㆍ현물배당결정,20220310801751,아이에스동서,20220310,유
KOSPI,00149026,CS홀딩스,000590,[기재정정]매출액또는손익구조30%(대규모법인은15%)이상변경(자회사의 주요경영사항),20220310801756,CS홀딩스,20220310,유
KOSPI,00219097,BGF,027410,감사보고서제출(자회사의 주요경영사항),20220310801758,BGF,20220310,유
KOSPI,00113191,코리안리,003690,주주총회집중일개최사유신고,20220310801762,코리안리,20220310,유
KOSPI,00163114,서연,007860,[기재정정]매출액또는손익구조30%(대규모법인은15%)이상변경,20220310801764,서연,20220310,유
KOSPI,00547583,하나금융지주,086790,감사보고서제출(자회사의 주요경영사항),20220310801765,하나금융지주,20220310,유
KOSPI,00145109,유한양행,000100,감사보고서제출,20220310801770,유한양행,20220310,유
KOSPI,01128613,화승엔터프라이즈,241590,주주총회소집결의,20220310801772,화승엔터프라이즈,20220310,유
KOSPI,01263022,BGF리테일,282330,주주총회소집결의,20220310801773,BGF리테일,20220310,유
KOSPI,00124540,대우건설,047040,[기재정정]기타경영사항(자율공시),20220310801774,대우건설,20220310,유
KOSPI,00124540,대우건설,047040,타인에대한채무보증결정,20220310801782,대우건설,20220310,유
KOSPI,00166227,화승인더스트리,006060,주주총회소집결의,20220310801786,화승인더스트리,20220310,유
KOSPI,00124540,대우건설,047040,타인에대한채무보증결정,20220310801789,대우건설,20220310,유정
KOSPI,00128980,삼호개발,010960,[기재정정]단일판매ㆍ공급계약체결,20220310801797,삼호개발,20220310,유정
KOSPI,00128980,삼호개발,010960,[기재정정]단일판매ㆍ공급계약체결,20220310801808,삼호개발,20220310,유정
KOSPI,00112332,미래에셋생명,085620,주주총회집중일개최사유신고,20220310801812,미래에셋생명,20220310,유
KOSPI,00547583,하나금융지주,086790,감사보고서제출(자회사의 주요경영사항),20220310801813,하나금융지주,20220310,유
KOSPI,00939331,한국콜마,161890,현금ㆍ현물배당결정,20220310801816,한국콜마,20220310,유
KOSPI,00203290,콜마홀딩스,024720,현금ㆍ현물배당결정(자회사의 주요경영사항),20220310801818,콜마홀딩스,20220310,유
KOSPI,00432102,한국금융지주,071050,주주총회소집결의,20220310801820,한국금융지주,20220310,유
KOSPI,00128555,삼천리,004690,주주총회집중일개최사유신고,20220310801821,삼천리,20220310,유
KOSPI,00118026,동원산업,006040,주주총회집중일개최사유신고,20220310801824,동원산업,20220310,유
KOSPI,00146649,일진홀딩스,015860,현금ㆍ현물배당결정,20220310801825,일진홀딩스,20220310,유
KOSPI,00939331,한국콜마,161890,주주총회소집결의,20220310801829,한국콜마,20220310,유
KOSPI,00939331,한국콜마,161890,주주총회집중일개최사유신고,20220310801841,한국콜마,20220310,유
KOSPI,00136776,차AI헬스케어,025620,주주총회집중일개최사유신고,20220310801844,차AI헬스케어,20220310,유
KOSPI,00107066,남광토건,001260,[기재정정]단일판매ㆍ공급계약체결,20220310801846,남광토건,20220310,유정
KOSPI,00138701,아세아,002030,[기재정정]매출액또는손익구조30%(대규모법인은15%)이상변경,20220310801862,아세아,20220310,유
KOSPI,01036446,서연이화,200880,기타경영사항(자율공시),20220310801872,서연이화,20220310,유
KOSPI,00116301,NI스틸,008260,[기재정정]매출액또는손익구조30%(대규모법인은15%)이상변경,20220310801881,NI스틸,20220310,유
KOSPI,00138701,아세아,002030,감사보고서제출,20220310801886,아세아,20220310,유
KOSPI,00138729,아세아제지,002310,감사보고서제출,20220310801887,아세아제지,20220310,유
KOSPI,01009789,코스맥스,192820,주주총회집중일개최사유신고,20220310801893,코스맥스,20220310,유
KOSPI,00219574,코스맥스비티아이,044820,주주총회집중일개최사유신고,20220310801904,코스맥스비티아이,20220310,유
KOSPI,00990165,아세아시멘트,183190,[기재정정]매출액또는손익구조30%(대규모법인은15%)이상변경,20220310801906,아세아시멘트,20220310,유
KOSPI,00127200,삼영전자공업,005680,감사보고서제출,20220310801914,삼영전자공업,20220310,유
KOSPI,00146649,일진홀딩스,015860,주주총회집중일개최사유신고,20220310801917,일진홀딩스,20220310,유
KOSPI,00155258,포스코스틸리온,058430,감사보고서제출,20220310801935,포스코스틸리온,20220310,유
KOSPI,00117188,효성,004800,감사보고서제출,20220310801944,효성,20220310,유
KOSPI,00140131,키다리스튜디오,020120,주주총회집중일개최사유신고,20220310801946,키다리스튜디오,20220310,유
KOSPI,00138516,아남전자,008700,주주총회집중일개최사유신고,20220310801949,아남전자,20220310,유
KOSPI,00105855,엘에스일렉트릭,010120,최대주주등소유주식변동신고서,20220310801954,엘에스일렉트릭,20220310,유
KOSPI,00203290,콜마홀딩스,024720,현금ㆍ현물배당결정,20220310801956,콜마홀딩스,20220310,유
KOSPI,00990165,아세아시멘트,183190,감사보고서제출,20220310801958,아세아시멘트,20220310,유
KOSPI,00587466,KPX홀딩스,092230,주주총회집중일개최사유신고,20220310801960,KPX홀딩스,20220310,유
KOSPI,00121570,문배철강,008420,감사보고서제출,20220310801967,문배철강,20220310,유
KOSPI,00121570,문배철강,008420,[기재정정]매출액또는손익구조30%(대규모법인은15%)이상변경,20220310801974,문배철강,20220310,유
KOSPI,00153861,태영건설,009410,감사보고서제출,20220310801978,태영건설,20220310,유
KOSPI,00174527,HS화성,002460,[기재정정]현금ㆍ현물배당결정,20220310801981,HS화성,20220310,유
KOSPI,00219486,신세계I&C,035510,감사보고서제출,20220310801982,신세계I&C,20220310,유
KOSPI,00231372,롯데관광개발,032350,주주총회집중일개최사유신고,20220310801984,롯데관광개발,20220310,유
KOSPI,00432102,한국금융지주,071050,주주총회집중일개최사유신고,20220310801987,한국금융지주,20220310,유
KOSPI,00174527,HS화성,002460,[기재정정]주주총회소집결의,20220310801993,HS화성,20220310,유정
KOSPI,00904672,넷마블,251270,주주총회소집결의,20220310802010,넷마블,20220310,유
KOSPI,00125974,삼부토건,001470,주주총회소집결의,20220310802030,삼부토건,20220310,유
KOSPI,00140131,키다리스튜디오,020120,[기재정정]매출액또는손익구조30%(대규모법인은15%)이상변경,20220310802035,키다리스튜디오,20220310,유
KOSPI,01497869,티와이홀딩스,363280,감사보고서제출(자회사의 주요경영사항),20220310802039,티와이홀딩스,20220310,유
KOSPI,00124090,한국특강,007280,주주총회소집결의,20220310802058,한국특강,20220310,유
KOSPI,00155319,POSCO홀딩스,005490,감사보고서제출,20220310802069,POSCO홀딩스,20220310,유정
KOSPI,00203290,콜마홀딩스,024720,주주총회소집결의,20220310802071,콜마홀딩스,20220310,유
KOSPI,01133217,카카오뱅크,323410,주주총회소집결의,20220310802072,카카오뱅크,20220310,유정
KOSPI,00203290,콜마홀딩스,024720,주주총회집중일개최사유신고,20220310802073,콜마홀딩스,20220310,유
KOSPI,00153393,태광산업,003240,주주총회소집결의,20220310802090,태광산업,20220310,유정
KOSPI,00153393,태광산업,003240,[기재정정]매출액또는손익구조30%(대규모법인은15%)이상변경,20220310802119,태광산업,20220310,유
KOSPI,00153393,태광산업,003240,현금ㆍ현물배당결정,20220310802121,태광산업,20220310,유
KOSPI,00153393,태광산업,003240,주주총회집중일개최사유신고,20220310802124,태광산업,20220310,유
KOSPI,01535150,SK리츠,395400,기타안내사항(안내공시),20220310802139,SK리츠,20220310,유
KOSPI,00110893,대신증권,003540,감사보고서제출,20220310802142,대신증권,20220310,유
KOSPI,00447609,비에이치,090460,주주총회소집결의,20220310900205,비에이치,20220310,코
KOSPI,00447609,비에이치,090460,주주총회집중일개최사유신고,20220310900206,비에이치,20220310,코
KOSPI,00398701,엘앤에프,066970,감사보고서제출,20220310900926,엘앤에프,20220310,코
